LatBin,LonBin,Estado,Municipio
-16.25,-60.25,MATO GROSSO,VILA BELA DA SANTÍSSIMA TRINDADE
-16.25,-60.0,MATO GROSSO,VILA BELA DA SANTÍSSIMA TRINDADE
-16.25,-59.75,MATO GROSSO,VILA BELA DA SANTÍSSIMA TRINDADE
-16.25,-59.5,MATO GROSSO,PORTO ESPERIDIÃO
-16.25,-59.25,MATO GROSSO,PORTO ESPERIDIÃO
-16.25,-59.0,MATO GROSSO,PORTO ESPERIDIÃO
-16.0,-60.25,MATO GROSSO,VILA BELA DA SANTÍSSIMA TRINDADE
-16.0,-60.0,MATO GROSSO,VILA BELA DA SANTÍSSIMA TRINDADE
-16.0,-59.75,MATO GROSSO,PONTES E LACERDA
-16.0,-59.5,MATO GROSSO,PONTES E LACERDA
-16.0,-59.25,MATO GROSSO,PORTO ESPERIDIÃO
-16.0,-59.0,MATO GROSSO,PORTO ESPERIDIÃO
-16.0,-58.75,MATO GROSSO,PORTO ESPERIDIÃO
-16.0,-58.5,MATO GROSSO,PORTO ESPERIDIÃO
-16.0,-58.25,MATO GROSSO,GLÓRIA D'OESTE
-16.0,-57.75,MATO GROSSO,CÁCERES
-16.0,-57.5,MATO GROSSO,CÁCERES
-15.75,-60.25,MATO GROSSO,VILA BELA DA SANTÍSSIMA TRINDADE
-15.75,-60.0,MATO GROSSO,PONTES E LACERDA
-15.75,-59.75,MATO GROSSO,PONTES E LACERDA
-15.75,-59.5,MATO GROSSO,PONTES E LACERDA
-15.75,-59.25,MATO GROSSO,PONTES E LACERDA
-15.75,-59.0,MATO GROSSO,PORTO ESPERIDIÃO
-15.75,-58.75,MATO GROSSO,PORTO ESPERIDIÃO
-15.75,-58.5,MATO GROSSO,PORTO ESPERIDIÃO
-15.75,-58.25,MATO GROSSO,MIRASSOL D'OESTE
-15.75,-58.0,MATO GROSSO,MIRASSOL D'OESTE
-15.75,-57.75,MATO GROSSO,CÁCERES
-15.75,-57.5,MATO GROSSO,CÁCERES
-15.5,-60.25,MATO GROSSO,VILA BELA DA SANTÍSSIMA TRINDADE
-15.5,-60.0,MATO GROSSO,VILA BELA DA SANTÍSSIMA TRINDADE
-15.5,-59.75,MATO GROSSO,PONTES E LACERDA
-15.5,-59.5,MATO GROSSO,PONTES E LACERDA
-15.5,-59.25,MATO GROSSO,PONTES E LACERDA
-15.5,-59.0,MATO GROSSO,JAURU
-15.5,-58.75,MATO GROSSO,FIGUEIRÓPOLIS D'OESTE
-15.5,-58.5,MATO GROSSO,INDIAVAÍ
-15.5,-58.25,MATO GROSSO,SÃO JOSÉ DOS QUATRO MARCOS
-15.5,-58.0,MATO GROSSO,MIRASSOL D'OESTE
-15.5,-57.75,MATO GROSSO,LAMBARI D'OESTE
-15.5,-57.5,MATO GROSSO,BARRA DO BUGRES
-15.5,-57.25,MATO GROSSO,BARRA DO BUGRES
-15.25,-60.5,MATO GROSSO,VILA BELA DA SANTÍSSIMA TRINDADE
-15.25,-60.25,MATO GROSSO,VILA BELA DA SANTÍSSIMA TRINDADE
-15.25,-60.0,MATO GROSSO,VILA BELA DA SANTÍSSIMA TRINDADE
-15.25,-59.75,MATO GROSSO,VILA BELA DA SANTÍSSIMA TRINDADE
-15.25,-59.5,MATO GROSSO,VILA BELA DA SANTÍSSIMA TRINDADE
-15.25,-59.25,MATO GROSSO,PONTES E LACERDA
-15.25,-59.0,MATO GROSSO,PONTES E LACERDA
-15.25,-58.75,MATO GROSSO,JAURU
-15.25,-58.5,MATO GROSSO,ARAPUTANGA
-15.25,-58.25,MATO GROSSO,RIO BRANCO
-15.25,-58.0,MATO GROSSO,SALTO DO CÉU
-15.25,-57.75,MATO GROSSO,LAMBARI D'OESTE
-15.25,-57.5,MATO GROSSO,BARRA DO BUGRES
-15.25,-57.25,MATO GROSSO,BARRA DO BUGRES
-15.25,-57.0,MATO GROSSO,PORTO ESTRELA
-15.0,-60.5,MATO GROSSO,VILA BELA DA SANTÍSSIMA TRINDADE
-15.0,-60.25,MATO GROSSO,VILA BELA DA SANTÍSSIMA TRINDADE
-15.0,-60.0,MATO GROSSO,VILA BELA DA SANTÍSSIMA TRINDADE
-15.0,-59.75,MATO GROSSO,VILA BELA DA SANTÍSSIMA TRINDADE
-15.0,-59.5,MATO GROSSO,VILA BELA DA SANTÍSSIMA TRINDADE
-15.0,-59.25,MATO GROSSO,PONTES E LACERDA
-15.0,-59.0,MATO GROSSO,PONTES E LACERDA
-15.0,-58.75,MATO GROSSO,JAURU
-15.0,-58.5,MATO GROSSO,RESERVA DO CABAÇAL
-15.0,-58.25,MATO GROSSO,SALTO DO CÉU
-15.0,-58.0,MATO GROSSO,SALTO DO CÉU
-15.0,-57.75,MATO GROSSO,BARRA DO BUGRES
-15.0,-57.5,MATO GROSSO,BARRA DO BUGRES
-15.0,-57.25,MATO GROSSO,BARRA DO BUGRES
-15.0,-57.0,MATO GROSSO,BARRA DO BUGRES
-15.0,-56.75,MATO GROSSO,ALTO PARAGUAI
-14.75,-60.25,MATO GROSSO,VILA BELA DA SANTÍSSIMA TRINDADE
-14.75,-60.0,MATO GROSSO,VILA BELA DA SANTÍSSIMA TRINDADE
-14.75,-59.75,MATO GROSSO,VILA BELA DA SANTÍSSIMA TRINDADE
-14.75,-59.5,MATO GROSSO,CONQUISTA D'OESTE
-14.75,-59.25,MATO GROSSO,CONQUISTA D'OESTE
-14.75,-58.0,MATO GROSSO,TANGARÁ DA SERRA
-14.75,-57.75,MATO GROSSO,TANGARÁ DA SERRA
-14.75,-57.5,MATO GROSSO,NOVA OLÍMPIA
-14.75,-57.25,MATO GROSSO,NOVA OLÍMPIA
-14.75,-57.0,MATO GROSSO,DENISE
-14.75,-56.75,MATO GROSSO,DENISE
-14.5,-60.25,MATO GROSSO,VILA BELA DA SANTÍSSIMA TRINDADE
-14.5,-60.0,MATO GROSSO,VILA BELA DA SANTÍSSIMA TRINDADE
-14.5,-59.75,MATO GROSSO,NOVA LACERDA
-14.5,-59.5,MATO GROSSO,NOVA LACERDA
-14.5,-59.25,MATO GROSSO,CONQUISTA D'OESTE
-14.5,-58.0,MATO GROSSO,TANGARÁ DA SERRA
-14.5,-57.75,MATO GROSSO,TANGARÁ DA SERRA
-14.5,-57.5,MATO GROSSO,SANTO AFONSO
-14.5,-57.25,MATO GROSSO,SANTO AFONSO
-14.5,-57.0,MATO GROSSO,DENISE
-14.5,-56.75,MATO GROSSO,ARENÁPOLIS
-14.25,-60.5,MATO GROSSO,VILA BELA DA SANTÍSSIMA TRINDADE
-14.25,-60.25,MATO GROSSO,NOVA LACERDA
-14.25,-60.0,MATO GROSSO,NOVA LACERDA
-14.25,-59.75,MATO GROSSO,NOVA LACERDA
-14.25,-59.5,MATO GROSSO,NOVA LACERDA
-14.25,-57.75,MATO GROSSO,NOVA MARILÂNDIA
-14.25,-57.5,MATO GROSSO,NOVA MARILÂNDIA
-14.25,-57.25,MATO GROSSO,NOVA MARILÂNDIA
-14.25,-57.0,MATO GROSSO,NOVA MARILÂNDIA
-14.25,-56.75,MATO GROSSO,NORTELÂNDIA
-14.0,-60.5,MATO GROSSO,COMODORO
-14.0,-60.25,MATO GROSSO,COMODORO
-14.0,-60.0,MATO GROSSO,COMODORO
-14.0,-59.75,MATO GROSSO,NOVA LACERDA
-14.0,-59.5,MATO GROSSO,COMODORO
-14.0,-57.5,MATO GROSSO,DIAMANTINO
-14.0,-57.25,MATO GROSSO,DIAMANTINO
-14.0,-57.0,MATO GROSSO,DIAMANTINO
-14.0,-56.75,MATO GROSSO,DIAMANTINO
-13.75,-60.75,MATO GROSSO,COMODORO
-13.75,-60.5,MATO GROSSO,COMODORO
-13.75,-60.25,MATO GROSSO,COMODORO
-13.75,-60.0,MATO GROSSO,COMODORO
-13.75,-59.75,MATO GROSSO,COMODORO
-13.75,-59.5,MATO GROSSO,COMODORO
-13.75,-57.25,MATO GROSSO,NOVA MARINGÁ
-13.5,-62.0,RONDÔNIA,PIMENTEIRAS DO OESTE
-13.5,-61.75,RONDÔNIA,PIMENTEIRAS DO OESTE
-13.5,-61.5,RONDÔNIA,PIMENTEIRAS DO OESTE
-13.5,-61.25,RONDÔNIA,PIMENTEIRAS DO OESTE
-13.5,-61.0,RONDÔNIA,PIMENTEIRAS DO OESTE
-13.5,-60.75,RONDÔNIA,CABIXI
-13.5,-60.5,RONDÔNIA,CABIXI
-13.5,-60.25,MATO GROSSO,COMODORO
-13.5,-60.0,MATO GROSSO,COMODORO
-13.5,-59.75,MATO GROSSO,COMODORO
-13.5,-59.5,MATO GROSSO,COMODORO
-13.5,-57.5,MATO GROSSO,NOVA MARINGÁ
-13.5,-57.25,MATO GROSSO,NOVA MARINGÁ
-13.5,-57.0,MATO GROSSO,NOVA MARINGÁ
-13.5,-55.0,MATO GROSSO,NOVA UBIRATÃ
-13.5,-54.75,MATO GROSSO,NOVA UBIRATÃ
-13.5,-54.5,MATO GROSSO,PARANATINGA
-13.5,-54.25,MATO GROSSO,PARANATINGA
-13.5,-54.0,MATO GROSSO,GAÚCHA DO NORTE
-13.5,-53.75,MATO GROSSO,GAÚCHA DO NORTE
-13.5,-53.5,MATO GROSSO,GAÚCHA DO NORTE
-13.5,-53.25,MATO GROSSO,GAÚCHA DO NORTE
-13.5,-52.5,MATO GROSSO,CANARANA
-13.5,-52.25,MATO GROSSO,CANARANA
-13.5,-52.0,MATO GROSSO,CANARANA
-13.25,-62.25,RONDÔNIA,ALTO ALEGRE DOS PARECIS
-13.25,-62.0,RONDÔNIA,PIMENTEIRAS DO OESTE
-13.25,-61.75,RONDÔNIA,PIMENTEIRAS DO OESTE
-13.25,-61.5,RONDÔNIA,PIMENTEIRAS DO OESTE
-13.25,-61.25,RONDÔNIA,CEREJEIRAS
-13.25,-61.0,RONDÔNIA,CEREJEIRAS
-13.25,-60.75,RONDÔNIA,CEREJEIRAS
-13.25,-60.5,RONDÔNIA,CABIXI
-13.25,-60.25,MATO GROSSO,COMODORO
-13.25,-60.0,MATO GROSSO,COMODORO
-13.25,-59.75,MATO GROSSO,COMODORO
-13.25,-57.5,MATO GROSSO,NOVA MARINGÁ
-13.25,-57.25,MATO GROSSO,NOVA MARINGÁ
-13.25,-57.0,MATO GROSSO,NOVA MARINGÁ
-13.25,-56.75,MATO GROSSO,SÃO JOSÉ DO RIO CLARO
-13.25,-56.5,MATO GROSSO,NOVA MUTUM
-13.25,-55.0,MATO GROSSO,NOVA UBIRATÃ
-13.25,-54.75,MATO GROSSO,NOVA UBIRATÃ
-13.25,-54.5,MATO GROSSO,PARANATINGA
-13.25,-54.25,MATO GROSSO,PARANATINGA
-13.25,-54.0,MATO GROSSO,GAÚCHA DO NORTE
-13.25,-53.75,MATO GROSSO,GAÚCHA DO NORTE
-13.25,-53.5,MATO GROSSO,GAÚCHA DO NORTE
-13.25,-53.25,MATO GROSSO,GAÚCHA DO NORTE
-13.25,-53.0,MATO GROSSO,GAÚCHA DO NORTE
-13.25,-52.75,MATO GROSSO,CANARANA
-13.25,-52.5,MATO GROSSO,CANARANA
-13.25,-52.25,MATO GROSSO,CANARANA
-13.25,-52.0,MATO GROSSO,CANARANA
-13.25,-51.75,MATO GROSSO,RIBEIRÃO CASCALHEIRA
-13.0,-62.75,RONDÔNIA,ALTA FLORESTA D'OESTE
-13.0,-62.5,RONDÔNIA,ALTA FLORESTA D'OESTE
-13.0,-62.25,RONDÔNIA,ALTA FLORESTA D'OESTE
-13.0,-62.0,RONDÔNIA,PIMENTEIRAS DO OESTE
-13.0,-61.75,RONDÔNIA,PIMENTEIRAS DO OESTE
-13.0,-61.5,RONDÔNIA,CORUMBIARA
-13.0,-61.25,RONDÔNIA,CORUMBIARA
-13.0,-61.0,RONDÔNIA,CORUMBIARA
-13.0,-60.75,RONDÔNIA,CORUMBIARA
-13.0,-60.5,RONDÔNIA,VILHENA
-13.0,-60.25,RONDÔNIA,VILHENA
-13.0,-60.0,MATO GROSSO,COMODORO
-13.0,-58.0,MATO GROSSO,BRASNORTE
-13.0,-57.75,MATO GROSSO,BRASNORTE
-13.0,-57.5,MATO GROSSO,BRASNORTE
-13.0,-57.25,MATO GROSSO,NOVA MARINGÁ
-13.0,-57.0,MATO GROSSO,NOVA MARINGÁ
-13.0,-56.75,MATO GROSSO,NOVA MARINGÁ
-13.0,-56.5,MATO GROSSO,LUCAS DO RIO VERDE
-13.0,-55.5,MATO GROSSO,NOVA UBIRATÃ
-13.0,-55.25,MATO GROSSO,NOVA UBIRATÃ
-13.0,-55.0,MATO GROSSO,NOVA UBIRATÃ
-13.0,-54.75,MATO GROSSO,NOVA UBIRATÃ
-13.0,-54.5,MATO GROSSO,NOVA UBIRATÃ
-13.0,-54.25,MATO GROSSO,PARANATINGA
-13.0,-54.0,MATO GROSSO,PARANATINGA
-13.0,-53.75,MATO GROSSO,GAÚCHA DO NORTE
-13.0,-53.5,MATO GROSSO,GAÚCHA DO NORTE
-13.0,-53.25,MATO GROSSO,GAÚCHA DO NORTE
-13.0,-53.0,MATO GROSSO,GAÚCHA DO NORTE
-13.0,-52.75,MATO GROSSO,CANARANA
-13.0,-52.5,MATO GROSSO,CANARANA
-13.0,-52.25,MATO GROSSO,QUERÊNCIA
-13.0,-52.0,MATO GROSSO,RIBEIRÃO CASCALHEIRA
-13.0,-51.75,MATO GROSSO,RIBEIRÃO CASCALHEIRA
-12.75,-63.25,RONDÔNIA,SÃO FRANCISCO DO GUAPORÉ
-12.75,-63.0,RONDÔNIA,SÃO FRANCISCO DO GUAPORÉ
-12.75,-62.75,RONDÔNIA,SÃO FRANCISCO DO GUAPORÉ
-12.75,-62.5,RONDÔNIA,ALTA FLORESTA D'OESTE
-12.75,-62.25,RONDÔNIA,ALTA FLORESTA D'OESTE
-12.75,-62.0,RONDÔNIA,ALTA FLORESTA D'OESTE
-12.75,-61.75,RONDÔNIA,PIMENTEIRAS DO OESTE
-12.75,-61.5,RONDÔNIA,PIMENTEIRAS DO OESTE
-12.75,-61.25,RONDÔNIA,CORUMBIARA
-12.75,-61.0,RONDÔNIA,CORUMBIARA
-12.75,-60.75,RONDÔNIA,CHUPINGUAIA
-12.75,-60.5,RONDÔNIA,VILHENA
-12.75,-60.25,RONDÔNIA,VILHENA
-12.75,-60.0,MATO GROSSO,COMODORO
-12.75,-58.0,MATO GROSSO,BRASNORTE
-12.75,-57.75,MATO GROSSO,BRASNORTE
-12.75,-57.5,MATO GROSSO,BRASNORTE
-12.75,-57.25,MATO GROSSO,NOVA MARINGÁ
-12.75,-57.0,MATO GROSSO,NOVA MARINGÁ
-12.75,-56.75,MATO GROSSO,NOVA MARINGÁ
-12.75,-56.5,MATO GROSSO,TAPURAH
-12.75,-55.5,MATO GROSSO,VERA
-12.75,-55.25,MATO GROSSO,FELIZ NATAL
-12.75,-55.0,MATO GROSSO,NOVA UBIRATÃ
-12.75,-54.75,MATO GROSSO,NOVA UBIRATÃ
-12.75,-54.5,MATO GROSSO,NOVA UBIRATÃ
-12.75,-54.25,MATO GROSSO,PARANATINGA
-12.75,-54.0,MATO GROSSO,PARANATINGA
-12.75,-53.75,MATO GROSSO,PARANATINGA
-12.75,-53.5,MATO GROSSO,GAÚCHA DO NORTE
-12.75,-53.25,MATO GROSSO,GAÚCHA DO NORTE
-12.75,-53.0,MATO GROSSO,GAÚCHA DO NORTE
-12.75,-52.75,MATO GROSSO,CANARANA
-12.75,-52.5,MATO GROSSO,QUERÊNCIA
-12.75,-52.25,MATO GROSSO,QUERÊNCIA
-12.75,-52.0,MATO GROSSO,RIBEIRÃO CASCALHEIRA
-12.75,-51.75,MATO GROSSO,RIBEIRÃO CASCALHEIRA
-12.5,-64.5,RONDÔNIA,COSTA MARQUES
-12.5,-64.25,RONDÔNIA,COSTA MARQUES
-12.5,-64.0,RONDÔNIA,COSTA MARQUES
-12.5,-63.75,RONDÔNIA,COSTA MARQUES
-12.5,-63.5,RONDÔNIA,SÃO FRANCISCO DO GUAPORÉ
-12.5,-63.25,RONDÔNIA,SÃO FRANCISCO DO GUAPORÉ
-12.5,-63.0,RONDÔNIA,SÃO FRANCISCO DO GUAPORÉ
-12.5,-62.75,RONDÔNIA,SÃO FRANCISCO DO GUAPORÉ
-12.5,-62.5,RONDÔNIA,SÃO FRANCISCO DO GUAPORÉ
-12.5,-62.25,RONDÔNIA,ALTA FLORESTA D'OESTE
-12.5,-62.0,RONDÔNIA,ALTA FLORESTA D'OESTE
-12.5,-61.75,RONDÔNIA,ALTO ALEGRE DOS PARECIS
-12.5,-61.5,RONDÔNIA,PIMENTEIRAS DO OESTE
-12.5,-61.25,RONDÔNIA,PARECIS
-12.5,-61.0,RONDÔNIA,CHUPINGUAIA
-12.5,-60.75,RONDÔNIA,CHUPINGUAIA
-12.5,-60.5,RONDÔNIA,VILHENA
-12.5,-60.25,RONDÔNIA,VILHENA
-12.5,-60.0,RONDÔNIA,VILHENA
-12.5,-59.75,RONDÔNIA,VILHENA
-12.5,-58.0,MATO GROSSO,BRASNORTE
-12.5,-57.75,MATO GROSSO,BRASNORTE
-12.5,-57.5,MATO GROSSO,BRASNORTE
-12.5,-57.25,MATO GROSSO,NOVA MARINGÁ
-12.5,-57.0,MATO GROSSO,NOVA MARINGÁ
-12.5,-56.75,MATO GROSSO,TAPURAH
-12.5,-56.5,MATO GROSSO,TAPURAH
-12.5,-56.25,MATO GROSSO,TAPURAH
-12.5,-55.5,MATO GROSSO,VERA
-12.5,-55.25,MATO GROSSO,VERA
-12.5,-55.0,MATO GROSSO,FELIZ NATAL
-12.5,-54.75,MATO GROSSO,FELIZ NATAL
-12.5,-54.5,MATO GROSSO,NOVA UBIRATÃ
-12.5,-54.25,MATO GROSSO,NOVA UBIRATÃ
-12.5,-54.0,MATO GROSSO,PARANATINGA
-12.5,-53.75,MATO GROSSO,PARANATINGA
-12.5,-53.5,MATO GROSSO,GAÚCHA DO NORTE
-12.5,-53.25,MATO GROSSO,GAÚCHA DO NORTE
-12.5,-53.0,MATO GROSSO,GAÚCHA DO NORTE
-12.5,-52.75,MATO GROSSO,QUERÊNCIA
-12.5,-52.5,MATO GROSSO,QUERÊNCIA
-12.5,-52.25,MATO GROSSO,QUERÊNCIA
-12.5,-52.0,MATO GROSSO,RIBEIRÃO CASCALHEIRA
-12.5,-51.75,MATO GROSSO,BOM JESUS DO ARAGUAIA
-12.25,-64.75,RONDÔNIA,GUAJARÁ-MIRIM
-12.25,-64.5,RONDÔNIA,COSTA MARQUES
-12.25,-64.25,RONDÔNIA,COSTA MARQUES
-12.25,-64.0,RONDÔNIA,COSTA MARQUES
-12.25,-63.75,RONDÔNIA,SÃO FRANCISCO DO GUAPORÉ
-12.25,-63.5,RONDÔNIA,SÃO FRANCISCO DO GUAPORÉ
-12.25,-63.25,RONDÔNIA,SERINGUEIRAS
-12.25,-63.0,RONDÔNIA,SÃO MIGUEL DO GUAPORÉ
-12.25,-62.75,RONDÔNIA,SÃO FRANCISCO DO GUAPORÉ
-12.25,-62.5,RONDÔNIA,ALTA FLORESTA D'OESTE
-12.25,-62.25,RONDÔNIA,ALTA FLORESTA D'OESTE
-12.25,-62.0,RONDÔNIA,ALTA FLORESTA D'OESTE
-12.25,-61.75,RONDÔNIA,ALTO ALEGRE DOS PARECIS
-12.25,-61.5,RONDÔNIA,PARECIS
-12.25,-61.25,RONDÔNIA,PARECIS
-12.25,-61.0,RONDÔNIA,CHUPINGUAIA
-12.25,-60.75,RONDÔNIA,CHUPINGUAIA
-12.25,-60.5,RONDÔNIA,PIMENTA BUENO
-12.25,-60.25,RONDÔNIA,VILHENA
-12.25,-60.0,RONDÔNIA,VILHENA
-12.25,-59.75,RONDÔNIA,VILHENA
-12.25,-58.25,MATO GROSSO,BRASNORTE
-12.25,-58.0,MATO GROSSO,BRASNORTE
-12.25,-57.75,MATO GROSSO,BRASNORTE
-12.25,-57.5,MATO GROSSO,NOVA MARINGÁ
-12.25,-57.25,MATO GROSSO,NOVA MARINGÁ
-12.25,-57.0,MATO GROSSO,NOVA MARINGÁ
-12.25,-56.75,MATO GROSSO,ITANHANGÁ
-12.25,-56.5,MATO GROSSO,ITANHANGÁ
-12.25,-56.25,MATO GROSSO,IPIRANGA DO NORTE
-12.25,-56.0,MATO GROSSO,SORRISO
-12.25,-55.75,MATO GROSSO,SORRISO
-12.25,-55.5,MATO GROSSO,VERA
-12.25,-55.25,MATO GROSSO,VERA
-12.25,-55.0,MATO GROSSO,FELIZ NATAL
-12.25,-54.75,MATO GROSSO,FELIZ NATAL
-12.25,-54.5,MATO GROSSO,FELIZ NATAL
-12.25,-54.25,MATO GROSSO,FELIZ NATAL
-12.25,-54.0,MATO GROSSO,NOVA UBIRATÃ
-12.25,-53.75,MATO GROSSO,NOVA UBIRATÃ
-12.25,-53.5,MATO GROSSO,GAÚCHA DO NORTE
-12.25,-53.25,MATO GROSSO,GAÚCHA DO NORTE
-12.25,-53.0,MATO GROSSO,QUERÊNCIA
-12.25,-52.75,MATO GROSSO,QUERÊNCIA
-12.25,-52.5,MATO GROSSO,QUERÊNCIA
-12.25,-52.25,MATO GROSSO,QUERÊNCIA
-12.25,-52.0,MATO GROSSO,BOM JESUS DO ARAGUAIA
-12.25,-51.75,MATO GROSSO,BOM JESUS DO ARAGUAIA
-12.0,-65.0,RONDÔNIA,GUAJARÁ-MIRIM
-12.0,-64.75,RONDÔNIA,GUAJARÁ-MIRIM
-12.0,-64.5,RONDÔNIA,COSTA MARQUES
-12.0,-64.25,RONDÔNIA,COSTA MARQUES
-12.0,-64.0,RONDÔNIA,COSTA MARQUES
-12.0,-63.75,RONDÔNIA,SÃO FRANCISCO DO GUAPORÉ
-12.0,-63.5,RONDÔNIA,SÃO FRANCISCO DO GUAPORÉ
-12.0,-63.25,RONDÔNIA,SERINGUEIRAS
-12.0,-63.0,RONDÔNIA,SÃO MIGUEL DO GUAPORÉ
-12.0,-62.75,RONDÔNIA,SÃO MIGUEL DO GUAPORÉ
-12.0,-62.5,RONDÔNIA,ALTA FLORESTA D'OESTE
-12.0,-62.25,RONDÔNIA,ALTA FLORESTA D'OESTE
-12.0,-62.0,RONDÔNIA,ALTA FLORESTA D'OESTE
-12.0,-61.75,RONDÔNIA,SANTA LUZIA D'OESTE
-12.0,-61.5,RONDÔNIA,SANTA LUZIA D'OESTE
-12.0,-61.25,RONDÔNIA,PARECIS
-12.0,-61.0,RONDÔNIA,PIMENTA BUENO
-12.0,-60.75,RONDÔNIA,PIMENTA BUENO
-12.0,-60.5,RONDÔNIA,PIMENTA BUENO
-12.0,-60.25,RONDÔNIA,VILHENA
-12.0,-58.25,MATO GROSSO,BRASNORTE
-12.0,-58.0,MATO GROSSO,BRASNORTE
-12.0,-57.75,MATO GROSSO,JUARA
-12.0,-57.5,MATO GROSSO,JUARA
-12.0,-57.25,MATO GROSSO,NOVA MARINGÁ
-12.0,-57.0,MATO GROSSO,PORTO DOS GAÚCHOS
-12.0,-56.75,MATO GROSSO,ITANHANGÁ
-12.0,-56.5,MATO GROSSO,ITANHANGÁ
-12.0,-56.25,MATO GROSSO,PORTO DOS GAÚCHOS
-12.0,-56.0,MATO GROSSO,IPIRANGA DO NORTE
-12.0,-55.75,MATO GROSSO,SORRISO
-12.0,-55.5,MATO GROSSO,SINOP
-12.0,-55.25,MATO GROSSO,SANTA CARMEM
-12.0,-55.0,MATO GROSSO,SANTA CARMEM
-12.0,-54.75,MATO GROSSO,SANTA CARMEM
-12.0,-54.5,MATO GROSSO,SANTA CARMEM
-12.0,-54.25,MATO GROSSO,FELIZ NATAL
-12.0,-54.0,MATO GROSSO,FELIZ NATAL
-12.0,-53.75,MATO GROSSO,PARANATINGA
-12.0,-53.5,MATO GROSSO,GAÚCHA DO NORTE
-12.0,-53.25,MATO GROSSO,QUERÊNCIA
-12.0,-53.0,MATO GROSSO,QUERÊNCIA
-12.0,-52.75,MATO GROSSO,QUERÊNCIA
-12.0,-52.5,MATO GROSSO,QUERÊNCIA
-12.0,-52.25,MATO GROSSO,QUERÊNCIA
-12.0,-52.0,MATO GROSSO,BOM JESUS DO ARAGUAIA
-12.0,-51.75,MATO GROSSO,BOM JESUS DO ARAGUAIA
-12.0,-51.5,MATO GROSSO,BOM JESUS DO ARAGUAIA
-11.75,-65.25,RONDÔNIA,GUAJARÁ-MIRIM
-11.75,-65.0,RONDÔNIA,GUAJARÁ-MIRIM
-11.75,-64.75,RONDÔNIA,GUAJARÁ-MIRIM
-11.75,-64.25,RONDÔNIA,GUAJARÁ-MIRIM
-11.75,-64.0,RONDÔNIA,COSTA MARQUES
-11.75,-63.75,RONDÔNIA,SÃO FRANCISCO DO GUAPORÉ
-11.75,-63.5,RONDÔNIA,SÃO FRANCISCO DO GUAPORÉ
-11.75,-63.25,RONDÔNIA,SERINGUEIRAS
-11.75,-63.0,RONDÔNIA,SERINGUEIRAS
-11.75,-62.75,RONDÔNIA,SÃO MIGUEL DO GUAPORÉ
-11.75,-62.5,RONDÔNIA,SÃO MIGUEL DO GUAPORÉ
-11.75,-62.25,RONDÔNIA,NOVA BRASILÂNDIA D'OESTE
-11.75,-62.0,RONDÔNIA,ROLIM DE MOURA
-11.75,-61.75,RONDÔNIA,ROLIM DE MOURA
-11.75,-61.5,RONDÔNIA,PIMENTA BUENO
-11.75,-61.25,RONDÔNIA,PIMENTA BUENO
-11.75,-61.0,RONDÔNIA,PIMENTA BUENO
-11.75,-60.75,RONDÔNIA,PIMENTA BUENO
-11.75,-60.5,RONDÔNIA,VILHENA
-11.75,-60.25,RONDÔNIA,VILHENA
-11.75,-60.0,RONDÔNIA,VILHENA
-11.75,-58.5,MATO GROSSO,BRASNORTE
-11.75,-58.25,MATO GROSSO,BRASNORTE
-11.75,-58.0,MATO GROSSO,JUARA
-11.75,-57.75,MATO GROSSO,JUARA
-11.75,-57.5,MATO GROSSO,JUARA
-11.75,-57.25,MATO GROSSO,NOVA MARINGÁ
-11.75,-57.0,MATO GROSSO,PORTO DOS GAÚCHOS
-11.75,-56.75,MATO GROSSO,PORTO DOS GAÚCHOS
-11.75,-56.5,MATO GROSSO,PORTO DOS GAÚCHOS
-11.75,-56.25,MATO GROSSO,PORTO DOS GAÚCHOS
-11.75,-56.0,MATO GROSSO,IPIRANGA DO NORTE
-11.75,-55.75,MATO GROSSO,SINOP
-11.75,-55.5,MATO GROSSO,SINOP
-11.75,-55.25,MATO GROSSO,SINOP
-11.75,-55.0,MATO GROSSO,SANTA CARMEM
-11.75,-54.75,MATO GROSSO,SANTA CARMEM
-11.75,-54.5,MATO GROSSO,UNIÃO DO SUL
-11.75,-54.25,MATO GROSSO,UNIÃO DO SUL
-11.75,-54.0,MATO GROSSO,FELIZ NATAL
-11.75,-53.75,MATO GROSSO,FELIZ NATAL
-11.75,-53.5,MATO GROSSO,QUERÊNCIA
-11.75,-53.25,MATO GROSSO,QUERÊNCIA
-11.75,-53.0,MATO GROSSO,QUERÊNCIA
-11.75,-52.75,MATO GROSSO,QUERÊNCIA
-11.75,-52.5,MATO GROSSO,QUERÊNCIA
-11.75,-52.25,MATO GROSSO,QUERÊNCIA
-11.75,-52.0,MATO GROSSO,ALTO BOA VISTA
-11.75,-51.75,MATO GROSSO,ALTO BOA VISTA
-11.75,-51.5,MATO GROSSO,ALTO BOA VISTA
-11.5,-65.25,RONDÔNIA,GUAJARÁ-MIRIM
-11.5,-65.0,RONDÔNIA,GUAJARÁ-MIRIM
-11.5,-64.75,RONDÔNIA,GUAJARÁ-MIRIM
-11.5,-64.0,RONDÔNIA,GUAJARÁ-MIRIM
-11.5,-63.75,RONDÔNIA,GUAJARÁ-MIRIM
-11.5,-63.5,RONDÔNIA,SÃO MIGUEL DO GUAPORÉ
-11.5,-63.25,RONDÔNIA,SÃO MIGUEL DO GUAPORÉ
-11.5,-63.0,RONDÔNIA,SÃO MIGUEL DO GUAPORÉ
-11.5,-62.75,RONDÔNIA,SÃO MIGUEL DO GUAPORÉ
-11.5,-62.5,RONDÔNIA,SÃO MIGUEL DO GUAPORÉ
-11.5,-62.25,RONDÔNIA,NOVA BRASILÂNDIA D'OESTE
-11.5,-62.0,RONDÔNIA,CASTANHEIRAS
-11.5,-61.75,RONDÔNIA,CASTANHEIRAS
-11.5,-61.5,RONDÔNIA,CACOAL
-11.5,-61.25,RONDÔNIA,PIMENTA BUENO
-11.5,-61.0,RONDÔNIA,ESPIGÃO D'OESTE
-11.5,-60.75,RONDÔNIA,ESPIGÃO D'OESTE
-11.5,-60.5,RONDÔNIA,PIMENTA BUENO
-11.5,-60.25,RONDÔNIA,VILHENA
-11.5,-59.25,MATO GROSSO,JUÍNA
-11.5,-59.0,MATO GROSSO,JUÍNA
-11.5,-58.75,MATO GROSSO,JUÍNA
-11.5,-58.5,MATO GROSSO,JUÍNA
-11.5,-58.25,MATO GROSSO,BRASNORTE
-11.5,-58.0,MATO GROSSO,JUARA
-11.5,-57.75,MATO GROSSO,JUARA
-11.5,-57.5,MATO GROSSO,JUARA
-11.5,-57.25,MATO GROSSO,PORTO DOS GAÚCHOS
-11.5,-57.0,MATO GROSSO,PORTO DOS GAÚCHOS
-11.5,-56.75,MATO GROSSO,TABAPORÃ
-11.5,-56.5,MATO GROSSO,TABAPORÃ
-11.5,-56.25,MATO GROSSO,TABAPORÃ
-11.5,-56.0,MATO GROSSO,TABAPORÃ
-11.5,-55.75,MATO GROSSO,SINOP
-11.5,-55.5,MATO GROSSO,SINOP
-11.5,-55.25,MATO GROSSO,CLÁUDIA
-11.5,-55.0,MATO GROSSO,CLÁUDIA
-11.5,-54.75,MATO GROSSO,UNIÃO DO SUL
-11.5,-54.5,MATO GROSSO,UNIÃO DO SUL
-11.5,-54.25,MATO GROSSO,UNIÃO DO SUL
-11.5,-54.0,MATO GROSSO,UNIÃO DO SUL
-11.5,-53.75,MATO GROSSO,FELIZ NATAL
-11.5,-53.5,MATO GROSSO,FELIZ NATAL
-11.5,-53.25,MATO GROSSO,QUERÊNCIA
-11.5,-53.0,MATO GROSSO,QUERÊNCIA
-11.5,-52.75,MATO GROSSO,SÃO FÉLIX DO ARAGUAIA
-11.5,-52.5,MATO GROSSO,SÃO FÉLIX DO ARAGUAIA
-11.5,-52.25,MATO GROSSO,SÃO FÉLIX DO ARAGUAIA
-11.5,-52.0,MATO GROSSO,SÃO FÉLIX DO ARAGUAIA
-11.5,-51.75,MATO GROSSO,SÃO FÉLIX DO ARAGUAIA
-11.5,-51.5,MATO GROSSO,SÃO FÉLIX DO ARAGUAIA
-11.5,-51.25,MATO GROSSO,SÃO FÉLIX DO ARAGUAIA
-11.25,-68.75,ACRE,EPITACIOLÂNDIA
-11.25,-65.25,RONDÔNIA,GUAJARÁ-MIRIM
-11.25,-65.0,RONDÔNIA,GUAJARÁ-MIRIM
-11.25,-64.75,RONDÔNIA,GUAJARÁ-MIRIM
-11.25,-64.5,RONDÔNIA,GUAJARÁ-MIRIM
-11.25,-64.25,RONDÔNIA,GUAJARÁ-MIRIM
-11.25,-63.5,RONDÔNIA,SÃO MIGUEL DO GUAPORÉ
-11.25,-63.25,RONDÔNIA,SÃO MIGUEL DO GUAPORÉ
-11.25,-63.0,RONDÔNIA,MIRANTE DA SERRA
-11.25,-62.75,RONDÔNIA,MIRANTE DA SERRA
-11.25,-62.5,RONDÔNIA,ALVORADA D'OESTE
-11.25,-62.25,RONDÔNIA,ALVORADA D'OESTE
-11.25,-62.0,RONDÔNIA,PRESIDENTE MÉDICI
-11.25,-61.75,RONDÔNIA,PRESIDENTE MÉDICI
-11.25,-61.5,RONDÔNIA,MINISTRO ANDREAZZA
-11.25,-61.25,RONDÔNIA,CACOAL
-11.25,-61.0,RONDÔNIA,ESPIGÃO D'OESTE
-11.25,-60.75,RONDÔNIA,ESPIGÃO D'OESTE
-11.25,-60.5,RONDÔNIA,ESPIGÃO D'OESTE
-11.25,-60.25,RONDÔNIA,VILHENA
-11.25,-59.25,MATO GROSSO,JUÍNA
-11.25,-59.0,MATO GROSSO,JUÍNA
-11.25,-58.75,MATO GROSSO,JUÍNA
-11.25,-58.5,MATO GROSSO,CASTANHEIRA
-11.25,-58.25,MATO GROSSO,BRASNORTE
-11.25,-58.0,MATO GROSSO,JUARA
-11.25,-57.75,MATO GROSSO,JUARA
-11.25,-57.5,MATO GROSSO,JUARA
-11.25,-57.25,MATO GROSSO,JUARA
-11.25,-57.0,MATO GROSSO,TABAPORÃ
-11.25,-56.75,MATO GROSSO,TABAPORÃ
-11.25,-56.5,MATO GROSSO,TABAPORÃ
-11.25,-56.25,MATO GROSSO,TABAPORÃ
-11.25,-56.0,MATO GROSSO,TABAPORÃ
-11.25,-55.75,MATO GROSSO,ITAÚBA
-11.25,-55.5,MATO GROSSO,ITAÚBA
-11.25,-55.25,MATO GROSSO,CLÁUDIA
-11.25,-55.0,MATO GROSSO,CLÁUDIA
-11.25,-54.75,MATO GROSSO,NOVA SANTA HELENA
-11.25,-54.5,MATO GROSSO,MARCELÂNDIA
-11.25,-54.25,MATO GROSSO,MARCELÂNDIA
-11.25,-54.0,MATO GROSSO,UNIÃO DO SUL
-11.25,-53.75,MATO GROSSO,MARCELÂNDIA
-11.25,-53.5,MATO GROSSO,FELIZ NATAL
-11.25,-53.25,MATO GROSSO,QUERÊNCIA
-11.25,-53.0,MATO GROSSO,SÃO FÉLIX DO ARAGUAIA
-11.25,-52.75,MATO GROSSO,SÃO FÉLIX DO ARAGUAIA
-11.25,-52.5,MATO GROSSO,SÃO FÉLIX DO ARAGUAIA
-11.25,-52.25,MATO GROSSO,SÃO FÉLIX DO ARAGUAIA
-11.25,-52.0,MATO GROSSO,CANABRAVA DO NORTE
-11.25,-51.75,MATO GROSSO,CANABRAVA DO NORTE
-11.25,-51.5,MATO GROSSO,CANABRAVA DO NORTE
-11.0,-70.0,ACRE,ASSIS BRASIL
-11.0,-69.75,ACRE,ASSIS BRASIL
-11.0,-69.5,ACRE,ASSIS BRASIL
-11.0,-69.25,ACRE,BRASILÉIA
-11.0,-69.0,ACRE,BRASILÉIA
-11.0,-68.75,ACRE,EPITACIOLÂNDIA
-11.0,-68.5,ACRE,EPITACIOLÂNDIA
-11.0,-68.25,ACRE,XAPURI
-11.0,-65.25,RONDÔNIA,GUAJARÁ-MIRIM
-11.0,-65.0,RONDÔNIA,GUAJARÁ-MIRIM
-11.0,-64.75,RONDÔNIA,GUAJARÁ-MIRIM
-11.0,-64.25,RONDÔNIA,GUAJARÁ-MIRIM
-11.0,-64.0,RONDÔNIA,GUAJARÁ-MIRIM
-11.0,-63.5,RONDÔNIA,GUAJARÁ-MIRIM
-11.0,-63.0,RONDÔNIA,MIRANTE DA SERRA
-11.0,-62.75,RONDÔNIA,MIRANTE DA SERRA
-11.0,-62.5,RONDÔNIA,NOVA UNIÃO
-11.0,-62.25,RONDÔNIA,TEIXEIRÓPOLIS
-11.0,-62.0,RONDÔNIA,JI-PARANÁ
-11.0,-61.75,RONDÔNIA,JI-PARANÁ
-11.0,-61.5,RONDÔNIA,RONDOLÂNDIA
-11.0,-61.25,RONDÔNIA,CACOAL
-11.0,-61.0,MATO GROSSO,RONDOLÂNDIA
-11.0,-60.75,MATO GROSSO,RONDOLÂNDIA
-11.0,-59.25,MATO GROSSO,JUÍNA
-11.0,-59.0,MATO GROSSO,JUÍNA
-11.0,-58.75,MATO GROSSO,CASTANHEIRA
-11.0,-58.5,MATO GROSSO,CASTANHEIRA
-11.0,-58.25,MATO GROSSO,JUARA
-11.0,-58.0,MATO GROSSO,JUARA
-11.0,-57.75,MATO GROSSO,JUARA
-11.0,-57.5,MATO GROSSO,JUARA
-11.0,-57.25,MATO GROSSO,JUARA
-11.0,-57.0,MATO GROSSO,TABAPORÃ
-11.0,-56.75,MATO GROSSO,TABAPORÃ
-11.0,-56.5,MATO GROSSO,NOVA CANAÃ DO NORTE
-11.0,-56.25,MATO GROSSO,NOVA CANAÃ DO NORTE
-11.0,-56.0,MATO GROSSO,ITAÚBA
-11.0,-55.75,MATO GROSSO,ITAÚBA
-11.0,-55.5,MATO GROSSO,ITAÚBA
-11.0,-55.25,MATO GROSSO,ITAÚBA
-11.0,-55.0,MATO GROSSO,NOVA SANTA HELENA
-11.0,-54.75,MATO GROSSO,MARCELÂNDIA
-11.0,-54.5,MATO GROSSO,MARCELÂNDIA
-11.0,-54.25,MATO GROSSO,MARCELÂNDIA
-11.0,-54.0,MATO GROSSO,MARCELÂNDIA
-11.0,-53.75,MATO GROSSO,MARCELÂNDIA
-11.0,-53.5,MATO GROSSO,MARCELÂNDIA
-11.0,-53.25,MATO GROSSO,MARCELÂNDIA
-11.0,-53.0,MATO GROSSO,SÃO JOSÉ DO XINGU
-11.0,-52.75,MATO GROSSO,SÃO JOSÉ DO XINGU
-11.0,-52.5,MATO GROSSO,SÃO JOSÉ DO XINGU
-11.0,-52.25,MATO GROSSO,SÃO JOSÉ DO XINGU
-11.0,-52.0,MATO GROSSO,CANABRAVA DO NORTE
-11.0,-51.75,MATO GROSSO,CANABRAVA DO NORTE
-11.0,-51.5,MATO GROSSO,PORTO ALEGRE DO NORTE
-11.0,-51.25,MATO GROSSO,PORTO ALEGRE DO NORTE
-10.75,-70.25,ACRE,SENA MADUREIRA
-10.75,-70.0,ACRE,ASSIS BRASIL
-10.75,-69.75,ACRE,BRASILÉIA
-10.75,-69.5,ACRE,BRASILÉIA
-10.75,-69.25,ACRE,BRASILÉIA
-10.75,-69.0,ACRE,BRASILÉIA
-10.75,-68.75,ACRE,EPITACIOLÂNDIA
-10.75,-68.5,ACRE,XAPURI
-10.75,-68.25,ACRE,XAPURI
-10.75,-68.0,ACRE,XAPURI
-10.75,-67.75,ACRE,CAPIXABA
-10.75,-65.25,RONDÔNIA,GUAJARÁ-MIRIM
-10.75,-65.0,RONDÔNIA,GUAJARÁ-MIRIM
-10.75,-64.75,RONDÔNIA,GUAJARÁ-MIRIM
-10.75,-64.25,RONDÔNIA,NOVA MAMORÉ
-10.75,-64.0,RONDÔNIA,NOVA MAMORÉ
-10.75,-63.75,RONDÔNIA,CAMPO NOVO DE RONDÔNIA
-10.75,-63.5,RONDÔNIA,GOVERNADOR JORGE TEIXEIRA
-10.75,-63.0,RONDÔNIA,GOVERNADOR JORGE TEIXEIRA
-10.75,-62.75,RONDÔNIA,JARU
-10.75,-62.5,RONDÔNIA,NOVA UNIÃO
-10.75,-62.25,RONDÔNIA,OURO PRETO DO OESTE
-10.75,-62.0,RONDÔNIA,JI-PARANÁ
-10.75,-61.75,RONDÔNIA,JI-PARANÁ
-10.75,-61.5,RONDÔNIA,JI-PARANÁ
-10.75,-61.25,MATO GROSSO,RONDOLÂNDIA
-10.75,-61.0,MATO GROSSO,RONDOLÂNDIA
-10.75,-60.75,MATO GROSSO,RONDOLÂNDIA
-10.75,-60.5,MATO GROSSO,ARIPUANÃ
-10.75,-59.75,MATO GROSSO,ARIPUANÃ
-10.75,-59.5,MATO GROSSO,ARIPUANÃ
-10.75,-59.25,MATO GROSSO,ARIPUANÃ
-10.75,-59.0,MATO GROSSO,JUÍNA
-10.75,-58.75,MATO GROSSO,CASTANHEIRA
-10.75,-58.5,MATO GROSSO,CASTANHEIRA
-10.75,-58.25,MATO GROSSO,CASTANHEIRA
-10.75,-58.0,MATO GROSSO,JUARA
-10.75,-57.75,MATO GROSSO,JUARA
-10.75,-57.5,MATO GROSSO,JUARA
-10.75,-57.25,MATO GROSSO,JUARA
-10.75,-57.0,MATO GROSSO,JUARA
-10.75,-56.75,MATO GROSSO,TABAPORÃ
-10.75,-56.5,MATO GROSSO,TABAPORÃ
-10.75,-56.25,MATO GROSSO,NOVA CANAÃ DO NORTE
-10.75,-56.0,MATO GROSSO,NOVA CANAÃ DO NORTE
-10.75,-55.75,MATO GROSSO,NOVA CANAÃ DO NORTE
-10.75,-55.5,MATO GROSSO,COLÍDER
-10.75,-55.25,MATO GROSSO,COLÍDER
-10.75,-55.0,MATO GROSSO,TERRA NOVA DO NORTE
-10.75,-54.75,MATO GROSSO,NOVA SANTA HELENA
-10.75,-54.5,MATO GROSSO,MARCELÂNDIA
-10.75,-54.25,MATO GROSSO,MARCELÂNDIA
-10.75,-54.0,MATO GROSSO,MARCELÂNDIA
-10.75,-53.75,MATO GROSSO,MARCELÂNDIA
-10.75,-53.5,MATO GROSSO,MARCELÂNDIA
-10.75,-53.25,MATO GROSSO,MARCELÂNDIA
-10.75,-53.0,MATO GROSSO,SÃO JOSÉ DO XINGU
-10.75,-52.75,MATO GROSSO,SÃO JOSÉ DO XINGU
-10.75,-52.5,MATO GROSSO,SÃO JOSÉ DO XINGU
-10.75,-52.25,MATO GROSSO,SÃO JOSÉ DO XINGU
-10.75,-52.0,MATO GROSSO,PORTO ALEGRE DO NORTE
-10.75,-51.75,MATO GROSSO,PORTO ALEGRE DO NORTE
-10.75,-51.5,MATO GROSSO,CONFRESA
-10.75,-51.25,MATO GROSSO,SANTA TEREZINHA
-10.5,-70.0,ACRE,ASSIS BRASIL
-10.5,-69.75,ACRE,ASSIS BRASIL
-10.5,-69.5,ACRE,BRASILÉIA
-10.5,-69.25,ACRE,BRASILÉIA
-10.5,-69.0,ACRE,XAPURI
-10.5,-68.75,ACRE,XAPURI
-10.5,-68.5,ACRE,XAPURI
-10.5,-68.25,ACRE,XAPURI
-10.5,-68.0,ACRE,CAPIXABA
-10.5,-67.75,ACRE,CAPIXABA
-10.5,-67.5,ACRE,PLÁCIDO DE CASTRO
-10.5,-65.5,RONDÔNIA,GUAJARÁ-MIRIM
-10.5,-65.25,RONDÔNIA,NOVA MAMORÉ
-10.5,-65.0,RONDÔNIA,NOVA MAMORÉ
-10.5,-64.75,RONDÔNIA,NOVA MAMORÉ
-10.5,-64.5,RONDÔNIA,NOVA MAMORÉ
-10.5,-64.25,RONDÔNIA,NOVA MAMORÉ
-10.5,-64.0,RONDÔNIA,NOVA MAMORÉ
-10.5,-63.75,RONDÔNIA,CAMPO NOVO DE RONDÔNIA
-10.5,-63.5,RONDÔNIA,GOVERNADOR JORGE TEIXEIRA
-10.5,-63.25,RONDÔNIA,MONTE NEGRO
-10.5,-63.0,RONDÔNIA,CACAULÂNDIA
-10.5,-62.75,RONDÔNIA,GOVERNADOR JORGE TEIXEIRA
-10.5,-62.5,RONDÔNIA,JARU
-10.5,-62.25,RONDÔNIA,JARU
-10.5,-62.0,RONDÔNIA,JI-PARANÁ
-10.5,-61.75,RONDÔNIA,JI-PARANÁ
-10.5,-61.5,MATO GROSSO,RONDOLÂNDIA
-10.5,-61.25,MATO GROSSO,RONDOLÂNDIA
-10.5,-61.0,MATO GROSSO,RONDOLÂNDIA
-10.5,-60.75,MATO GROSSO,RONDOLÂNDIA
-10.5,-60.5,MATO GROSSO,ARIPUANÃ
-10.5,-60.25,MATO GROSSO,ARIPUANÃ
-10.5,-60.0,MATO GROSSO,ARIPUANÃ
-10.5,-59.75,MATO GROSSO,ARIPUANÃ
-10.5,-59.5,MATO GROSSO,ARIPUANÃ
-10.5,-59.25,MATO GROSSO,ARIPUANÃ
-10.5,-59.0,MATO GROSSO,ARIPUANÃ
-10.5,-58.75,MATO GROSSO,JURUENA
-10.5,-58.5,MATO GROSSO,JURUENA
-10.5,-58.25,MATO GROSSO,JUARA
-10.5,-58.0,MATO GROSSO,JUARA
-10.5,-57.75,MATO GROSSO,JUARA
-10.5,-57.5,MATO GROSSO,JUARA
-10.5,-57.25,MATO GROSSO,JUARA
-10.5,-57.0,MATO GROSSO,JUARA
-10.5,-56.75,MATO GROSSO,JUARA
-10.5,-56.5,MATO GROSSO,ALTA FLORESTA
-10.5,-56.25,MATO GROSSO,NOVA CANAÃ DO NORTE
-10.5,-56.0,MATO GROSSO,NOVA CANAÃ DO NORTE
-10.5,-55.75,MATO GROSSO,NOVA CANAÃ DO NORTE
-10.5,-55.5,MATO GROSSO,COLÍDER
-10.5,-55.25,MATO GROSSO,TERRA NOVA DO NORTE
-10.5,-55.0,MATO GROSSO,TERRA NOVA DO NORTE
-10.5,-54.75,MATO GROSSO,TERRA NOVA DO NORTE
-10.5,-54.5,MATO GROSSO,PEIXOTO DE AZEVEDO
-10.5,-54.25,MATO GROSSO,MARCELÂNDIA
-10.5,-54.0,MATO GROSSO,PEIXOTO DE AZEVEDO
-10.5,-53.75,MATO GROSSO,PEIXOTO DE AZEVEDO
-10.5,-53.5,MATO GROSSO,PEIXOTO DE AZEVEDO
-10.5,-53.25,MATO GROSSO,PEIXOTO DE AZEVEDO
-10.5,-53.0,MATO GROSSO,PEIXOTO DE AZEVEDO
-10.5,-52.75,MATO GROSSO,SÃO JOSÉ DO XINGU
-10.5,-52.5,MATO GROSSO,SÃO JOSÉ DO XINGU
-10.5,-52.25,MATO GROSSO,SÃO JOSÉ DO XINGU
-10.5,-52.0,MATO GROSSO,CONFRESA
-10.5,-51.75,MATO GROSSO,CONFRESA
-10.5,-51.5,MATO GROSSO,CONFRESA
-10.5,-51.25,MATO GROSSO,SANTA TEREZINHA
-10.5,-51.0,MATO GROSSO,SANTA TEREZINHA
-10.5,-50.5,MATO GROSSO,SANTA TEREZINHA
-10.25,-69.5,ACRE,SENA MADUREIRA
-10.25,-69.25,ACRE,SENA MADUREIRA
-10.25,-69.0,ACRE,RIO BRANCO
-10.25,-68.75,ACRE,RIO BRANCO
-10.25,-68.5,ACRE,RIO BRANCO
-10.25,-68.25,ACRE,RIO BRANCO
-10.25,-68.0,ACRE,RIO BRANCO
-10.25,-67.75,ACRE,CAPIXABA
-10.25,-67.5,ACRE,PLÁCIDO DE CASTRO
-10.25,-67.25,ACRE,PLÁCIDO DE CASTRO
-10.25,-67.0,ACRE,PLÁCIDO DE CASTRO
-10.25,-65.25,RONDÔNIA,NOVA MAMORÉ
-10.25,-65.0,RONDÔNIA,NOVA MAMORÉ
-10.25,-64.75,RONDÔNIA,NOVA MAMORÉ
-10.25,-64.5,RONDÔNIA,NOVA MAMORÉ
-10.25,-64.25,RONDÔNIA,NOVA MAMORÉ
-10.25,-64.0,RONDÔNIA,CAMPO NOVO DE RONDÔNIA
-10.25,-63.75,RONDÔNIA,BURITIS
-10.25,-63.5,RONDÔNIA,MONTE NEGRO
-10.25,-63.25,RONDÔNIA,MONTE NEGRO
-10.25,-63.0,RONDÔNIA,CACAULÂNDIA
-10.25,-62.75,RONDÔNIA,ARIQUEMES
-10.25,-62.5,RONDÔNIA,THEOBROMA
-10.25,-62.25,RONDÔNIA,THEOBROMA
-10.25,-62.0,RONDÔNIA,OURO PRETO DO OESTE
-10.25,-61.75,RONDÔNIA,JI-PARANÁ
-10.25,-61.5,MATO GROSSO,RONDOLÂNDIA
-10.25,-61.25,MATO GROSSO,RONDOLÂNDIA
-10.25,-61.0,MATO GROSSO,RONDOLÂNDIA
-10.25,-60.75,MATO GROSSO,RONDOLÂNDIA
-10.25,-60.5,MATO GROSSO,ARIPUANÃ
-10.25,-60.25,MATO GROSSO,ARIPUANÃ
-10.25,-60.0,MATO GROSSO,ARIPUANÃ
-10.25,-59.75,MATO GROSSO,ARIPUANÃ
-10.25,-59.5,MATO GROSSO,ARIPUANÃ
-10.25,-59.25,MATO GROSSO,ARIPUANÃ
-10.25,-59.0,MATO GROSSO,ARIPUANÃ
-10.25,-58.75,MATO GROSSO,JURUENA
-10.25,-58.5,MATO GROSSO,JURUENA
-10.25,-58.25,MATO GROSSO,NOVA BANDEIRANTES
-10.25,-58.0,MATO GROSSO,NOVA BANDEIRANTES
-10.25,-57.75,MATO GROSSO,NOVA BANDEIRANTES
-10.25,-57.5,MATO GROSSO,JUARA
-10.25,-57.25,MATO GROSSO,JUARA
-10.25,-57.0,MATO GROSSO,ALTA FLORESTA
-10.25,-56.75,MATO GROSSO,ALTA FLORESTA
-10.25,-56.5,MATO GROSSO,ALTA FLORESTA
-10.25,-56.25,MATO GROSSO,ALTA FLORESTA
-10.25,-56.0,MATO GROSSO,CARLINDA
-10.25,-55.75,MATO GROSSO,CARLINDA
-10.25,-55.5,MATO GROSSO,COLÍDER
-10.25,-55.25,MATO GROSSO,NOVA GUARITA
-10.25,-55.0,MATO GROSSO,PEIXOTO DE AZEVEDO
-10.25,-54.75,MATO GROSSO,PEIXOTO DE AZEVEDO
-10.25,-54.5,MATO GROSSO,MATUPÁ
-10.25,-54.25,MATO GROSSO,MATUPÁ
-10.25,-54.0,MATO GROSSO,PEIXOTO DE AZEVEDO
-10.25,-53.75,MATO GROSSO,PEIXOTO DE AZEVEDO
-10.25,-53.5,MATO GROSSO,PEIXOTO DE AZEVEDO
-10.25,-53.25,MATO GROSSO,PEIXOTO DE AZEVEDO
-10.25,-53.0,MATO GROSSO,SÃO JOSÉ DO XINGU
-10.25,-52.75,MATO GROSSO,SANTA CRUZ DO XINGU
-10.25,-52.5,MATO GROSSO,SANTA CRUZ DO XINGU
-10.25,-52.25,MATO GROSSO,SANTA CRUZ DO XINGU
-10.25,-52.0,MATO GROSSO,CONFRESA
-10.25,-51.75,MATO GROSSO,CONFRESA
-10.25,-51.5,MATO GROSSO,CONFRESA
-10.25,-51.25,MATO GROSSO,CONFRESA
-10.25,-51.0,MATO GROSSO,VILA RICA
-10.25,-50.75,MATO GROSSO,VILA RICA
-10.25,-50.5,MATO GROSSO,SANTA TEREZINHA
-10.0,-71.5,ACRE,FEIJÓ
-10.0,-69.25,ACRE,SENA MADUREIRA
-10.0,-69.0,ACRE,SENA MADUREIRA
-10.0,-68.75,ACRE,RIO BRANCO
-10.0,-68.5,ACRE,RIO BRANCO
-10.0,-68.25,ACRE,RIO BRANCO
-10.0,-68.0,ACRE,RIO BRANCO
-10.0,-67.75,ACRE,RIO BRANCO
-10.0,-67.5,ACRE,RIO BRANCO
-10.0,-67.25,ACRE,SENADOR GUIOMARD
-10.0,-67.0,ACRE,ACRELÂNDIA
-10.0,-66.75,ACRE,ACRELÂNDIA
-10.0,-66.5,RONDÔNIA,PORTO VELHO
-10.0,-65.25,RONDÔNIA,PORTO VELHO
-10.0,-65.0,RONDÔNIA,NOVA MAMORÉ
-10.0,-64.75,RONDÔNIA,PORTO VELHO
-10.0,-64.5,RONDÔNIA,PORTO VELHO
-10.0,-64.25,RONDÔNIA,BURITIS
-10.0,-64.0,RONDÔNIA,BURITIS
-10.0,-63.75,RONDÔNIA,BURITIS
-10.0,-63.5,RONDÔNIA,ARIQUEMES
-10.0,-63.25,RONDÔNIA,ARIQUEMES
-10.0,-63.0,RONDÔNIA,ARIQUEMES
-10.0,-62.75,RONDÔNIA,ARIQUEMES
-10.0,-62.5,RONDÔNIA,THEOBROMA
-10.0,-62.25,RONDÔNIA,VALE DO ANARI
-10.0,-62.0,RONDÔNIA,VALE DO ANARI
-10.0,-61.5,MATO GROSSO,COLNIZA
-10.0,-61.25,MATO GROSSO,COLNIZA
-10.0,-61.0,MATO GROSSO,RONDOLÂNDIA
-10.0,-60.75,MATO GROSSO,RONDOLÂNDIA
-10.0,-60.5,MATO GROSSO,ARIPUANÃ
-10.0,-60.25,MATO GROSSO,ARIPUANÃ
-10.0,-60.0,MATO GROSSO,ARIPUANÃ
-10.0,-59.75,MATO GROSSO,ARIPUANÃ
-10.0,-59.5,MATO GROSSO,ARIPUANÃ
-10.0,-59.25,MATO GROSSO,ARIPUANÃ
-10.0,-59.0,MATO GROSSO,COLNIZA
-10.0,-58.75,MATO GROSSO,COTRIGUAÇU
-10.0,-58.5,MATO GROSSO,COTRIGUAÇU
-10.0,-58.25,MATO GROSSO,COTRIGUAÇU
-10.0,-58.0,MATO GROSSO,NOVA BANDEIRANTES
-10.0,-57.75,MATO GROSSO,NOVA BANDEIRANTES
-10.0,-57.5,MATO GROSSO,NOVA MONTE VERDE
-10.0,-57.25,MATO GROSSO,NOVA MONTE VERDE
-10.0,-57.0,MATO GROSSO,NOVA MONTE VERDE
-10.0,-56.75,MATO GROSSO,ALTA FLORESTA
-10.0,-56.5,MATO GROSSO,ALTA FLORESTA
-10.0,-56.25,MATO GROSSO,ALTA FLORESTA
-10.0,-56.0,MATO GROSSO,ALTA FLORESTA
-10.0,-55.75,MATO GROSSO,CARLINDA
-10.0,-55.5,MATO GROSSO,NOVO MUNDO
-10.0,-55.25,MATO GROSSO,NOVO MUNDO
-10.0,-55.0,MATO GROSSO,GUARANTÃ DO NORTE
-10.0,-54.75,MATO GROSSO,GUARANTÃ DO NORTE
-10.0,-54.5,MATO GROSSO,GUARANTÃ DO NORTE
-10.0,-54.25,MATO GROSSO,MATUPÁ
-10.0,-54.0,MATO GROSSO,PEIXOTO DE AZEVEDO
-10.0,-53.75,MATO GROSSO,PEIXOTO DE AZEVEDO
-10.0,-53.5,MATO GROSSO,PEIXOTO DE AZEVEDO
-10.0,-53.25,MATO GROSSO,PEIXOTO DE AZEVEDO
-10.0,-53.0,MATO GROSSO,SANTA CRUZ DO XINGU
-10.0,-52.75,MATO GROSSO,SANTA CRUZ DO XINGU
-10.0,-52.5,MATO GROSSO,SANTA CRUZ DO XINGU
-10.0,-52.25,MATO GROSSO,SANTA CRUZ DO XINGU
-10.0,-52.0,MATO GROSSO,VILA RICA
-10.0,-51.75,MATO GROSSO,VILA RICA
-10.0,-51.5,MATO GROSSO,VILA RICA
-10.0,-51.25,MATO GROSSO,VILA RICA
-10.0,-51.0,MATO GROSSO,VILA RICA
-10.0,-50.75,MATO GROSSO,VILA RICA
-10.0,-50.5,MATO GROSSO,SANTA TEREZINHA
-10.0,-50.25,MATO GROSSO,SANTA TEREZINHA
-9.75,-72.25,ACRE,JORDÃO
-9.75,-71.75,ACRE,FEIJÓ
-9.75,-71.5,ACRE,FEIJÓ
-9.75,-69.25,ACRE,SENA MADUREIRA
-9.75,-69.0,ACRE,SENA MADUREIRA
-9.75,-68.75,ACRE,SENA MADUREIRA
-9.75,-68.5,ACRE,RIO BRANCO
-9.75,-68.25,ACRE,BUJARI
-9.75,-68.0,ACRE,BUJARI
-9.75,-67.75,ACRE,PORTO ACRE
-9.75,-67.5,ACRE,PORTO ACRE
-9.75,-67.25,ACRE,SENADOR GUIOMARD
-9.75,-67.0,ACRE,ACRELÂNDIA
-9.75,-66.75,AMAZONAS,LÁBREA
-9.75,-66.5,RONDÔNIA,PORTO VELHO
-9.75,-66.25,RONDÔNIA,PORTO VELHO
-9.75,-66.0,RONDÔNIA,PORTO VELHO
-9.75,-65.75,RONDÔNIA,PORTO VELHO
-9.75,-65.5,RONDÔNIA,PORTO VELHO
-9.75,-65.25,RONDÔNIA,PORTO VELHO
-9.75,-65.0,RONDÔNIA,PORTO VELHO
-9.75,-64.75,RONDÔNIA,PORTO VELHO
-9.75,-64.5,RONDÔNIA,PORTO VELHO
-9.75,-64.25,RONDÔNIA,PORTO VELHO
-9.75,-64.0,RONDÔNIA,PORTO VELHO
-9.75,-63.75,RONDÔNIA,PORTO VELHO
-9.75,-63.5,RONDÔNIA,ALTO PARAÍSO
-9.75,-63.25,RONDÔNIA,ALTO PARAÍSO
-9.75,-63.0,RONDÔNIA,ARIQUEMES
-9.75,-62.75,RONDÔNIA,RIO CRESPO
-9.75,-62.5,RONDÔNIA,MACHADINHO D'OESTE
-9.75,-62.25,RONDÔNIA,MACHADINHO D'OESTE
-9.75,-62.0,RONDÔNIA,VALE DO ANARI
-9.75,-61.75,RONDÔNIA,VALE DO ANARI
-9.75,-61.5,MATO GROSSO,COLNIZA
-9.75,-61.25,MATO GROSSO,COLNIZA
-9.75,-61.0,MATO GROSSO,COLNIZA
-9.75,-60.75,MATO GROSSO,RONDOLÂNDIA
-9.75,-60.5,MATO GROSSO,ARIPUANÃ
-9.75,-60.25,MATO GROSSO,ARIPUANÃ
-9.75,-60.0,MATO GROSSO,ARIPUANÃ
-9.75,-59.75,MATO GROSSO,ARIPUANÃ
-9.75,-59.5,MATO GROSSO,COLNIZA
-9.75,-59.25,MATO GROSSO,COLNIZA
-9.75,-59.0,MATO GROSSO,COLNIZA
-9.75,-58.75,MATO GROSSO,COTRIGUAÇU
-9.75,-58.5,MATO GROSSO,COTRIGUAÇU
-9.75,-58.25,MATO GROSSO,NOVA BANDEIRANTES
-9.75,-58.0,MATO GROSSO,NOVA BANDEIRANTES
-9.75,-57.75,MATO GROSSO,NOVA BANDEIRANTES
-9.75,-57.5,MATO GROSSO,NOVA MONTE VERDE
-9.75,-57.25,MATO GROSSO,APIACÁS
-9.75,-57.0,MATO GROSSO,NOVA MONTE VERDE
-9.75,-56.75,MATO GROSSO,PARANAÍTA
-9.75,-56.5,MATO GROSSO,PARANAÍTA
-9.75,-56.25,MATO GROSSO,ALTA FLORESTA
-9.75,-56.0,MATO GROSSO,ALTA FLORESTA
-9.75,-55.75,MATO GROSSO,NOVO MUNDO
-9.75,-55.5,MATO GROSSO,NOVO MUNDO
-9.75,-55.25,MATO GROSSO,NOVO MUNDO
-9.75,-55.0,MATO GROSSO,NOVO MUNDO
-9.75,-54.75,MATO GROSSO,GUARANTÃ DO NORTE
-9.75,-54.5,MATO GROSSO,GUARANTÃ DO NORTE
-9.75,-54.25,MATO GROSSO,GUARANTÃ DO NORTE
-9.75,-54.0,MATO GROSSO,MATUPÁ
-9.75,-53.75,MATO GROSSO,PEIXOTO DE AZEVEDO
-9.75,-53.5,MATO GROSSO,PEIXOTO DE AZEVEDO
-9.75,-53.25,MATO GROSSO,PEIXOTO DE AZEVEDO
-9.75,-53.0,MATO GROSSO,PEIXOTO DE AZEVEDO
-9.75,-52.75,MATO GROSSO,PEIXOTO DE AZEVEDO
-9.75,-52.5,MATO GROSSO,SANTA CRUZ DO XINGU
-9.75,-52.25,MATO GROSSO,VILA RICA
-9.75,-52.0,MATO GROSSO,VILA RICA
-9.75,-51.75,PARÁ,SÃO FÉLIX DO XINGU
-9.75,-51.5,PARÁ,SÃO FÉLIX DO XINGU
-9.75,-51.25,PARÁ,SANTANA DO ARAGUAIA
-9.75,-51.0,PARÁ,SANTANA DO ARAGUAIA
-9.75,-50.75,PARÁ,SANTANA DO ARAGUAIA
-9.75,-50.5,MATO GROSSO,SANTA TEREZINHA
-9.75,-50.25,PARÁ,SANTANA DO ARAGUAIA
-9.5,-73.0,ACRE,MARECHAL THAUMATURGO
-9.5,-72.75,ACRE,MARECHAL THAUMATURGO
-9.5,-72.5,ACRE,MARECHAL THAUMATURGO
-9.5,-72.25,ACRE,JORDÃO
-9.5,-72.0,ACRE,JORDÃO
-9.5,-71.75,ACRE,JORDÃO
-9.5,-71.5,ACRE,FEIJÓ
-9.5,-71.25,ACRE,FEIJÓ
-9.5,-71.0,ACRE,FEIJÓ
-9.5,-70.75,ACRE,SANTA ROSA DO PURUS
-9.5,-70.5,ACRE,SANTA ROSA DO PURUS
-9.5,-70.0,ACRE,MANOEL URBANO
-9.5,-69.0,ACRE,SENA MADUREIRA
-9.5,-68.75,ACRE,SENA MADUREIRA
-9.5,-68.5,ACRE,SENA MADUREIRA
-9.5,-68.25,ACRE,BUJARI
-9.5,-68.0,ACRE,BUJARI
-9.5,-67.75,ACRE,PORTO ACRE
-9.5,-67.5,AMAZONAS,BOCA DO ACRE
-9.5,-67.25,AMAZONAS,LÁBREA
-9.5,-67.0,AMAZONAS,LÁBREA
-9.5,-66.75,AMAZONAS,LÁBREA
-9.5,-66.5,AMAZONAS,LÁBREA
-9.5,-66.25,RONDÔNIA,PORTO VELHO
-9.5,-66.0,RONDÔNIA,PORTO VELHO
-9.5,-65.75,AMAZONAS,LÁBREA
-9.5,-65.5,AMAZONAS,LÁBREA
-9.5,-65.25,RONDÔNIA,PORTO VELHO
-9.5,-65.0,RONDÔNIA,PORTO VELHO
-9.5,-64.75,RONDÔNIA,PORTO VELHO
-9.5,-64.5,RONDÔNIA,PORTO VELHO
-9.5,-64.25,RONDÔNIA,PORTO VELHO
-9.5,-64.0,RONDÔNIA,PORTO VELHO
-9.5,-63.75,RONDÔNIA,PORTO VELHO
-9.5,-63.5,RONDÔNIA,ALTO PARAÍSO
-9.5,-63.25,RONDÔNIA,ALTO PARAÍSO
-9.5,-63.0,RONDÔNIA,RIO CRESPO
-9.5,-62.75,RONDÔNIA,CUJUBIM
-9.5,-62.5,RONDÔNIA,CUJUBIM
-9.5,-62.25,RONDÔNIA,MACHADINHO D'OESTE
-9.5,-62.0,RONDÔNIA,MACHADINHO D'OESTE
-9.5,-61.75,RONDÔNIA,MACHADINHO D'OESTE
-9.5,-61.5,MATO GROSSO,COLNIZA
-9.5,-61.25,MATO GROSSO,COLNIZA
-9.5,-61.0,MATO GROSSO,COLNIZA
-9.5,-60.75,MATO GROSSO,COLNIZA
-9.5,-60.5,MATO GROSSO,ARIPUANÃ
-9.5,-60.25,MATO GROSSO,ARIPUANÃ
-9.5,-59.75,MATO GROSSO,COLNIZA
-9.5,-59.5,MATO GROSSO,COLNIZA
-9.5,-59.25,MATO GROSSO,COLNIZA
-9.5,-59.0,MATO GROSSO,COTRIGUAÇU
-9.5,-58.75,MATO GROSSO,COTRIGUAÇU
-9.5,-58.5,MATO GROSSO,COTRIGUAÇU
-9.5,-58.25,MATO GROSSO,NOVA BANDEIRANTES
-9.5,-58.0,MATO GROSSO,NOVA BANDEIRANTES
-9.5,-57.75,MATO GROSSO,APIACÁS
-9.5,-57.5,MATO GROSSO,APIACÁS
-9.5,-57.25,MATO GROSSO,APIACÁS
-9.5,-57.0,MATO GROSSO,PARANAÍTA
-9.5,-56.75,MATO GROSSO,PARANAÍTA
-9.5,-56.5,MATO GROSSO,PARANAÍTA
-9.5,-56.25,MATO GROSSO,ALTA FLORESTA
-9.5,-56.0,MATO GROSSO,ALTA FLORESTA
-9.5,-55.75,MATO GROSSO,NOVO MUNDO
-9.5,-55.25,MATO GROSSO,NOVO MUNDO
-9.5,-55.0,MATO GROSSO,NOVO MUNDO
-9.5,-54.75,PARÁ,NOVO PROGRESSO
-9.5,-54.5,PARÁ,ALTAMIRA
-9.5,-54.25,MATO GROSSO,GUARANTÃ DO NORTE
-9.5,-54.0,PARÁ,ALTAMIRA
-9.5,-53.5,PARÁ,ALTAMIRA
-9.5,-52.75,PARÁ,SÃO FÉLIX DO XINGU
-9.5,-52.5,PARÁ,SÃO FÉLIX DO XINGU
-9.5,-52.25,PARÁ,SÃO FÉLIX DO XINGU
-9.5,-52.0,PARÁ,SÃO FÉLIX DO XINGU
-9.5,-51.75,PARÁ,SÃO FÉLIX DO XINGU
-9.5,-51.5,PARÁ,SÃO FÉLIX DO XINGU
-9.5,-51.25,PARÁ,CUMARU DO NORTE
-9.5,-51.0,PARÁ,SANTANA DO ARAGUAIA
-9.5,-50.75,PARÁ,SANTANA DO ARAGUAIA
-9.5,-50.5,PARÁ,SANTANA DO ARAGUAIA
-9.5,-50.25,PARÁ,SANTANA DO ARAGUAIA
-9.5,-50.0,PARÁ,SANTANA DO ARAGUAIA
-9.25,-73.0,ACRE,MARECHAL THAUMATURGO
-9.25,-72.75,ACRE,MARECHAL THAUMATURGO
-9.25,-72.5,ACRE,MARECHAL THAUMATURGO
-9.25,-72.25,ACRE,MARECHAL THAUMATURGO
-9.25,-72.0,ACRE,JORDÃO
-9.25,-71.75,ACRE,JORDÃO
-9.25,-71.5,ACRE,FEIJÓ
-9.25,-71.0,ACRE,FEIJÓ
-9.25,-70.75,ACRE,FEIJÓ
-9.25,-70.5,ACRE,SANTA ROSA DO PURUS
-9.25,-70.25,ACRE,SANTA ROSA DO PURUS
-9.25,-70.0,ACRE,SANTA ROSA DO PURUS
-9.25,-69.75,ACRE,SANTA ROSA DO PURUS
-9.25,-69.5,ACRE,SENA MADUREIRA
-9.25,-69.25,ACRE,SENA MADUREIRA
-9.25,-69.0,ACRE,SENA MADUREIRA
-9.25,-68.75,ACRE,SENA MADUREIRA
-9.25,-68.5,ACRE,SENA MADUREIRA
-9.25,-68.25,AMAZONAS,BOCA DO ACRE
-9.25,-68.0,AMAZONAS,BOCA DO ACRE
-9.25,-67.75,AMAZONAS,BOCA DO ACRE
-9.25,-67.5,AMAZONAS,BOCA DO ACRE
-9.25,-67.25,AMAZONAS,LÁBREA
-9.25,-67.0,AMAZONAS,LÁBREA
-9.25,-66.75,AMAZONAS,LÁBREA
-9.25,-66.5,AMAZONAS,LÁBREA
-9.25,-66.25,AMAZONAS,LÁBREA
-9.25,-66.0,AMAZONAS,LÁBREA
-9.25,-65.75,AMAZONAS,LÁBREA
-9.25,-65.5,AMAZONAS,LÁBREA
-9.25,-65.25,AMAZONAS,LÁBREA
-9.25,-65.0,RONDÔNIA,PORTO VELHO
-9.25,-64.75,RONDÔNIA,PORTO VELHO
-9.25,-64.5,RONDÔNIA,PORTO VELHO
-9.25,-64.25,RONDÔNIA,PORTO VELHO
-9.25,-64.0,RONDÔNIA,PORTO VELHO
-9.25,-63.75,RONDÔNIA,CANDEIAS DO JAMARI
-9.25,-63.5,RONDÔNIA,CANDEIAS DO JAMARI
-9.25,-63.25,RONDÔNIA,ITAPUÃ DO OESTE
-9.25,-63.0,RONDÔNIA,ITAPUÃ DO OESTE
-9.25,-62.75,RONDÔNIA,CUJUBIM
-9.25,-62.5,RONDÔNIA,CUJUBIM
-9.25,-62.25,RONDÔNIA,MACHADINHO D'OESTE
-9.25,-62.0,RONDÔNIA,MACHADINHO D'OESTE
-9.25,-61.75,RONDÔNIA,MACHADINHO D'OESTE
-9.25,-61.5,MATO GROSSO,COLNIZA
-9.25,-61.25,MATO GROSSO,COLNIZA
-9.25,-61.0,MATO GROSSO,COLNIZA
-9.25,-60.75,MATO GROSSO,COLNIZA
-9.25,-60.5,MATO GROSSO,COLNIZA
-9.25,-60.25,MATO GROSSO,COLNIZA
-9.25,-60.0,MATO GROSSO,COLNIZA
-9.25,-59.75,MATO GROSSO,COLNIZA
-9.25,-59.5,MATO GROSSO,COLNIZA
-9.25,-59.25,MATO GROSSO,COLNIZA
-9.25,-59.0,MATO GROSSO,COTRIGUAÇU
-9.25,-58.75,MATO GROSSO,COTRIGUAÇU
-9.25,-58.5,MATO GROSSO,NOVA BANDEIRANTES
-9.25,-58.25,MATO GROSSO,NOVA BANDEIRANTES
-9.25,-58.0,MATO GROSSO,APIACÁS
-9.25,-57.75,MATO GROSSO,APIACÁS
-9.25,-57.5,MATO GROSSO,APIACÁS
-9.25,-57.25,MATO GROSSO,APIACÁS
-9.25,-57.0,MATO GROSSO,PARANAÍTA
-9.25,-56.75,PARÁ,JACAREACANGA
-9.25,-56.5,PARÁ,JACAREACANGA
-9.25,-56.25,PARÁ,JACAREACANGA
-9.25,-56.0,PARÁ,NOVO PROGRESSO
-9.25,-55.75,PARÁ,NOVO PROGRESSO
-9.25,-55.25,PARÁ,NOVO PROGRESSO
-9.25,-55.0,PARÁ,NOVO PROGRESSO
-9.25,-54.75,PARÁ,NOVO PROGRESSO
-9.25,-54.5,PARÁ,ALTAMIRA
-9.25,-54.0,PARÁ,ALTAMIRA
-9.25,-52.75,PARÁ,SÃO FÉLIX DO XINGU
-9.25,-52.5,PARÁ,SÃO FÉLIX DO XINGU
-9.25,-52.0,PARÁ,SÃO FÉLIX DO XINGU
-9.25,-51.75,PARÁ,SÃO FÉLIX DO XINGU
-9.25,-51.5,PARÁ,CUMARU DO NORTE
-9.25,-51.25,PARÁ,CUMARU DO NORTE
-9.25,-51.0,PARÁ,SANTANA DO ARAGUAIA
-9.25,-50.75,PARÁ,SANTANA DO ARAGUAIA
-9.25,-50.5,PARÁ,SANTANA DO ARAGUAIA
-9.25,-50.25,PARÁ,SANTANA DO ARAGUAIA
-9.25,-50.0,PARÁ,SANTANA DO ARAGUAIA
-9.25,-48.75,TOCANTINS,FORTALEZA DO TABOCÃO
-9.0,-73.0,ACRE,MARECHAL THAUMATURGO
-9.0,-72.75,ACRE,MARECHAL THAUMATURGO
-9.0,-72.5,ACRE,MARECHAL THAUMATURGO
-9.0,-72.25,ACRE,MARECHAL THAUMATURGO
-9.0,-72.0,ACRE,JORDÃO
-9.0,-71.75,ACRE,JORDÃO
-9.0,-71.5,ACRE,FEIJÓ
-9.0,-71.25,ACRE,FEIJÓ
-9.0,-71.0,ACRE,FEIJÓ
-9.0,-70.75,ACRE,FEIJÓ
-9.0,-70.5,ACRE,FEIJÓ
-9.0,-70.25,ACRE,SANTA ROSA DO PURUS
-9.0,-70.0,ACRE,SANTA ROSA DO PURUS
-9.0,-69.75,ACRE,MANOEL URBANO
-9.0,-69.5,ACRE,MANOEL URBANO
-9.0,-69.25,ACRE,MANOEL URBANO
-9.0,-69.0,ACRE,SENA MADUREIRA
-9.0,-68.75,AMAZONAS,BOCA DO ACRE
-9.0,-68.5,AMAZONAS,BOCA DO ACRE
-9.0,-68.25,AMAZONAS,BOCA DO ACRE
-9.0,-68.0,AMAZONAS,BOCA DO ACRE
-9.0,-67.75,AMAZONAS,BOCA DO ACRE
-9.0,-67.5,AMAZONAS,BOCA DO ACRE
-9.0,-67.25,AMAZONAS,BOCA DO ACRE
-9.0,-67.0,AMAZONAS,LÁBREA
-9.0,-66.75,AMAZONAS,LÁBREA
-9.0,-66.5,AMAZONAS,LÁBREA
-9.0,-66.25,AMAZONAS,LÁBREA
-9.0,-66.0,AMAZONAS,LÁBREA
-9.0,-65.75,AMAZONAS,LÁBREA
-9.0,-65.5,AMAZONAS,LÁBREA
-9.0,-65.25,AMAZONAS,LÁBREA
-9.0,-65.0,AMAZONAS,LÁBREA
-9.0,-64.5,RONDÔNIA,PORTO VELHO
-9.0,-64.25,RONDÔNIA,PORTO VELHO
-9.0,-64.0,RONDÔNIA,PORTO VELHO
-9.0,-63.75,RONDÔNIA,CANDEIAS DO JAMARI
-9.0,-63.5,RONDÔNIA,CANDEIAS DO JAMARI
-9.0,-63.25,RONDÔNIA,ITAPUÃ DO OESTE
-9.0,-63.0,RONDÔNIA,CANDEIAS DO JAMARI
-9.0,-62.75,RONDÔNIA,CUJUBIM
-9.0,-62.5,RONDÔNIA,CUJUBIM
-9.0,-62.25,RONDÔNIA,MACHADINHO D'OESTE
-9.0,-62.0,RONDÔNIA,MACHADINHO D'OESTE
-9.0,-61.75,RONDÔNIA,MACHADINHO D'OESTE
-9.0,-61.5,MATO GROSSO,COLNIZA
-9.0,-61.25,MATO GROSSO,COLNIZA
-9.0,-61.0,MATO GROSSO,COLNIZA
-9.0,-60.75,MATO GROSSO,COLNIZA
-9.0,-60.5,MATO GROSSO,COLNIZA
-9.0,-60.25,MATO GROSSO,COLNIZA
-9.0,-60.0,MATO GROSSO,COLNIZA
-9.0,-59.75,MATO GROSSO,COLNIZA
-9.0,-59.5,MATO GROSSO,COLNIZA
-9.0,-59.25,MATO GROSSO,COLNIZA
-9.0,-59.0,MATO GROSSO,COTRIGUAÇU
-9.0,-58.75,MATO GROSSO,COTRIGUAÇU
-9.0,-58.5,MATO GROSSO,NOVA BANDEIRANTES
-9.0,-58.25,MATO GROSSO,APIACÁS
-9.0,-58.0,MATO GROSSO,APIACÁS
-9.0,-57.75,MATO GROSSO,APIACÁS
-9.0,-57.5,MATO GROSSO,APIACÁS
-9.0,-57.25,MATO GROSSO,APIACÁS
-9.0,-57.0,PARÁ,JACAREACANGA
-9.0,-56.75,PARÁ,JACAREACANGA
-9.0,-56.5,PARÁ,JACAREACANGA
-9.0,-56.0,PARÁ,NOVO PROGRESSO
-9.0,-55.0,PARÁ,ALTAMIRA
-9.0,-54.75,PARÁ,ALTAMIRA
-9.0,-54.5,PARÁ,ALTAMIRA
-9.0,-53.0,PARÁ,SÃO FÉLIX DO XINGU
-9.0,-52.0,PARÁ,SÃO FÉLIX DO XINGU
-9.0,-51.75,PARÁ,SÃO FÉLIX DO XINGU
-9.0,-51.5,PARÁ,CUMARU DO NORTE
-9.0,-51.25,PARÁ,CUMARU DO NORTE
-9.0,-51.0,PARÁ,SANTANA DO ARAGUAIA
-9.0,-50.75,PARÁ,SANTANA DO ARAGUAIA
-9.0,-50.5,PARÁ,SANTANA DO ARAGUAIA
-9.0,-50.25,PARÁ,SANTANA DO ARAGUAIA
-9.0,-50.0,PARÁ,SANTA MARIA DAS BARREIRAS
-9.0,-49.75,PARÁ,SANTA MARIA DAS BARREIRAS
-9.0,-48.75,TOCANTINS,COLMÉIA
-9.0,-48.5,TOCANTINS,FORTALEZA DO TABOCÃO
-8.75,-73.0,ACRE,PORTO WALTER
-8.75,-72.75,ACRE,MARECHAL THAUMATURGO
-8.75,-72.5,ACRE,MARECHAL THAUMATURGO
-8.75,-72.25,ACRE,PORTO WALTER
-8.75,-72.0,ACRE,JORDÃO
-8.75,-71.75,ACRE,JORDÃO
-8.75,-71.5,ACRE,TARAUACÁ
-8.75,-71.25,ACRE,TARAUACÁ
-8.75,-71.0,ACRE,FEIJÓ
-8.75,-70.75,ACRE,FEIJÓ
-8.75,-70.5,ACRE,FEIJÓ
-8.75,-70.25,ACRE,FEIJÓ
-8.75,-70.0,ACRE,FEIJÓ
-8.75,-69.75,ACRE,FEIJÓ
-8.75,-69.5,ACRE,MANOEL URBANO
-8.75,-69.25,ACRE,MANOEL URBANO
-8.75,-69.0,ACRE,MANOEL URBANO
-8.75,-68.75,AMAZONAS,BOCA DO ACRE
-8.75,-68.5,AMAZONAS,BOCA DO ACRE
-8.75,-68.25,AMAZONAS,BOCA DO ACRE
-8.75,-67.75,AMAZONAS,BOCA DO ACRE
-8.75,-67.5,AMAZONAS,BOCA DO ACRE
-8.75,-67.25,AMAZONAS,BOCA DO ACRE
-8.75,-67.0,AMAZONAS,LÁBREA
-8.75,-66.75,AMAZONAS,LÁBREA
-8.75,-66.5,AMAZONAS,LÁBREA
-8.75,-66.25,AMAZONAS,LÁBREA
-8.75,-65.5,AMAZONAS,LÁBREA
-8.75,-65.25,AMAZONAS,LÁBREA
-8.75,-65.0,AMAZONAS,LÁBREA
-8.75,-64.75,AMAZONAS,LÁBREA
-8.75,-64.5,AMAZONAS,CANUTAMA
-8.75,-64.25,AMAZONAS,CANUTAMA
-8.75,-64.0,RONDÔNIA,PORTO VELHO
-8.75,-63.75,RONDÔNIA,PORTO VELHO
-8.75,-63.5,RONDÔNIA,CANDEIAS DO JAMARI
-8.75,-63.25,RONDÔNIA,CANDEIAS DO JAMARI
-8.75,-63.0,RONDÔNIA,CANDEIAS DO JAMARI
-8.75,-62.75,RONDÔNIA,PORTO VELHO
-8.75,-62.5,RONDÔNIA,CUJUBIM
-8.75,-62.25,RONDÔNIA,MACHADINHO D'OESTE
-8.75,-62.0,AMAZONAS,HUMAITÁ
-8.75,-61.75,AMAZONAS,MANICORÉ
-8.75,-61.5,AMAZONAS,NOVO ARIPUANÃ
-8.75,-61.25,AMAZONAS,NOVO ARIPUANÃ
-8.75,-60.75,AMAZONAS,NOVO ARIPUANÃ
-8.75,-60.5,AMAZONAS,NOVO ARIPUANÃ
-8.75,-58.25,MATO GROSSO,APIACÁS
-8.75,-58.0,MATO GROSSO,APIACÁS
-8.75,-57.25,PARÁ,JACAREACANGA
-8.75,-57.0,PARÁ,JACAREACANGA
-8.75,-56.25,PARÁ,JACAREACANGA
-8.75,-56.0,PARÁ,NOVO PROGRESSO
-8.75,-55.25,PARÁ,NOVO PROGRESSO
-8.75,-55.0,PARÁ,ALTAMIRA
-8.75,-54.75,PARÁ,ALTAMIRA
-8.75,-54.5,PARÁ,ALTAMIRA
-8.75,-54.25,PARÁ,ALTAMIRA
-8.75,-53.5,PARÁ,ALTAMIRA
-8.75,-53.25,PARÁ,ALTAMIRA
-8.75,-53.0,PARÁ,ALTAMIRA
-8.75,-52.25,PARÁ,SÃO FÉLIX DO XINGU
-8.75,-52.0,PARÁ,SÃO FÉLIX DO XINGU
-8.75,-51.75,PARÁ,CUMARU DO NORTE
-8.75,-51.5,PARÁ,CUMARU DO NORTE
-8.75,-51.25,PARÁ,CUMARU DO NORTE
-8.75,-51.0,PARÁ,CUMARU DO NORTE
-8.75,-50.75,PARÁ,SANTA MARIA DAS BARREIRAS
-8.75,-50.5,PARÁ,SANTA MARIA DAS BARREIRAS
-8.75,-50.25,PARÁ,SANTA MARIA DAS BARREIRAS
-8.75,-50.0,PARÁ,SANTA MARIA DAS BARREIRAS
-8.75,-49.75,PARÁ,SANTA MARIA DAS BARREIRAS
-8.75,-49.5,PARÁ,CONCEIÇÃO DO ARAGUAIA
-8.75,-48.75,TOCANTINS,COLMÉIA
-8.75,-48.5,TOCANTINS,GUARAÍ
-8.5,-73.0,ACRE,PORTO WALTER
-8.5,-72.75,ACRE,PORTO WALTER
-8.5,-72.5,ACRE,PORTO WALTER
-8.5,-72.25,ACRE,PORTO WALTER
-8.5,-71.75,ACRE,TARAUACÁ
-8.5,-71.5,ACRE,TARAUACÁ
-8.5,-71.25,ACRE,TARAUACÁ
-8.5,-71.0,ACRE,TARAUACÁ
-8.5,-70.75,ACRE,TARAUACÁ
-8.5,-70.5,ACRE,FEIJÓ
-8.5,-70.25,ACRE,FEIJÓ
-8.5,-70.0,ACRE,FEIJÓ
-8.5,-69.75,ACRE,FEIJÓ
-8.5,-69.5,ACRE,FEIJÓ
-8.5,-69.25,ACRE,MANOEL URBANO
-8.5,-68.25,AMAZONAS,BOCA DO ACRE
-8.5,-68.0,AMAZONAS,BOCA DO ACRE
-8.5,-67.75,AMAZONAS,BOCA DO ACRE
-8.5,-67.5,AMAZONAS,BOCA DO ACRE
-8.5,-67.25,AMAZONAS,BOCA DO ACRE
-8.5,-67.0,AMAZONAS,LÁBREA
-8.5,-66.75,AMAZONAS,LÁBREA
-8.5,-66.5,AMAZONAS,LÁBREA
-8.5,-65.25,AMAZONAS,LÁBREA
-8.5,-65.0,AMAZONAS,LÁBREA
-8.5,-64.25,AMAZONAS,CANUTAMA
-8.5,-64.0,AMAZONAS,CANUTAMA
-8.5,-63.75,RONDÔNIA,PORTO VELHO
-8.5,-63.5,RONDÔNIA,PORTO VELHO
-8.5,-63.25,RONDÔNIA,CANDEIAS DO JAMARI
-8.5,-63.0,RONDÔNIA,CANDEIAS DO JAMARI
-8.5,-62.75,RONDÔNIA,PORTO VELHO
-8.5,-62.5,RONDÔNIA,PORTO VELHO
-8.5,-62.0,AMAZONAS,MANICORÉ
-8.5,-61.75,AMAZONAS,MANICORÉ
-8.5,-61.5,AMAZONAS,NOVO ARIPUANÃ
-8.5,-61.25,AMAZONAS,NOVO ARIPUANÃ
-8.5,-60.75,AMAZONAS,NOVO ARIPUANÃ
-8.5,-60.5,AMAZONAS,NOVO ARIPUANÃ
-8.5,-58.25,MATO GROSSO,APIACÁS
-8.5,-57.75,PARÁ,JACAREACANGA
-8.5,-57.5,PARÁ,JACAREACANGA
-8.5,-57.0,PARÁ,JACAREACANGA
-8.5,-56.25,PARÁ,JACAREACANGA
-8.5,-55.75,PARÁ,NOVO PROGRESSO
-8.5,-55.5,PARÁ,NOVO PROGRESSO
-8.5,-55.25,PARÁ,NOVO PROGRESSO
-8.5,-55.0,PARÁ,ALTAMIRA
-8.5,-54.75,PARÁ,ALTAMIRA
-8.5,-54.5,PARÁ,ALTAMIRA
-8.5,-53.75,PARÁ,ALTAMIRA
-8.5,-53.25,PARÁ,ALTAMIRA
-8.5,-52.5,PARÁ,SÃO FÉLIX DO XINGU
-8.5,-52.25,PARÁ,SÃO FÉLIX DO XINGU
-8.5,-52.0,PARÁ,SÃO FÉLIX DO XINGU
-8.5,-51.75,PARÁ,CUMARU DO NORTE
-8.5,-51.5,PARÁ,CUMARU DO NORTE
-8.5,-51.25,PARÁ,CUMARU DO NORTE
-8.5,-51.0,PARÁ,CUMARU DO NORTE
-8.5,-50.75,PARÁ,SANTA MARIA DAS BARREIRAS
-8.5,-50.5,PARÁ,SANTA MARIA DAS BARREIRAS
-8.5,-50.25,PARÁ,SANTA MARIA DAS BARREIRAS
-8.5,-50.0,PARÁ,SANTA MARIA DAS BARREIRAS
-8.5,-49.75,PARÁ,SANTA MARIA DAS BARREIRAS
-8.5,-49.5,PARÁ,CONCEIÇÃO DO ARAGUAIA
-8.5,-49.25,PARÁ,CONCEIÇÃO DO ARAGUAIA
-8.5,-49.0,TOCANTINS,PEQUIZEIRO
-8.5,-48.75,TOCANTINS,ITAPORÃ DO TOCANTINS
-8.5,-48.5,TOCANTINS,GUARAÍ
-8.25,-73.5,ACRE,CRUZEIRO DO SUL
-8.25,-73.25,ACRE,CRUZEIRO DO SUL
-8.25,-73.0,ACRE,CRUZEIRO DO SUL
-8.25,-72.75,ACRE,PORTO WALTER
-8.25,-72.5,ACRE,PORTO WALTER
-8.25,-72.25,ACRE,TARAUACÁ
-8.25,-72.0,ACRE,TARAUACÁ
-8.25,-71.75,ACRE,TARAUACÁ
-8.25,-71.5,ACRE,TARAUACÁ
-8.25,-71.25,ACRE,TARAUACÁ
-8.25,-71.0,ACRE,TARAUACÁ
-8.25,-70.75,ACRE,TARAUACÁ
-8.25,-70.5,ACRE,FEIJÓ
-8.25,-70.25,ACRE,FEIJÓ
-8.25,-70.0,ACRE,FEIJÓ
-8.25,-69.75,ACRE,FEIJÓ
-8.25,-68.5,AMAZONAS,BOCA DO ACRE
-8.25,-68.25,AMAZONAS,BOCA DO ACRE
-8.25,-68.0,AMAZONAS,BOCA DO ACRE
-8.25,-67.75,AMAZONAS,PAUINI
-8.25,-67.5,AMAZONAS,PAUINI
-8.25,-67.25,AMAZONAS,PAUINI
-8.25,-66.75,AMAZONAS,LÁBREA
-8.25,-65.75,AMAZONAS,LÁBREA
-8.25,-65.5,AMAZONAS,LÁBREA
-8.25,-65.25,AMAZONAS,LÁBREA
-8.25,-65.0,AMAZONAS,LÁBREA
-8.25,-64.5,AMAZONAS,LÁBREA
-8.25,-64.25,AMAZONAS,CANUTAMA
-8.25,-64.0,AMAZONAS,CANUTAMA
-8.25,-63.75,AMAZONAS,CANUTAMA
-8.25,-63.5,RONDÔNIA,PORTO VELHO
-8.25,-63.25,RONDÔNIA,PORTO VELHO
-8.25,-63.0,RONDÔNIA,PORTO VELHO
-8.25,-62.75,RONDÔNIA,PORTO VELHO
-8.25,-62.5,AMAZONAS,HUMAITÁ
-8.25,-62.25,AMAZONAS,HUMAITÁ
-8.25,-62.0,AMAZONAS,MANICORÉ
-8.25,-61.75,AMAZONAS,MANICORÉ
-8.25,-61.5,AMAZONAS,NOVO ARIPUANÃ
-8.25,-61.25,AMAZONAS,NOVO ARIPUANÃ
-8.25,-58.25,MATO GROSSO,APIACÁS
-8.25,-57.75,PARÁ,JACAREACANGA
-8.25,-57.25,PARÁ,JACAREACANGA
-8.25,-57.0,PARÁ,JACAREACANGA
-8.25,-56.75,PARÁ,ITAITUBA
-8.25,-56.5,PARÁ,JACAREACANGA
-8.25,-56.25,PARÁ,JACAREACANGA
-8.25,-55.75,PARÁ,NOVO PROGRESSO
-8.25,-55.5,PARÁ,NOVO PROGRESSO
-8.25,-55.25,PARÁ,NOVO PROGRESSO
-8.25,-55.0,PARÁ,ALTAMIRA
-8.25,-54.75,PARÁ,ALTAMIRA
-8.25,-52.75,PARÁ,SÃO FÉLIX DO XINGU
-8.25,-52.25,PARÁ,SÃO FÉLIX DO XINGU
-8.25,-52.0,PARÁ,OURILÂNDIA DO NORTE
-8.25,-51.75,PARÁ,OURILÂNDIA DO NORTE
-8.25,-51.5,PARÁ,CUMARU DO NORTE
-8.25,-51.25,PARÁ,CUMARU DO NORTE
-8.25,-51.0,PARÁ,CUMARU DO NORTE
-8.25,-50.75,PARÁ,CUMARU DO NORTE
-8.25,-50.5,PARÁ,SANTA MARIA DAS BARREIRAS
-8.25,-50.25,PARÁ,REDENÇÃO
-8.25,-50.0,PARÁ,REDENÇÃO
-8.25,-49.75,PARÁ,CONCEIÇÃO DO ARAGUAIA
-8.25,-49.5,PARÁ,CONCEIÇÃO DO ARAGUAIA
-8.25,-49.25,PARÁ,CONCEIÇÃO DO ARAGUAIA
-8.25,-49.0,TOCANTINS,PEQUIZEIRO
-8.25,-48.75,TOCANTINS,PEQUIZEIRO
-8.25,-48.5,TOCANTINS,COLINAS DO TOCANTINS
-8.0,-73.5,ACRE,RODRIGUES ALVES
-8.0,-73.25,ACRE,RODRIGUES ALVES
-8.0,-73.0,ACRE,RODRIGUES ALVES
-8.0,-72.75,ACRE,CRUZEIRO DO SUL
-8.0,-72.5,ACRE,CRUZEIRO DO SUL
-8.0,-72.25,ACRE,CRUZEIRO DO SUL
-8.0,-72.0,ACRE,TARAUACÁ
-8.0,-71.75,ACRE,TARAUACÁ
-8.0,-71.5,ACRE,TARAUACÁ
-8.0,-71.25,ACRE,TARAUACÁ
-8.0,-71.0,ACRE,TARAUACÁ
-8.0,-70.75,ACRE,TARAUACÁ
-8.0,-70.5,ACRE,FEIJÓ
-8.0,-70.25,ACRE,FEIJÓ
-8.0,-70.0,ACRE,FEIJÓ
-8.0,-69.75,ACRE,FEIJÓ
-8.0,-68.25,AMAZONAS,PAUINI
-8.0,-67.5,AMAZONAS,PAUINI
-8.0,-67.25,AMAZONAS,PAUINI
-8.0,-67.0,AMAZONAS,PAUINI
-8.0,-66.75,AMAZONAS,PAUINI
-8.0,-66.25,AMAZONAS,LÁBREA
-8.0,-66.0,AMAZONAS,LÁBREA
-8.0,-65.75,AMAZONAS,LÁBREA
-8.0,-65.5,AMAZONAS,LÁBREA
-8.0,-65.25,AMAZONAS,LÁBREA
-8.0,-64.25,AMAZONAS,CANUTAMA
-8.0,-64.0,AMAZONAS,CANUTAMA
-8.0,-63.75,AMAZONAS,CANUTAMA
-8.0,-63.5,AMAZONAS,HUMAITÁ
-8.0,-63.25,AMAZONAS,HUMAITÁ
-8.0,-63.0,AMAZONAS,HUMAITÁ
-8.0,-62.75,RONDÔNIA,PORTO VELHO
-8.0,-62.5,AMAZONAS,HUMAITÁ
-8.0,-62.25,AMAZONAS,HUMAITÁ
-8.0,-62.0,AMAZONAS,MANICORÉ
-8.0,-61.75,AMAZONAS,MANICORÉ
-8.0,-61.5,AMAZONAS,MANICORÉ
-8.0,-61.25,AMAZONAS,NOVO ARIPUANÃ
-8.0,-61.0,AMAZONAS,NOVO ARIPUANÃ
-8.0,-60.5,AMAZONAS,APUÍ
-8.0,-58.75,AMAZONAS,APUÍ
-8.0,-58.25,MATO GROSSO,APIACÁS
-8.0,-58.0,MATO GROSSO,APIACÁS
-8.0,-57.75,MATO GROSSO,APIACÁS
-8.0,-57.25,PARÁ,JACAREACANGA
-8.0,-57.0,PARÁ,JACAREACANGA
-8.0,-56.75,PARÁ,ITAITUBA
-8.0,-56.5,PARÁ,ITAITUBA
-8.0,-56.25,PARÁ,ITAITUBA
-8.0,-56.0,PARÁ,ITAITUBA
-8.0,-55.75,PARÁ,NOVO PROGRESSO
-8.0,-55.5,PARÁ,NOVO PROGRESSO
-8.0,-55.25,PARÁ,NOVO PROGRESSO
-8.0,-55.0,PARÁ,ALTAMIRA
-8.0,-54.75,PARÁ,ALTAMIRA
-8.0,-53.25,PARÁ,ALTAMIRA
-8.0,-52.75,PARÁ,SÃO FÉLIX DO XINGU
-8.0,-52.25,PARÁ,OURILÂNDIA DO NORTE
-8.0,-52.0,PARÁ,OURILÂNDIA DO NORTE
-8.0,-51.75,PARÁ,OURILÂNDIA DO NORTE
-8.0,-51.5,PARÁ,OURILÂNDIA DO NORTE
-8.0,-51.25,PARÁ,OURILÂNDIA DO NORTE
-8.0,-51.0,PARÁ,CUMARU DO NORTE
-8.0,-50.75,PARÁ,CUMARU DO NORTE
-8.0,-50.5,PARÁ,REDENÇÃO
-8.0,-50.25,PARÁ,REDENÇÃO
-8.0,-50.0,PARÁ,REDENÇÃO
-8.0,-49.75,PARÁ,CONCEIÇÃO DO ARAGUAIA
-8.0,-49.5,PARÁ,CONCEIÇÃO DO ARAGUAIA
-8.0,-49.25,PARÁ,CONCEIÇÃO DO ARAGUAIA
-8.0,-49.0,TOCANTINS,BERNARDO SAYÃO
-8.0,-48.75,TOCANTINS,BANDEIRANTES DO TOCANTINS
-8.0,-48.5,TOCANTINS,COLINAS DO TOCANTINS
-7.75,-73.5,ACRE,RODRIGUES ALVES
-7.75,-73.25,ACRE,MÂNCIO LIMA
-7.75,-73.0,ACRE,RODRIGUES ALVES
-7.75,-72.75,ACRE,RODRIGUES ALVES
-7.75,-72.5,ACRE,CRUZEIRO DO SUL
-7.75,-72.25,ACRE,CRUZEIRO DO SUL
-7.75,-72.0,ACRE,CRUZEIRO DO SUL
-7.75,-71.75,ACRE,TARAUACÁ
-7.75,-71.5,ACRE,TARAUACÁ
-7.75,-71.25,AMAZONAS,IPIXUNA
-7.75,-71.0,ACRE,TARAUACÁ
-7.75,-70.75,ACRE,TARAUACÁ
-7.75,-70.5,AMAZONAS,ENVIRA
-7.75,-70.25,AMAZONAS,ENVIRA
-7.75,-70.0,AMAZONAS,ENVIRA
-7.75,-69.75,AMAZONAS,ENVIRA
-7.75,-67.5,AMAZONAS,PAUINI
-7.75,-67.25,AMAZONAS,PAUINI
-7.75,-67.0,AMAZONAS,PAUINI
-7.75,-66.75,AMAZONAS,LÁBREA
-7.75,-66.5,AMAZONAS,LÁBREA
-7.75,-66.25,AMAZONAS,LÁBREA
-7.75,-66.0,AMAZONAS,LÁBREA
-7.75,-65.75,AMAZONAS,LÁBREA
-7.75,-65.5,AMAZONAS,LÁBREA
-7.75,-65.25,AMAZONAS,LÁBREA
-7.75,-65.0,AMAZONAS,LÁBREA
-7.75,-64.75,AMAZONAS,LÁBREA
-7.75,-64.5,AMAZONAS,LÁBREA
-7.75,-64.0,AMAZONAS,CANUTAMA
-7.75,-63.75,AMAZONAS,CANUTAMA
-7.75,-63.5,AMAZONAS,CANUTAMA
-7.75,-63.25,AMAZONAS,HUMAITÁ
-7.75,-63.0,AMAZONAS,HUMAITÁ
-7.75,-62.75,AMAZONAS,HUMAITÁ
-7.75,-62.5,AMAZONAS,HUMAITÁ
-7.75,-62.25,AMAZONAS,HUMAITÁ
-7.75,-62.0,AMAZONAS,HUMAITÁ
-7.75,-61.75,AMAZONAS,MANICORÉ
-7.75,-61.5,AMAZONAS,MANICORÉ
-7.75,-61.25,AMAZONAS,NOVO ARIPUANÃ
-7.75,-61.0,AMAZONAS,NOVO ARIPUANÃ
-7.75,-60.75,AMAZONAS,NOVO ARIPUANÃ
-7.75,-60.5,AMAZONAS,APUÍ
-7.75,-60.25,AMAZONAS,APUÍ
-7.75,-58.75,AMAZONAS,APUÍ
-7.75,-58.0,PARÁ,JACAREACANGA
-7.75,-57.75,PARÁ,JACAREACANGA
-7.75,-57.5,PARÁ,JACAREACANGA
-7.75,-57.25,PARÁ,JACAREACANGA
-7.75,-56.75,PARÁ,ITAITUBA
-7.75,-56.5,PARÁ,ITAITUBA
-7.75,-56.25,PARÁ,ITAITUBA
-7.75,-56.0,PARÁ,NOVO PROGRESSO
-7.75,-55.75,PARÁ,NOVO PROGRESSO
-7.75,-55.5,PARÁ,NOVO PROGRESSO
-7.75,-55.25,PARÁ,NOVO PROGRESSO
-7.75,-55.0,PARÁ,ALTAMIRA
-7.75,-54.75,PARÁ,ALTAMIRA
-7.75,-53.5,PARÁ,ALTAMIRA
-7.75,-52.75,PARÁ,SÃO FÉLIX DO XINGU
-7.75,-52.25,PARÁ,SÃO FÉLIX DO XINGU
-7.75,-52.0,PARÁ,OURILÂNDIA DO NORTE
-7.75,-51.75,PARÁ,OURILÂNDIA DO NORTE
-7.75,-51.5,PARÁ,OURILÂNDIA DO NORTE
-7.75,-51.25,PARÁ,OURILÂNDIA DO NORTE
-7.75,-51.0,PARÁ,CUMARU DO NORTE
-7.75,-50.75,PARÁ,CUMARU DO NORTE
-7.75,-50.5,PARÁ,REDENÇÃO
-7.75,-50.25,PARÁ,PAU D'ARCO
-7.75,-50.0,PARÁ,PAU D'ARCO
-7.75,-49.75,PARÁ,FLORESTA DO ARAGUAIA
-7.75,-49.5,PARÁ,FLORESTA DO ARAGUAIA
-7.75,-49.25,PARÁ,CONCEIÇÃO DO ARAGUAIA
-7.75,-49.0,TOCANTINS,ARAPOEMA
-7.75,-48.75,TOCANTINS,ARAPOEMA
-7.75,-48.5,TOCANTINS,NOVA OLINDA
-7.75,-48.25,TOCANTINS,NOVA OLINDA
-7.5,-73.75,ACRE,MÂNCIO LIMA
-7.5,-73.5,ACRE,MÂNCIO LIMA
-7.5,-73.25,ACRE,MÂNCIO LIMA
-7.5,-73.0,ACRE,MÂNCIO LIMA
-7.5,-72.75,AMAZONAS,GUAJARÁ
-7.5,-72.5,AMAZONAS,GUAJARÁ
-7.5,-72.25,ACRE,CRUZEIRO DO SUL
-7.5,-72.0,AMAZONAS,IPIXUNA
-7.5,-71.75,AMAZONAS,IPIXUNA
-7.5,-71.5,AMAZONAS,IPIXUNA
-7.5,-71.25,AMAZONAS,IPIXUNA
-7.5,-71.0,AMAZONAS,IPIXUNA
-7.5,-70.5,AMAZONAS,ENVIRA
-7.5,-70.25,AMAZONAS,ENVIRA
-7.5,-70.0,AMAZONAS,ENVIRA
-7.5,-69.75,AMAZONAS,ENVIRA
-7.5,-69.5,AMAZONAS,ENVIRA
-7.5,-68.25,AMAZONAS,PAUINI
-7.5,-68.0,AMAZONAS,PAUINI
-7.5,-67.75,AMAZONAS,PAUINI
-7.5,-67.5,AMAZONAS,PAUINI
-7.5,-67.25,AMAZONAS,PAUINI
-7.5,-67.0,AMAZONAS,PAUINI
-7.5,-66.75,AMAZONAS,PAUINI
-7.5,-66.5,AMAZONAS,PAUINI
-7.5,-66.25,AMAZONAS,LÁBREA
-7.5,-65.5,AMAZONAS,LÁBREA
-7.5,-65.25,AMAZONAS,LÁBREA
-7.5,-65.0,AMAZONAS,LÁBREA
-7.5,-64.75,AMAZONAS,LÁBREA
-7.5,-64.5,AMAZONAS,LÁBREA
-7.5,-64.25,AMAZONAS,CANUTAMA
-7.5,-64.0,AMAZONAS,CANUTAMA
-7.5,-63.75,AMAZONAS,CANUTAMA
-7.5,-63.5,AMAZONAS,CANUTAMA
-7.5,-63.25,AMAZONAS,HUMAITÁ
-7.5,-63.0,AMAZONAS,HUMAITÁ
-7.5,-62.75,AMAZONAS,HUMAITÁ
-7.5,-62.5,AMAZONAS,HUMAITÁ
-7.5,-62.25,AMAZONAS,HUMAITÁ
-7.5,-62.0,AMAZONAS,HUMAITÁ
-7.5,-61.75,AMAZONAS,MANICORÉ
-7.5,-61.5,AMAZONAS,MANICORÉ
-7.5,-61.25,AMAZONAS,MANICORÉ
-7.5,-61.0,AMAZONAS,NOVO ARIPUANÃ
-7.5,-60.75,AMAZONAS,NOVO ARIPUANÃ
-7.5,-60.5,AMAZONAS,APUÍ
-7.5,-60.25,AMAZONAS,APUÍ
-7.5,-60.0,AMAZONAS,APUÍ
-7.5,-59.75,AMAZONAS,APUÍ
-7.5,-58.0,PARÁ,JACAREACANGA
-7.5,-57.75,PARÁ,JACAREACANGA
-7.5,-57.5,PARÁ,JACAREACANGA
-7.5,-57.25,PARÁ,ITAITUBA
-7.5,-57.0,PARÁ,ITAITUBA
-7.5,-56.75,PARÁ,ITAITUBA
-7.5,-56.5,PARÁ,ITAITUBA
-7.5,-56.25,PARÁ,NOVO PROGRESSO
-7.5,-56.0,PARÁ,NOVO PROGRESSO
-7.5,-55.75,PARÁ,NOVO PROGRESSO
-7.5,-55.5,PARÁ,NOVO PROGRESSO
-7.5,-55.25,PARÁ,NOVO PROGRESSO
-7.5,-55.0,PARÁ,ALTAMIRA
-7.5,-54.75,PARÁ,ALTAMIRA
-7.5,-53.75,PARÁ,ALTAMIRA
-7.5,-52.75,PARÁ,SÃO FÉLIX DO XINGU
-7.5,-52.0,PARÁ,SÃO FÉLIX DO XINGU
-7.5,-51.75,PARÁ,OURILÂNDIA DO NORTE
-7.5,-51.0,PARÁ,BANNACH
-7.5,-50.75,PARÁ,BANNACH
-7.5,-50.5,PARÁ,BANNACH
-7.5,-50.25,PARÁ,PAU D'ARCO
-7.5,-50.0,PARÁ,RIO MARIA
-7.5,-49.75,PARÁ,FLORESTA DO ARAGUAIA
-7.5,-49.5,PARÁ,FLORESTA DO ARAGUAIA
-7.5,-49.25,TOCANTINS,PAU D'ARCO
-7.5,-49.0,TOCANTINS,PAU D'ARCO
-7.5,-48.75,TOCANTINS,PAU D'ARCO
-7.5,-48.5,TOCANTINS,ARAGUAÍNA
-7.5,-48.25,TOCANTINS,ARAGUAÍNA
-7.25,-73.25,ACRE,MÂNCIO LIMA
-7.25,-73.0,AMAZONAS,GUAJARÁ
-7.25,-72.75,AMAZONAS,GUAJARÁ
-7.25,-72.5,AMAZONAS,GUAJARÁ
-7.25,-72.25,AMAZONAS,GUAJARÁ
-7.25,-72.0,AMAZONAS,IPIXUNA
-7.25,-71.75,AMAZONAS,IPIXUNA
-7.25,-71.5,AMAZONAS,IPIXUNA
-7.25,-71.0,AMAZONAS,EIRUNEPÉ
-7.25,-70.75,AMAZONAS,IPIXUNA
-7.25,-70.25,AMAZONAS,ENVIRA
-7.25,-70.0,AMAZONAS,ENVIRA
-7.25,-69.75,AMAZONAS,ENVIRA
-7.25,-69.5,AMAZONAS,ENVIRA
-7.25,-69.0,AMAZONAS,PAUINI
-7.25,-68.75,AMAZONAS,PAUINI
-7.25,-68.5,AMAZONAS,PAUINI
-7.25,-68.25,AMAZONAS,PAUINI
-7.25,-68.0,AMAZONAS,PAUINI
-7.25,-66.75,AMAZONAS,PAUINI
-7.25,-65.5,AMAZONAS,LÁBREA
-7.25,-65.25,AMAZONAS,LÁBREA
-7.25,-65.0,AMAZONAS,LÁBREA
-7.25,-64.75,AMAZONAS,LÁBREA
-7.25,-64.5,AMAZONAS,LÁBREA
-7.25,-64.25,AMAZONAS,CANUTAMA
-7.25,-63.75,AMAZONAS,CANUTAMA
-7.25,-63.25,AMAZONAS,HUMAITÁ
-7.25,-63.0,AMAZONAS,HUMAITÁ
-7.25,-62.75,AMAZONAS,HUMAITÁ
-7.25,-62.25,AMAZONAS,HUMAITÁ
-7.25,-61.75,AMAZONAS,MANICORÉ
-7.25,-61.25,AMAZONAS,NOVO ARIPUANÃ
-7.25,-61.0,AMAZONAS,NOVO ARIPUANÃ
-7.25,-60.75,AMAZONAS,NOVO ARIPUANÃ
-7.25,-60.5,AMAZONAS,APUÍ
-7.25,-60.25,AMAZONAS,APUÍ
-7.25,-60.0,AMAZONAS,APUÍ
-7.25,-59.75,AMAZONAS,APUÍ
-7.25,-59.5,AMAZONAS,APUÍ
-7.25,-59.25,AMAZONAS,APUÍ
-7.25,-58.25,AMAZONAS,APUÍ
-7.25,-58.0,PARÁ,JACAREACANGA
-7.25,-57.75,PARÁ,JACAREACANGA
-7.25,-57.5,PARÁ,JACAREACANGA
-7.25,-57.25,PARÁ,JACAREACANGA
-7.25,-57.0,PARÁ,ITAITUBA
-7.25,-56.75,PARÁ,ITAITUBA
-7.25,-56.5,PARÁ,ITAITUBA
-7.25,-56.25,PARÁ,ITAITUBA
-7.25,-56.0,PARÁ,NOVO PROGRESSO
-7.25,-55.75,PARÁ,NOVO PROGRESSO
-7.25,-55.5,PARÁ,NOVO PROGRESSO
-7.25,-55.25,PARÁ,NOVO PROGRESSO
-7.25,-55.0,PARÁ,ALTAMIRA
-7.25,-54.75,PARÁ,ALTAMIRA
-7.25,-53.75,PARÁ,ALTAMIRA
-7.25,-53.0,PARÁ,SÃO FÉLIX DO XINGU
-7.25,-52.75,PARÁ,SÃO FÉLIX DO XINGU
-7.25,-52.5,PARÁ,SÃO FÉLIX DO XINGU
-7.25,-52.25,PARÁ,SÃO FÉLIX DO XINGU
-7.25,-51.75,PARÁ,SÃO FÉLIX DO XINGU
-7.25,-51.5,PARÁ,OURILÂNDIA DO NORTE
-7.25,-51.25,PARÁ,OURILÂNDIA DO NORTE
-7.25,-51.0,PARÁ,BANNACH
-7.25,-50.75,PARÁ,OURILÂNDIA DO NORTE
-7.25,-50.5,PARÁ,BANNACH
-7.25,-50.25,PARÁ,RIO MARIA
-7.25,-50.0,PARÁ,RIO MARIA
-7.25,-49.75,PARÁ,RIO MARIA
-7.25,-49.5,PARÁ,RIO MARIA
-7.25,-49.25,PARÁ,RIO MARIA
-7.25,-49.0,TOCANTINS,ARAGUAÍNA
-7.25,-48.75,TOCANTINS,ARAGUAÍNA
-7.25,-48.5,TOCANTINS,MURICILÂNDIA
-7.25,-48.25,TOCANTINS,ARAGUAÍNA
-7.0,-72.75,AMAZONAS,ATALAIA DO NORTE
-7.0,-72.5,AMAZONAS,ATALAIA DO NORTE
-7.0,-72.25,AMAZONAS,ATALAIA DO NORTE
-7.0,-71.75,AMAZONAS,IPIXUNA
-7.0,-71.5,AMAZONAS,IPIXUNA
-7.0,-71.25,AMAZONAS,IPIXUNA
-7.0,-70.75,AMAZONAS,IPIXUNA
-7.0,-70.5,AMAZONAS,EIRUNEPÉ
-7.0,-70.25,AMAZONAS,EIRUNEPÉ
-7.0,-70.0,AMAZONAS,EIRUNEPÉ
-7.0,-69.75,AMAZONAS,EIRUNEPÉ
-7.0,-68.75,AMAZONAS,ITAMARATI
-7.0,-66.25,AMAZONAS,TAPAUÁ
-7.0,-65.0,AMAZONAS,LÁBREA
-7.0,-64.75,AMAZONAS,CANUTAMA
-7.0,-64.5,AMAZONAS,CANUTAMA
-7.0,-64.25,AMAZONAS,CANUTAMA
-7.0,-63.5,AMAZONAS,CANUTAMA
-7.0,-63.25,AMAZONAS,HUMAITÁ
-7.0,-63.0,AMAZONAS,HUMAITÁ
-7.0,-62.75,AMAZONAS,HUMAITÁ
-7.0,-62.5,AMAZONAS,HUMAITÁ
-7.0,-62.0,AMAZONAS,HUMAITÁ
-7.0,-61.5,AMAZONAS,MANICORÉ
-7.0,-61.25,AMAZONAS,MANICORÉ
-7.0,-61.0,AMAZONAS,NOVO ARIPUANÃ
-7.0,-60.75,AMAZONAS,NOVO ARIPUANÃ
-7.0,-60.5,AMAZONAS,NOVO ARIPUANÃ
-7.0,-60.25,AMAZONAS,APUÍ
-7.0,-60.0,AMAZONAS,APUÍ
-7.0,-59.75,AMAZONAS,APUÍ
-7.0,-59.5,AMAZONAS,APUÍ
-7.0,-59.25,AMAZONAS,APUÍ
-7.0,-59.0,AMAZONAS,APUÍ
-7.0,-58.75,AMAZONAS,MAUÉS
-7.0,-58.5,AMAZONAS,MAUÉS
-7.0,-58.25,AMAZONAS,MAUÉS
-7.0,-58.0,PARÁ,JACAREACANGA
-7.0,-57.75,PARÁ,JACAREACANGA
-7.0,-57.5,PARÁ,JACAREACANGA
-7.0,-57.25,PARÁ,JACAREACANGA
-7.0,-57.0,PARÁ,JACAREACANGA
-7.0,-56.75,PARÁ,ITAITUBA
-7.0,-56.5,PARÁ,ITAITUBA
-7.0,-56.25,PARÁ,ITAITUBA
-7.0,-56.0,PARÁ,NOVO PROGRESSO
-7.0,-55.75,PARÁ,NOVO PROGRESSO
-7.0,-55.5,PARÁ,NOVO PROGRESSO
-7.0,-55.25,PARÁ,NOVO PROGRESSO
-7.0,-55.0,PARÁ,ALTAMIRA
-7.0,-53.5,PARÁ,ALTAMIRA
-7.0,-53.25,PARÁ,SÃO FÉLIX DO XINGU
-7.0,-53.0,PARÁ,SÃO FÉLIX DO XINGU
-7.0,-52.75,PARÁ,SÃO FÉLIX DO XINGU
-7.0,-52.5,PARÁ,SÃO FÉLIX DO XINGU
-7.0,-52.25,PARÁ,SÃO FÉLIX DO XINGU
-7.0,-52.0,PARÁ,SÃO FÉLIX DO XINGU
-7.0,-51.75,PARÁ,SÃO FÉLIX DO XINGU
-7.0,-51.5,PARÁ,TUCUMÃ
-7.0,-51.25,PARÁ,TUCUMÃ
-7.0,-51.0,PARÁ,OURILÂNDIA DO NORTE
-7.0,-50.75,PARÁ,OURILÂNDIA DO NORTE
-7.0,-50.5,PARÁ,ÁGUA AZUL DO NORTE
-7.0,-50.25,PARÁ,ÁGUA AZUL DO NORTE
-7.0,-50.0,PARÁ,XINGUARA
-7.0,-49.75,PARÁ,XINGUARA
-7.0,-49.5,PARÁ,XINGUARA
-7.0,-49.25,PARÁ,RIO MARIA
-7.0,-49.0,TOCANTINS,SANTA FÉ DO ARAGUAIA
-7.0,-48.75,TOCANTINS,MURICILÂNDIA
-7.0,-48.5,TOCANTINS,ARAGOMINAS
-7.0,-48.25,TOCANTINS,PIRAQUÊ
-7.0,-48.0,TOCANTINS,WANDERLÂNDIA
-6.75,-72.75,AMAZONAS,ATALAIA DO NORTE
-6.75,-72.25,AMAZONAS,ATALAIA DO NORTE
-6.75,-72.0,AMAZONAS,ATALAIA DO NORTE
-6.75,-71.0,AMAZONAS,IPIXUNA
-6.75,-70.75,AMAZONAS,IPIXUNA
-6.75,-70.5,AMAZONAS,EIRUNEPÉ
-6.75,-70.25,AMAZONAS,EIRUNEPÉ
-6.75,-70.0,AMAZONAS,EIRUNEPÉ
-6.75,-69.75,AMAZONAS,EIRUNEPÉ
-6.75,-69.5,AMAZONAS,EIRUNEPÉ
-6.75,-69.25,AMAZONAS,ITAMARATI
-6.75,-68.25,AMAZONAS,ITAMARATI
-6.75,-67.25,AMAZONAS,ITAMARATI
-6.75,-67.0,AMAZONAS,TAPAUÁ
-6.75,-66.75,AMAZONAS,TAPAUÁ
-6.75,-66.5,AMAZONAS,ITAMARATI
-6.75,-65.25,AMAZONAS,TAPAUÁ
-6.75,-65.0,AMAZONAS,TAPAUÁ
-6.75,-64.75,AMAZONAS,CANUTAMA
-6.75,-64.5,AMAZONAS,CANUTAMA
-6.75,-64.25,AMAZONAS,CANUTAMA
-6.75,-63.25,AMAZONAS,TAPAUÁ
-6.75,-63.0,AMAZONAS,HUMAITÁ
-6.75,-62.75,AMAZONAS,HUMAITÁ
-6.75,-62.5,AMAZONAS,HUMAITÁ
-6.75,-62.25,AMAZONAS,HUMAITÁ
-6.75,-62.0,AMAZONAS,HUMAITÁ
-6.75,-61.75,AMAZONAS,HUMAITÁ
-6.75,-61.25,AMAZONAS,MANICORÉ
-6.75,-61.0,AMAZONAS,MANICORÉ
-6.75,-60.25,AMAZONAS,NOVO ARIPUANÃ
-6.75,-60.0,AMAZONAS,NOVO ARIPUANÃ
-6.75,-59.75,AMAZONAS,APUÍ
-6.75,-59.5,AMAZONAS,APUÍ
-6.75,-59.25,AMAZONAS,APUÍ
-6.75,-59.0,AMAZONAS,APUÍ
-6.75,-58.75,AMAZONAS,MAUÉS
-6.75,-58.5,AMAZONAS,MAUÉS
-6.75,-58.25,PARÁ,JACAREACANGA
-6.75,-58.0,PARÁ,JACAREACANGA
-6.75,-57.75,PARÁ,JACAREACANGA
-6.75,-57.5,PARÁ,JACAREACANGA
-6.75,-57.0,PARÁ,JACAREACANGA
-6.75,-56.75,PARÁ,ITAITUBA
-6.75,-56.5,PARÁ,ITAITUBA
-6.75,-56.25,PARÁ,ITAITUBA
-6.75,-56.0,PARÁ,ITAITUBA
-6.75,-55.75,PARÁ,NOVO PROGRESSO
-6.75,-55.5,PARÁ,NOVO PROGRESSO
-6.75,-55.25,PARÁ,NOVO PROGRESSO
-6.75,-55.0,PARÁ,ALTAMIRA
-6.75,-54.25,PARÁ,ALTAMIRA
-6.75,-54.0,PARÁ,ALTAMIRA
-6.75,-53.75,PARÁ,ALTAMIRA
-6.75,-53.5,PARÁ,SÃO FÉLIX DO XINGU
-6.75,-53.25,PARÁ,SÃO FÉLIX DO XINGU
-6.75,-53.0,PARÁ,SÃO FÉLIX DO XINGU
-6.75,-52.75,PARÁ,SÃO FÉLIX DO XINGU
-6.75,-52.5,PARÁ,SÃO FÉLIX DO XINGU
-6.75,-52.25,PARÁ,SÃO FÉLIX DO XINGU
-6.75,-52.0,PARÁ,SÃO FÉLIX DO XINGU
-6.75,-51.75,PARÁ,SÃO FÉLIX DO XINGU
-6.75,-51.5,PARÁ,TUCUMÃ
-6.75,-51.25,PARÁ,TUCUMÃ
-6.75,-51.0,PARÁ,OURILÂNDIA DO NORTE
-6.75,-50.75,PARÁ,ÁGUA AZUL DO NORTE
-6.75,-50.5,PARÁ,ÁGUA AZUL DO NORTE
-6.75,-50.25,PARÁ,ÁGUA AZUL DO NORTE
-6.75,-50.0,PARÁ,ÁGUA AZUL DO NORTE
-6.75,-49.75,PARÁ,SAPUCAIA
-6.75,-49.5,PARÁ,XINGUARA
-6.75,-49.25,PARÁ,XINGUARA
-6.75,-49.0,PARÁ,PIÇARRA
-6.75,-48.75,TOCANTINS,ARAGOMINAS
-6.75,-48.5,TOCANTINS,ARAGUANÃ
-6.75,-48.25,TOCANTINS,PIRAQUÊ
-6.75,-48.0,TOCANTINS,WANDERLÂNDIA
-6.5,-72.75,AMAZONAS,ATALAIA DO NORTE
-6.5,-72.0,AMAZONAS,ATALAIA DO NORTE
-6.5,-71.75,AMAZONAS,ATALAIA DO NORTE
-6.5,-70.75,AMAZONAS,ATALAIA DO NORTE
-6.5,-70.0,AMAZONAS,EIRUNEPÉ
-6.5,-69.75,AMAZONAS,EIRUNEPÉ
-6.5,-69.5,AMAZONAS,EIRUNEPÉ
-6.5,-69.25,AMAZONAS,ITAMARATI
-6.5,-69.0,AMAZONAS,ITAMARATI
-6.5,-68.5,AMAZONAS,ITAMARATI
-6.5,-68.25,AMAZONAS,ITAMARATI
-6.5,-68.0,AMAZONAS,ITAMARATI
-6.5,-67.75,AMAZONAS,ITAMARATI
-6.5,-65.25,AMAZONAS,TAPAUÁ
-6.5,-65.0,AMAZONAS,TAPAUÁ
-6.5,-64.5,AMAZONAS,CANUTAMA
-6.5,-64.25,AMAZONAS,CANUTAMA
-6.5,-63.5,AMAZONAS,TAPAUÁ
-6.5,-63.25,AMAZONAS,TAPAUÁ
-6.5,-63.0,AMAZONAS,HUMAITÁ
-6.5,-62.75,AMAZONAS,HUMAITÁ
-6.5,-62.5,AMAZONAS,HUMAITÁ
-6.5,-62.25,AMAZONAS,HUMAITÁ
-6.5,-62.0,AMAZONAS,HUMAITÁ
-6.5,-61.75,AMAZONAS,HUMAITÁ
-6.5,-61.5,AMAZONAS,MANICORÉ
-6.5,-61.0,AMAZONAS,MANICORÉ
-6.5,-60.5,AMAZONAS,NOVO ARIPUANÃ
-6.5,-60.25,AMAZONAS,NOVO ARIPUANÃ
-6.5,-60.0,AMAZONAS,NOVO ARIPUANÃ
-6.5,-59.75,AMAZONAS,BORBA
-6.5,-59.25,AMAZONAS,APUÍ
-6.5,-59.0,AMAZONAS,APUÍ
-6.5,-58.75,AMAZONAS,MAUÉS
-6.5,-58.5,AMAZONAS,MAUÉS
-6.5,-58.25,AMAZONAS,MAUÉS
-6.5,-58.0,PARÁ,JACAREACANGA
-6.5,-57.75,PARÁ,JACAREACANGA
-6.5,-57.5,PARÁ,JACAREACANGA
-6.5,-56.75,PARÁ,ITAITUBA
-6.5,-56.5,PARÁ,ITAITUBA
-6.5,-56.25,PARÁ,ITAITUBA
-6.5,-56.0,PARÁ,ITAITUBA
-6.5,-55.75,PARÁ,NOVO PROGRESSO
-6.5,-55.5,PARÁ,NOVO PROGRESSO
-6.5,-55.25,PARÁ,ITAITUBA
-6.5,-55.0,PARÁ,ALTAMIRA
-6.5,-54.75,PARÁ,ALTAMIRA
-6.5,-54.0,PARÁ,ALTAMIRA
-6.5,-53.75,PARÁ,ALTAMIRA
-6.5,-53.5,PARÁ,ALTAMIRA
-6.5,-53.25,PARÁ,SÃO FÉLIX DO XINGU
-6.5,-53.0,PARÁ,SÃO FÉLIX DO XINGU
-6.5,-52.75,PARÁ,SÃO FÉLIX DO XINGU
-6.5,-52.5,PARÁ,SÃO FÉLIX DO XINGU
-6.5,-52.25,PARÁ,SÃO FÉLIX DO XINGU
-6.5,-52.0,PARÁ,SÃO FÉLIX DO XINGU
-6.5,-51.75,PARÁ,SÃO FÉLIX DO XINGU
-6.5,-51.5,PARÁ,SÃO FÉLIX DO XINGU
-6.5,-51.25,PARÁ,SÃO FÉLIX DO XINGU
-6.5,-51.0,PARÁ,OURILÂNDIA DO NORTE
-6.5,-50.75,PARÁ,ÁGUA AZUL DO NORTE
-6.5,-50.5,PARÁ,ÁGUA AZUL DO NORTE
-6.5,-50.25,PARÁ,CANAÃ DOS CARAJÁS
-6.5,-50.0,PARÁ,CANAÃ DOS CARAJÁS
-6.5,-49.75,PARÁ,CANAÃ DOS CARAJÁS
-6.5,-49.5,PARÁ,XINGUARA
-6.5,-49.25,PARÁ,PIÇARRA
-6.5,-49.0,PARÁ,PIÇARRA
-6.5,-48.75,PARÁ,PIÇARRA
-6.5,-48.5,TOCANTINS,XAMBIOÁ
-6.5,-48.25,TOCANTINS,RIACHINHO
-6.5,-48.0,TOCANTINS,RIACHINHO
-6.25,-72.5,AMAZONAS,ATALAIA DO NORTE
-6.25,-71.5,AMAZONAS,ATALAIA DO NORTE
-6.25,-70.75,AMAZONAS,BENJAMIN CONSTANT
-6.25,-68.5,AMAZONAS,ITAMARATI
-6.25,-68.25,AMAZONAS,ITAMARATI
-6.25,-68.0,AMAZONAS,ITAMARATI
-6.25,-67.75,AMAZONAS,ITAMARATI
-6.25,-64.25,AMAZONAS,CANUTAMA
-6.25,-64.0,AMAZONAS,CANUTAMA
-6.25,-63.5,AMAZONAS,TAPAUÁ
-6.25,-63.25,AMAZONAS,TAPAUÁ
-6.25,-62.75,AMAZONAS,MANICORÉ
-6.25,-62.5,AMAZONAS,MANICORÉ
-6.25,-62.25,AMAZONAS,MANICORÉ
-6.25,-62.0,AMAZONAS,HUMAITÁ
-6.25,-61.75,AMAZONAS,HUMAITÁ
-6.25,-61.5,AMAZONAS,MANICORÉ
-6.25,-61.25,AMAZONAS,MANICORÉ
-6.25,-61.0,AMAZONAS,MANICORÉ
-6.25,-60.25,AMAZONAS,NOVO ARIPUANÃ
-6.25,-60.0,AMAZONAS,NOVO ARIPUANÃ
-6.25,-59.75,AMAZONAS,NOVO ARIPUANÃ
-6.25,-59.0,AMAZONAS,BORBA
-6.25,-58.5,AMAZONAS,MAUÉS
-6.25,-58.25,AMAZONAS,MAUÉS
-6.25,-58.0,PARÁ,JACAREACANGA
-6.25,-57.75,PARÁ,JACAREACANGA
-6.25,-57.5,PARÁ,JACAREACANGA
-6.25,-57.25,PARÁ,JACAREACANGA
-6.25,-56.75,PARÁ,ITAITUBA
-6.25,-56.5,PARÁ,ITAITUBA
-6.25,-56.25,PARÁ,ITAITUBA
-6.25,-56.0,PARÁ,ITAITUBA
-6.25,-55.75,PARÁ,ITAITUBA
-6.25,-55.5,PARÁ,ITAITUBA
-6.25,-55.25,PARÁ,ALTAMIRA
-6.25,-55.0,PARÁ,ALTAMIRA
-6.25,-54.75,PARÁ,ALTAMIRA
-6.25,-54.5,PARÁ,ALTAMIRA
-6.25,-54.25,PARÁ,ALTAMIRA
-6.25,-54.0,PARÁ,ALTAMIRA
-6.25,-53.75,PARÁ,ALTAMIRA
-6.25,-53.5,PARÁ,ALTAMIRA
-6.25,-53.25,PARÁ,SÃO FÉLIX DO XINGU
-6.25,-53.0,PARÁ,SÃO FÉLIX DO XINGU
-6.25,-52.75,PARÁ,SÃO FÉLIX DO XINGU
-6.25,-52.5,PARÁ,SÃO FÉLIX DO XINGU
-6.25,-52.25,PARÁ,SÃO FÉLIX DO XINGU
-6.25,-52.0,PARÁ,SÃO FÉLIX DO XINGU
-6.25,-51.75,PARÁ,SÃO FÉLIX DO XINGU
-6.25,-51.5,PARÁ,SÃO FÉLIX DO XINGU
-6.25,-51.25,PARÁ,SÃO FÉLIX DO XINGU
-6.25,-51.0,PARÁ,PARAUAPEBAS
-6.25,-50.75,PARÁ,PARAUAPEBAS
-6.25,-50.5,PARÁ,CANAÃ DOS CARAJÁS
-6.25,-50.25,PARÁ,CANAÃ DOS CARAJÁS
-6.25,-50.0,PARÁ,CANAÃ DOS CARAJÁS
-6.25,-49.75,PARÁ,CURIONÓPOLIS
-6.25,-49.5,PARÁ,ELDORADO DO CARAJÁS
-6.25,-49.25,PARÁ,ELDORADO DO CARAJÁS
-6.25,-49.0,PARÁ,SÃO GERALDO DO ARAGUAIA
-6.25,-48.75,PARÁ,SÃO GERALDO DO ARAGUAIA
-6.25,-48.5,PARÁ,SÃO GERALDO DO ARAGUAIA
-6.25,-48.25,TOCANTINS,ANANÁS
-6.25,-48.0,TOCANTINS,ANANÁS
-6.0,-73.25,AMAZONAS,ATALAIA DO NORTE
-6.0,-72.75,AMAZONAS,ATALAIA DO NORTE
-6.0,-72.5,AMAZONAS,ATALAIA DO NORTE
-6.0,-71.5,AMAZONAS,ATALAIA DO NORTE
-6.0,-71.0,AMAZONAS,ATALAIA DO NORTE
-6.0,-70.75,AMAZONAS,ATALAIA DO NORTE
-6.0,-70.5,AMAZONAS,ATALAIA DO NORTE
-6.0,-67.75,AMAZONAS,CARAUARI
-6.0,-65.0,AMAZONAS,TAPAUÁ
-6.0,-64.75,AMAZONAS,TAPAUÁ
-6.0,-64.5,AMAZONAS,TAPAUÁ
-6.0,-64.25,AMAZONAS,TAPAUÁ
-6.0,-64.0,AMAZONAS,TAPAUÁ
-6.0,-63.75,AMAZONAS,TAPAUÁ
-6.0,-63.5,AMAZONAS,TAPAUÁ
-6.0,-63.25,AMAZONAS,TAPAUÁ
-6.0,-62.5,AMAZONAS,MANICORÉ
-6.0,-62.0,AMAZONAS,MANICORÉ
-6.0,-61.75,AMAZONAS,MANICORÉ
-6.0,-61.5,AMAZONAS,MANICORÉ
-6.0,-61.25,AMAZONAS,MANICORÉ
-6.0,-61.0,AMAZONAS,MANICORÉ
-6.0,-60.75,AMAZONAS,MANICORÉ
-6.0,-60.25,AMAZONAS,NOVO ARIPUANÃ
-6.0,-60.0,AMAZONAS,NOVO ARIPUANÃ
-6.0,-59.75,AMAZONAS,NOVO ARIPUANÃ
-6.0,-59.25,AMAZONAS,BORBA
-6.0,-58.5,AMAZONAS,MAUÉS
-6.0,-58.25,AMAZONAS,MAUÉS
-6.0,-58.0,PARÁ,JACAREACANGA
-6.0,-57.75,PARÁ,JACAREACANGA
-6.0,-57.5,PARÁ,JACAREACANGA
-6.0,-57.25,PARÁ,JACAREACANGA
-6.0,-57.0,PARÁ,ITAITUBA
-6.0,-56.75,PARÁ,ITAITUBA
-6.0,-56.5,PARÁ,ITAITUBA
-6.0,-56.25,PARÁ,ITAITUBA
-6.0,-55.75,PARÁ,ITAITUBA
-6.0,-55.5,PARÁ,ITAITUBA
-6.0,-55.25,PARÁ,ALTAMIRA
-6.0,-54.75,PARÁ,ALTAMIRA
-6.0,-54.5,PARÁ,ALTAMIRA
-6.0,-54.25,PARÁ,ALTAMIRA
-6.0,-54.0,PARÁ,ALTAMIRA
-6.0,-53.75,PARÁ,ALTAMIRA
-6.0,-53.5,PARÁ,ALTAMIRA
-6.0,-53.25,PARÁ,SÃO FÉLIX DO XINGU
-6.0,-53.0,PARÁ,SÃO FÉLIX DO XINGU
-6.0,-52.75,PARÁ,SÃO FÉLIX DO XINGU
-6.0,-52.5,PARÁ,SÃO FÉLIX DO XINGU
-6.0,-52.25,PARÁ,SÃO FÉLIX DO XINGU
-6.0,-52.0,PARÁ,SÃO FÉLIX DO XINGU
-6.0,-51.75,PARÁ,SÃO FÉLIX DO XINGU
-6.0,-51.5,PARÁ,SÃO FÉLIX DO XINGU
-6.0,-51.25,PARÁ,MARABÁ
-6.0,-51.0,PARÁ,MARABÁ
-6.0,-50.5,PARÁ,PARAUAPEBAS
-6.0,-50.25,PARÁ,PARAUAPEBAS
-6.0,-50.0,PARÁ,PARAUAPEBAS
-6.0,-49.75,PARÁ,PARAUAPEBAS
-6.0,-49.5,PARÁ,CURIONÓPOLIS
-6.0,-49.25,PARÁ,ELDORADO DO CARAJÁS
-6.0,-49.0,PARÁ,ELDORADO DO CARAJÁS
-6.0,-48.75,PARÁ,SÃO GERALDO DO ARAGUAIA
-6.0,-48.5,PARÁ,SÃO GERALDO DO ARAGUAIA
-6.0,-48.25,TOCANTINS,ARAGUATINS
-5.75,-73.0,AMAZONAS,ATALAIA DO NORTE
-5.75,-72.25,AMAZONAS,ATALAIA DO NORTE
-5.75,-72.0,AMAZONAS,ATALAIA DO NORTE
-5.75,-71.0,AMAZONAS,ATALAIA DO NORTE
-5.75,-70.5,AMAZONAS,ATALAIA DO NORTE
-5.75,-69.5,AMAZONAS,JUTAÍ
-5.75,-68.0,AMAZONAS,CARAUARI
-5.75,-67.75,AMAZONAS,CARAUARI
-5.75,-67.5,AMAZONAS,CARAUARI
-5.75,-66.0,AMAZONAS,TAPAUÁ
-5.75,-65.75,AMAZONAS,TAPAUÁ
-5.75,-65.5,AMAZONAS,TAPAUÁ
-5.75,-65.25,AMAZONAS,TAPAUÁ
-5.75,-65.0,AMAZONAS,TAPAUÁ
-5.75,-64.5,AMAZONAS,TAPAUÁ
-5.75,-64.0,AMAZONAS,TAPAUÁ
-5.75,-63.75,AMAZONAS,TAPAUÁ
-5.75,-63.5,AMAZONAS,TAPAUÁ
-5.75,-63.25,AMAZONAS,TAPAUÁ
-5.75,-61.75,AMAZONAS,MANICORÉ
-5.75,-61.5,AMAZONAS,MANICORÉ
-5.75,-61.25,AMAZONAS,MANICORÉ
-5.75,-61.0,AMAZONAS,MANICORÉ
-5.75,-60.75,AMAZONAS,MANICORÉ
-5.75,-60.5,AMAZONAS,NOVO ARIPUANÃ
-5.75,-60.25,AMAZONAS,NOVO ARIPUANÃ
-5.75,-60.0,AMAZONAS,NOVO ARIPUANÃ
-5.75,-59.75,AMAZONAS,NOVO ARIPUANÃ
-5.75,-59.5,AMAZONAS,BORBA
-5.75,-59.25,AMAZONAS,BORBA
-5.75,-57.75,PARÁ,JACAREACANGA
-5.75,-57.5,PARÁ,JACAREACANGA
-5.75,-57.25,PARÁ,ITAITUBA
-5.75,-57.0,PARÁ,ITAITUBA
-5.75,-56.75,PARÁ,ITAITUBA
-5.75,-56.5,PARÁ,ITAITUBA
-5.75,-56.25,PARÁ,ITAITUBA
-5.75,-55.75,PARÁ,ITAITUBA
-5.75,-55.5,PARÁ,ITAITUBA
-5.75,-54.5,PARÁ,ALTAMIRA
-5.75,-54.25,PARÁ,ALTAMIRA
-5.75,-54.0,PARÁ,ALTAMIRA
-5.75,-53.75,PARÁ,ALTAMIRA
-5.75,-53.5,PARÁ,ALTAMIRA
-5.75,-53.25,PARÁ,ALTAMIRA
-5.75,-52.75,PARÁ,SÃO FÉLIX DO XINGU
-5.75,-52.5,PARÁ,SÃO FÉLIX DO XINGU
-5.75,-52.25,PARÁ,SÃO FÉLIX DO XINGU
-5.75,-52.0,PARÁ,SÃO FÉLIX DO XINGU
-5.75,-51.75,PARÁ,SÃO FÉLIX DO XINGU
-5.75,-51.5,PARÁ,SÃO FÉLIX DO XINGU
-5.75,-51.25,PARÁ,SÃO FÉLIX DO XINGU
-5.75,-51.0,PARÁ,SÃO FÉLIX DO XINGU
-5.75,-50.5,PARÁ,MARABÁ
-5.75,-50.25,PARÁ,MARABÁ
-5.75,-50.0,PARÁ,MARABÁ
-5.75,-49.75,PARÁ,MARABÁ
-5.75,-49.5,PARÁ,MARABÁ
-5.75,-49.25,PARÁ,MARABÁ
-5.75,-49.0,PARÁ,MARABÁ
-5.75,-48.75,PARÁ,SÃO DOMINGOS DO ARAGUAIA
-5.75,-48.5,PARÁ,BREJO GRANDE DO ARAGUAIA
-5.75,-48.25,TOCANTINS,ARAGUATINS
-5.75,-48.0,TOCANTINS,ARAGUATINS
-5.75,-47.75,TOCANTINS,ARAGUATINS
-5.5,-72.25,AMAZONAS,ATALAIA DO NORTE
-5.5,-72.0,AMAZONAS,ATALAIA DO NORTE
-5.5,-71.75,AMAZONAS,ATALAIA DO NORTE
-5.5,-71.25,AMAZONAS,ATALAIA DO NORTE
-5.5,-70.5,AMAZONAS,ATALAIA DO NORTE
-5.5,-69.0,AMAZONAS,JUTAÍ
-5.5,-68.0,AMAZONAS,CARAUARI
-5.5,-67.75,AMAZONAS,CARAUARI
-5.5,-67.5,AMAZONAS,CARAUARI
-5.5,-67.25,AMAZONAS,CARAUARI
-5.5,-67.0,AMAZONAS,TAPAUÁ
-5.5,-64.5,AMAZONAS,COARI
-5.5,-64.25,AMAZONAS,TAPAUÁ
-5.5,-64.0,AMAZONAS,TAPAUÁ
-5.5,-63.75,AMAZONAS,TAPAUÁ
-5.5,-63.5,AMAZONAS,TAPAUÁ
-5.5,-63.25,AMAZONAS,TAPAUÁ
-5.5,-63.0,AMAZONAS,TAPAUÁ
-5.5,-61.75,AMAZONAS,MANICORÉ
-5.5,-61.5,AMAZONAS,MANICORÉ
-5.5,-61.25,AMAZONAS,MANICORÉ
-5.5,-61.0,AMAZONAS,MANICORÉ
-5.5,-60.75,AMAZONAS,MANICORÉ
-5.5,-60.5,AMAZONAS,NOVO ARIPUANÃ
-5.5,-60.25,AMAZONAS,NOVO ARIPUANÃ
-5.5,-60.0,AMAZONAS,NOVO ARIPUANÃ
-5.5,-59.75,AMAZONAS,NOVO ARIPUANÃ
-5.5,-57.75,PARÁ,ITAITUBA
-5.5,-57.5,PARÁ,JACAREACANGA
-5.5,-57.25,PARÁ,ITAITUBA
-5.5,-57.0,PARÁ,ITAITUBA
-5.5,-56.75,PARÁ,ITAITUBA
-5.5,-56.25,PARÁ,TRAIRÃO
-5.5,-56.0,PARÁ,TRAIRÃO
-5.5,-55.75,PARÁ,ITAITUBA
-5.5,-55.5,PARÁ,TRAIRÃO
-5.5,-54.5,PARÁ,ALTAMIRA
-5.5,-54.25,PARÁ,ALTAMIRA
-5.5,-54.0,PARÁ,ALTAMIRA
-5.5,-53.75,PARÁ,ALTAMIRA
-5.5,-53.5,PARÁ,ALTAMIRA
-5.5,-53.25,PARÁ,ALTAMIRA
-5.5,-53.0,PARÁ,ALTAMIRA
-5.5,-52.75,PARÁ,SÃO FÉLIX DO XINGU
-5.5,-52.5,PARÁ,SÃO FÉLIX DO XINGU
-5.5,-52.25,PARÁ,SÃO FÉLIX DO XINGU
-5.5,-52.0,PARÁ,SÃO FÉLIX DO XINGU
-5.5,-51.75,PARÁ,SÃO FÉLIX DO XINGU
-5.5,-51.5,PARÁ,SÃO FÉLIX DO XINGU
-5.5,-51.25,PARÁ,SÃO FÉLIX DO XINGU
-5.5,-51.0,PARÁ,SÃO FÉLIX DO XINGU
-5.5,-50.75,PARÁ,MARABÁ
-5.5,-50.5,PARÁ,MARABÁ
-5.5,-50.25,PARÁ,MARABÁ
-5.5,-50.0,PARÁ,MARABÁ
-5.5,-49.75,PARÁ,MARABÁ
-5.5,-49.5,PARÁ,MARABÁ
-5.5,-49.25,PARÁ,MARABÁ
-5.5,-49.0,PARÁ,MARABÁ
-5.5,-48.75,PARÁ,SÃO JOÃO DO ARAGUAIA
-5.5,-48.5,PARÁ,SÃO JOÃO DO ARAGUAIA
-5.5,-48.25,TOCANTINS,ARAGUATINS
-5.5,-48.0,TOCANTINS,ARAGUATINS
-5.5,-47.25,MARANHÃO,SENADOR LA ROCQUE
-5.5,-47.0,MARANHÃO,SENADOR LA ROCQUE
-5.5,-46.5,MARANHÃO,AMARANTE DO MARANHÃO
-5.5,-46.25,MARANHÃO,GRAJAÚ
-5.5,-46.0,MARANHÃO,GRAJAÚ
-5.25,-73.0,AMAZONAS,ATALAIA DO NORTE
-5.25,-72.75,AMAZONAS,ATALAIA DO NORTE
-5.25,-71.75,AMAZONAS,ATALAIA DO NORTE
-5.25,-69.0,AMAZONAS,JUTAÍ
-5.25,-68.0,AMAZONAS,CARAUARI
-5.25,-67.75,AMAZONAS,CARAUARI
-5.25,-67.25,AMAZONAS,CARAUARI
-5.25,-67.0,AMAZONAS,CARAUARI
-5.25,-66.75,AMAZONAS,CARAUARI
-5.25,-64.5,AMAZONAS,COARI
-5.25,-64.0,AMAZONAS,COARI
-5.25,-63.25,AMAZONAS,TAPAUÁ
-5.25,-62.75,AMAZONAS,TAPAUÁ
-5.25,-62.5,AMAZONAS,TAPAUÁ
-5.25,-61.25,AMAZONAS,MANICORÉ
-5.25,-60.75,AMAZONAS,MANICORÉ
-5.25,-60.5,AMAZONAS,NOVO ARIPUANÃ
-5.25,-60.25,AMAZONAS,NOVO ARIPUANÃ
-5.25,-60.0,AMAZONAS,NOVO ARIPUANÃ
-5.25,-59.75,AMAZONAS,NOVO ARIPUANÃ
-5.25,-59.5,AMAZONAS,BORBA
-5.25,-58.75,AMAZONAS,BORBA
-5.25,-57.75,PARÁ,ITAITUBA
-5.25,-57.5,PARÁ,ITAITUBA
-5.25,-57.25,PARÁ,ITAITUBA
-5.25,-57.0,PARÁ,ITAITUBA
-5.25,-56.75,PARÁ,ITAITUBA
-5.25,-56.25,PARÁ,TRAIRÃO
-5.25,-56.0,PARÁ,TRAIRÃO
-5.25,-55.75,PARÁ,TRAIRÃO
-5.25,-53.0,PARÁ,ALTAMIRA
-5.25,-52.0,PARÁ,SÃO FÉLIX DO XINGU
-5.25,-51.75,PARÁ,SÃO FÉLIX DO XINGU
-5.25,-51.5,PARÁ,SÃO FÉLIX DO XINGU
-5.25,-51.25,PARÁ,SÃO FÉLIX DO XINGU
-5.25,-51.0,PARÁ,SÃO FÉLIX DO XINGU
-5.25,-50.75,PARÁ,MARABÁ
-5.25,-50.5,PARÁ,MARABÁ
-5.25,-50.25,PARÁ,ITUPIRANGA
-5.25,-50.0,PARÁ,ITUPIRANGA
-5.25,-49.75,PARÁ,ITUPIRANGA
-5.25,-49.5,PARÁ,ITUPIRANGA
-5.25,-49.25,PARÁ,MARABÁ
-5.25,-49.0,PARÁ,MARABÁ
-5.25,-48.75,PARÁ,BOM JESUS DO TOCANTINS
-5.25,-48.5,TOCANTINS,ESPERANTINA
-5.25,-48.25,TOCANTINS,SÃO SEBASTIÃO DO TOCANTINS
-5.25,-48.0,MARANHÃO,VILA NOVA DOS MARTÍRIOS
-5.25,-47.75,MARANHÃO,CIDELÂNDIA
-5.25,-47.5,MARANHÃO,IMPERATRIZ
-5.25,-47.25,MARANHÃO,SÃO FRANCISCO DO BREJÃO
-5.25,-47.0,MARANHÃO,JOÃO LISBOA
-5.25,-46.75,MARANHÃO,AMARANTE DO MARANHÃO
-5.25,-46.5,MARANHÃO,AMARANTE DO MARANHÃO
-5.25,-46.25,MARANHÃO,ARAME
-5.25,-46.0,MARANHÃO,ARAME
-5.25,-45.75,MARANHÃO,ARAME
-5.0,-71.75,AMAZONAS,ATALAIA DO NORTE
-5.0,-67.25,AMAZONAS,CARAUARI
-5.0,-67.0,AMAZONAS,CARAUARI
-5.0,-66.75,AMAZONAS,CARAUARI
-5.0,-65.25,AMAZONAS,COARI
-5.0,-64.0,AMAZONAS,COARI
-5.0,-63.75,AMAZONAS,COARI
-5.0,-62.5,AMAZONAS,BERURI
-5.0,-62.25,AMAZONAS,BERURI
-5.0,-61.0,AMAZONAS,BORBA
-5.0,-60.75,AMAZONAS,BORBA
-5.0,-60.5,AMAZONAS,NOVO ARIPUANÃ
-5.0,-60.25,AMAZONAS,NOVO ARIPUANÃ
-5.0,-60.0,AMAZONAS,NOVO ARIPUANÃ
-5.0,-59.75,AMAZONAS,NOVO ARIPUANÃ
-5.0,-58.5,AMAZONAS,MAUÉS
-5.0,-58.0,AMAZONAS,MAUÉS
-5.0,-57.75,AMAZONAS,MAUÉS
-5.0,-57.5,PARÁ,ITAITUBA
-5.0,-57.0,PARÁ,ITAITUBA
-5.0,-56.75,PARÁ,ITAITUBA
-5.0,-56.5,PARÁ,TRAIRÃO
-5.0,-56.25,PARÁ,TRAIRÃO
-5.0,-56.0,PARÁ,TRAIRÃO
-5.0,-55.75,PARÁ,TRAIRÃO
-5.0,-55.5,PARÁ,TRAIRÃO
-5.0,-55.25,PARÁ,ALTAMIRA
-5.0,-55.0,PARÁ,ALTAMIRA
-5.0,-52.75,PARÁ,ALTAMIRA
-5.0,-52.0,PARÁ,SENADOR JOSÉ PORFÍRIO
-5.0,-51.5,PARÁ,ANAPU
-5.0,-51.25,PARÁ,ANAPU
-5.0,-51.0,PARÁ,ANAPU
-5.0,-50.75,PARÁ,NOVO REPARTIMENTO
-5.0,-50.5,PARÁ,NOVO REPARTIMENTO
-5.0,-50.25,PARÁ,ITUPIRANGA
-5.0,-50.0,PARÁ,ITUPIRANGA
-5.0,-49.75,PARÁ,ITUPIRANGA
-5.0,-49.5,PARÁ,ITUPIRANGA
-5.0,-49.25,PARÁ,NOVA IPIXUNA
-5.0,-49.0,PARÁ,MARABÁ
-5.0,-48.75,PARÁ,BOM JESUS DO TOCANTINS
-5.0,-48.5,PARÁ,BOM JESUS DO TOCANTINS
-5.0,-48.25,MARANHÃO,ABEL FIGUEIREDO
-5.0,-48.0,MARANHÃO,VILA NOVA DOS MARTÍRIOS
-5.0,-47.75,MARANHÃO,CIDELÂNDIA
-5.0,-47.5,MARANHÃO,AÇAILÂNDIA
-5.0,-47.25,MARANHÃO,AÇAILÂNDIA
-5.0,-47.0,MARANHÃO,AÇAILÂNDIA
-5.0,-46.75,MARANHÃO,AMARANTE DO MARANHÃO
-5.0,-46.5,MARANHÃO,AMARANTE DO MARANHÃO
-5.0,-46.25,MARANHÃO,AMARANTE DO MARANHÃO
-5.0,-46.0,MARANHÃO,ARAME
-5.0,-45.75,MARANHÃO,ARAME
-5.0,-45.5,MARANHÃO,ARAME
-4.75,-71.5,AMAZONAS,ATALAIA DO NORTE
-4.75,-68.25,AMAZONAS,JUTAÍ
-4.75,-67.0,AMAZONAS,CARAUARI
-4.75,-66.75,AMAZONAS,CARAUARI
-4.75,-65.75,AMAZONAS,TEFÉ
-4.75,-65.5,AMAZONAS,TEFÉ
-4.75,-65.25,AMAZONAS,COARI
-4.75,-65.0,AMAZONAS,COARI
-4.75,-64.75,AMAZONAS,COARI
-4.75,-64.5,AMAZONAS,COARI
-4.75,-64.0,AMAZONAS,COARI
-4.75,-63.75,AMAZONAS,COARI
-4.75,-63.5,AMAZONAS,COARI
-4.75,-63.25,AMAZONAS,COARI
-4.75,-63.0,AMAZONAS,TAPAUÁ
-4.75,-62.75,AMAZONAS,BERURI
-4.75,-62.5,AMAZONAS,BERURI
-4.75,-62.25,AMAZONAS,BERURI
-4.75,-62.0,AMAZONAS,BERURI
-4.75,-61.5,AMAZONAS,BERURI
-4.75,-61.25,AMAZONAS,BERURI
-4.75,-60.25,AMAZONAS,BORBA
-4.75,-60.0,AMAZONAS,BORBA
-4.75,-59.75,AMAZONAS,BORBA
-4.75,-59.5,AMAZONAS,BORBA
-4.75,-59.25,AMAZONAS,BORBA
-4.75,-59.0,AMAZONAS,BORBA
-4.75,-58.0,AMAZONAS,MAUÉS
-4.75,-57.75,AMAZONAS,MAUÉS
-4.75,-57.5,AMAZONAS,MAUÉS
-4.75,-56.75,PARÁ,ITAITUBA
-4.75,-56.5,PARÁ,ITAITUBA
-4.75,-56.25,PARÁ,TRAIRÃO
-4.75,-56.0,PARÁ,TRAIRÃO
-4.75,-55.75,PARÁ,TRAIRÃO
-4.75,-55.5,PARÁ,TRAIRÃO
-4.75,-54.75,PARÁ,ALTAMIRA
-4.75,-54.5,PARÁ,ALTAMIRA
-4.75,-54.25,PARÁ,ALTAMIRA
-4.75,-54.0,PARÁ,ALTAMIRA
-4.75,-53.5,PARÁ,ALTAMIRA
-4.75,-52.75,PARÁ,ALTAMIRA
-4.75,-51.0,PARÁ,ANAPU
-4.75,-50.75,PARÁ,NOVO REPARTIMENTO
-4.75,-50.5,PARÁ,NOVO REPARTIMENTO
-4.75,-50.25,PARÁ,NOVO REPARTIMENTO
-4.75,-50.0,PARÁ,ITUPIRANGA
-4.75,-49.75,PARÁ,NOVO REPARTIMENTO
-4.75,-49.5,PARÁ,NOVO REPARTIMENTO
-4.75,-49.25,PARÁ,NOVA IPIXUNA
-4.75,-49.0,PARÁ,RONDON DO PARÁ
-4.75,-48.75,PARÁ,RONDON DO PARÁ
-4.75,-48.5,PARÁ,RONDON DO PARÁ
-4.75,-48.25,PARÁ,RONDON DO PARÁ
-4.75,-48.0,PARÁ,RONDON DO PARÁ
-4.75,-47.75,MARANHÃO,AÇAILÂNDIA
-4.75,-47.5,MARANHÃO,AÇAILÂNDIA
-4.75,-47.25,MARANHÃO,AÇAILÂNDIA
-4.75,-47.0,MARANHÃO,AÇAILÂNDIA
-4.75,-46.75,MARANHÃO,BOM JESUS DAS SELVAS
-4.75,-46.5,MARANHÃO,BURITICUPU
-4.75,-46.25,MARANHÃO,SANTA LUZIA
-4.75,-46.0,MARANHÃO,SANTA LUZIA
-4.75,-45.75,MARANHÃO,MARAJÁ DO SENA
-4.75,-45.5,MARANHÃO,MARAJÁ DO SENA
-4.75,-45.25,MARANHÃO,LAGO DA PEDRA
-4.5,-71.25,AMAZONAS,ATALAIA DO NORTE
-4.5,-71.0,AMAZONAS,ATALAIA DO NORTE
-4.5,-70.25,AMAZONAS,ATALAIA DO NORTE
-4.5,-70.0,AMAZONAS,BENJAMIN CONSTANT
-4.5,-69.75,AMAZONAS,BENJAMIN CONSTANT
-4.5,-68.0,AMAZONAS,JUTAÍ
-4.5,-67.25,AMAZONAS,JUTAÍ
-4.5,-67.0,AMAZONAS,CARAUARI
-4.5,-66.5,AMAZONAS,CARAUARI
-4.5,-65.5,AMAZONAS,TEFÉ
-4.5,-65.25,AMAZONAS,TEFÉ
-4.5,-64.5,AMAZONAS,COARI
-4.5,-64.25,AMAZONAS,COARI
-4.5,-64.0,AMAZONAS,COARI
-4.5,-63.75,AMAZONAS,COARI
-4.5,-63.5,AMAZONAS,COARI
-4.5,-63.25,AMAZONAS,COARI
-4.5,-63.0,AMAZONAS,COARI
-4.5,-62.25,AMAZONAS,ANORI
-4.5,-62.0,AMAZONAS,BERURI
-4.5,-61.75,AMAZONAS,BERURI
-4.5,-61.25,AMAZONAS,BORBA
-4.5,-61.0,AMAZONAS,BORBA
-4.5,-60.75,AMAZONAS,BORBA
-4.5,-60.5,AMAZONAS,BORBA
-4.5,-60.25,AMAZONAS,BORBA
-4.5,-60.0,AMAZONAS,BORBA
-4.5,-59.75,AMAZONAS,BORBA
-4.5,-59.5,AMAZONAS,BORBA
-4.5,-59.25,AMAZONAS,BORBA
-4.5,-58.75,AMAZONAS,BORBA
-4.5,-58.5,AMAZONAS,BORBA
-4.5,-58.25,AMAZONAS,NOVA OLINDA DO NORTE
-4.5,-57.75,AMAZONAS,MAUÉS
-4.5,-57.5,AMAZONAS,MAUÉS
-4.5,-56.5,PARÁ,ITAITUBA
-4.5,-56.25,PARÁ,ITAITUBA
-4.5,-56.0,PARÁ,ITAITUBA
-4.5,-55.75,PARÁ,ITAITUBA
-4.5,-55.5,PARÁ,RURÓPOLIS
-4.5,-55.25,PARÁ,RURÓPOLIS
-4.5,-55.0,PARÁ,RURÓPOLIS
-4.5,-54.75,PARÁ,ALTAMIRA
-4.5,-54.5,PARÁ,ALTAMIRA
-4.5,-54.25,PARÁ,ALTAMIRA
-4.5,-54.0,PARÁ,ALTAMIRA
-4.5,-53.75,PARÁ,ALTAMIRA
-4.5,-52.75,PARÁ,ALTAMIRA
-4.5,-52.5,PARÁ,ALTAMIRA
-4.5,-51.5,PARÁ,ANAPU
-4.5,-51.0,PARÁ,ANAPU
-4.5,-50.75,PARÁ,NOVO REPARTIMENTO
-4.5,-50.5,PARÁ,NOVO REPARTIMENTO
-4.5,-50.25,PARÁ,NOVO REPARTIMENTO
-4.5,-50.0,PARÁ,NOVO REPARTIMENTO
-4.5,-49.75,PARÁ,NOVO REPARTIMENTO
-4.5,-49.5,PARÁ,NOVO REPARTIMENTO
-4.5,-49.25,PARÁ,JACUNDÁ
-4.5,-49.0,PARÁ,JACUNDÁ
-4.5,-48.75,PARÁ,RONDON DO PARÁ
-4.5,-48.5,PARÁ,RONDON DO PARÁ
-4.5,-48.25,PARÁ,RONDON DO PARÁ
-4.5,-48.0,PARÁ,RONDON DO PARÁ
-4.5,-47.75,PARÁ,DOM ELISEU
-4.5,-47.5,MARANHÃO,ITINGA DO MARANHÃO
-4.5,-47.25,MARANHÃO,AÇAILÂNDIA
-4.5,-47.0,MARANHÃO,AÇAILÂNDIA
-4.5,-46.75,MARANHÃO,BOM JESUS DAS SELVAS
-4.5,-46.5,MARANHÃO,BOM JESUS DAS SELVAS
-4.5,-46.25,MARANHÃO,BURITICUPU
-4.5,-46.0,MARANHÃO,SANTA LUZIA
-4.5,-45.75,MARANHÃO,BREJO DE AREIA
-4.5,-45.5,MARANHÃO,PAULO RAMOS
-4.5,-45.25,MARANHÃO,PAULO RAMOS
-4.5,-45.0,MARANHÃO,BOM LUGAR
-4.5,-44.75,MARANHÃO,SÃO LUÍS GONZAGA DO MARANHÃO
-4.25,-70.75,AMAZONAS,ATALAIA DO NORTE
-4.25,-70.25,AMAZONAS,ATALAIA DO NORTE
-4.25,-70.0,AMAZONAS,BENJAMIN CONSTANT
-4.25,-69.75,AMAZONAS,BENJAMIN CONSTANT
-4.25,-69.5,AMAZONAS,TABATINGA
-4.25,-67.5,AMAZONAS,JUTAÍ
-4.25,-67.25,AMAZONAS,JUTAÍ
-4.25,-67.0,AMAZONAS,JUTAÍ
-4.25,-66.5,AMAZONAS,JURUÁ
-4.25,-65.25,AMAZONAS,TEFÉ
-4.25,-65.0,AMAZONAS,TEFÉ
-4.25,-64.25,AMAZONAS,COARI
-4.25,-64.0,AMAZONAS,COARI
-4.25,-63.75,AMAZONAS,COARI
-4.25,-63.5,AMAZONAS,COARI
-4.25,-63.25,AMAZONAS,COARI
-4.25,-63.0,AMAZONAS,COARI
-4.25,-62.5,AMAZONAS,ANORI
-4.25,-62.25,AMAZONAS,ANORI
-4.25,-62.0,AMAZONAS,ANORI
-4.25,-61.75,AMAZONAS,BERURI
-4.25,-61.0,AMAZONAS,BERURI
-4.25,-60.75,AMAZONAS,BORBA
-4.25,-60.5,AMAZONAS,BORBA
-4.25,-60.0,AMAZONAS,AUTAZES
-4.25,-59.75,AMAZONAS,BORBA
-4.25,-59.5,AMAZONAS,BORBA
-4.25,-59.25,AMAZONAS,BORBA
-4.25,-59.0,AMAZONAS,BORBA
-4.25,-58.75,AMAZONAS,BORBA
-4.25,-58.5,AMAZONAS,NOVA OLINDA DO NORTE
-4.25,-58.0,AMAZONAS,MAUÉS
-4.25,-57.75,AMAZONAS,MAUÉS
-4.25,-57.5,AMAZONAS,MAUÉS
-4.25,-57.0,PARÁ,ITAITUBA
-4.25,-56.5,PARÁ,ITAITUBA
-4.25,-56.25,PARÁ,ITAITUBA
-4.25,-56.0,PARÁ,ITAITUBA
-4.25,-55.75,PARÁ,RURÓPOLIS
-4.25,-55.5,PARÁ,RURÓPOLIS
-4.25,-55.25,PARÁ,RURÓPOLIS
-4.25,-55.0,PARÁ,RURÓPOLIS
-4.25,-54.75,PARÁ,PLACAS
-4.25,-54.5,PARÁ,PLACAS
-4.25,-54.25,PARÁ,PLACAS
-4.25,-54.0,PARÁ,URUARÁ
-4.25,-53.75,PARÁ,ALTAMIRA
-4.25,-53.5,PARÁ,ALTAMIRA
-4.25,-52.75,PARÁ,ALTAMIRA
-4.25,-52.5,PARÁ,ALTAMIRA
-4.25,-52.25,PARÁ,ALTAMIRA
-4.25,-52.0,PARÁ,ALTAMIRA
-4.25,-51.25,PARÁ,ANAPU
-4.25,-51.0,PARÁ,PACAJÁ
-4.25,-50.75,PARÁ,NOVO REPARTIMENTO
-4.25,-50.5,PARÁ,NOVO REPARTIMENTO
-4.25,-50.25,PARÁ,NOVO REPARTIMENTO
-4.25,-50.0,PARÁ,NOVO REPARTIMENTO
-4.25,-49.75,PARÁ,NOVO REPARTIMENTO
-4.25,-49.5,PARÁ,GOIANÉSIA DO PARÁ
-4.25,-49.25,PARÁ,GOIANÉSIA DO PARÁ
-4.25,-49.0,PARÁ,GOIANÉSIA DO PARÁ
-4.25,-48.75,PARÁ,RONDON DO PARÁ
-4.25,-48.5,PARÁ,RONDON DO PARÁ
-4.25,-48.25,PARÁ,RONDON DO PARÁ
-4.25,-48.0,PARÁ,DOM ELISEU
-4.25,-47.75,PARÁ,DOM ELISEU
-4.25,-47.5,PARÁ,DOM ELISEU
-4.25,-47.25,MARANHÃO,ITINGA DO MARANHÃO
-4.25,-47.0,MARANHÃO,BOM JARDIM
-4.25,-46.75,MARANHÃO,BOM JARDIM
-4.25,-46.5,MARANHÃO,BURITICUPU
-4.25,-46.25,MARANHÃO,BURITICUPU
-4.25,-46.0,MARANHÃO,SANTA LUZIA
-4.25,-45.75,MARANHÃO,SANTA LUZIA
-4.25,-45.5,MARANHÃO,BREJO DE AREIA
-4.25,-45.25,MARANHÃO,VITORINO FREIRE
-4.25,-45.0,MARANHÃO,BOM LUGAR
-4.25,-44.75,MARANHÃO,BACABAL
-4.0,-69.75,AMAZONAS,TABATINGA
-4.0,-69.5,AMAZONAS,TABATINGA
-4.0,-68.25,AMAZONAS,JUTAÍ
-4.0,-67.75,AMAZONAS,JUTAÍ
-4.0,-67.5,AMAZONAS,JUTAÍ
-4.0,-67.0,AMAZONAS,JUTAÍ
-4.0,-66.0,AMAZONAS,JURUÁ
-4.0,-65.25,AMAZONAS,TEFÉ
-4.0,-65.0,AMAZONAS,TEFÉ
-4.0,-64.75,AMAZONAS,TEFÉ
-4.0,-64.25,AMAZONAS,COARI
-4.0,-64.0,AMAZONAS,COARI
-4.0,-63.75,AMAZONAS,COARI
-4.0,-63.5,AMAZONAS,COARI
-4.0,-63.25,AMAZONAS,COARI
-4.0,-63.0,AMAZONAS,COARI
-4.0,-62.75,AMAZONAS,COARI
-4.0,-62.5,AMAZONAS,COARI
-4.0,-62.25,AMAZONAS,CODAJÁS
-4.0,-62.0,AMAZONAS,ANORI
-4.0,-61.75,AMAZONAS,ANORI
-4.0,-61.5,AMAZONAS,BERURI
-4.0,-61.25,AMAZONAS,BERURI
-4.0,-61.0,AMAZONAS,MANAQUIRI
-4.0,-60.75,AMAZONAS,MANAQUIRI
-4.0,-60.5,AMAZONAS,CAREIRO
-4.0,-60.25,AMAZONAS,CAREIRO
-4.0,-60.0,AMAZONAS,AUTAZES
-4.0,-59.75,AMAZONAS,AUTAZES
-4.0,-59.5,AMAZONAS,AUTAZES
-4.0,-59.25,AMAZONAS,BORBA
-4.0,-59.0,AMAZONAS,BORBA
-4.0,-58.75,AMAZONAS,NOVA OLINDA DO NORTE
-4.0,-58.5,AMAZONAS,NOVA OLINDA DO NORTE
-4.0,-58.25,AMAZONAS,MAUÉS
-4.0,-58.0,AMAZONAS,MAUÉS
-4.0,-57.75,AMAZONAS,MAUÉS
-4.0,-57.5,AMAZONAS,MAUÉS
-4.0,-57.25,AMAZONAS,MAUÉS
-4.0,-57.0,AMAZONAS,MAUÉS
-4.0,-56.25,PARÁ,AVEIRO
-4.0,-56.0,PARÁ,ITAITUBA
-4.0,-55.75,PARÁ,AVEIRO
-4.0,-55.5,PARÁ,AVEIRO
-4.0,-55.25,PARÁ,AVEIRO
-4.0,-55.0,PARÁ,RURÓPOLIS
-4.0,-54.75,PARÁ,PLACAS
-4.0,-54.5,PARÁ,PLACAS
-4.0,-54.25,PARÁ,PLACAS
-4.0,-54.0,PARÁ,URUARÁ
-4.0,-53.75,PARÁ,URUARÁ
-4.0,-53.5,PARÁ,URUARÁ
-4.0,-53.25,PARÁ,ALTAMIRA
-4.0,-52.5,PARÁ,ALTAMIRA
-4.0,-52.25,PARÁ,SENADOR JOSÉ PORFÍRIO
-4.0,-52.0,PARÁ,SENADOR JOSÉ PORFÍRIO
-4.0,-51.75,PARÁ,SENADOR JOSÉ PORFÍRIO
-4.0,-51.5,PARÁ,ANAPU
-4.0,-51.25,PARÁ,PACAJÁ
-4.0,-51.0,PARÁ,PACAJÁ
-4.0,-50.75,PARÁ,NOVO REPARTIMENTO
-4.0,-50.5,PARÁ,NOVO REPARTIMENTO
-4.0,-50.25,PARÁ,PACAJÁ
-4.0,-50.0,PARÁ,TUCURUÍ
-4.0,-49.75,PARÁ,TUCURUÍ
-4.0,-49.5,PARÁ,BREU BRANCO
-4.0,-49.25,PARÁ,BREU BRANCO
-4.0,-49.0,PARÁ,GOIANÉSIA DO PARÁ
-4.0,-48.75,PARÁ,GOIANÉSIA DO PARÁ
-4.0,-48.5,PARÁ,RONDON DO PARÁ
-4.0,-48.25,PARÁ,DOM ELISEU
-4.0,-48.0,PARÁ,DOM ELISEU
-4.0,-47.75,PARÁ,ULIANÓPOLIS
-4.0,-47.5,PARÁ,ULIANÓPOLIS
-4.0,-47.25,MARANHÃO,ITINGA DO MARANHÃO
-4.0,-47.0,MARANHÃO,ITINGA DO MARANHÃO
-4.0,-46.75,MARANHÃO,BOM JARDIM
-4.0,-46.5,MARANHÃO,BOM JARDIM
-4.0,-46.25,MARANHÃO,ALTO ALEGRE DO PINDARÉ
-4.0,-46.0,MARANHÃO,SANTA LUZIA
-4.0,-45.75,MARANHÃO,SANTA LUZIA
-4.0,-45.5,MARANHÃO,ALTAMIRA DO MARANHÃO
-4.0,-45.25,MARANHÃO,VITORINO FREIRE
-4.0,-45.0,MARANHÃO,LAGO VERDE
-4.0,-44.75,MARANHÃO,BACABAL
-4.0,-44.5,MARANHÃO,SÃO MATEUS DO MARANHÃO
-3.75,-69.5,AMAZONAS,SÃO PAULO DE OLIVENÇA
-3.75,-69.25,AMAZONAS,SÃO PAULO DE OLIVENÇA
-3.75,-69.0,AMAZONAS,SÃO PAULO DE OLIVENÇA
-3.75,-68.5,AMAZONAS,JUTAÍ
-3.75,-67.25,AMAZONAS,JUTAÍ
-3.75,-66.5,AMAZONAS,JURUÁ
-3.75,-66.25,AMAZONAS,JURUÁ
-3.75,-66.0,AMAZONAS,JURUÁ
-3.75,-65.5,AMAZONAS,ALVARÃES
-3.75,-65.25,AMAZONAS,ALVARÃES
-3.75,-65.0,AMAZONAS,TEFÉ
-3.75,-64.75,AMAZONAS,TEFÉ
-3.75,-64.5,AMAZONAS,TEFÉ
-3.75,-64.25,AMAZONAS,TEFÉ
-3.75,-64.0,AMAZONAS,COARI
-3.75,-63.75,AMAZONAS,COARI
-3.75,-63.5,AMAZONAS,COARI
-3.75,-63.25,AMAZONAS,COARI
-3.75,-63.0,AMAZONAS,COARI
-3.75,-62.75,AMAZONAS,COARI
-3.75,-62.5,AMAZONAS,CODAJÁS
-3.75,-62.25,AMAZONAS,CODAJÁS
-3.75,-62.0,AMAZONAS,CODAJÁS
-3.75,-61.75,AMAZONAS,ANORI
-3.75,-61.5,AMAZONAS,ANAMÃ
-3.75,-61.25,AMAZONAS,BERURI
-3.75,-61.0,AMAZONAS,MANACAPURU
-3.75,-60.75,AMAZONAS,MANAQUIRI
-3.75,-60.5,AMAZONAS,MANAQUIRI
-3.75,-60.25,AMAZONAS,CAREIRO
-3.75,-60.0,AMAZONAS,CAREIRO
-3.75,-59.75,AMAZONAS,AUTAZES
-3.75,-59.5,AMAZONAS,AUTAZES
-3.75,-59.25,AMAZONAS,AUTAZES
-3.75,-59.0,AMAZONAS,NOVA OLINDA DO NORTE
-3.75,-58.75,AMAZONAS,NOVA OLINDA DO NORTE
-3.75,-58.5,AMAZONAS,NOVA OLINDA DO NORTE
-3.75,-58.25,AMAZONAS,MAUÉS
-3.75,-58.0,AMAZONAS,MAUÉS
-3.75,-57.75,AMAZONAS,MAUÉS
-3.75,-57.5,AMAZONAS,MAUÉS
-3.75,-57.25,AMAZONAS,MAUÉS
-3.75,-57.0,AMAZONAS,MAUÉS
-3.75,-56.75,PARÁ,AVEIRO
-3.75,-56.5,PARÁ,AVEIRO
-3.75,-56.25,PARÁ,AVEIRO
-3.75,-56.0,PARÁ,AVEIRO
-3.75,-55.75,PARÁ,AVEIRO
-3.75,-55.5,PARÁ,AVEIRO
-3.75,-55.25,PARÁ,AVEIRO
-3.75,-54.75,PARÁ,PLACAS
-3.75,-54.5,PARÁ,PLACAS
-3.75,-54.25,PARÁ,PLACAS
-3.75,-54.0,PARÁ,URUARÁ
-3.75,-53.75,PARÁ,URUARÁ
-3.75,-53.5,PARÁ,URUARÁ
-3.75,-53.25,PARÁ,URUARÁ
-3.75,-52.75,PARÁ,BRASIL NOVO
-3.75,-52.5,PARÁ,ALTAMIRA
-3.75,-52.25,PARÁ,SENADOR JOSÉ PORFÍRIO
-3.75,-52.0,PARÁ,SENADOR JOSÉ PORFÍRIO
-3.75,-51.75,PARÁ,SENADOR JOSÉ PORFÍRIO
-3.75,-51.5,PARÁ,ANAPU
-3.75,-51.25,PARÁ,ANAPU
-3.75,-51.0,PARÁ,PACAJÁ
-3.75,-50.75,PARÁ,PACAJÁ
-3.75,-50.5,PARÁ,PACAJÁ
-3.75,-50.25,PARÁ,PACAJÁ
-3.75,-50.0,PARÁ,PACAJÁ
-3.75,-49.75,PARÁ,TUCURUÍ
-3.75,-49.5,PARÁ,BREU BRANCO
-3.75,-49.25,PARÁ,GOIANÉSIA DO PARÁ
-3.75,-49.0,PARÁ,GOIANÉSIA DO PARÁ
-3.75,-48.75,PARÁ,PARAGOMINAS
-3.75,-48.5,PARÁ,GOIANÉSIA DO PARÁ
-3.75,-48.25,PARÁ,PARAGOMINAS
-3.75,-48.0,PARÁ,PARAGOMINAS
-3.75,-47.75,PARÁ,ULIANÓPOLIS
-3.75,-47.5,PARÁ,ULIANÓPOLIS
-3.75,-47.25,PARÁ,ULIANÓPOLIS
-3.75,-47.0,MARANHÃO,ITINGA DO MARANHÃO
-3.75,-46.75,MARANHÃO,CENTRO NOVO DO MARANHÃO
-3.75,-46.5,MARANHÃO,BOM JARDIM
-3.75,-46.25,MARANHÃO,ALTO ALEGRE DO PINDARÉ
-3.75,-46.0,MARANHÃO,ALTO ALEGRE DO PINDARÉ
-3.75,-45.75,MARANHÃO,ALTO ALEGRE DO PINDARÉ
-3.75,-45.5,MARANHÃO,TUFILÂNDIA
-3.75,-45.25,MARANHÃO,BELA VISTA DO MARANHÃO
-3.75,-45.0,MARANHÃO,PIO XII
-3.75,-44.75,MARANHÃO,CONCEIÇÃO DO LAGO-AÇU
-3.75,-44.5,MARANHÃO,ARARI
-3.5,-69.5,AMAZONAS,SÃO PAULO DE OLIVENÇA
-3.5,-69.25,AMAZONAS,SÃO PAULO DE OLIVENÇA
-3.5,-69.0,AMAZONAS,SÃO PAULO DE OLIVENÇA
-3.5,-68.75,AMAZONAS,SÃO PAULO DE OLIVENÇA
-3.5,-68.5,AMAZONAS,AMATURÁ
-3.5,-68.25,AMAZONAS,AMATURÁ
-3.5,-67.5,AMAZONAS,JUTAÍ
-3.5,-67.25,AMAZONAS,JUTAÍ
-3.5,-66.5,AMAZONAS,JURUÁ
-3.5,-66.25,AMAZONAS,JURUÁ
-3.5,-66.0,AMAZONAS,JURUÁ
-3.5,-65.5,AMAZONAS,UARINI
-3.5,-65.25,AMAZONAS,ALVARÃES
-3.5,-65.0,AMAZONAS,ALVARÃES
-3.5,-64.75,AMAZONAS,TEFÉ
-3.5,-64.5,AMAZONAS,TEFÉ
-3.5,-64.25,AMAZONAS,TEFÉ
-3.5,-63.75,AMAZONAS,COARI
-3.5,-63.5,AMAZONAS,COARI
-3.5,-63.25,AMAZONAS,COARI
-3.5,-63.0,AMAZONAS,CODAJÁS
-3.5,-62.75,AMAZONAS,CODAJÁS
-3.5,-62.5,AMAZONAS,CODAJÁS
-3.5,-62.25,AMAZONAS,CODAJÁS
-3.5,-62.0,AMAZONAS,CODAJÁS
-3.5,-61.75,AMAZONAS,ANAMÃ
-3.5,-61.5,AMAZONAS,ANAMÃ
-3.5,-61.25,AMAZONAS,CAAPIRANGA
-3.5,-61.0,AMAZONAS,MANACAPURU
-3.5,-60.75,AMAZONAS,MANACAPURU
-3.5,-60.5,AMAZONAS,MANAQUIRI
-3.5,-60.25,AMAZONAS,CAREIRO
-3.5,-60.0,AMAZONAS,CAREIRO
-3.5,-59.75,AMAZONAS,CAREIRO
-3.5,-59.5,AMAZONAS,CAREIRO DA VÁRZEA
-3.5,-59.25,AMAZONAS,AUTAZES
-3.5,-59.0,AMAZONAS,AUTAZES
-3.5,-58.75,AMAZONAS,ITACOATIARA
-3.5,-58.5,AMAZONAS,ITACOATIARA
-3.5,-58.25,AMAZONAS,ITACOATIARA
-3.5,-58.0,AMAZONAS,MAUÉS
-3.5,-57.75,AMAZONAS,MAUÉS
-3.5,-57.5,AMAZONAS,MAUÉS
-3.5,-57.25,AMAZONAS,BARREIRINHA
-3.5,-57.0,AMAZONAS,BARREIRINHA
-3.5,-56.75,PARÁ,AVEIRO
-3.5,-56.5,PARÁ,AVEIRO
-3.5,-56.25,PARÁ,AVEIRO
-3.5,-55.5,PARÁ,AVEIRO
-3.5,-55.25,PARÁ,AVEIRO
-3.5,-55.0,PARÁ,BELTERRA
-3.5,-54.75,PARÁ,PLACAS
-3.5,-54.5,PARÁ,PLACAS
-3.5,-54.25,PARÁ,URUARÁ
-3.5,-54.0,PARÁ,URUARÁ
-3.5,-53.75,PARÁ,URUARÁ
-3.5,-53.5,PARÁ,URUARÁ
-3.5,-53.25,PARÁ,MEDICILÂNDIA
-3.5,-53.0,PARÁ,MEDICILÂNDIA
-3.5,-52.75,PARÁ,MEDICILÂNDIA
-3.5,-52.5,PARÁ,BRASIL NOVO
-3.5,-52.25,PARÁ,ALTAMIRA
-3.5,-52.0,PARÁ,SENADOR JOSÉ PORFÍRIO
-3.5,-51.75,PARÁ,ANAPU
-3.5,-51.5,PARÁ,ANAPU
-3.5,-51.25,PARÁ,ANAPU
-3.5,-51.0,PARÁ,PACAJÁ
-3.5,-50.75,PARÁ,PACAJÁ
-3.5,-50.5,PARÁ,PACAJÁ
-3.5,-50.25,PARÁ,PACAJÁ
-3.5,-50.0,PARÁ,PACAJÁ
-3.5,-49.75,PARÁ,BAIÃO
-3.5,-49.5,PARÁ,BREU BRANCO
-3.5,-49.25,PARÁ,BREU BRANCO
-3.5,-49.0,PARÁ,IPIXUNA DO PARÁ
-3.5,-48.75,PARÁ,IPIXUNA DO PARÁ
-3.5,-48.5,PARÁ,PARAGOMINAS
-3.5,-48.25,PARÁ,PARAGOMINAS
-3.5,-48.0,PARÁ,PARAGOMINAS
-3.5,-47.75,PARÁ,PARAGOMINAS
-3.5,-47.5,PARÁ,PARAGOMINAS
-3.5,-47.25,PARÁ,ULIANÓPOLIS
-3.5,-47.0,PARÁ,PARAGOMINAS
-3.5,-46.75,MARANHÃO,CENTRO NOVO DO MARANHÃO
-3.5,-46.5,MARANHÃO,SÃO JOÃO DO CARÚ
-3.5,-46.25,MARANHÃO,SÃO JOÃO DO CARÚ
-3.5,-46.0,MARANHÃO,BOM JARDIM
-3.5,-45.75,MARANHÃO,BOM JARDIM
-3.5,-45.5,MARANHÃO,MONÇÃO
-3.5,-45.25,MARANHÃO,MONÇÃO
-3.5,-45.0,MARANHÃO,VITÓRIA DO MEARIM
-3.5,-44.75,MARANHÃO,ARARI
-3.5,-44.5,MARANHÃO,MIRANDA DO NORTE
-3.5,-44.25,MARANHÃO,ITAPECURU MIRIM
-3.5,-44.0,MARANHÃO,ITAPECURU MIRIM
-3.25,-69.25,AMAZONAS,SANTO ANTÔNIO DO IÇÁ
-3.25,-68.5,AMAZONAS,AMATURÁ
-3.25,-68.25,AMAZONAS,AMATURÁ
-3.25,-68.0,AMAZONAS,AMATURÁ
-3.25,-67.25,AMAZONAS,JUTAÍ
-3.25,-67.0,AMAZONAS,JUTAÍ
-3.25,-66.25,AMAZONAS,JURUÁ
-3.25,-66.0,AMAZONAS,JURUÁ
-3.25,-65.75,AMAZONAS,UARINI
-3.25,-65.5,AMAZONAS,UARINI
-3.25,-65.25,AMAZONAS,UARINI
-3.25,-65.0,AMAZONAS,ALVARÃES
-3.25,-64.75,AMAZONAS,ALVARÃES
-3.25,-63.75,AMAZONAS,COARI
-3.25,-63.5,AMAZONAS,CODAJÁS
-3.25,-63.25,AMAZONAS,CODAJÁS
-3.25,-63.0,AMAZONAS,CODAJÁS
-3.25,-62.75,AMAZONAS,CODAJÁS
-3.25,-62.5,AMAZONAS,CODAJÁS
-3.25,-61.5,AMAZONAS,CAAPIRANGA
-3.25,-61.25,AMAZONAS,CAAPIRANGA
-3.25,-61.0,AMAZONAS,MANACAPURU
-3.25,-60.75,AMAZONAS,MANACAPURU
-3.25,-60.5,AMAZONAS,MANACAPURU
-3.25,-60.25,AMAZONAS,IRANDUBA
-3.25,-60.0,AMAZONAS,IRANDUBA
-3.25,-59.75,AMAZONAS,CAREIRO DA VÁRZEA
-3.25,-59.5,AMAZONAS,CAREIRO DA VÁRZEA
-3.25,-59.25,AMAZONAS,CAREIRO DA VÁRZEA
-3.25,-59.0,AMAZONAS,ITACOATIARA
-3.25,-58.75,AMAZONAS,ITACOATIARA
-3.25,-58.5,AMAZONAS,ITACOATIARA
-3.25,-58.25,AMAZONAS,ITACOATIARA
-3.25,-58.0,AMAZONAS,BOA VISTA DO RAMOS
-3.25,-57.75,AMAZONAS,MAUÉS
-3.25,-57.5,AMAZONAS,BOA VISTA DO RAMOS
-3.25,-57.25,AMAZONAS,BARREIRINHA
-3.25,-57.0,AMAZONAS,BARREIRINHA
-3.25,-56.75,AMAZONAS,PARINTINS
-3.25,-56.5,PARÁ,JURUTI
-3.25,-56.0,PARÁ,AVEIRO
-3.25,-55.75,PARÁ,SANTARÉM
-3.25,-55.5,PARÁ,AVEIRO
-3.25,-55.25,PARÁ,AVEIRO
-3.25,-55.0,PARÁ,BELTERRA
-3.25,-54.75,PARÁ,MOJUÍ DOS CAMPOS
-3.25,-54.5,PARÁ,MOJUÍ DOS CAMPOS
-3.25,-54.25,PARÁ,URUARÁ
-3.25,-54.0,PARÁ,URUARÁ
-3.25,-53.75,PARÁ,URUARÁ
-3.25,-53.5,PARÁ,MEDICILÂNDIA
-3.25,-53.25,PARÁ,MEDICILÂNDIA
-3.25,-53.0,PARÁ,MEDICILÂNDIA
-3.25,-52.75,PARÁ,BRASIL NOVO
-3.25,-52.5,PARÁ,BRASIL NOVO
-3.25,-52.25,PARÁ,ALTAMIRA
-3.25,-52.0,PARÁ,VITÓRIA DO XINGU
-3.25,-51.75,PARÁ,VITÓRIA DO XINGU
-3.25,-51.5,PARÁ,ANAPU
-3.25,-51.25,PARÁ,PACAJÁ
-3.25,-51.0,PARÁ,PACAJÁ
-3.25,-50.75,PARÁ,PORTEL
-3.25,-50.5,PARÁ,PORTEL
-3.25,-50.25,PARÁ,PORTEL
-3.25,-50.0,PARÁ,PACAJÁ
-3.25,-49.75,PARÁ,BAIÃO
-3.25,-49.5,PARÁ,MOJU
-3.25,-49.25,PARÁ,MOJU
-3.25,-49.0,PARÁ,MOJU
-3.25,-48.75,PARÁ,TAILÂNDIA
-3.25,-48.5,PARÁ,IPIXUNA DO PARÁ
-3.25,-48.25,PARÁ,PARAGOMINAS
-3.25,-48.0,PARÁ,PARAGOMINAS
-3.25,-47.75,PARÁ,PARAGOMINAS
-3.25,-47.5,PARÁ,PARAGOMINAS
-3.25,-47.25,PARÁ,PARAGOMINAS
-3.25,-47.0,PARÁ,PARAGOMINAS
-3.25,-46.75,PARÁ,PARAGOMINAS
-3.25,-46.5,MARANHÃO,CENTRO NOVO DO MARANHÃO
-3.25,-46.25,MARANHÃO,ZÉ DOCA
-3.25,-46.0,MARANHÃO,ZÉ DOCA
-3.25,-45.75,MARANHÃO,ZÉ DOCA
-3.25,-45.5,MARANHÃO,PENALVA
-3.25,-45.25,MARANHÃO,PENALVA
-3.25,-45.0,MARANHÃO,VIANA
-3.25,-44.75,MARANHÃO,ANAJATUBA
-3.25,-44.5,MARANHÃO,ANAJATUBA
-3.25,-44.25,MARANHÃO,SANTA RITA
-3.25,-44.0,MARANHÃO,PRESIDENTE JUSCELINO
-3.0,-69.5,AMAZONAS,SANTO ANTÔNIO DO IÇÁ
-3.0,-69.25,AMAZONAS,SANTO ANTÔNIO DO IÇÁ
-3.0,-69.0,AMAZONAS,SANTO ANTÔNIO DO IÇÁ
-3.0,-68.75,AMAZONAS,SANTO ANTÔNIO DO IÇÁ
-3.0,-68.5,AMAZONAS,SANTO ANTÔNIO DO IÇÁ
-3.0,-68.25,AMAZONAS,SANTO ANTÔNIO DO IÇÁ
-3.0,-68.0,AMAZONAS,SANTO ANTÔNIO DO IÇÁ
-3.0,-67.75,AMAZONAS,TONANTINS
-3.0,-67.25,AMAZONAS,JUTAÍ
-3.0,-67.0,AMAZONAS,JUTAÍ
-3.0,-66.75,AMAZONAS,JUTAÍ
-3.0,-66.25,AMAZONAS,JURUÁ
-3.0,-66.0,AMAZONAS,JURUÁ
-3.0,-65.75,AMAZONAS,JURUÁ
-3.0,-65.5,AMAZONAS,UARINI
-3.0,-65.25,AMAZONAS,UARINI
-3.0,-65.0,AMAZONAS,UARINI
-3.0,-64.75,AMAZONAS,ALVARÃES
-3.0,-64.5,AMAZONAS,MARAÃ
-3.0,-64.25,AMAZONAS,COARI
-3.0,-64.0,AMAZONAS,COARI
-3.0,-63.0,AMAZONAS,CODAJÁS
-3.0,-62.0,AMAZONAS,CAAPIRANGA
-3.0,-61.75,AMAZONAS,CAAPIRANGA
-3.0,-61.5,AMAZONAS,CAAPIRANGA
-3.0,-61.25,AMAZONAS,MANACAPURU
-3.0,-61.0,AMAZONAS,MANACAPURU
-3.0,-60.75,AMAZONAS,IRANDUBA
-3.0,-60.5,AMAZONAS,IRANDUBA
-3.0,-60.25,AMAZONAS,MANAUS
-3.0,-60.0,AMAZONAS,MANAUS
-3.0,-59.75,AMAZONAS,MANAUS
-3.0,-59.5,AMAZONAS,MANAUS
-3.0,-59.25,AMAZONAS,ITACOATIARA
-3.0,-59.0,AMAZONAS,ITACOATIARA
-3.0,-58.75,AMAZONAS,ITACOATIARA
-3.0,-58.5,AMAZONAS,SILVES
-3.0,-58.25,AMAZONAS,SILVES
-3.0,-58.0,AMAZONAS,URUCURITUBA
-3.0,-57.75,AMAZONAS,URUCURITUBA
-3.0,-57.5,AMAZONAS,BOA VISTA DO RAMOS
-3.0,-57.25,AMAZONAS,BARREIRINHA
-3.0,-57.0,AMAZONAS,PARINTINS
-3.0,-56.75,AMAZONAS,PARINTINS
-3.0,-56.5,PARÁ,JURUTI
-3.0,-56.0,PARÁ,SANTARÉM
-3.0,-55.75,PARÁ,SANTARÉM
-3.0,-55.5,PARÁ,SANTARÉM
-3.0,-55.25,PARÁ,SANTARÉM
-3.0,-55.0,PARÁ,BELTERRA
-3.0,-54.75,PARÁ,MOJUÍ DOS CAMPOS
-3.0,-54.5,PARÁ,MOJUÍ DOS CAMPOS
-3.0,-54.25,PARÁ,SANTARÉM
-3.0,-54.0,PARÁ,URUARÁ
-3.0,-53.75,PARÁ,URUARÁ
-3.0,-53.5,PARÁ,MEDICILÂNDIA
-3.0,-53.25,PARÁ,MEDICILÂNDIA
-3.0,-53.0,PARÁ,MEDICILÂNDIA
-3.0,-52.75,PARÁ,BRASIL NOVO
-3.0,-52.5,PARÁ,BRASIL NOVO
-3.0,-52.25,PARÁ,VITÓRIA DO XINGU
-3.0,-52.0,PARÁ,VITÓRIA DO XINGU
-3.0,-51.75,PARÁ,SENADOR JOSÉ PORFÍRIO
-3.0,-51.5,PARÁ,ANAPU
-3.0,-51.25,PARÁ,ANAPU
-3.0,-51.0,PARÁ,PORTEL
-3.0,-50.75,PARÁ,PORTEL
-3.0,-50.5,PARÁ,PORTEL
-3.0,-50.25,PARÁ,PORTEL
-3.0,-49.75,PARÁ,BAIÃO
-3.0,-49.5,PARÁ,MOJU
-3.0,-49.25,PARÁ,MOJU
-3.0,-49.0,PARÁ,MOJU
-3.0,-48.75,PARÁ,TAILÂNDIA
-3.0,-48.5,PARÁ,TOMÉ-AÇU
-3.0,-48.25,PARÁ,TOMÉ-AÇU
-3.0,-48.0,PARÁ,IPIXUNA DO PARÁ
-3.0,-47.75,PARÁ,PARAGOMINAS
-3.0,-47.5,PARÁ,PARAGOMINAS
-3.0,-47.25,PARÁ,PARAGOMINAS
-3.0,-47.0,PARÁ,PARAGOMINAS
-3.0,-46.75,PARÁ,PARAGOMINAS
-3.0,-46.5,MARANHÃO,CENTRO NOVO DO MARANHÃO
-3.0,-46.25,MARANHÃO,CENTRO NOVO DO MARANHÃO
-3.0,-46.0,MARANHÃO,NOVA OLINDA DO MARANHÃO
-3.0,-45.75,MARANHÃO,ARAGUANÃ
-3.0,-45.5,MARANHÃO,PEDRO DO ROSÁRIO
-3.0,-45.25,MARANHÃO,PEDRO DO ROSÁRIO
-3.0,-45.0,MARANHÃO,OLINDA NOVA DO MARANHÃO
-3.0,-44.75,MARANHÃO,SÃO JOÃO BATISTA
-3.0,-44.5,MARANHÃO,BACABEIRA
-3.0,-44.25,MARANHÃO,ROSÁRIO
-3.0,-44.0,MARANHÃO,PRESIDENTE JUSCELINO
-2.75,-68.0,AMAZONAS,TONANTINS
-2.75,-67.75,AMAZONAS,TONANTINS
-2.75,-67.5,AMAZONAS,TONANTINS
-2.75,-67.25,AMAZONAS,JUTAÍ
-2.75,-67.0,AMAZONAS,JUTAÍ
-2.75,-66.75,AMAZONAS,JUTAÍ
-2.75,-66.5,AMAZONAS,JUTAÍ
-2.75,-66.25,AMAZONAS,FONTE BOA
-2.75,-66.0,AMAZONAS,FONTE BOA
-2.75,-65.75,AMAZONAS,JURUÁ
-2.75,-65.5,AMAZONAS,JURUÁ
-2.75,-65.25,AMAZONAS,UARINI
-2.75,-64.75,AMAZONAS,MARAÃ
-2.75,-64.5,AMAZONAS,MARAÃ
-2.75,-62.0,AMAZONAS,CAAPIRANGA
-2.75,-61.25,AMAZONAS,NOVO AIRÃO
-2.75,-61.0,AMAZONAS,NOVO AIRÃO
-2.75,-60.75,AMAZONAS,IRANDUBA
-2.75,-60.5,AMAZONAS,MANAUS
-2.75,-60.25,AMAZONAS,MANAUS
-2.75,-60.0,AMAZONAS,MANAUS
-2.75,-59.75,AMAZONAS,RIO PRETO DA EVA
-2.75,-59.5,AMAZONAS,RIO PRETO DA EVA
-2.75,-59.25,AMAZONAS,ITACOATIARA
-2.75,-59.0,AMAZONAS,ITACOATIARA
-2.75,-58.75,AMAZONAS,SILVES
-2.75,-58.5,AMAZONAS,SILVES
-2.75,-58.25,AMAZONAS,SILVES
-2.75,-58.0,AMAZONAS,ITAPIRANGA
-2.75,-57.75,AMAZONAS,URUCURITUBA
-2.75,-57.5,AMAZONAS,URUCURITUBA
-2.75,-57.25,AMAZONAS,BARREIRINHA
-2.75,-57.0,AMAZONAS,BARREIRINHA
-2.75,-56.75,AMAZONAS,PARINTINS
-2.75,-56.5,AMAZONAS,PARINTINS
-2.75,-56.25,PARÁ,JURUTI
-2.75,-56.0,PARÁ,SANTARÉM
-2.75,-55.75,PARÁ,SANTARÉM
-2.75,-55.5,PARÁ,SANTARÉM
-2.75,-55.25,PARÁ,SANTARÉM
-2.75,-55.0,PARÁ,BELTERRA
-2.75,-54.75,PARÁ,MOJUÍ DOS CAMPOS
-2.75,-54.5,PARÁ,MOJUÍ DOS CAMPOS
-2.75,-54.25,PARÁ,SANTARÉM
-2.75,-54.0,PARÁ,PRAINHA
-2.75,-53.75,PARÁ,PRAINHA
-2.75,-53.5,PARÁ,MEDICILÂNDIA
-2.75,-53.25,PARÁ,MEDICILÂNDIA
-2.75,-53.0,PARÁ,MEDICILÂNDIA
-2.75,-52.75,PARÁ,BRASIL NOVO
-2.75,-52.5,PARÁ,BRASIL NOVO
-2.75,-52.25,PARÁ,PORTO DE MOZ
-2.75,-52.0,PARÁ,SENADOR JOSÉ PORFÍRIO
-2.75,-51.75,PARÁ,PORTEL
-2.75,-51.5,PARÁ,ANAPU
-2.75,-51.25,PARÁ,PORTEL
-2.75,-51.0,PARÁ,PORTEL
-2.75,-50.75,PARÁ,PORTEL
-2.75,-50.5,PARÁ,PORTEL
-2.75,-50.25,PARÁ,PORTEL
-2.75,-50.0,PARÁ,BAGRE
-2.75,-49.75,PARÁ,OEIRAS DO PARÁ
-2.75,-49.5,PARÁ,BAIÃO
-2.75,-49.25,PARÁ,MOJU
-2.75,-49.0,PARÁ,MOJU
-2.75,-48.75,PARÁ,TAILÂNDIA
-2.75,-48.5,PARÁ,TAILÂNDIA
-2.75,-48.25,PARÁ,TOMÉ-AÇU
-2.75,-48.0,PARÁ,IPIXUNA DO PARÁ
-2.75,-47.75,PARÁ,PARAGOMINAS
-2.75,-47.5,PARÁ,IPIXUNA DO PARÁ
-2.75,-47.25,PARÁ,NOVA ESPERANÇA DO PIRIÁ
-2.75,-47.0,PARÁ,PARAGOMINAS
-2.75,-46.75,PARÁ,PARAGOMINAS
-2.75,-46.5,PARÁ,PARAGOMINAS
-2.75,-46.25,MARANHÃO,CENTRO NOVO DO MARANHÃO
-2.75,-46.0,MARANHÃO,NOVA OLINDA DO MARANHÃO
-2.75,-45.75,MARANHÃO,NOVA OLINDA DO MARANHÃO
-2.75,-45.5,MARANHÃO,SANTA HELENA
-2.75,-45.25,MARANHÃO,PINHEIRO
-2.75,-45.0,MARANHÃO,SÃO BENTO
-2.75,-44.75,MARANHÃO,BACURITUBA
-2.75,-44.5,MARANHÃO,BACABEIRA
-2.75,-44.25,MARANHÃO,SÃO LUÍS
-2.75,-44.0,MARANHÃO,ICATU
-2.75,-43.75,MARANHÃO,ICATU
-2.5,-67.5,AMAZONAS,TONANTINS
-2.5,-67.25,AMAZONAS,TONANTINS
-2.5,-67.0,AMAZONAS,FONTE BOA
-2.5,-66.75,AMAZONAS,JUTAÍ
-2.5,-66.5,AMAZONAS,JUTAÍ
-2.5,-66.25,AMAZONAS,FONTE BOA
-2.5,-66.0,AMAZONAS,FONTE BOA
-2.5,-65.75,AMAZONAS,FONTE BOA
-2.5,-65.25,AMAZONAS,UARINI
-2.5,-65.0,AMAZONAS,MARAÃ
-2.5,-64.75,AMAZONAS,MARAÃ
-2.5,-61.0,AMAZONAS,NOVO AIRÃO
-2.5,-60.75,AMAZONAS,MANAUS
-2.5,-60.25,AMAZONAS,MANAUS
-2.5,-60.0,AMAZONAS,MANAUS
-2.5,-59.75,AMAZONAS,RIO PRETO DA EVA
-2.5,-59.5,AMAZONAS,RIO PRETO DA EVA
-2.5,-58.5,AMAZONAS,ITAPIRANGA
-2.5,-58.25,AMAZONAS,ITAPIRANGA
-2.5,-58.0,AMAZONAS,SÃO SEBASTIÃO DO UATUMÃ
-2.5,-57.75,AMAZONAS,URUCARÁ
-2.5,-57.5,AMAZONAS,URUCARÁ
-2.5,-57.25,AMAZONAS,PARINTINS
-2.5,-57.0,AMAZONAS,PARINTINS
-2.5,-56.75,AMAZONAS,PARINTINS
-2.5,-56.5,PARÁ,JURUTI
-2.5,-56.25,PARÁ,JURUTI
-2.5,-56.0,PARÁ,JURUTI
-2.5,-55.75,PARÁ,SANTARÉM
-2.5,-55.5,PARÁ,SANTARÉM
-2.5,-55.25,PARÁ,SANTARÉM
-2.5,-55.0,PARÁ,SANTARÉM
-2.5,-54.75,PARÁ,SANTARÉM
-2.5,-54.5,PARÁ,SANTARÉM
-2.5,-54.25,PARÁ,SANTARÉM
-2.5,-54.0,PARÁ,PRAINHA
-2.5,-53.75,PARÁ,PRAINHA
-2.5,-53.5,PARÁ,PRAINHA
-2.5,-53.25,PARÁ,PORTO DE MOZ
-2.5,-53.0,PARÁ,PORTO DE MOZ
-2.5,-52.75,PARÁ,PORTO DE MOZ
-2.5,-52.5,PARÁ,PORTO DE MOZ
-2.5,-52.25,PARÁ,PORTO DE MOZ
-2.5,-52.0,PARÁ,PORTO DE MOZ
-2.5,-51.75,PARÁ,PORTEL
-2.5,-51.5,PARÁ,PORTEL
-2.5,-51.25,PARÁ,PORTEL
-2.5,-51.0,PARÁ,PORTEL
-2.5,-50.75,PARÁ,PORTEL
-2.5,-50.5,PARÁ,PORTEL
-2.5,-50.25,PARÁ,BAGRE
-2.5,-50.0,PARÁ,OEIRAS DO PARÁ
-2.5,-49.75,PARÁ,CAMETÁ
-2.5,-49.5,PARÁ,CAMETÁ
-2.5,-49.25,PARÁ,MOCAJUBA
-2.5,-49.0,PARÁ,MOJU
-2.5,-48.75,PARÁ,ACARÁ
-2.5,-48.5,PARÁ,ACARÁ
-2.5,-48.25,PARÁ,TOMÉ-AÇU
-2.5,-48.0,PARÁ,TOMÉ-AÇU
-2.5,-47.75,PARÁ,IPIXUNA DO PARÁ
-2.5,-47.5,PARÁ,IPIXUNA DO PARÁ
-2.5,-47.25,PARÁ,CAPITÃO POÇO
-2.5,-47.0,PARÁ,NOVA ESPERANÇA DO PIRIÁ
-2.5,-46.75,PARÁ,PARAGOMINAS
-2.5,-46.5,PARÁ,NOVA ESPERANÇA DO PIRIÁ
-2.5,-46.25,MARANHÃO,CENTRO NOVO DO MARANHÃO
-2.5,-46.0,MARANHÃO,MARANHÃOZINHO
-2.5,-45.75,MARANHÃO,SANTA LUZIA DO PARUÁ
-2.5,-45.5,MARANHÃO,SANTA HELENA
-2.5,-45.25,MARANHÃO,PINHEIRO
-2.5,-45.0,MARANHÃO,PINHEIRO
-2.5,-44.75,MARANHÃO,BEQUIMÃO
-2.5,-44.5,MARANHÃO,ALCÂNTARA
-2.5,-44.25,MARANHÃO,PAÇO DO LUMIAR
-2.5,-44.0,MARANHÃO,ICATU
-2.5,-43.75,MARANHÃO,ICATU
-2.25,-67.25,AMAZONAS,TONANTINS
-2.25,-67.0,AMAZONAS,FONTE BOA
-2.25,-66.75,AMAZONAS,FONTE BOA
-2.25,-65.5,AMAZONAS,FONTE BOA
-2.25,-65.0,AMAZONAS,MARAÃ
-2.25,-64.75,AMAZONAS,MARAÃ
-2.25,-62.5,AMAZONAS,NOVO AIRÃO
-2.25,-61.5,AMAZONAS,NOVO AIRÃO
-2.25,-61.25,AMAZONAS,NOVO AIRÃO
-2.25,-60.75,AMAZONAS,MANAUS
-2.25,-60.25,AMAZONAS,MANAUS
-2.25,-60.0,AMAZONAS,MANAUS
-2.25,-59.75,AMAZONAS,RIO PRETO DA EVA
-2.25,-59.5,AMAZONAS,PRESIDENTE FIGUEIREDO
-2.25,-59.25,AMAZONAS,PRESIDENTE FIGUEIREDO
-2.25,-59.0,AMAZONAS,ITAPIRANGA
-2.25,-58.75,AMAZONAS,ITAPIRANGA
-2.25,-58.5,AMAZONAS,ITAPIRANGA
-2.25,-58.25,AMAZONAS,SÃO SEBASTIÃO DO UATUMÃ
-2.25,-58.0,AMAZONAS,SÃO SEBASTIÃO DO UATUMÃ
-2.25,-57.75,AMAZONAS,URUCARÁ
-2.25,-57.5,AMAZONAS,URUCARÁ
-2.25,-57.25,AMAZONAS,PARINTINS
-2.25,-57.0,AMAZONAS,NHAMUNDÁ
-2.25,-56.75,AMAZONAS,NHAMUNDÁ
-2.25,-56.5,PARÁ,TERRA SANTA
-2.25,-56.25,PARÁ,JURUTI
-2.25,-56.0,PARÁ,JURUTI
-2.25,-55.75,PARÁ,SANTARÉM
-2.25,-55.5,PARÁ,SANTARÉM
-2.25,-55.25,PARÁ,SANTARÉM
-2.25,-55.0,PARÁ,SANTARÉM
-2.25,-54.75,PARÁ,SANTARÉM
-2.25,-54.5,PARÁ,MONTE ALEGRE
-2.25,-54.25,PARÁ,MONTE ALEGRE
-2.25,-54.0,PARÁ,PRAINHA
-2.25,-53.75,PARÁ,PRAINHA
-2.25,-53.5,PARÁ,PRAINHA
-2.25,-53.25,PARÁ,PRAINHA
-2.25,-53.0,PARÁ,PORTO DE MOZ
-2.25,-52.75,PARÁ,PORTO DE MOZ
-2.25,-52.5,PARÁ,PORTO DE MOZ
-2.25,-52.25,PARÁ,PORTO DE MOZ
-2.25,-52.0,PARÁ,PORTO DE MOZ
-2.25,-51.75,PARÁ,PORTEL
-2.25,-51.5,PARÁ,PORTEL
-2.25,-51.25,PARÁ,PORTEL
-2.25,-51.0,PARÁ,PORTEL
-2.25,-50.75,PARÁ,PORTEL
-2.25,-50.5,PARÁ,PORTEL
-2.25,-50.25,PARÁ,BAGRE
-2.25,-50.0,PARÁ,OEIRAS DO PARÁ
-2.25,-49.75,PARÁ,CAMETÁ
-2.25,-49.5,PARÁ,CAMETÁ
-2.25,-49.25,PARÁ,IGARAPÉ-MIRI
-2.25,-49.0,PARÁ,MOJU
-2.25,-48.75,PARÁ,MOJU
-2.25,-48.5,PARÁ,ACARÁ
-2.25,-48.25,PARÁ,TOMÉ-AÇU
-2.25,-48.0,PARÁ,AURORA DO PARÁ
-2.25,-47.75,PARÁ,AURORA DO PARÁ
-2.25,-47.5,PARÁ,AURORA DO PARÁ
-2.25,-47.25,PARÁ,CAPITÃO POÇO
-2.25,-47.0,PARÁ,GARRAFÃO DO NORTE
-2.25,-46.75,PARÁ,NOVA ESPERANÇA DO PIRIÁ
-2.25,-46.5,PARÁ,CACHOEIRA DO PIRIÁ
-2.25,-46.25,MARANHÃO,CENTRO NOVO DO MARANHÃO
-2.25,-46.0,MARANHÃO,CENTRO DO GUILHERME
-2.25,-45.75,MARANHÃO,PRESIDENTE MÉDICI
-2.25,-45.5,MARANHÃO,TURILÂNDIA
-2.25,-45.25,MARANHÃO,SANTA HELENA
-2.25,-45.0,MARANHÃO,PINHEIRO
-2.25,-44.75,MARANHÃO,CENTRAL DO MARANHÃO
-2.25,-44.5,MARANHÃO,ALCÂNTARA
-2.25,-43.75,MARANHÃO,HUMBERTO DE CAMPOS
-2.0,-69.0,AMAZONAS,JAPURÁ
-2.0,-67.25,AMAZONAS,JAPURÁ
-2.0,-67.0,AMAZONAS,JAPURÁ
-2.0,-66.25,AMAZONAS,FONTE BOA
-2.0,-66.0,AMAZONAS,FONTE BOA
-2.0,-65.25,AMAZONAS,MARAÃ
-2.0,-65.0,AMAZONAS,BARCELOS
-2.0,-63.0,AMAZONAS,BARCELOS
-2.0,-62.5,AMAZONAS,BARCELOS
-2.0,-62.0,AMAZONAS,BARCELOS
-2.0,-61.75,AMAZONAS,NOVO AIRÃO
-2.0,-61.5,AMAZONAS,NOVO AIRÃO
-2.0,-61.25,AMAZONAS,NOVO AIRÃO
-2.0,-60.25,AMAZONAS,PRESIDENTE FIGUEIREDO
-2.0,-60.0,AMAZONAS,PRESIDENTE FIGUEIREDO
-2.0,-59.75,AMAZONAS,PRESIDENTE FIGUEIREDO
-2.0,-59.5,AMAZONAS,PRESIDENTE FIGUEIREDO
-2.0,-59.25,AMAZONAS,PRESIDENTE FIGUEIREDO
-2.0,-58.5,AMAZONAS,SÃO SEBASTIÃO DO UATUMÃ
-2.0,-58.25,AMAZONAS,SÃO SEBASTIÃO DO UATUMÃ
-2.0,-58.0,AMAZONAS,URUCARÁ
-2.0,-57.25,AMAZONAS,NHAMUNDÁ
-2.0,-57.0,AMAZONAS,NHAMUNDÁ
-2.0,-56.75,PARÁ,FARO
-2.0,-56.5,PARÁ,TERRA SANTA
-2.0,-56.25,PARÁ,TERRA SANTA
-2.0,-56.0,PARÁ,JURUTI
-2.0,-55.75,PARÁ,ÓBIDOS
-2.0,-55.5,PARÁ,ÓBIDOS
-2.0,-55.25,PARÁ,ÓBIDOS
-2.0,-55.0,PARÁ,CURUÁ
-2.0,-54.75,PARÁ,ALENQUER
-2.0,-54.5,PARÁ,ALENQUER
-2.0,-54.25,PARÁ,MONTE ALEGRE
-2.0,-54.0,PARÁ,MONTE ALEGRE
-2.0,-53.75,PARÁ,PRAINHA
-2.0,-53.5,PARÁ,PRAINHA
-2.0,-53.25,PARÁ,PRAINHA
-2.0,-53.0,PARÁ,PORTO DE MOZ
-2.0,-52.75,PARÁ,PORTO DE MOZ
-2.0,-52.5,PARÁ,PORTO DE MOZ
-2.0,-52.25,PARÁ,PORTO DE MOZ
-2.0,-52.0,PARÁ,PORTO DE MOZ
-2.0,-51.75,PARÁ,PORTEL
-2.0,-51.5,PARÁ,PORTEL
-2.0,-51.25,PARÁ,PORTEL
-2.0,-51.0,PARÁ,PORTEL
-2.0,-50.75,PARÁ,PORTEL
-2.0,-50.5,PARÁ,PORTEL
-2.0,-50.25,PARÁ,BAGRE
-2.0,-50.0,PARÁ,OEIRAS DO PARÁ
-2.0,-49.75,PARÁ,CAMETÁ
-2.0,-49.5,PARÁ,CAMETÁ
-2.0,-49.25,PARÁ,IGARAPÉ-MIRI
-2.0,-49.0,PARÁ,IGARAPÉ-MIRI
-2.0,-48.75,PARÁ,MOJU
-2.0,-48.5,PARÁ,ACARÁ
-2.0,-48.25,PARÁ,ACARÁ
-2.0,-48.0,PARÁ,ACARÁ
-2.0,-47.75,PARÁ,SÃO DOMINGOS DO CAPIM
-2.0,-47.5,PARÁ,MÃE DO RIO
-2.0,-47.25,PARÁ,CAPITÃO POÇO
-2.0,-47.0,PARÁ,GARRAFÃO DO NORTE
-2.0,-46.75,PARÁ,VISEU
-2.0,-46.5,PARÁ,CACHOEIRA DO PIRIÁ
-2.0,-46.25,PARÁ,CACHOEIRA DO PIRIÁ
-2.0,-46.0,MARANHÃO,MARACAÇUMÉ
-2.0,-45.75,MARANHÃO,GOVERNADOR NUNES FREIRE
-2.0,-45.5,MARANHÃO,TURIAÇU
-2.0,-45.25,MARANHÃO,TURILÂNDIA
-2.0,-45.0,MARANHÃO,SERRANO DO MARANHÃO
-2.0,-44.75,MARANHÃO,MIRINZAL
-2.0,-44.5,MARANHÃO,CEDRAL
-1.75,-69.0,AMAZONAS,JAPURÁ
-1.75,-67.25,AMAZONAS,JAPURÁ
-1.75,-67.0,AMAZONAS,JAPURÁ
-1.75,-66.75,AMAZONAS,JAPURÁ
-1.75,-66.5,AMAZONAS,JAPURÁ
-1.75,-65.75,AMAZONAS,MARAÃ
-1.75,-65.5,AMAZONAS,MARAÃ
-1.75,-63.0,AMAZONAS,BARCELOS
-1.75,-62.75,AMAZONAS,BARCELOS
-1.75,-62.5,AMAZONAS,BARCELOS
-1.75,-62.25,AMAZONAS,BARCELOS
-1.75,-62.0,AMAZONAS,BARCELOS
-1.75,-61.75,AMAZONAS,BARCELOS
-1.75,-61.5,AMAZONAS,NOVO AIRÃO
-1.75,-61.25,AMAZONAS,NOVO AIRÃO
-1.75,-61.0,AMAZONAS,NOVO AIRÃO
-1.75,-60.75,AMAZONAS,NOVO AIRÃO
-1.75,-60.5,AMAZONAS,PRESIDENTE FIGUEIREDO
-1.75,-60.25,AMAZONAS,PRESIDENTE FIGUEIREDO
-1.75,-60.0,AMAZONAS,PRESIDENTE FIGUEIREDO
-1.75,-59.75,AMAZONAS,PRESIDENTE FIGUEIREDO
-1.75,-59.5,AMAZONAS,PRESIDENTE FIGUEIREDO
-1.75,-58.5,AMAZONAS,SÃO SEBASTIÃO DO UATUMÃ
-1.75,-58.25,AMAZONAS,URUCARÁ
-1.75,-57.5,AMAZONAS,NHAMUNDÁ
-1.75,-57.25,AMAZONAS,NHAMUNDÁ
-1.75,-57.0,AMAZONAS,NHAMUNDÁ
-1.75,-56.5,PARÁ,TERRA SANTA
-1.75,-56.25,PARÁ,ORIXIMINÁ
-1.75,-56.0,PARÁ,ORIXIMINÁ
-1.75,-55.75,PARÁ,ÓBIDOS
-1.75,-55.5,PARÁ,ÓBIDOS
-1.75,-55.25,PARÁ,ÓBIDOS
-1.75,-55.0,PARÁ,ALENQUER
-1.75,-54.75,PARÁ,ALENQUER
-1.75,-54.5,PARÁ,ALENQUER
-1.75,-54.25,PARÁ,MONTE ALEGRE
-1.75,-54.0,PARÁ,MONTE ALEGRE
-1.75,-53.75,PARÁ,PRAINHA
-1.75,-53.5,PARÁ,PRAINHA
-1.75,-53.25,PARÁ,ALMEIRIM
-1.75,-53.0,PARÁ,PORTO DE MOZ
-1.75,-52.75,PARÁ,PORTO DE MOZ
-1.75,-52.5,PARÁ,PORTO DE MOZ
-1.75,-52.25,PARÁ,PORTO DE MOZ
-1.75,-52.0,PARÁ,PORTO DE MOZ
-1.75,-51.75,PARÁ,GURUPÁ
-1.75,-51.5,PARÁ,MELGAÇO
-1.75,-51.25,PARÁ,PORTEL
-1.75,-51.0,PARÁ,PORTEL
-1.75,-50.75,PARÁ,MELGAÇO
-1.75,-50.5,PARÁ,BREVES
-1.75,-50.25,PARÁ,CURRALINHO
-1.75,-50.0,PARÁ,CURRALINHO
-1.75,-49.75,PARÁ,CURRALINHO
-1.75,-49.5,PARÁ,LIMOEIRO DO AJURU
-1.75,-49.25,PARÁ,LIMOEIRO DO AJURU
-1.75,-49.0,PARÁ,ABAETETUBA
-1.75,-48.75,PARÁ,ABAETETUBA
-1.75,-48.5,PARÁ,ACARÁ
-1.75,-48.25,PARÁ,ACARÁ
-1.75,-48.0,PARÁ,CONCÓRDIA DO PARÁ
-1.75,-47.75,PARÁ,SÃO DOMINGOS DO CAPIM
-1.75,-47.5,PARÁ,IRITUIA
-1.75,-47.25,PARÁ,IRITUIA
-1.75,-47.0,PARÁ,CAPITÃO POÇO
-1.75,-46.75,PARÁ,VISEU
-1.75,-46.5,PARÁ,CACHOEIRA DO PIRIÁ
-1.75,-46.25,MARANHÃO,BOA VISTA DO GURUPI
-1.75,-46.0,MARANHÃO,AMAPÁ DO MARANHÃO
-1.75,-45.75,MARANHÃO,CÂNDIDO MENDES
-1.75,-45.5,MARANHÃO,TURIAÇU
-1.75,-45.25,MARANHÃO,BACURI
-1.75,-45.0,MARANHÃO,SERRANO DO MARANHÃO
-1.75,-44.75,MARANHÃO,CURURUPU
-1.5,-69.5,AMAZONAS,JAPURÁ
-1.5,-66.75,AMAZONAS,SANTA ISABEL DO RIO NEGRO
-1.5,-62.5,AMAZONAS,BARCELOS
-1.5,-62.0,AMAZONAS,BARCELOS
-1.5,-61.75,AMAZONAS,BARCELOS
-1.5,-61.5,AMAZONAS,BARCELOS
-1.5,-61.25,AMAZONAS,NOVO AIRÃO
-1.5,-61.0,AMAZONAS,NOVO AIRÃO
-1.5,-60.75,AMAZONAS,NOVO AIRÃO
-1.5,-60.5,AMAZONAS,PRESIDENTE FIGUEIREDO
-1.5,-60.25,AMAZONAS,PRESIDENTE FIGUEIREDO
-1.5,-60.0,AMAZONAS,PRESIDENTE FIGUEIREDO
-1.5,-58.5,AMAZONAS,URUCARÁ
-1.5,-58.0,AMAZONAS,NHAMUNDÁ
-1.5,-57.75,AMAZONAS,NHAMUNDÁ
-1.5,-57.5,AMAZONAS,NHAMUNDÁ
-1.5,-57.0,PARÁ,ORIXIMINÁ
-1.5,-56.75,PARÁ,ORIXIMINÁ
-1.5,-56.5,PARÁ,ORIXIMINÁ
-1.5,-56.25,PARÁ,ORIXIMINÁ
-1.5,-56.0,PARÁ,ORIXIMINÁ
-1.5,-55.75,PARÁ,ORIXIMINÁ
-1.5,-55.5,PARÁ,ÓBIDOS
-1.5,-55.25,PARÁ,ALENQUER
-1.5,-55.0,PARÁ,ALENQUER
-1.5,-54.75,PARÁ,ALENQUER
-1.5,-54.5,PARÁ,ALENQUER
-1.5,-54.25,PARÁ,MONTE ALEGRE
-1.5,-54.0,PARÁ,MONTE ALEGRE
-1.5,-53.75,PARÁ,PRAINHA
-1.5,-53.5,PARÁ,PRAINHA
-1.5,-53.25,PARÁ,ALMEIRIM
-1.5,-53.0,PARÁ,ALMEIRIM
-1.5,-52.75,PARÁ,ALMEIRIM
-1.5,-52.5,PARÁ,ALMEIRIM
-1.5,-52.25,PARÁ,ALMEIRIM
-1.5,-52.0,PARÁ,GURUPÁ
-1.5,-51.75,PARÁ,GURUPÁ
-1.5,-51.5,PARÁ,GURUPÁ
-1.5,-51.25,PARÁ,MELGAÇO
-1.5,-51.0,PARÁ,MELGAÇO
-1.5,-50.75,PARÁ,BREVES
-1.5,-50.5,PARÁ,BREVES
-1.5,-50.25,PARÁ,CURRALINHO
-1.5,-50.0,PARÁ,CURRALINHO
-1.5,-49.75,PARÁ,CURRALINHO
-1.5,-49.5,PARÁ,MUANÁ
-1.5,-49.25,PARÁ,MUANÁ
-1.5,-49.0,PARÁ,PONTA DE PEDRAS
-1.5,-48.75,PARÁ,BARCARENA
-1.5,-48.5,PARÁ,BARCARENA
-1.5,-48.25,PARÁ,BUJARU
-1.5,-48.0,PARÁ,BUJARU
-1.5,-47.75,PARÁ,SÃO MIGUEL DO GUAMÁ
-1.5,-47.5,PARÁ,SÃO MIGUEL DO GUAMÁ
-1.5,-47.25,PARÁ,BONITO
-1.5,-47.0,PARÁ,OURÉM
-1.5,-46.75,PARÁ,BRAGANÇA
-1.5,-46.5,PARÁ,VISEU
-1.5,-46.25,PARÁ,VISEU
-1.5,-46.0,MARANHÃO,CARUTAPERA
-1.5,-45.75,MARANHÃO,CÂNDIDO MENDES
-1.5,-45.5,MARANHÃO,TURIAÇU
-1.5,-45.25,MARANHÃO,APICUM-AÇU
-1.5,-45.0,MARANHÃO,APICUM-AÇU
-1.25,-69.0,AMAZONAS,JAPURÁ
-1.25,-68.5,AMAZONAS,JAPURÁ
-1.25,-66.25,AMAZONAS,SANTA ISABEL DO RIO NEGRO
-1.25,-64.5,AMAZONAS,BARCELOS
-1.25,-63.0,AMAZONAS,BARCELOS
-1.25,-62.75,AMAZONAS,BARCELOS
-1.25,-62.5,AMAZONAS,BARCELOS
-1.25,-62.25,AMAZONAS,BARCELOS
-1.25,-62.0,RORAIMA,CARACARAÍ
-1.25,-61.75,RORAIMA,RORAINÓPOLIS
-1.25,-61.5,AMAZONAS,NOVO AIRÃO
-1.25,-61.25,AMAZONAS,NOVO AIRÃO
-1.25,-60.5,AMAZONAS,PRESIDENTE FIGUEIREDO
-1.25,-60.25,AMAZONAS,PRESIDENTE FIGUEIREDO
-1.25,-58.0,AMAZONAS,NHAMUNDÁ
-1.25,-57.25,PARÁ,ORIXIMINÁ
-1.25,-57.0,PARÁ,ORIXIMINÁ
-1.25,-56.75,PARÁ,ORIXIMINÁ
-1.25,-56.5,PARÁ,ORIXIMINÁ
-1.25,-56.25,PARÁ,ORIXIMINÁ
-1.25,-56.0,PARÁ,ORIXIMINÁ
-1.25,-55.75,PARÁ,ÓBIDOS
-1.25,-55.5,PARÁ,ÓBIDOS
-1.25,-55.25,PARÁ,ALENQUER
-1.25,-55.0,PARÁ,ALENQUER
-1.25,-54.75,PARÁ,ALENQUER
-1.25,-54.5,PARÁ,MONTE ALEGRE
-1.25,-54.25,PARÁ,MONTE ALEGRE
-1.25,-54.0,PARÁ,MONTE ALEGRE
-1.25,-53.75,PARÁ,PRAINHA
-1.25,-53.5,PARÁ,ALMEIRIM
-1.25,-53.25,PARÁ,ALMEIRIM
-1.25,-53.0,PARÁ,ALMEIRIM
-1.25,-52.75,PARÁ,ALMEIRIM
-1.25,-52.5,PARÁ,ALMEIRIM
-1.25,-52.25,PARÁ,ALMEIRIM
-1.25,-52.0,PARÁ,ALMEIRIM
-1.25,-51.75,PARÁ,GURUPÁ
-1.25,-51.5,PARÁ,GURUPÁ
-1.25,-51.25,PARÁ,MELGAÇO
-1.25,-51.0,PARÁ,MELGAÇO
-1.25,-50.75,PARÁ,BREVES
-1.25,-50.5,PARÁ,BREVES
-1.25,-50.25,PARÁ,BREVES
-1.25,-50.0,PARÁ,BREVES
-1.25,-49.75,PARÁ,SÃO SEBASTIÃO DA BOA VISTA
-1.25,-49.5,PARÁ,MUANÁ
-1.25,-49.25,PARÁ,MUANÁ
-1.25,-49.0,PARÁ,PONTA DE PEDRAS
-1.25,-48.75,PARÁ,PONTA DE PEDRAS
-1.25,-48.5,PARÁ,BELÉM
-1.25,-48.25,PARÁ,SANTA BÁRBARA DO PARÁ
-1.25,-48.0,PARÁ,CASTANHAL
-1.25,-47.75,PARÁ,SÃO FRANCISCO DO PARÁ
-1.25,-47.5,PARÁ,NOVA TIMBOTEUA
-1.25,-47.25,PARÁ,BONITO
-1.25,-47.0,PARÁ,BRAGANÇA
-1.25,-46.75,PARÁ,BRAGANÇA
-1.25,-46.5,PARÁ,AUGUSTO CORRÊA
-1.25,-46.25,PARÁ,VISEU
-1.25,-46.0,MARANHÃO,CARUTAPERA
-1.25,-45.75,MARANHÃO,GODOFREDO VIANA
-1.25,-45.25,MARANHÃO,TURIAÇU
-1.0,-67.25,AMAZONAS,SÃO GABRIEL DA CACHOEIRA
-1.0,-63.0,AMAZONAS,BARCELOS
-1.0,-62.75,AMAZONAS,BARCELOS
-1.0,-62.5,AMAZONAS,BARCELOS
-1.0,-62.0,RORAIMA,CARACARAÍ
-1.0,-61.5,RORAIMA,RORAINÓPOLIS
-1.0,-61.25,AMAZONAS,NOVO AIRÃO
-1.0,-60.5,AMAZONAS,PRESIDENTE FIGUEIREDO
-1.0,-60.25,AMAZONAS,PRESIDENTE FIGUEIREDO
-1.0,-58.0,PARÁ,FARO
-1.0,-57.75,PARÁ,ORIXIMINÁ
-1.0,-57.5,PARÁ,ORIXIMINÁ
-1.0,-57.25,PARÁ,ORIXIMINÁ
-1.0,-57.0,PARÁ,ORIXIMINÁ
-1.0,-56.25,PARÁ,ORIXIMINÁ
-1.0,-56.0,PARÁ,ÓBIDOS
-1.0,-55.5,PARÁ,ÓBIDOS
-1.0,-54.25,PARÁ,MONTE ALEGRE
-1.0,-54.0,PARÁ,MONTE ALEGRE
-1.0,-53.75,PARÁ,PRAINHA
-1.0,-53.5,PARÁ,ALMEIRIM
-1.0,-53.25,PARÁ,ALMEIRIM
-1.0,-53.0,PARÁ,ALMEIRIM
-1.0,-52.75,PARÁ,ALMEIRIM
-1.0,-52.5,PARÁ,ALMEIRIM
-1.0,-52.25,AMAPÁ,VITÓRIA DO JARI
-1.0,-52.0,AMAPÁ,VITÓRIA DO JARI
-1.0,-51.75,AMAPÁ,VITÓRIA DO JARI
-1.0,-51.25,PARÁ,GURUPÁ
-1.0,-51.0,PARÁ,BREVES
-1.0,-50.75,PARÁ,BREVES
-1.0,-50.5,PARÁ,BREVES
-1.0,-50.25,PARÁ,BREVES
-1.0,-50.0,PARÁ,ANAJÁS
-1.0,-49.75,PARÁ,ANAJÁS
-1.0,-49.5,PARÁ,ANAJÁS
-1.0,-49.25,PARÁ,MUANÁ
-1.0,-49.0,PARÁ,PONTA DE PEDRAS
-1.0,-48.75,PARÁ,CACHOEIRA DO ARARI
-1.0,-48.5,PARÁ,SALVATERRA
-1.0,-48.25,PARÁ,COLARES
-1.0,-48.0,PARÁ,SÃO CAETANO DE ODIVELAS
-1.0,-47.75,PARÁ,MARAPANIM
-1.0,-47.5,PARÁ,MARACANÃ
-1.0,-47.25,PARÁ,PEIXE-BOI
-1.0,-47.0,PARÁ,TRACUATEUA
-1.0,-46.75,PARÁ,BRAGANÇA
-1.0,-46.5,PARÁ,AUGUSTO CORRÊA
-1.0,-46.25,PARÁ,VISEU
-1.0,-46.0,PARÁ,VISEU
-0.75,-69.25,AMAZONAS,JAPURÁ
-0.75,-65.0,AMAZONAS,SANTA ISABEL DO RIO NEGRO
-0.75,-64.75,AMAZONAS,BARCELOS
-0.75,-63.5,AMAZONAS,BARCELOS
-0.75,-63.25,AMAZONAS,BARCELOS
-0.75,-63.0,AMAZONAS,BARCELOS
-0.75,-62.75,AMAZONAS,BARCELOS
-0.75,-62.0,RORAIMA,CARACARAÍ
-0.75,-61.75,RORAIMA,RORAINÓPOLIS
-0.75,-61.5,AMAZONAS,NOVO AIRÃO
-0.75,-60.75,AMAZONAS,NOVO AIRÃO
-0.75,-60.25,AMAZONAS,PRESIDENTE FIGUEIREDO
-0.75,-60.0,AMAZONAS,PRESIDENTE FIGUEIREDO
-0.75,-59.75,AMAZONAS,URUCARÁ
-0.75,-59.5,AMAZONAS,URUCARÁ
-0.75,-58.0,PARÁ,ORIXIMINÁ
-0.75,-57.75,PARÁ,ORIXIMINÁ
-0.75,-57.5,PARÁ,ORIXIMINÁ
-0.75,-57.25,PARÁ,ORIXIMINÁ
-0.75,-53.25,PARÁ,ALMEIRIM
-0.75,-53.0,PARÁ,ALMEIRIM
-0.75,-52.75,PARÁ,ALMEIRIM
-0.75,-52.5,AMAPÁ,LARANJAL DO JARI
-0.75,-52.25,AMAPÁ,LARANJAL DO JARI
-0.75,-52.0,AMAPÁ,LARANJAL DO JARI
-0.75,-51.75,AMAPÁ,MAZAGÃO
-0.75,-51.5,PARÁ,GURUPÁ
-0.75,-50.75,PARÁ,BREVES
-0.75,-50.5,PARÁ,BREVES
-0.75,-50.25,PARÁ,ANAJÁS
-0.75,-49.75,PARÁ,ANAJÁS
-0.75,-49.5,PARÁ,SANTA CRUZ DO ARARI
-0.75,-49.25,PARÁ,SANTA CRUZ DO ARARI
-0.75,-49.0,PARÁ,CACHOEIRA DO ARARI
-0.75,-48.75,PARÁ,SALVATERRA
-0.75,-48.5,PARÁ,SALVATERRA
-0.75,-48.25,PARÁ,COLARES
-0.75,-48.0,PARÁ,SÃO JOÃO DA PONTA
-0.75,-47.75,PARÁ,MARAPANIM
-0.75,-47.5,PARÁ,MARACANÃ
-0.75,-47.25,PARÁ,SÃO JOÃO DE PIRABAS
-0.75,-47.0,PARÁ,SÃO JOÃO DE PIRABAS
-0.5,-66.5,AMAZONAS,SÃO GABRIEL DA CACHOEIRA
-0.5,-66.25,AMAZONAS,SÃO GABRIEL DA CACHOEIRA
-0.5,-66.0,AMAZONAS,SANTA ISABEL DO RIO NEGRO
-0.5,-65.25,AMAZONAS,SANTA ISABEL DO RIO NEGRO
-0.5,-65.0,AMAZONAS,SANTA ISABEL DO RIO NEGRO
-0.5,-64.75,AMAZONAS,BARCELOS
-0.5,-64.5,AMAZONAS,BARCELOS
-0.5,-64.25,AMAZONAS,BARCELOS
-0.5,-64.0,AMAZONAS,BARCELOS
-0.5,-63.75,AMAZONAS,BARCELOS
-0.5,-63.5,AMAZONAS,BARCELOS
-0.5,-63.25,AMAZONAS,BARCELOS
-0.5,-63.0,AMAZONAS,BARCELOS
-0.5,-62.75,AMAZONAS,BARCELOS
-0.5,-61.75,RORAIMA,RORAINÓPOLIS
-0.5,-61.25,AMAZONAS,NOVO AIRÃO
-0.5,-61.0,AMAZONAS,NOVO AIRÃO
-0.5,-60.25,AMAZONAS,PRESIDENTE FIGUEIREDO
-0.5,-58.25,PARÁ,ORIXIMINÁ
-0.5,-58.0,PARÁ,ORIXIMINÁ
-0.5,-56.75,PARÁ,ORIXIMINÁ
-0.5,-55.75,PARÁ,ÓBIDOS
-0.5,-52.5,AMAPÁ,LARANJAL DO JARI
-0.5,-52.25,AMAPÁ,LARANJAL DO JARI
-0.5,-52.0,AMAPÁ,MAZAGÃO
-0.5,-51.75,AMAPÁ,MAZAGÃO
-0.5,-51.5,AMAPÁ,MAZAGÃO
-0.5,-51.25,PARÁ,GURUPÁ
-0.5,-50.75,PARÁ,AFUÁ
-0.5,-50.25,PARÁ,ANAJÁS
-0.5,-50.0,PARÁ,CHAVES
-0.5,-49.75,PARÁ,CHAVES
-0.5,-49.5,PARÁ,SANTA CRUZ DO ARARI
-0.5,-49.25,PARÁ,SANTA CRUZ DO ARARI
-0.5,-49.0,PARÁ,CACHOEIRA DO ARARI
-0.5,-48.75,PARÁ,SOURE
-0.5,-48.5,PARÁ,SOURE
-0.5,-47.75,PARÁ,CURUÇÁ
-0.5,-47.5,PARÁ,MARACANÃ
-0.5,-47.25,PARÁ,SALINÓPOLIS
-0.25,-69.25,AMAZONAS,SÃO GABRIEL DA CACHOEIRA
-0.25,-67.25,AMAZONAS,SÃO GABRIEL DA CACHOEIRA
-0.25,-67.0,AMAZONAS,SÃO GABRIEL DA CACHOEIRA
-0.25,-66.75,AMAZONAS,SÃO GABRIEL DA CACHOEIRA
-0.25,-66.5,AMAZONAS,SÃO GABRIEL DA CACHOEIRA
-0.25,-66.25,AMAZONAS,SÃO GABRIEL DA CACHOEIRA
-0.25,-65.75,AMAZONAS,SANTA ISABEL DO RIO NEGRO
-0.25,-65.5,AMAZONAS,SANTA ISABEL DO RIO NEGRO
-0.25,-65.0,AMAZONAS,SANTA ISABEL DO RIO NEGRO
-0.25,-64.25,AMAZONAS,SANTA ISABEL DO RIO NEGRO
-0.25,-63.75,AMAZONAS,BARCELOS
-0.25,-63.5,AMAZONAS,BARCELOS
-0.25,-63.25,AMAZONAS,BARCELOS
-0.25,-63.0,AMAZONAS,BARCELOS
-0.25,-62.75,AMAZONAS,BARCELOS
-0.25,-61.25,RORAIMA,RORAINÓPOLIS
-0.25,-61.0,RORAIMA,RORAINÓPOLIS
-0.25,-60.75,RORAIMA,RORAINÓPOLIS
-0.25,-60.25,AMAZONAS,PRESIDENTE FIGUEIREDO
-0.25,-59.25,AMAZONAS,URUCARÁ
-0.25,-56.0,PARÁ,ÓBIDOS
-0.25,-55.75,PARÁ,ÓBIDOS
-0.25,-53.5,PARÁ,ALMEIRIM
-0.25,-53.25,PARÁ,ALMEIRIM
-0.25,-53.0,PARÁ,ALMEIRIM
-0.25,-52.75,PARÁ,ALMEIRIM
-0.25,-52.0,AMAPÁ,MAZAGÃO
-0.25,-51.75,AMAPÁ,MAZAGÃO
-0.25,-51.5,AMAPÁ,MAZAGÃO
-0.25,-51.25,AMAPÁ,MAZAGÃO
-0.25,-50.25,PARÁ,AFUÁ
-0.25,-50.0,PARÁ,CHAVES
-0.25,-49.75,PARÁ,CHAVES
-0.25,-49.5,PARÁ,CHAVES
-0.25,-49.25,PARÁ,CHAVES
-0.25,-49.0,PARÁ,CHAVES
-0.25,-48.75,PARÁ,SOURE
-0.25,-48.5,PARÁ,SOURE
-0.0,-70.0,AMAZONAS,SÃO GABRIEL DA CACHOEIRA
-0.0,-69.75,AMAZONAS,SÃO GABRIEL DA CACHOEIRA
-0.0,-69.0,AMAZONAS,SÃO GABRIEL DA CACHOEIRA
-0.0,-68.75,AMAZONAS,SÃO GABRIEL DA CACHOEIRA
-0.0,-68.5,AMAZONAS,SÃO GABRIEL DA CACHOEIRA
-0.0,-67.75,AMAZONAS,SÃO GABRIEL DA CACHOEIRA
-0.0,-67.5,AMAZONAS,SÃO GABRIEL DA CACHOEIRA
-0.0,-67.25,AMAZONAS,SÃO GABRIEL DA CACHOEIRA
-0.0,-67.0,AMAZONAS,SÃO GABRIEL DA CACHOEIRA
-0.0,-66.75,AMAZONAS,SÃO GABRIEL DA CACHOEIRA
-0.0,-65.25,AMAZONAS,SANTA ISABEL DO RIO NEGRO
-0.0,-65.0,AMAZONAS,SANTA ISABEL DO RIO NEGRO
-0.0,-63.5,AMAZONAS,BARCELOS
-0.0,-63.25,AMAZONAS,BARCELOS
-0.0,-63.0,AMAZONAS,BARCELOS
-0.0,-62.75,AMAZONAS,BARCELOS
-0.0,-62.5,AMAZONAS,BARCELOS
-0.0,-62.25,RORAIMA,CARACARAÍ
-0.0,-61.75,RORAIMA,CARACARAÍ
-0.0,-61.0,RORAIMA,RORAINÓPOLIS
-0.0,-60.75,RORAIMA,RORAINÓPOLIS
-0.0,-60.5,RORAIMA,RORAINÓPOLIS
-0.0,-58.25,PARÁ,ORIXIMINÁ
-0.0,-58.0,PARÁ,ORIXIMINÁ
-0.0,-57.0,PARÁ,ORIXIMINÁ
-0.0,-53.25,PARÁ,ALMEIRIM
-0.0,-52.0,AMAPÁ,MAZAGÃO
-0.0,-51.75,AMAPÁ,MAZAGÃO
-0.0,-51.5,AMAPÁ,MAZAGÃO
-0.0,-51.25,AMAPÁ,SANTANA
-0.0,-51.0,AMAPÁ,MACAPÁ
-0.0,-50.75,PARÁ,AFUÁ
-0.0,-50.5,PARÁ,AFUÁ
-0.0,-50.25,PARÁ,CHAVES
-0.0,-50.0,PARÁ,CHAVES
-0.0,-49.75,PARÁ,CHAVES
-0.0,-49.5,PARÁ,CHAVES
0.25,-70.0,AMAZONAS,SÃO GABRIEL DA CACHOEIRA
0.25,-69.75,AMAZONAS,SÃO GABRIEL DA CACHOEIRA
0.25,-69.5,AMAZONAS,SÃO GABRIEL DA CACHOEIRA
0.25,-69.25,AMAZONAS,SÃO GABRIEL DA CACHOEIRA
0.25,-69.0,AMAZONAS,SÃO GABRIEL DA CACHOEIRA
0.25,-68.75,AMAZONAS,SÃO GABRIEL DA CACHOEIRA
0.25,-68.5,AMAZONAS,SÃO GABRIEL DA CACHOEIRA
0.25,-67.25,AMAZONAS,SÃO GABRIEL DA CACHOEIRA
0.25,-66.75,AMAZONAS,SÃO GABRIEL DA CACHOEIRA
0.25,-65.0,AMAZONAS,SANTA ISABEL DO RIO NEGRO
0.25,-63.75,AMAZONAS,BARCELOS
0.25,-63.5,AMAZONAS,BARCELOS
0.25,-63.25,AMAZONAS,BARCELOS
0.25,-62.5,AMAZONAS,BARCELOS
0.25,-62.0,RORAIMA,CARACARAÍ
0.25,-61.25,RORAIMA,RORAINÓPOLIS
0.25,-61.0,RORAIMA,RORAINÓPOLIS
0.25,-60.75,RORAIMA,RORAINÓPOLIS
0.25,-60.5,RORAIMA,RORAINÓPOLIS
0.25,-60.25,RORAIMA,RORAINÓPOLIS
0.25,-59.5,RORAIMA,CAROEBE
0.25,-54.5,PARÁ,ALMEIRIM
0.25,-53.5,PARÁ,ALMEIRIM
0.25,-53.25,PARÁ,ALMEIRIM
0.25,-51.75,AMAPÁ,MAZAGÃO
0.25,-51.5,AMAPÁ,SANTANA
0.25,-51.25,AMAPÁ,MACAPÁ
0.25,-51.0,AMAPÁ,MACAPÁ
0.25,-50.75,AMAPÁ,MACAPÁ
0.25,-50.5,PARÁ,CHAVES
0.25,-50.25,PARÁ,CHAVES
0.25,-50.0,PARÁ,CHAVES
0.25,-49.75,PARÁ,CHAVES
0.5,-70.0,AMAZONAS,SÃO GABRIEL DA CACHOEIRA
0.5,-69.75,AMAZONAS,SÃO GABRIEL DA CACHOEIRA
0.5,-69.5,AMAZONAS,SÃO GABRIEL DA CACHOEIRA
0.5,-69.25,AMAZONAS,SÃO GABRIEL DA CACHOEIRA
0.5,-68.75,AMAZONAS,SÃO GABRIEL DA CACHOEIRA
0.5,-67.75,AMAZONAS,SÃO GABRIEL DA CACHOEIRA
0.5,-67.5,AMAZONAS,SÃO GABRIEL DA CACHOEIRA
0.5,-67.25,AMAZONAS,SÃO GABRIEL DA CACHOEIRA
0.5,-66.75,AMAZONAS,SÃO GABRIEL DA CACHOEIRA
0.5,-66.25,AMAZONAS,SANTA ISABEL DO RIO NEGRO
0.5,-66.0,AMAZONAS,SANTA ISABEL DO RIO NEGRO
0.5,-65.75,AMAZONAS,SANTA ISABEL DO RIO NEGRO
0.5,-65.0,AMAZONAS,SANTA ISABEL DO RIO NEGRO
0.5,-64.5,AMAZONAS,SANTA ISABEL DO RIO NEGRO
0.5,-63.75,AMAZONAS,BARCELOS
0.5,-63.5,AMAZONAS,BARCELOS
0.5,-62.5,AMAZONAS,BARCELOS
0.5,-60.75,RORAIMA,RORAINÓPOLIS
0.5,-60.5,RORAIMA,RORAINÓPOLIS
0.5,-60.25,RORAIMA,RORAINÓPOLIS
0.5,-60.0,RORAIMA,SÃO JOÃO DA BALIZA
0.5,-59.75,RORAIMA,CAROEBE
0.5,-59.25,RORAIMA,CAROEBE
0.5,-57.25,PARÁ,ORIXIMINÁ
0.5,-56.75,PARÁ,ORIXIMINÁ
0.5,-56.0,PARÁ,ORIXIMINÁ
0.5,-54.25,PARÁ,ALMEIRIM
0.5,-54.0,PARÁ,ALMEIRIM
0.5,-53.75,PARÁ,ALMEIRIM
0.5,-52.0,AMAPÁ,PORTO GRANDE
0.5,-51.75,AMAPÁ,PORTO GRANDE
0.5,-51.5,AMAPÁ,PORTO GRANDE
0.5,-51.25,AMAPÁ,PORTO GRANDE
0.5,-51.0,AMAPÁ,MACAPÁ
0.5,-50.75,AMAPÁ,ITAUBAL
0.5,-50.5,AMAPÁ,ITAUBAL
0.5,-50.25,PARÁ,CHAVES
0.5,-50.0,PARÁ,CHAVES
0.75,-69.75,AMAZONAS,SÃO GABRIEL DA CACHOEIRA
0.75,-69.5,AMAZONAS,SÃO GABRIEL DA CACHOEIRA
0.75,-68.75,AMAZONAS,SÃO GABRIEL DA CACHOEIRA
0.75,-68.0,AMAZONAS,SÃO GABRIEL DA CACHOEIRA
0.75,-67.5,AMAZONAS,SÃO GABRIEL DA CACHOEIRA
0.75,-67.25,AMAZONAS,SÃO GABRIEL DA CACHOEIRA
0.75,-66.25,AMAZONAS,SÃO GABRIEL DA CACHOEIRA
0.75,-65.25,AMAZONAS,SANTA ISABEL DO RIO NEGRO
0.75,-65.0,AMAZONAS,SANTA ISABEL DO RIO NEGRO
0.75,-64.5,AMAZONAS,SANTA ISABEL DO RIO NEGRO
0.75,-63.5,AMAZONAS,BARCELOS
0.75,-62.75,AMAZONAS,BARCELOS
0.75,-62.5,AMAZONAS,BARCELOS
0.75,-62.0,RORAIMA,CARACARAÍ
0.75,-61.75,RORAIMA,CARACARAÍ
0.75,-61.0,RORAIMA,RORAINÓPOLIS
0.75,-60.75,RORAIMA,RORAINÓPOLIS
0.75,-60.5,RORAIMA,RORAINÓPOLIS
0.75,-60.25,RORAIMA,RORAINÓPOLIS
0.75,-60.0,RORAIMA,SÃO JOÃO DA BALIZA
0.75,-59.75,RORAIMA,CAROEBE
0.75,-59.5,RORAIMA,CAROEBE
0.75,-59.25,RORAIMA,CAROEBE
0.75,-57.0,PARÁ,ORIXIMINÁ
0.75,-54.75,PARÁ,ALMEIRIM
0.75,-54.5,PARÁ,ALMEIRIM
0.75,-54.0,PARÁ,ALMEIRIM
0.75,-53.0,AMAPÁ,LARANJAL DO JARI
0.75,-52.5,AMAPÁ,PEDRA BRANCA DO AMAPARI
0.75,-52.25,AMAPÁ,PEDRA BRANCA DO AMAPARI
0.75,-52.0,AMAPÁ,PEDRA BRANCA DO AMAPARI
0.75,-51.75,AMAPÁ,PORTO GRANDE
0.75,-51.5,AMAPÁ,PORTO GRANDE
0.75,-51.25,AMAPÁ,FERREIRA GOMES
0.75,-51.0,AMAPÁ,FERREIRA GOMES
0.75,-50.75,AMAPÁ,MACAPÁ
0.75,-50.5,AMAPÁ,ITAUBAL
0.75,-50.25,AMAPÁ,MACAPÁ
0.75,-50.0,AMAPÁ,MACAPÁ
1.0,-69.75,AMAZONAS,SÃO GABRIEL DA CACHOEIRA
1.0,-67.75,AMAZONAS,SÃO GABRIEL DA CACHOEIRA
1.0,-67.5,AMAZONAS,SÃO GABRIEL DA CACHOEIRA
1.0,-67.25,AMAZONAS,SÃO GABRIEL DA CACHOEIRA
1.0,-64.75,AMAZONAS,SANTA ISABEL DO RIO NEGRO
1.0,-64.0,AMAZONAS,BARCELOS
1.0,-63.75,AMAZONAS,BARCELOS
1.0,-63.5,AMAZONAS,BARCELOS
1.0,-62.75,AMAZONAS,BARCELOS
1.0,-62.5,AMAZONAS,BARCELOS
1.0,-62.25,RORAIMA,CARACARAÍ
1.0,-62.0,RORAIMA,CARACARAÍ
1.0,-61.75,RORAIMA,CARACARAÍ
1.0,-61.5,RORAIMA,CARACARAÍ
1.0,-61.25,RORAIMA,CARACARAÍ
1.0,-61.0,RORAIMA,RORAINÓPOLIS
1.0,-60.75,RORAIMA,CARACARAÍ
1.0,-60.5,RORAIMA,RORAINÓPOLIS
1.0,-60.25,RORAIMA,RORAINÓPOLIS
1.0,-60.0,RORAIMA,SÃO LUIZ
1.0,-59.75,RORAIMA,CAROEBE
1.0,-59.5,RORAIMA,CAROEBE
1.0,-59.25,RORAIMA,CAROEBE
1.0,-56.75,PARÁ,ORIXIMINÁ
1.0,-56.25,PARÁ,ORIXIMINÁ
1.0,-56.0,PARÁ,ORIXIMINÁ
1.0,-55.75,PARÁ,ORIXIMINÁ
1.0,-54.75,PARÁ,ALMEIRIM
1.0,-54.5,PARÁ,ALMEIRIM
1.0,-53.0,AMAPÁ,LARANJAL DO JARI
1.0,-52.75,AMAPÁ,PEDRA BRANCA DO AMAPARI
1.0,-52.5,AMAPÁ,PEDRA BRANCA DO AMAPARI
1.0,-52.25,AMAPÁ,PEDRA BRANCA DO AMAPARI
1.0,-52.0,AMAPÁ,PEDRA BRANCA DO AMAPARI
1.0,-51.75,AMAPÁ,PEDRA BRANCA DO AMAPARI
1.0,-51.5,AMAPÁ,FERREIRA GOMES
1.0,-51.25,AMAPÁ,TARTARUGALZINHO
1.0,-51.0,AMAPÁ,TARTARUGALZINHO
1.0,-50.75,AMAPÁ,CUTIAS
1.0,-50.5,AMAPÁ,CUTIAS
1.0,-50.25,AMAPÁ,MACAPÁ
1.0,-50.0,AMAPÁ,MACAPÁ
1.25,-69.25,AMAZONAS,SÃO GABRIEL DA CACHOEIRA
1.25,-69.0,AMAZONAS,SÃO GABRIEL DA CACHOEIRA
1.25,-68.75,AMAZONAS,SÃO GABRIEL DA CACHOEIRA
1.25,-68.5,AMAZONAS,SÃO GABRIEL DA CACHOEIRA
1.25,-68.25,AMAZONAS,SÃO GABRIEL DA CACHOEIRA
1.25,-68.0,AMAZONAS,SÃO GABRIEL DA CACHOEIRA
1.25,-67.75,AMAZONAS,SÃO GABRIEL DA CACHOEIRA
1.25,-67.25,AMAZONAS,SÃO GABRIEL DA CACHOEIRA
1.25,-66.75,AMAZONAS,SÃO GABRIEL DA CACHOEIRA
1.25,-65.0,AMAZONAS,SANTA ISABEL DO RIO NEGRO
1.25,-64.5,AMAZONAS,BARCELOS
1.25,-64.25,AMAZONAS,BARCELOS
1.25,-63.5,AMAZONAS,BARCELOS
1.25,-62.0,RORAIMA,CARACARAÍ
1.25,-61.75,RORAIMA,CARACARAÍ
1.25,-61.5,RORAIMA,CARACARAÍ
1.25,-61.25,RORAIMA,CARACARAÍ
1.25,-61.0,RORAIMA,CARACARAÍ
1.25,-60.75,RORAIMA,CARACARAÍ
1.25,-60.5,RORAIMA,CARACARAÍ
1.25,-60.25,RORAIMA,CARACARAÍ
1.25,-60.0,RORAIMA,CARACARAÍ
1.25,-59.75,RORAIMA,SÃO JOÃO DA BALIZA
1.25,-59.5,RORAIMA,CAROEBE
1.25,-59.25,RORAIMA,CAROEBE
1.25,-56.25,PARÁ,ORIXIMINÁ
1.25,-56.0,PARÁ,ORIXIMINÁ
1.25,-55.0,PARÁ,ALMEIRIM
1.25,-54.75,PARÁ,ALMEIRIM
1.25,-54.5,PARÁ,ALMEIRIM
1.25,-53.0,AMAPÁ,PEDRA BRANCA DO AMAPARI
1.25,-52.75,AMAPÁ,PEDRA BRANCA DO AMAPARI
1.25,-52.5,AMAPÁ,PEDRA BRANCA DO AMAPARI
1.25,-52.25,AMAPÁ,PEDRA BRANCA DO AMAPARI
1.25,-51.5,AMAPÁ,TARTARUGALZINHO
1.25,-51.25,AMAPÁ,TARTARUGALZINHO
1.25,-51.0,AMAPÁ,TARTARUGALZINHO
1.25,-50.75,AMAPÁ,TARTARUGALZINHO
1.25,-50.5,AMAPÁ,TARTARUGALZINHO
1.25,-50.25,AMAPÁ,CUTIAS
1.25,-50.0,AMAPÁ,MACAPÁ
1.5,-69.5,AMAZONAS,SÃO GABRIEL DA CACHOEIRA
1.5,-69.0,AMAZONAS,SÃO GABRIEL DA CACHOEIRA
1.5,-68.75,AMAZONAS,SÃO GABRIEL DA CACHOEIRA
1.5,-68.5,AMAZONAS,SÃO GABRIEL DA CACHOEIRA
1.5,-68.25,AMAZONAS,SÃO GABRIEL DA CACHOEIRA
1.5,-68.0,AMAZONAS,SÃO GABRIEL DA CACHOEIRA
1.5,-64.25,AMAZONAS,BARCELOS
1.5,-64.0,AMAZONAS,BARCELOS
1.5,-63.75,AMAZONAS,BARCELOS
1.5,-63.5,AMAZONAS,BARCELOS
1.5,-62.75,AMAZONAS,BARCELOS
1.5,-61.5,RORAIMA,CARACARAÍ
1.5,-61.25,RORAIMA,CARACARAÍ
1.5,-61.0,RORAIMA,CARACARAÍ
1.5,-60.75,RORAIMA,CARACARAÍ
1.5,-60.5,RORAIMA,CARACARAÍ
1.5,-60.25,RORAIMA,CARACARAÍ
1.5,-60.0,RORAIMA,CARACARAÍ
1.5,-56.0,PARÁ,ORIXIMINÁ
1.5,-55.75,PARÁ,ÓBIDOS
1.5,-55.5,PARÁ,ÓBIDOS
1.5,-55.0,PARÁ,ALMEIRIM
1.5,-54.75,PARÁ,ALMEIRIM
1.5,-53.0,AMAPÁ,LARANJAL DO JARI
1.5,-52.75,AMAPÁ,PEDRA BRANCA DO AMAPARI
1.5,-51.25,AMAPÁ,TARTARUGALZINHO
1.5,-51.0,AMAPÁ,TARTARUGALZINHO
1.5,-50.75,AMAPÁ,TARTARUGALZINHO
1.5,-50.5,AMAPÁ,AMAPÁ
1.75,-69.75,AMAZONAS,SÃO GABRIEL DA CACHOEIRA
1.75,-69.5,AMAZONAS,SÃO GABRIEL DA CACHOEIRA
1.75,-69.25,AMAZONAS,SÃO GABRIEL DA CACHOEIRA
1.75,-69.0,AMAZONAS,SÃO GABRIEL DA CACHOEIRA
1.75,-68.25,AMAZONAS,SÃO GABRIEL DA CACHOEIRA
1.75,-67.5,AMAZONAS,SÃO GABRIEL DA CACHOEIRA
1.75,-67.25,AMAZONAS,SÃO GABRIEL DA CACHOEIRA
1.75,-64.0,AMAZONAS,BARCELOS
1.75,-63.75,AMAZONAS,BARCELOS
1.75,-63.5,AMAZONAS,BARCELOS
1.75,-62.25,RORAIMA,CARACARAÍ
1.75,-62.0,RORAIMA,CARACARAÍ
1.75,-61.5,RORAIMA,CARACARAÍ
1.75,-61.25,RORAIMA,CARACARAÍ
1.75,-61.0,RORAIMA,CARACARAÍ
1.75,-60.75,RORAIMA,CARACARAÍ
1.75,-60.5,RORAIMA,CARACARAÍ
1.75,-60.25,RORAIMA,CARACARAÍ
1.75,-60.0,RORAIMA,CARACARAÍ
1.75,-56.25,PARÁ,ORIXIMINÁ
1.75,-56.0,PARÁ,ORIXIMINÁ
1.75,-55.75,PARÁ,ÓBIDOS
1.75,-55.5,PARÁ,ÓBIDOS
1.75,-55.0,PARÁ,ALMEIRIM
1.75,-54.5,AMAPÁ,LARANJAL DO JARI
1.75,-53.25,AMAPÁ,LARANJAL DO JARI
1.75,-51.25,AMAPÁ,PRACUÚBA
1.75,-51.0,AMAPÁ,PRACUÚBA
1.75,-50.75,AMAPÁ,PRACUÚBA
1.75,-50.5,AMAPÁ,AMAPÁ
2.0,-61.75,RORAIMA,IRACEMA
2.0,-61.5,RORAIMA,CARACARAÍ
2.0,-61.25,RORAIMA,CARACARAÍ
2.0,-61.0,RORAIMA,CANTÁ
2.0,-60.75,RORAIMA,CANTÁ
2.0,-60.5,RORAIMA,CANTÁ
2.0,-60.25,RORAIMA,CANTÁ
2.0,-60.0,RORAIMA,CARACARAÍ
2.0,-59.75,RORAIMA,BONFIM
2.0,-56.0,PARÁ,ORIXIMINÁ
2.0,-55.75,PARÁ,ÓBIDOS
2.0,-55.5,PARÁ,ÓBIDOS
2.0,-55.25,PARÁ,ALMEIRIM
2.0,-55.0,PARÁ,ALMEIRIM
2.0,-51.0,AMAPÁ,AMAPÁ
2.0,-50.75,AMAPÁ,AMAPÁ
2.0,-50.5,AMAPÁ,AMAPÁ
2.25,-63.0,RORAIMA,IRACEMA
2.25,-62.0,RORAIMA,MUCAJAÍ
2.25,-61.75,RORAIMA,IRACEMA
2.25,-61.5,RORAIMA,IRACEMA
2.25,-61.25,RORAIMA,IRACEMA
2.25,-61.0,RORAIMA,CANTÁ
2.25,-60.75,RORAIMA,CANTÁ
2.25,-60.5,RORAIMA,CANTÁ
2.25,-60.25,RORAIMA,CANTÁ
2.25,-60.0,RORAIMA,BONFIM
2.25,-59.75,RORAIMA,BONFIM
2.25,-56.0,PARÁ,ÓBIDOS
2.25,-55.75,PARÁ,ÓBIDOS
2.25,-53.0,AMAPÁ,OIAPOQUE
2.25,-51.75,AMAPÁ,CALÇOENE
2.25,-51.5,AMAPÁ,CALÇOENE
2.25,-51.0,AMAPÁ,CALÇOENE
2.25,-50.75,AMAPÁ,CALÇOENE
2.5,-64.0,RORAIMA,ALTO ALEGRE
2.5,-63.75,RORAIMA,ALTO ALEGRE
2.5,-63.25,RORAIMA,IRACEMA
2.5,-63.0,RORAIMA,MUCAJAÍ
2.5,-62.5,RORAIMA,MUCAJAÍ
2.5,-62.0,RORAIMA,MUCAJAÍ
2.5,-61.75,RORAIMA,MUCAJAÍ
2.5,-61.5,RORAIMA,MUCAJAÍ
2.5,-61.25,RORAIMA,MUCAJAÍ
2.5,-61.0,RORAIMA,MUCAJAÍ
2.5,-60.75,RORAIMA,CANTÁ
2.5,-60.5,RORAIMA,CANTÁ
2.5,-60.25,RORAIMA,CANTÁ
2.5,-60.0,RORAIMA,BONFIM
2.5,-51.75,AMAPÁ,CALÇOENE
2.5,-51.5,AMAPÁ,CALÇOENE
2.5,-51.25,AMAPÁ,CALÇOENE
2.5,-51.0,AMAPÁ,CALÇOENE
2.5,-50.75,AMAPÁ,CALÇOENE
2.75,-63.75,RORAIMA,ALTO ALEGRE
2.75,-63.5,RORAIMA,ALTO ALEGRE
2.75,-63.25,RORAIMA,ALTO ALEGRE
2.75,-63.0,RORAIMA,IRACEMA
2.75,-62.75,RORAIMA,MUCAJAÍ
2.75,-62.5,RORAIMA,MUCAJAÍ
2.75,-62.25,RORAIMA,MUCAJAÍ
2.75,-62.0,RORAIMA,MUCAJAÍ
2.75,-61.75,RORAIMA,MUCAJAÍ
2.75,-61.5,RORAIMA,MUCAJAÍ
2.75,-61.25,RORAIMA,ALTO ALEGRE
2.75,-61.0,RORAIMA,BOA VISTA
2.75,-60.75,RORAIMA,BOA VISTA
2.75,-60.5,RORAIMA,CANTÁ
2.75,-60.25,RORAIMA,BONFIM
2.75,-60.0,RORAIMA,BONFIM
2.75,-52.0,AMAPÁ,OIAPOQUE
2.75,-51.5,AMAPÁ,CALÇOENE
2.75,-51.25,AMAPÁ,CALÇOENE
2.75,-51.0,AMAPÁ,CALÇOENE
2.75,-50.75,AMAPÁ,CALÇOENE
3.0,-64.0,RORAIMA,ALTO ALEGRE
3.0,-63.75,RORAIMA,ALTO ALEGRE
3.0,-63.5,RORAIMA,ALTO ALEGRE
3.0,-61.75,RORAIMA,ALTO ALEGRE
3.0,-61.5,RORAIMA,ALTO ALEGRE
3.0,-61.25,RORAIMA,ALTO ALEGRE
3.0,-61.0,RORAIMA,ALTO ALEGRE
3.0,-60.75,RORAIMA,BOA VISTA
3.0,-60.5,RORAIMA,BONFIM
3.0,-60.25,RORAIMA,BONFIM
3.0,-60.0,RORAIMA,BONFIM
3.0,-52.25,AMAPÁ,OIAPOQUE
3.0,-51.5,AMAPÁ,OIAPOQUE
3.0,-51.25,AMAPÁ,CALÇOENE
3.0,-51.0,AMAPÁ,CALÇOENE
3.25,-64.25,RORAIMA,ALTO ALEGRE
3.25,-64.0,RORAIMA,ALTO ALEGRE
3.25,-63.75,RORAIMA,ALTO ALEGRE
3.25,-63.25,RORAIMA,ALTO ALEGRE
3.25,-63.0,RORAIMA,ALTO ALEGRE
3.25,-62.5,RORAIMA,ALTO ALEGRE
3.25,-62.25,RORAIMA,ALTO ALEGRE
3.25,-61.75,RORAIMA,ALTO ALEGRE
3.25,-61.5,RORAIMA,ALTO ALEGRE
3.25,-61.25,RORAIMA,ALTO ALEGRE
3.25,-61.0,RORAIMA,BOA VISTA
3.25,-60.75,RORAIMA,BOA VISTA
3.25,-60.5,RORAIMA,BOA VISTA
3.25,-60.25,RORAIMA,BONFIM
3.25,-60.0,RORAIMA,BONFIM
3.25,-59.75,RORAIMA,BONFIM
3.25,-52.25,AMAPÁ,OIAPOQUE
3.25,-51.75,AMAPÁ,OIAPOQUE
3.25,-51.5,AMAPÁ,OIAPOQUE
3.25,-51.25,AMAPÁ,OIAPOQUE
3.25,-51.0,AMAPÁ,CALÇOENE
3.5,-64.25,RORAIMA,ALTO ALEGRE
3.5,-63.25,RORAIMA,ALTO ALEGRE
3.5,-62.25,RORAIMA,AMAJARI
3.5,-62.0,RORAIMA,AMAJARI
3.5,-61.75,RORAIMA,AMAJARI
3.5,-61.5,RORAIMA,AMAJARI
3.5,-61.25,RORAIMA,AMAJARI
3.5,-61.0,RORAIMA,AMAJARI
3.5,-60.75,RORAIMA,BOA VISTA
3.5,-60.5,RORAIMA,BOA VISTA
3.5,-60.25,RORAIMA,NORMANDIA
3.5,-60.0,RORAIMA,BONFIM
3.5,-59.75,RORAIMA,BONFIM
3.5,-51.75,AMAPÁ,OIAPOQUE
3.5,-51.5,AMAPÁ,OIAPOQUE
3.5,-51.25,AMAPÁ,OIAPOQUE
3.5,-51.0,AMAPÁ,CALÇOENE
3.75,-64.5,RORAIMA,AMAJARI
3.75,-64.25,RORAIMA,AMAJARI
3.75,-64.0,RORAIMA,AMAJARI
3.75,-62.75,RORAIMA,AMAJARI
3.75,-62.5,RORAIMA,AMAJARI
3.75,-62.0,RORAIMA,AMAJARI
3.75,-61.75,RORAIMA,AMAJARI
3.75,-61.5,RORAIMA,AMAJARI
3.75,-61.25,RORAIMA,AMAJARI
3.75,-61.0,RORAIMA,AMAJARI
3.75,-60.75,RORAIMA,PACARAIMA
3.75,-60.5,RORAIMA,PACARAIMA
3.75,-60.25,RORAIMA,NORMANDIA
3.75,-60.0,RORAIMA,NORMANDIA
3.75,-59.75,RORAIMA,NORMANDIA
3.75,-59.5,RORAIMA,NORMANDIA
3.75,-51.75,AMAPÁ,OIAPOQUE
3.75,-51.5,AMAPÁ,OIAPOQUE
3.75,-51.25,AMAPÁ,OIAPOQUE
4.0,-64.5,RORAIMA,AMAJARI
4.0,-64.25,RORAIMA,AMAJARI
4.0,-62.0,RORAIMA,AMAJARI
4.0,-61.75,RORAIMA,AMAJARI
4.0,-61.5,RORAIMA,AMAJARI
4.0,-61.25,RORAIMA,AMAJARI
4.0,-61.0,RORAIMA,PACARAIMA
4.0,-60.75,RORAIMA,PACARAIMA
4.0,-60.5,RORAIMA,PACARAIMA
4.0,-60.25,RORAIMA,NORMANDIA
4.0,-60.0,RORAIMA,NORMANDIA
4.0,-59.75,RORAIMA,NORMANDIA
4.0,-59.5,RORAIMA,NORMANDIA
4.0,-51.75,AMAPÁ,OIAPOQUE
4.0,-51.5,AMAPÁ,OIAPOQUE
4.25,-64.25,RORAIMA,AMAJARI
4.25,-61.5,RORAIMA,AMAJARI
4.25,-61.25,RORAIMA,PACARAIMA
4.25,-61.0,RORAIMA,PACARAIMA
4.25,-60.75,RORAIMA,PACARAIMA
4.25,-60.5,RORAIMA,UIRAMUTÃ
4.25,-60.25,RORAIMA,UIRAMUTÃ
4.25,-60.0,RORAIMA,NORMANDIA
4.25,-59.75,RORAIMA,UIRAMUTÃ
4.5,-61.25,RORAIMA,PACARAIMA
4.5,-61.0,RORAIMA,PACARAIMA
4.5,-60.75,RORAIMA,PACARAIMA
4.5,-60.5,RORAIMA,UIRAMUTÃ
4.5,-60.25,RORAIMA,UIRAMUTÃ
4.5,-60.0,RORAIMA,UIRAMUTÃ
4.5,-59.75,RORAIMA,UIRAMUTÃ
4.75,-61.0,RORAIMA,PACARAIMA
4.75,-60.75,RORAIMA,PACARAIMA
4.75,-60.5,RORAIMA,UIRAMUTÃ
4.75,-60.25,RORAIMA,UIRAMUTÃ
4.75,-60.0,RORAIMA,UIRAMUTÃ
5.0,-60.75,RORAIMA,UIRAMUTÃ
5.0,-60.5,RORAIMA,UIRAMUTÃ
5.0,-60.25,RORAIMA,UIRAMUTÃ
5.0,-60.0,RORAIMA,UIRAMUTÃ
5.25,-60.5,RORAIMA,UIRAMUTÃ
