LatBin,LonBin,ano,defor_km
-8.75,-69.5,2014,7.0149
-12.75,-56.25,2014,0.186
-8.0,-71.0,2014,9.8385
-9.75,-64.75,2014,41.4226
-4.25,-54.75,2014,17.6054
-4.75,-46.25,2014,3.8798
0.25,-60.5,2014,0.5451
-13.5,-60.75,2014,3.7931
-5.5,-50.75,2014,4.4253
-2.5,-47.0,2014,6.2899
-10.25,-55.25,2014,1.9818
-6.25,-52.5,2014,12.6129
-2.25,-45.75,2014,0.4316
-5.5,-51.0,2014,2.7939
-3.5,-50.25,2014,3.0878
-8.5,-50.75,2014,2.3832
-9.75,-52.25,2014,0.6242
-7.25,-57.0,2014,0.7865
-6.0,-53.25,2014,7.6979
-10.75,-68.25,2014,3.4751
-9.5,-64.5,2014,11.6112
-10.25,-63.5,2014,15.635
-10.25,-63.75,2014,4.5617
-4.0,-49.5,2014,2.2357
-7.75,-61.5,2014,11.2794
-9.5,-62.75,2014,2.3663
-8.5,-72.5,2014,2.0188
-10.5,-54.75,2014,1.4142
1.0,-52.25,2014,0.8808
-8.25,-70.5,2014,4.604
-3.75,-59.0,2014,0.5457
-9.25,-59.0,2014,17.0936
-1.25,-53.5,2014,16.342
-6.0,-44.0,2014,1.8199
-4.25,-50.5,2014,2.8691
-5.5,-50.5,2014,6.7046
-3.25,-48.75,2014,2.5772
-6.25,-57.25,2014,0.2542
-4.0,-58.75,2014,0.2781
-9.25,-67.5,2014,2.675
4.0,-61.5,2014,1.4707
2.75,-61.75,2014,6.2237
-3.75,-59.5,2014,1.0852
-8.75,-63.0,2014,6.651
-4.0,-48.75,2014,2.6326
-2.5,-55.75,2014,0.9317
-4.5,-55.0,2014,4.0576
-12.5,-54.75,2014,21.1431
-1.75,-55.75,2014,3.3279
-16.0,-55.5,2014,0.8948
-6.0,-51.25,2014,1.7734
-4.0,-55.5,2014,7.1256
-3.75,-54.75,2014,8.4411
-7.5,-59.75,2014,0.6432
-1.25,-53.75,2014,16.2905
-5.25,-50.75,2014,7.011
-15.5,-55.5,2014,0.0799
-4.5,-56.0,2014,4.7711
-3.25,-46.25,2014,2.9703
-4.5,-55.5,2014,6.8463
-9.25,-60.5,2014,6.8048
-3.75,-53.5,2014,1.3741
-3.5,-66.0,2014,1.0918
-9.75,-69.25,2014,0.2547
-9.5,-54.75,2014,0.7742
-4.0,-54.25,2014,5.3419
-5.75,-44.25,2014,5.6886
-6.75,-49.0,2014,1.1333
-9.0,-72.5,2014,1.5288
-9.75,-59.25,2014,17.2419
-8.25,-55.25,2014,11.4621
-1.5,-53.0,2014,3.4486
-1.75,-53.25,2014,1.0969
-9.25,-59.5,2014,17.854
-8.75,-64.0,2014,1.9641
-4.75,-62.25,2014,0.3817
-9.5,-57.5,2014,2.102
-5.25,-50.0,2014,12.8357
-9.75,-55.25,2014,2.6692
-9.75,-64.0,2014,30.8397
-2.0,-52.75,2014,2.1448
-9.25,-60.75,2014,8.2413
-12.25,-62.25,2014,2.0128
-10.75,-51.5,2014,0.6033
-9.25,-63.25,2014,4.8534
-6.25,-52.0,2014,0.7191
-1.5,-45.75,2014,1.4317
-1.25,-55.75,2014,2.0205
-2.25,-46.5,2014,7.382
-8.75,-66.75,2014,23.5928
-9.5,-59.0,2014,14.657
-1.25,-54.25,2014,3.2388
-3.75,-52.25,2014,8.8763
-9.5,-64.0,2014,26.344
-9.0,-62.75,2014,1.2071
-5.75,-51.25,2014,3.4302
-13.75,-59.75,2014,6.2057
-12.75,-58.5,2014,0.0687
0.25,-70.0,2014,0.0819
-3.25,-44.25,2014,3.1011
-3.25,-60.75,2014,1.1873
-3.5,-50.75,2014,15.3886
-8.5,-64.25,2014,0.3674
-13.5,-53.75,2014,3.9005
-9.25,-51.75,2014,1.3693
-1.75,-51.25,2014,1.0309
-2.0,-56.5,2014,2.1747
-10.0,-60.0,2014,9.9444
-9.0,-68.75,2014,7.8112
-1.75,-55.0,2014,4.3865
0.75,-51.75,2014,1.311
-10.0,-67.5,2014,1.49
-1.5,-55.0,2014,2.4406
-8.25,-50.75,2014,5.7647
-8.0,-54.75,2014,15.4278
-8.5,-70.5,2014,4.6715
-9.5,-68.25,2014,0.4931
-7.0,-60.0,2014,9.614
-10.0,-68.25,2014,2.0687
-3.25,-51.0,2014,13.1336
-9.5,-59.75,2014,11.5065
-2.5,-57.75,2014,0.9486
-9.5,-62.5,2014,10.4956
-4.25,-55.25,2014,4.222
-10.0,-63.75,2014,9.5111
-8.5,-55.0,2014,11.9505
-3.0,-49.25,2014,5.33
-10.0,-64.0,2014,7.8489
-10.0,-52.25,2014,1.1359
-9.5,-59.25,2014,8.1734
-10.75,-62.5,2014,0.0805
-2.75,-58.25,2014,1.5427
-10.5,-64.25,2014,30.0018
2.5,-61.5,2014,9.7708
-7.25,-55.25,2014,3.3539
-8.25,-55.0,2014,3.4045
-11.25,-50.0,2014,0.6407
-10.75,-57.75,2014,3.7598
-5.0,-44.25,2014,2.0207
-9.25,-68.5,2014,9.0558
-4.75,-56.0,2014,9.4939
-4.75,-50.5,2014,8.6094
-3.0,-53.0,2014,3.8283
-1.75,-55.25,2014,13.4025
-9.25,-65.75,2014,10.3975
-4.75,-45.5,2014,0.0033
-4.0,-51.0,2014,2.7414
-3.5,-47.5,2014,0.0928
-9.75,-65.25,2014,0.619
-10.5,-52.25,2014,1.82
-7.75,-54.75,2014,37.3738
-3.75,-51.25,2014,9.2086
-3.0,-65.25,2014,4.3542
-9.0,-68.25,2014,1.0576
-2.0,-46.75,2014,0.9721
-1.75,-51.0,2014,1.5223
-6.25,-51.75,2014,1.9946
-4.25,-46.75,2014,0.3527
-8.75,-49.5,2014,0.9936
-14.75,-60.0,2014,1.3681
-2.0,-52.0,2014,6.0408
-8.0,-63.75,2014,1.9585
-3.5,-54.75,2014,4.0904
-3.0,-51.5,2014,1.65
-10.0,-64.25,2014,33.2171
-8.75,-68.75,2014,3.4115
-8.25,-70.25,2014,4.8778
-8.0,-72.25,2014,0.8046
-3.5,-52.0,2014,12.5841
-5.0,-50.5,2014,11.9663
-8.25,-54.75,2014,54.0661
-10.75,-69.25,2014,8.712
-3.25,-50.75,2014,18.4769
-5.0,-44.75,2014,1.4117
-10.0,-65.0,2014,17.2246
-10.25,-67.25,2014,1.3196
0.75,-59.5,2014,3.1207
-10.25,-57.75,2014,14.5907
-7.0,-59.5,2014,10.8476
-7.25,-50.5,2014,4.9849
-9.0,-70.0,2014,0.4821
-4.75,-46.5,2014,3.449
-0.75,-47.75,2014,0.3652
-2.0,-48.75,2014,0.3418
-9.25,-65.5,2014,15.9982
-4.25,-60.0,2014,1.8299
-13.25,-54.0,2014,3.2646
-12.75,-54.25,2014,0.8017
-6.75,-52.5,2014,3.0585
-9.25,-62.75,2014,1.1783
-3.75,-52.0,2014,11.3781
-9.25,-59.25,2014,2.6895
-12.75,-60.25,2014,1.2394
-5.0,-57.5,2014,0.7738
-11.0,-62.75,2014,1.0586
-9.25,-68.75,2014,7.746
-3.25,-50.5,2014,6.241
-7.25,-59.5,2014,9.8444
-9.25,-72.0,2014,3.7792
-10.0,-55.0,2014,0.9785
-11.0,-68.5,2014,4.4419
-10.25,-53.75,2014,1.9874
2.5,-61.75,2014,7.6123
-3.5,-52.75,2014,0.9566
-0.75,-47.25,2014,1.8046
-10.0,-55.5,2014,1.7904
-2.0,-51.0,2014,1.9344
-1.0,-48.0,2014,0.1888
-9.0,-50.75,2014,6.2088
-10.0,-62.5,2014,5.0239
-9.25,-62.25,2014,40.9994
-13.75,-56.75,2014,0.7811
-4.5,-50.5,2014,7.5275
-10.0,-54.25,2014,5.3256
-13.0,-62.25,2014,0.7459
-3.5,-50.0,2014,4.8783
-5.5,-50.0,2014,4.0098
-10.25,-51.5,2014,2.4203
-6.75,-55.5,2014,5.6515
-2.75,-50.5,2014,1.355
2.0,-61.0,2014,6.4187
-4.0,-55.75,2014,3.9325
-5.0,-50.75,2014,7.9939
-11.0,-61.0,2014,0.2878
-10.25,-64.75,2014,9.5184
-4.75,-56.25,2014,9.1872
-5.0,-46.25,2014,1.7089
-4.5,-47.75,2014,0.789
2.0,-60.5,2014,4.3891
2.75,-61.5,2014,14.6837
-10.25,-58.0,2014,12.6901
-9.5,-68.5,2014,2.904
-6.75,-60.0,2014,6.8964
-8.0,-71.25,2014,2.35
-8.75,-54.5,2014,2.9894
-9.75,-68.5,2014,7.6146
-9.0,-72.75,2014,3.7779
-8.75,-63.25,2014,9.3513
2.5,-51.25,2014,0.0747
-3.75,-50.25,2014,3.8637
-2.75,-57.0,2014,0.5516
-7.5,-73.5,2014,0.5132
-11.25,-55.75,2014,20.4448
2.75,-60.0,2014,0.3096
-2.75,-47.0,2014,2.9833
-9.5,-63.25,2014,5.2304
-10.25,-51.0,2014,0.2586
-2.25,-58.0,2014,0.7521
-10.5,-64.5,2014,5.0071
-11.0,-59.0,2014,27.2359
-10.0,-54.75,2014,2.2041
-9.0,-59.0,2014,8.8161
-5.75,-44.5,2014,5.3638
-1.25,-56.0,2014,0.6171
0.75,-60.0,2014,1.1819
-8.5,-71.0,2014,2.4445
-9.0,-63.5,2014,12.0088
-4.0,-54.75,2014,4.3461
-6.5,-48.25,2014,1.1782
-8.75,-72.75,2014,1.4186
-2.25,-48.5,2014,0.9194
-11.0,-62.5,2014,1.2991
-9.5,-56.75,2014,29.6938
-4.5,-51.0,2014,5.3654
-5.5,-49.75,2014,1.9817
-3.75,-54.25,2014,3.8267
0.75,-60.25,2014,4.193
-5.25,-45.75,2014,8.5754
-2.5,-52.5,2014,0.5544
-12.25,-56.75,2014,3.9603
-15.5,-59.75,2014,1.8903
-9.5,-55.25,2014,0.6923
-9.5,-59.5,2014,16.1655
-4.5,-55.75,2014,5.5181
-10.5,-69.25,2014,3.6367
1.0,-59.5,2014,8.0387
-6.75,-56.5,2014,1.7752
-11.0,-69.5,2014,2.2407
-3.25,-52.0,2014,4.1964
-7.25,-49.5,2014,0.5886
-1.75,-53.75,2014,0.7238
-9.0,-61.75,2014,2.5566
-11.75,-63.25,2014,0.8315
-0.5,-63.0,2014,0.1407
-4.75,-49.5,2014,1.7365
-6.75,-50.5,2014,1.7782
-9.75,-55.5,2014,3.0754
-9.5,-70.5,2014,2.5686
-4.75,-49.75,2014,2.1429
-6.5,-55.5,2014,6.2278
-9.5,-67.75,2014,8.7015
-1.75,-56.0,2014,0.601
-7.0,-71.5,2014,0.1707
-10.5,-63.5,2014,3.2668
-9.75,-59.0,2014,6.2404
-12.25,-57.0,2014,5.175
-5.25,-46.0,2014,9.6237
-3.5,-59.0,2014,1.2198
2.0,-60.75,2014,8.398
-6.25,-45.0,2014,0.2418
3.0,-60.5,2014,0.2811
-5.75,-44.75,2014,2.5763
-6.0,-60.0,2014,2.8257
-8.75,-66.5,2014,23.5505
-7.0,-49.75,2014,0.0964
-5.25,-60.25,2014,0.7123
-6.0,-57.75,2014,8.7987
-11.75,-54.75,2014,0.3036
-2.75,-49.75,2014,0.4894
-10.25,-54.25,2014,8.558
-10.25,-65.0,2014,7.9884
-8.5,-70.25,2014,2.5524
-3.75,-50.0,2014,4.129
-2.75,-64.5,2014,0.177
-10.75,-61.75,2014,0.1883
-5.0,-49.5,2014,3.695
-10.25,-51.75,2014,4.6026
-6.0,-51.5,2014,3.052
-4.75,-49.25,2014,1.9103
-5.5,-51.5,2014,4.238
-10.25,-58.25,2014,12.6285
-1.75,-46.75,2014,1.0416
-3.5,-49.0,2014,1.5374
-10.75,-69.5,2014,5.6787
-5.75,-48.25,2014,2.7753
-4.75,-50.0,2014,2.906
-5.0,-56.0,2014,8.6641
-4.0,-49.0,2014,7.4933
-10.5,-64.0,2014,5.2978
-8.0,-55.25,2014,6.8075
-6.5,-53.25,2014,8.237
-1.5,-51.75,2014,0.0988
-9.25,-60.25,2014,5.5861
-2.75,-47.25,2014,0.9004
-2.5,-56.5,2014,1.4531
-10.5,-68.5,2014,4.5711
-3.0,-52.5,2014,1.8137
-5.5,-44.25,2014,9.2215
-7.75,-61.75,2014,2.0599
2.25,-61.25,2014,4.1859
-6.0,-52.5,2014,6.5262
-10.25,-64.25,2014,22.7665
-11.25,-49.75,2014,0.4746
-3.5,-52.25,2014,4.6869
-14.5,-59.75,2014,1.3154
-1.75,-54.0,2014,2.7831
-7.0,-59.25,2014,13.4852
-2.5,-45.5,2014,1.4006
-7.5,-70.25,2014,0.9133
-10.0,-64.75,2014,15.7264
-8.75,-69.25,2014,4.3768
-9.75,-67.0,2014,2.7554
-6.75,-56.25,2014,1.5375
-6.25,-52.25,2014,5.2071
-11.5,-55.25,2014,2.9404
-1.25,-53.25,2014,0.3856
-8.0,-70.75,2014,1.9115
-4.75,-47.75,2014,3.4298
-10.75,-64.0,2014,0.9221
-10.5,-68.75,2014,2.7361
-4.75,-48.5,2014,2.5095
-12.0,-58.5,2014,0.5188
-15.0,-58.75,2014,0.6578
-3.5,-51.5,2014,2.3534
-6.0,-55.75,2014,5.5594
-10.75,-58.5,2014,1.7218
-7.0,-52.5,2014,1.681
0.5,-60.75,2014,4.8888
-9.0,-71.5,2014,1.7884
-9.25,-70.25,2014,0.3624
-4.0,-48.0,2014,1.2556
-3.25,-52.75,2014,1.1063
-9.0,-51.0,2014,4.0563
-5.0,-50.0,2014,9.2609
-9.75,-63.25,2014,2.5806
-2.25,-47.0,2014,2.4226
-9.0,-71.25,2014,1.0677
-1.25,-60.25,2014,1.2484
-1.75,-54.25,2014,1.5865
-3.75,-52.5,2014,2.6808
-6.25,-53.0,2014,8.5263
-1.5,-53.5,2014,8.173
-2.25,-54.0,2014,0.17
3.5,-51.5,2014,0.3868
-2.5,-48.5,2014,1.5582
-2.75,-51.75,2014,1.5738
-2.5,-51.0,2014,0.7421
-5.25,-50.25,2014,5.1753
-7.75,-55.5,2014,21.2812
-12.5,-62.25,2014,0.0696
-4.0,-55.25,2014,0.7366
-3.25,-46.0,2014,2.5756
-11.5,-61.0,2014,0.2394
-2.75,-52.0,2014,1.3097
-10.5,-68.25,2014,1.6804
-4.5,-45.75,2014,1.3241
0.0,-51.75,2014,0.4641
-12.25,-64.0,2014,3.0845
-3.25,-59.0,2014,0.4002
2.75,-61.0,2014,0.5588
-10.25,-58.75,2014,3.8013
-5.25,-51.0,2014,0.9652
-0.25,-66.25,2014,0.0757
-7.25,-60.0,2014,0.8103
-6.0,-48.25,2014,2.2789
-9.25,-59.75,2014,16.9225
-4.0,-54.5,2014,6.1052
-2.75,-48.0,2014,1.4059
-2.75,-56.5,2014,2.6665
-12.5,-54.25,2014,2.9237
-13.5,-56.75,2014,0.9677
-10.75,-68.5,2014,5.0969
-1.75,-55.5,2014,2.597
-9.75,-55.0,2014,1.0178
-6.75,-70.0,2014,0.7776
0.5,-60.25,2014,1.4874
-5.5,-45.5,2014,1.2654
-2.75,-66.75,2014,0.5881
-3.25,-50.25,2014,2.248
2.25,-61.5,2014,7.735
-11.25,-58.5,2014,3.0659
-9.5,-57.25,2014,4.0361
-5.0,-46.75,2014,2.5232
0.75,-60.75,2014,0.358
-10.25,-56.5,2014,0.7286
-9.0,-67.5,2014,4.7587
-6.25,-54.0,2014,0.9918
-6.5,-58.5,2014,8.2474
-8.0,-71.75,2014,0.3265
-5.75,-47.0,2014,1.8377
-10.25,-67.0,2014,2.3328
-9.5,-67.5,2014,11.3204
-2.5,-46.25,2014,4.2173
-1.0,-65.25,2014,0.0677
-2.75,-48.5,2014,3.4975
-4.0,-50.5,2014,2.5565
-10.25,-52.75,2014,8.1529
-2.0,-52.25,2014,3.4575
-9.25,-68.0,2014,3.4702
-3.25,-51.25,2014,12.74
-11.5,-54.75,2014,2.9876
-6.25,-55.5,2014,0.8696
-0.5,-65.0,2014,0.2832
-1.25,-50.0,2014,0.1167
-10.0,-54.0,2014,8.3437
-4.75,-50.75,2014,9.4288
1.75,-60.75,2014,8.5443
-6.5,-52.5,2014,4.3329
-4.25,-69.75,2014,1.6364
-3.75,-52.75,2014,1.1253
-3.0,-65.5,2014,1.377
-2.25,-46.75,2014,4.0451
-2.25,-56.75,2014,0.9043
-12.25,-51.25,2014,2.8698
-5.75,-44.0,2014,5.6297
-9.5,-66.5,2014,12.0226
-10.0,-63.25,2014,1.6582
-2.25,-45.5,2014,3.9632
-10.25,-64.0,2014,3.3334
-10.25,-55.0,2014,0.3122
-11.25,-54.25,2014,5.7107
1.5,-60.25,2014,0.8557
-13.0,-55.25,2014,1.4149
-3.75,-51.0,2014,4.5197
-9.25,-51.5,2014,4.7755
-11.0,-61.5,2014,2.765
-12.5,-55.0,2014,8.7104
-4.25,-55.0,2014,9.3154
-4.25,-48.75,2014,6.1093
-10.0,-68.5,2014,3.7087
-4.5,-52.75,2014,0.1492
-6.0,-53.75,2014,8.1241
-2.0,-50.0,2014,0.2421
-12.0,-52.5,2014,2.1482
-9.75,-62.0,2014,5.0922
-10.25,-62.75,2014,0.7279
-11.0,-69.25,2014,5.7945
-6.75,-52.25,2014,8.0058
-10.5,-63.75,2014,4.3049
-5.5,-46.0,2014,2.349
-3.0,-44.0,2014,0.3087
-7.0,-56.75,2014,0.9081
-8.0,-71.5,2014,2.1175
-5.25,-49.0,2014,0.1437
-13.25,-53.75,2014,16.7853
-2.75,-59.75,2014,0.2251
-3.75,-51.75,2014,2.7574
-10.25,-59.5,2014,0.6242
-4.75,-46.75,2014,5.784
-4.0,-53.75,2014,2.744
-5.25,-44.25,2014,6.6851
-9.75,-54.75,2014,2.1442
-10.5,-58.0,2014,6.1
-14.5,-60.0,2014,7.3641
-11.25,-55.25,2014,3.1465
-4.25,-48.5,2014,1.9215
-11.25,-56.25,2014,7.2085
-6.25,-53.25,2014,8.3413
-9.5,-68.75,2014,2.2665
-11.75,-62.5,2014,1.2408
-3.5,-44.5,2014,1.6102
-2.5,-58.0,2014,4.2509
-10.25,-69.25,2014,0.6789
-14.5,-56.75,2014,0.3434
-3.75,-55.5,2014,5.1754
-6.25,-49.0,2014,0.5313
-8.5,-70.75,2014,4.2882
-9.75,-68.75,2014,5.8621
-9.25,-57.25,2014,4.1338
3.5,-62.0,2014,2.8395
-2.25,-52.25,2014,0.6043
-9.5,-63.75,2014,12.488
-4.0,-59.25,2014,0.8922
-1.0,-47.5,2014,0.0944
-2.25,-57.0,2014,1.3822
-4.25,-56.0,2014,0.9312
-6.0,-49.5,2014,0.0913
3.5,-61.75,2014,0.8108
2.75,-61.25,2014,2.4423
-9.0,-50.25,2014,3.0871
-10.0,-68.0,2014,1.5625
-10.75,-61.5,2014,0.2048
-4.5,-50.75,2014,7.7719
-2.75,-54.25,2014,0.7838
-9.75,-67.5,2014,3.5318
-3.25,-54.75,2014,1.6923
-6.5,-52.25,2014,2.4814
-8.75,-67.25,2014,3.6132
1.0,-60.5,2014,4.2729
-1.75,-45.75,2014,4.4024
-9.5,-49.75,2014,3.0086
-0.75,-52.5,2014,1.8881
-9.25,-68.25,2014,12.7674
-9.5,-62.25,2014,3.7049
-7.25,-70.0,2014,0.8244
-7.0,-56.25,2014,0.466
-8.5,-67.25,2014,1.1867
-12.25,-61.25,2014,1.2119
-3.5,-64.75,2014,4.5896
-3.0,-59.25,2014,1.3894
-10.0,-66.75,2014,6.336
-9.0,-69.0,2014,7.6728
3.25,-51.5,2014,0.1707
-3.5,-59.5,2014,2.7378
-8.5,-55.25,2014,0.5736
-3.75,-50.75,2014,2.7183
-9.75,-66.5,2014,2.7616
2.5,-61.25,2014,4.0418
-10.75,-52.5,2014,0.9753
-10.5,-54.25,2014,1.1464
-3.5,-65.0,2014,1.123
-11.25,-62.0,2014,0.9586
-10.0,-54.5,2014,1.5093
-5.0,-49.75,2014,7.3014
-7.25,-73.25,2014,0.6239
-5.25,-47.0,2014,0.2883
-11.25,-61.0,2014,0.8451
-5.25,-47.5,2014,0.3823
-6.75,-49.5,2014,0.8061
-8.75,-55.0,2014,2.4276
-10.5,-52.0,2014,3.4859
-3.5,-44.0,2014,0.7015
0.75,-59.25,2014,0.2556
-1.0,-52.5,2014,0.4497
-5.25,-45.25,2014,1.8184
-11.5,-54.25,2014,0.999
-9.25,-62.5,2014,14.4228
-10.75,-69.75,2014,2.2575
-12.0,-63.0,2014,7.1776
-2.25,-48.25,2014,0.9168
-4.25,-48.25,2014,6.7958
-10.25,-57.0,2014,0.2288
-9.0,-63.75,2014,3.7118
-3.25,-49.75,2014,0.7327
-5.25,-49.25,2014,0.9606
-7.5,-61.5,2014,2.8806
-11.75,-49.5,2014,0.137
-2.25,-51.0,2014,1.0343
-9.25,-51.25,2014,0.5752
-2.5,-49.0,2014,3.5223
-6.75,-50.75,2014,1.7266
-9.0,-70.5,2014,0.69
-10.0,-67.0,2014,9.1084
-4.5,-48.5,2014,2.8344
-6.75,-52.75,2014,0.5131
-9.25,-61.25,2014,3.1571
-4.25,-49.25,2014,1.5181
-9.25,-50.75,2014,7.5103
-5.25,-56.0,2014,3.0825
-10.5,-56.5,2014,2.5905
-5.5,-47.0,2014,4.2312
-6.5,-56.25,2014,0.9304
-11.5,-55.0,2014,10.8367
1.75,-61.0,2014,1.3889
-9.75,-68.25,2014,5.9871
-12.25,-56.5,2014,5.0105
-5.0,-47.75,2014,2.3359
-8.0,-51.0,2014,1.0649
-9.0,-68.5,2014,5.5178
-2.5,-44.25,2014,1.2689
-5.75,-48.75,2014,1.6709
-8.75,-70.5,2014,0.9898
0.5,-52.0,2014,0.2636
-6.0,-53.5,2014,3.1201
-11.75,-57.25,2014,0.4582
-12.25,-55.25,2014,6.5574
-10.0,-64.5,2014,6.2123
-6.25,-56.0,2014,18.019
-7.5,-60.75,2014,0.8152
-6.25,-49.25,2014,2.0057
-3.75,-66.5,2014,0.3307
-8.5,-66.75,2014,13.7451
-3.0,-48.0,2014,2.3198
1.0,-59.75,2014,6.3891
-10.75,-69.0,2014,7.2073
-4.75,-47.0,2014,0.8984
-9.25,-67.75,2014,8.0488
-5.75,-63.25,2014,0.9625
-9.5,-51.75,2014,3.0445
-12.25,-54.75,2014,7.7216
-12.5,-51.5,2014,0.3793
-5.25,-50.5,2014,2.0243
3.75,-64.5,2014,0.4648
-2.75,-57.25,2014,0.8816
-5.5,-49.0,2014,3.2974
-8.75,-69.0,2014,1.2328
2.25,-61.75,2014,6.8976
3.5,-61.0,2014,0.0667
-9.0,-70.75,2014,1.9995
-8.5,-51.0,2014,1.7137
-14.25,-56.0,2014,3.0444
-13.25,-56.75,2014,7.6316
-9.75,-57.75,2014,4.6807
-1.75,-46.0,2014,1.7414
1.25,-60.75,2014,0.4203
-7.5,-55.25,2014,1.6197
-9.5,-55.0,2014,1.1712
-10.0,-58.5,2014,6.0701
-4.75,-55.75,2014,5.91
-5.5,-48.25,2014,1.3034
-7.75,-67.0,2014,4.9793
-2.25,-50.75,2014,2.8508
-4.0,-48.5,2014,1.6608
-5.5,-44.0,2014,14.5084
-9.0,-67.0,2014,3.0216
-9.75,-63.75,2014,31.2502
-14.25,-56.5,2014,0.1711
1.25,-60.5,2014,2.6323
-3.25,-45.5,2014,0.442
-3.25,-53.75,2014,0.1529
-7.5,-50.75,2014,0.7181
-11.5,-62.5,2014,1.5629
-9.25,-64.5,2014,0.612
-11.75,-65.0,2014,3.9632
-5.25,-46.25,2014,2.2676
-8.5,-50.25,2014,3.2714
-11.5,-55.75,2014,2.2154
-8.25,-51.0,2014,1.8708
-2.5,-50.0,2014,0.3453
-12.5,-60.5,2014,0.3977
-1.5,-47.0,2014,1.1245
-3.75,-66.0,2014,0.6071
-4.0,-62.25,2014,0.1911
-12.75,-62.25,2014,1.4742
-9.75,-63.5,2014,5.2829
-11.25,-54.5,2014,0.4824
-7.0,-59.75,2014,9.2317
-0.75,-51.5,2014,0.0721
-15.0,-60.0,2014,1.0138
-11.25,-53.25,2014,0.062
-10.25,-67.75,2014,6.2437
-3.5,-50.5,2014,7.5698
-10.0,-67.25,2014,0.939
-5.75,-45.25,2014,5.206
-7.75,-63.25,2014,1.0336
-9.75,-64.5,2014,20.1115
-8.25,-72.75,2014,5.5262
4.0,-61.75,2014,0.6176
-6.75,-51.5,2014,0.4998
-3.25,-65.0,2014,1.5403
-5.25,-48.75,2014,1.0343
-3.25,-51.5,2014,3.133
-11.75,-55.25,2014,0.9206
-5.75,-56.25,2014,0.748
-11.5,-51.5,2014,2.0715
-1.25,-54.0,2014,2.033
-4.75,-47.25,2014,0.7608
-7.0,-52.75,2014,1.3966
-4.5,-54.75,2014,5.0686
-6.25,-51.25,2014,0.4526
-9.75,-57.5,2014,0.959
-9.25,-61.75,2014,4.7435
-15.25,-59.5,2014,1.3857
-9.25,-62.0,2014,8.1307
-10.0,-58.0,2014,12.3871
-10.5,-68.0,2014,2.4247
-2.0,-46.5,2014,3.0515
-3.0,-51.0,2014,3.7411
-11.0,-54.25,2014,4.5469
-3.5,-46.5,2014,1.9721
1.75,-60.5,2014,5.211
-3.25,-65.25,2014,2.2873
-2.25,-49.0,2014,1.3483
-9.0,-69.25,2014,4.494
-12.5,-64.0,2014,1.8079
-7.0,-63.0,2014,7.5459
-9.75,-64.25,2014,7.7919
-13.5,-56.5,2014,3.849
-11.5,-62.0,2014,0.9764
0.75,-59.75,2014,3.2757
-3.75,-50.5,2014,3.2426
-3.25,-52.5,2014,0.434
-5.0,-44.5,2014,2.4161
-11.75,-51.75,2014,0.9019
-9.5,-63.5,2014,7.0054
-6.25,-62.25,2014,0.294
-3.0,-47.75,2014,1.5447
-10.75,-65.0,2014,2.4048
-5.5,-46.75,2014,2.1176
-5.0,-62.5,2014,0.7791
-1.5,-54.75,2014,3.5232
-10.25,-64.5,2014,16.7789
2.5,-60.5,2014,0.9726
-5.5,-48.75,2014,1.2947
-2.5,-50.75,2014,1.2395
-9.0,-64.0,2014,1.3471
-3.5,-58.25,2014,0.6864
-2.75,-46.5,2014,0.4707
-10.0,-63.5,2014,4.7739
-7.5,-57.25,2014,0.3537
-16.25,-58.5,2014,0.1935
-15.0,-58.5,2014,1.2303
-4.0,-50.75,2014,5.7622
-12.75,-60.5,2014,2.9102
-5.25,-47.25,2014,0.9589
-4.25,-51.0,2014,1.8601
-5.0,-56.25,2014,6.8138
-4.0,-54.0,2014,3.2921
-8.5,-54.5,2014,11.3177
-8.25,-64.0,2014,1.5871
2.75,-60.25,2014,0.0774
-3.5,-49.75,2014,1.2012
-3.0,-50.5,2014,2.8438
-3.75,-58.75,2014,0.8694
-1.0,-53.25,2014,0.2413
-12.25,-57.75,2014,7.4045
-10.75,-58.0,2014,1.8617
-13.75,-60.5,2014,0.7424
-2.25,-60.25,2014,0.5705
-10.0,-59.75,2014,4.1849
-6.75,-69.75,2014,0.789
-9.25,-70.5,2014,0.4466
-7.0,-70.0,2014,0.436
-6.25,-53.75,2014,1.4012
-3.25,-53.0,2014,4.3622
-6.5,-48.75,2014,1.2169
-11.0,-69.0,2014,1.0867
-1.5,-53.75,2014,2.9811
0.75,-60.5,2014,7.5186
-2.0,-54.5,2014,3.2189
-8.0,-51.5,2014,0.2999
-11.25,-55.0,2014,1.8697
-2.0,-56.75,2014,2.0171
-2.5,-44.0,2014,0.7715
-6.25,-47.25,2014,1.0422
-14.25,-60.0,2014,7.2789
-6.5,-56.5,2014,0.4133
-10.0,-58.25,2014,11.1501
-11.0,-68.75,2014,1.889
-2.0,-45.5,2014,5.3038
-8.5,-71.25,2014,0.8364
-2.0,-45.25,2014,0.5003
-2.5,-66.0,2014,1.2867
-6.0,-45.25,2014,0.1533
-8.0,-61.5,2014,6.395
-8.5,-61.25,2014,0.0749
-2.25,-56.0,2014,1.2869
-3.25,-58.25,2014,0.466
-10.5,-64.75,2014,4.2666
-12.0,-62.75,2014,0.2634
-10.75,-53.75,2014,7.9606
-3.5,-51.0,2014,6.2622
-3.25,-59.75,2014,0.2339
-3.75,-65.0,2014,3.645
-4.25,-55.75,2014,5.5028
-3.75,-64.5,2014,1.4871
-7.25,-64.75,2014,2.5458
-3.0,-49.5,2014,2.4709
-2.5,-46.5,2014,2.62
-10.25,-54.0,2014,6.0136
-4.5,-63.5,2014,0.2185
-15.25,-57.75,2014,0.8674
-9.5,-62.0,2014,2.0394
-11.25,-61.25,2014,1.3405
-6.5,-68.25,2014,0.2266
-3.5,-51.75,2014,1.4999
-9.5,-61.0,2014,4.39
-11.25,-62.75,2014,0.5508
-9.25,-50.5,2014,1.8918
0.25,-68.5,2014,0.0704
1.0,-51.0,2014,0.3286
-8.0,-61.75,2014,2.3622
-15.25,-52.0,2014,0.0809
-2.5,-56.0,2014,4.1611
-10.75,-50.0,2014,1.503
-9.25,-64.25,2014,1.1035
-7.25,-68.0,2014,0.1749
-4.75,-45.75,2014,5.1222
-3.75,-49.0,2014,2.87
-3.5,-64.5,2014,3.1241
-5.75,-56.75,2014,1.2196
-2.75,-56.75,2014,1.0151
-7.75,-72.25,2014,0.2878
-12.5,-62.0,2014,1.9872
0.0,-51.25,2014,0.1764
-4.0,-63.0,2014,0.7793
-7.75,-70.5,2014,0.437
-12.5,-57.75,2014,4.1777
-3.25,-51.75,2014,7.0559
-2.5,-55.25,2014,1.6178
-9.75,-62.25,2014,4.0456
-10.0,-62.25,2014,1.485
-12.25,-63.5,2014,1.635
-14.25,-57.75,2014,1.1183
-10.25,-68.5,2014,0.5683
-8.75,-69.75,2014,1.9925
-3.5,-49.25,2014,3.6207
-5.0,-46.0,2014,3.3477
-6.0,-46.0,2014,3.1617
-15.75,-55.5,2014,0.1682
-8.25,-55.5,2014,2.0486
-9.25,-50.25,2014,0.0818
-13.25,-54.25,2014,1.3014
-8.75,-71.0,2014,4.1771
-3.5,-51.25,2014,2.7242
-7.0,-55.25,2014,1.3733
-6.5,-53.5,2014,14.8855
-5.75,-49.0,2014,2.2795
-10.0,-51.75,2014,0.3719
-12.25,-54.5,2014,13.0768
-7.75,-61.25,2014,2.4796
-9.0,-51.5,2014,7.7868
-12.25,-51.5,2014,0.3517
-10.0,-65.25,2014,4.6024
-11.75,-52.5,2014,1.9444
-3.0,-57.5,2014,1.3539
-6.75,-48.75,2014,1.9933
-3.75,-51.5,2014,3.9661
1.0,-60.0,2014,0.6519
-4.75,-48.75,2014,4.5531
-6.0,-50.25,2014,0.4119
-3.25,-48.0,2014,0.1476
-3.0,-46.0,2014,0.0809
-3.25,-61.25,2014,0.8724
-9.0,-51.75,2014,0.3371
-6.0,-48.75,2014,0.4776
-4.25,-47.5,2014,0.1421
-8.5,-51.5,2014,0.3356
-1.5,-51.5,2014,1.2982
-3.5,-52.5,2014,0.8144
-5.25,-49.5,2014,2.8291
-4.5,-48.75,2014,1.5292
-5.5,-45.0,2014,2.7559
-1.25,-53.0,2014,2.5966
-8.0,-72.5,2014,3.0569
1.0,-60.75,2014,0.0855
-10.25,-68.0,2014,3.8157
-4.5,-46.75,2014,1.0549
-9.75,-67.25,2014,1.7922
-6.0,-50.0,2014,0.6982
-11.25,-59.0,2014,0.1975
-10.75,-54.0,2014,1.1638
-2.5,-65.0,2014,0.3586
-12.0,-64.0,2014,4.045
-4.0,-65.25,2014,0.295
-6.75,-51.0,2014,1.5481
-3.5,-53.75,2014,0.8045
1.25,-60.0,2014,2.0463
-2.5,-47.25,2014,1.4816
-3.5,-44.25,2014,0.8793
1.0,-60.25,2014,0.9992
-3.5,-58.0,2014,0.2809
-7.5,-55.5,2014,12.6093
-5.75,-45.75,2014,0.6932
-5.75,-50.0,2014,3.0083
-2.75,-46.75,2014,4.1762
-10.75,-68.75,2014,3.2952
-10.0,-59.5,2014,0.3897
-10.75,-68.0,2014,0.077
-0.75,-52.25,2014,0.9138
-8.75,-50.0,2014,1.4001
-6.25,-58.0,2014,1.6497
-8.5,-54.75,2014,8.7724
-6.75,-63.25,2014,1.8601
-11.75,-63.0,2014,2.3241
-8.0,-63.5,2014,1.4109
-3.75,-69.5,2014,0.344
-4.0,-59.75,2014,3.1466
-14.0,-56.25,2014,3.0955
-8.25,-72.0,2014,0.2451
-6.75,-55.25,2014,6.8558
-5.75,-53.75,2014,0.5636
-13.0,-60.0,2014,1.5015
-5.5,-51.25,2014,9.9032
-10.5,-58.5,2014,0.1551
-8.75,-53.5,2014,0.1999
-11.25,-65.0,2014,0.0822
-11.5,-57.25,2014,0.6678
-5.5,-49.5,2014,0.8849
3.25,-51.25,2014,0.4651
-10.5,-51.0,2014,1.0682
-7.25,-56.5,2014,0.3923
-6.75,-59.25,2014,1.2304
-3.25,-49.5,2014,2.884
-8.75,-71.25,2014,2.0022
-5.0,-47.25,2014,0.2742
-3.25,-55.0,2014,0.9507
-7.5,-73.25,2014,1.4117
-7.75,-70.0,2014,2.1594
-8.5,-70.0,2014,0.9692
-6.0,-45.75,2014,5.4181
-6.0,-52.0,2014,1.6817
-3.75,-57.5,2014,0.072
-6.75,-56.0,2014,0.9831
-3.25,-49.0,2014,2.0517
-11.25,-60.75,2014,0.4108
-10.5,-65.0,2014,0.5747
-8.5,-64.0,2014,1.304
-6.5,-70.0,2014,0.3522
-3.0,-57.0,2014,1.1937
-8.75,-50.75,2014,2.6079
-10.5,-54.5,2014,3.0065
-11.5,-60.5,2014,0.5432
-5.0,-62.25,2014,0.4597
-4.25,-56.25,2014,3.1259
-16.5,-56.5,2014,0.7184
-10.5,-57.75,2014,2.0073
-3.5,-53.0,2014,1.3159
-10.0,-57.75,2014,2.5529
-2.5,-46.75,2014,1.7699
-6.0,-44.25,2014,0.4785
-7.0,-49.25,2014,1.2458
-8.0,-70.25,2014,2.956
-5.25,-48.25,2014,0.1552
-4.25,-56.5,2014,0.1697
-10.0,-68.75,2014,3.1838
-4.0,-53.5,2014,3.4301
-6.0,-49.0,2014,1.0553
-10.0,-56.0,2014,0.7643
-10.25,-54.5,2014,1.2118
-5.0,-48.75,2014,1.7953
-2.0,-51.5,2014,0.1727
-4.0,-61.75,2014,0.6274
-7.0,-58.25,2014,0.0707
-9.75,-67.75,2014,1.7275
-1.5,-47.75,2014,0.2155
-13.0,-53.75,2014,0.3603
-3.75,-56.75,2014,0.6133
-3.75,-59.75,2014,0.8195
-2.0,-51.75,2014,0.162
-1.5,-55.75,2014,1.8601
-9.0,-71.0,2014,0.3661
-5.0,-47.5,2014,0.5182
-15.75,-55.75,2014,0.248
-13.25,-57.0,2014,5.8533
-6.25,-53.5,2014,3.7861
-5.5,-47.75,2014,1.691
-7.0,-71.75,2014,0.3979
-12.25,-64.25,2014,2.5351
-10.0,-69.0,2014,3.0627
-2.5,-49.25,2014,2.3653
-6.25,-55.75,2014,1.3628
-3.75,-58.0,2014,0.4844
-8.0,-55.5,2014,13.4007
-4.75,-48.0,2014,1.5135
-3.75,-64.75,2014,0.7724
-5.75,-47.5,2014,1.6779
-3.0,-47.0,2014,0.9073
-12.5,-64.25,2014,1.2056
-12.5,-61.0,2014,1.1252
-9.75,-60.0,2014,4.2156
-2.5,-64.75,2014,1.1684
-9.25,-69.0,2014,0.9128
-5.5,-45.75,2014,2.6319
-12.25,-60.75,2014,2.0129
-9.5,-64.75,2014,3.9826
-10.5,-63.25,2014,1.3671
-10.0,-58.75,2014,0.666
-1.75,-48.0,2014,0.2929
-5.0,-45.75,2014,3.334
-4.0,-51.25,2014,0.3554
-9.75,-58.0,2014,2.6404
-7.0,-60.25,2014,2.9342
-4.5,-50.0,2014,0.5462
-4.75,-51.0,2014,1.709
-9.25,-63.5,2014,0.7238
-5.5,-48.5,2014,2.1468
-7.5,-64.25,2014,1.6359
-3.75,-53.25,2014,0.1458
-11.0,-69.75,2014,1.0777
-3.0,-59.5,2014,0.6493
-7.25,-50.75,2014,1.9945
-6.5,-68.0,2014,0.4577
-13.0,-57.25,2014,2.0771
-8.75,-67.5,2014,1.8863
-12.75,-51.5,2014,1.4454
-7.75,-55.25,2014,5.4834
-12.0,-56.5,2014,3.4466
-12.25,-57.25,2014,0.115
-13.0,-56.75,2014,3.2317
-8.25,-71.0,2014,3.732
-9.5,-52.0,2014,0.5247
-6.25,-49.5,2014,0.139
-3.25,-61.0,2014,0.2179
-3.5,-57.0,2014,0.642
-3.0,-44.25,2014,1.6936
-12.25,-63.0,2014,1.2207
-6.75,-50.25,2014,1.5165
-5.0,-48.5,2014,0.5245
-3.0,-51.75,2014,0.8068
-1.0,-47.0,2014,0.2324
2.0,-61.25,2014,2.5227
-7.5,-55.75,2014,8.4755
-14.75,-59.75,2014,1.1574
-10.5,-69.5,2014,1.2913
-1.75,-45.5,2014,1.7004
-9.0,-61.5,2014,4.7542
1.75,-61.25,2014,0.2617
-2.0,-55.25,2014,0.6641
-13.75,-57.0,2014,3.153
3.25,-61.25,2014,1.6078
-8.25,-49.5,2014,0.5678
-2.75,-49.25,2014,0.7767
-10.25,-59.25,2014,2.7449
-3.5,-49.5,2014,1.0785
-5.5,-60.25,2014,0.1951
-10.5,-67.75,2014,4.5855
-3.75,-53.75,2014,1.215
1.5,-51.0,2014,0.8984
-3.25,-60.5,2014,0.4731
-3.5,-55.25,2014,0.408
-6.75,-59.0,2014,1.5755
-4.0,-69.5,2014,0.7668
-5.75,-48.5,2014,0.3899
-5.75,-63.5,2014,0.1906
-10.5,-63.0,2014,1.0084
-5.5,-50.25,2014,2.3561
-4.75,-48.25,2014,1.083
-11.25,-52.0,2014,1.3765
-11.5,-60.75,2014,0.5573
0.5,-59.75,2014,0.44
-11.25,-55.5,2014,0.8835
-3.75,-48.75,2014,0.5778
-12.5,-54.5,2014,3.0191
-3.0,-60.25,2014,0.306
-4.5,-59.5,2014,0.3232
-5.25,-49.75,2014,1.2047
-3.75,-61.0,2014,0.4693
-6.25,-50.0,2014,0.4392
-8.75,-67.75,2014,0.9482
-6.5,-58.25,2014,2.7701
-9.5,-60.25,2014,6.6283
-10.25,-67.5,2014,1.9961
-3.0,-60.75,2014,1.3217
-9.0,-69.75,2014,0.2217
-10.0,-59.0,2014,0.3835
-11.75,-57.0,2014,1.6336
0.75,-50.75,2014,3.3478
-12.25,-53.5,2014,0.2507
-10.5,-67.5,2014,2.4182
-6.75,-52.0,2014,0.5804
-1.5,-48.75,2014,0.9981
-6.5,-55.75,2014,3.9691
-2.0,-50.75,2014,0.8875
-3.25,-46.5,2014,2.877
-6.25,-48.0,2014,2.5266
-10.0,-69.25,2014,1.4107
-10.75,-67.75,2014,0.5001
-4.5,-49.25,2014,0.3383
-7.75,-51.0,2014,1.0408
-3.25,-59.5,2014,1.4076
-5.75,-61.25,2014,0.7125
-7.25,-49.75,2014,0.7332
1.25,-59.5,2014,0.9092
-5.5,-46.5,2014,1.3479
-5.25,-44.75,2014,2.3887
-8.0,-64.0,2014,0.7093
-2.25,-46.25,2014,5.7129
-5.5,-66.0,2014,0.0878
-12.75,-57.75,2014,0.0617
-12.75,-56.5,2014,2.8055
-8.0,-70.0,2014,0.6696
-8.25,-57.75,2014,0.0758
-6.0,-49.25,2014,1.0745
-1.75,-46.5,2014,0.8547
-1.5,-54.5,2014,0.9313
-7.25,-70.25,2014,0.0698
-7.5,-49.75,2014,1.2377
-11.75,-54.5,2014,1.4261
-10.5,-53.5,2014,2.3776
-5.5,-47.25,2014,2.3835
-4.25,-50.75,2014,3.4113
-8.25,-72.5,2014,0.7831
-0.75,-48.5,2014,0.5415
-11.0,-58.5,2014,0.0735
-10.5,-53.75,2014,0.4801
-6.0,-47.0,2014,0.1382
-11.75,-62.75,2014,1.6715
-3.75,-55.75,2014,3.5364
-5.0,-55.75,2014,3.021
-1.75,-65.5,2014,0.2199
-12.75,-52.5,2014,3.03
-10.25,-50.5,2014,0.756
-13.5,-60.0,2014,2.2395
-13.25,-60.75,2014,1.6266
-3.5,-45.0,2014,0.1502
-5.25,-57.5,2014,2.0234
-7.0,-52.25,2014,5.1538
-3.0,-54.75,2014,1.2943
-9.0,-63.25,2014,0.3695
-3.5,-56.25,2014,0.281
-10.75,-58.25,2014,0.1707
-1.25,-52.75,2014,0.4844
-11.0,-54.0,2014,3.1646
-11.75,-49.75,2014,0.5987
-9.75,-59.75,2014,1.1535
-13.0,-54.25,2014,0.9479
-1.5,-50.75,2014,0.0855
-3.25,-57.5,2014,0.6029
-9.5,-56.5,2014,0.2065
-9.0,-67.75,2014,0.4005
-6.5,-51.75,2014,1.3241
-4.25,-53.75,2014,1.1788
-10.25,-62.5,2014,0.6964
-5.75,-51.0,2014,0.3457
-3.25,-64.75,2014,0.3397
-5.75,-46.25,2014,2.9495
-12.5,-52.5,2014,5.8336
-8.25,-70.75,2014,2.274
-10.25,-52.0,2014,7.8352
-6.0,-56.5,2014,0.9824
-3.25,-52.25,2014,0.8929
-9.75,-65.5,2014,0.3442
-8.75,-63.75,2014,0.1611
-12.75,-54.75,2014,4.615
-9.75,-68.0,2014,0.9117
-9.25,-67.25,2014,1.2628
-5.5,-57.0,2014,0.7023
-3.0,-48.5,2014,5.6948
-6.0,-48.0,2014,1.5628
-8.0,-55.0,2014,1.5139
-11.0,-55.5,2014,1.0203
-10.75,-57.5,2014,11.268
-2.25,-48.75,2014,0.1718
-3.5,-56.5,2014,0.385
-2.75,-48.75,2014,1.4929
-8.5,-73.0,2014,0.1524
-3.5,-46.25,2014,1.7781
-11.5,-53.5,2014,0.0812
-9.25,-56.0,2014,0.9206
-16.25,-58.25,2014,0.5049
-8.5,-72.25,2014,0.0987
-11.0,-54.5,2014,0.5758
-6.25,-52.75,2014,7.1023
-9.0,-62.5,2014,3.9165
-1.0,-53.0,2014,1.1666
-4.0,-67.5,2014,0.3217
-7.5,-72.5,2014,0.2421
-5.25,-56.75,2014,0.2954
-5.0,-50.25,2014,0.6788
-13.0,-61.0,2014,0.1546
-12.0,-62.0,2014,0.3329
-6.5,-48.5,2014,2.6805
-11.75,-56.5,2014,7.6509
-12.0,-55.5,2014,0.2205
-16.0,-58.25,2014,0.1551
-3.5,-59.25,2014,2.9786
-3.25,-50.0,2014,1.5508
-1.75,-53.5,2014,0.7586
-16.25,-58.75,2014,0.6625
-9.75,-66.75,2014,1.5429
-8.75,-63.5,2014,2.9576
-1.5,-46.0,2014,1.5974
-1.5,-55.5,2014,2.6614
-10.0,-51.25,2014,1.221
-7.25,-59.75,2014,10.0137
-10.5,-59.75,2014,0.1393
-9.75,-53.75,2014,0.6163
-1.75,-54.5,2014,1.1796
-11.25,-57.25,2014,0.3471
-1.5,-66.25,2014,0.0597
-3.75,-56.0,2014,0.8355
-10.0,-63.0,2014,1.9807
-7.0,-55.5,2014,0.6287
-9.25,-57.0,2014,0.344
-5.75,-64.5,2014,0.3377
-3.0,-56.5,2014,0.4225
2.0,-51.0,2014,0.4691
-10.75,-65.25,2014,0.176
-9.25,-66.5,2014,2.7635
-7.0,-56.0,2014,0.2723
-15.0,-58.25,2014,0.0923
-9.25,-61.5,2014,2.6926
-13.75,-56.25,2014,0.1359
-11.75,-63.75,2014,0.1849
-3.25,-47.5,2014,3.3004
-1.5,-55.25,2014,4.2097
-1.25,-47.75,2014,0.1496
-6.25,-51.0,2014,0.2028
-6.25,-50.75,2014,0.0868
-11.0,-65.25,2014,0.0805
-9.25,-61.0,2014,6.0381
-11.0,-52.25,2014,0.1163
-2.75,-44.0,2014,0.4742
-1.75,-52.25,2014,0.8527
-9.0,-62.0,2014,1.5362
-6.0,-52.25,2014,3.1725
-11.5,-52.25,2014,0.0812
-8.75,-54.75,2014,1.2445
-9.5,-56.25,2014,3.4192
-3.75,-57.25,2014,0.5839
-3.0,-49.0,2014,1.1519
-12.25,-51.0,2014,0.7689
-8.75,-72.25,2014,0.5081
-9.75,-69.0,2014,3.381
-4.0,-50.0,2014,1.8361
-1.5,-46.25,2014,0.561
-1.75,-50.25,2014,0.0926
-10.75,-51.0,2014,0.2049
-12.75,-57.0,2014,0.1303
-2.0,-45.75,2014,2.1587
-3.5,-53.25,2014,1.3292
-7.0,-51.5,2014,0.6773
-12.0,-58.0,2014,0.7261
-2.0,-53.0,2014,1.0851
-6.0,-56.25,2014,1.2164
-3.25,-62.75,2014,0.3193
-4.5,-49.75,2014,1.5833
-3.75,-64.25,2014,0.4586
-4.5,-63.25,2014,0.484
-3.25,-53.25,2014,2.8929
-10.25,-55.75,2014,0.7622
-9.75,-59.5,2014,0.6516
-11.75,-62.0,2014,0.3743
-6.0,-45.0,2014,0.3827
-10.0,-62.0,2014,0.6528
-12.25,-61.75,2014,1.654
-9.25,-48.0,2014,2.2703
-11.75,-58.5,2014,0.109
-3.5,-57.75,2014,0.737
-4.5,-56.25,2014,2.2903
-7.25,-57.25,2014,0.631
-5.25,-45.5,2014,1.4867
-11.5,-62.25,2014,1.184
-1.5,-60.0,2014,0.3757
-6.5,-62.5,2014,0.5294
-6.75,-57.75,2014,0.0814
-13.5,-53.25,2014,0.7223
0.75,-52.0,2014,1.8079
-8.5,-63.5,2014,2.7197
-3.0,-52.75,2014,1.9588
-15.25,-57.5,2014,0.2098
-11.75,-51.5,2014,0.171
-11.25,-59.25,2014,0.3838
-12.5,-60.0,2014,0.7196
-2.75,-55.25,2014,1.2411
-3.0,-48.75,2014,0.733
-7.5,-61.25,2014,0.295
-15.25,-57.25,2014,0.7074
-10.25,-50.75,2014,0.2535
-9.5,-64.25,2014,3.0795
-10.5,-50.75,2014,2.5216
3.75,-62.0,2014,0.6587
-3.25,-57.25,2014,0.4909
-11.0,-59.25,2014,1.5436
-1.5,-60.25,2014,2.1966
-7.75,-56.75,2014,1.0716
-4.0,-57.25,2014,0.1422
-4.5,-48.0,2014,1.0115
-8.75,-70.75,2014,1.6448
-8.5,-71.5,2014,1.1349
-10.5,-62.25,2014,0.5634
-6.25,-68.0,2014,0.1461
-4.25,-48.0,2014,1.3547
-9.0,-72.25,2014,1.7501
0.0,-51.5,2014,0.6885
-12.75,-52.0,2014,1.9702
-11.5,-56.25,2014,2.6329
-5.75,-51.75,2014,1.5324
-13.75,-60.25,2014,0.9009
-11.5,-54.5,2014,11.717
-9.25,-67.0,2014,2.9403
-4.0,-52.25,2014,0.8851
-6.5,-55.0,2014,19.7903
-5.0,-48.0,2014,1.7067
-12.25,-61.0,2014,1.1039
-0.5,-61.0,2014,0.0686
-7.5,-63.0,2014,0.4603
-7.5,-50.0,2014,2.211
-5.75,-57.5,2014,0.7614
-14.25,-56.25,2014,2.2248
-12.75,-54.5,2014,0.2417
-4.0,-55.0,2014,0.3492
-9.75,-56.75,2014,2.7948
-10.5,-57.0,2014,0.5563
-3.5,-55.5,2014,2.5498
-11.0,-63.0,2014,0.3919
-16.25,-59.5,2014,0.5232
1.25,-52.5,2014,0.0695
-12.5,-61.75,2014,1.6475
-3.5,-54.0,2014,0.2294
-8.25,-63.0,2014,0.3227
-6.5,-56.0,2014,1.2985
-7.0,-70.75,2014,0.1477
-10.5,-69.0,2014,0.8848
-2.75,-52.5,2014,0.3381
-9.0,-69.5,2014,3.6611
-7.75,-49.75,2014,1.1698
-2.25,-55.75,2014,1.286
-7.5,-70.0,2014,3.6434
-0.5,-51.75,2014,1.4046
-9.25,-57.75,2014,0.379
-5.75,-45.0,2014,9.2084
-9.25,-56.5,2014,0.7263
-4.25,-47.0,2014,0.818
-7.75,-56.0,2014,0.1757
-14.75,-57.75,2014,0.2516
-2.25,-49.75,2014,0.4156
-3.75,-59.25,2014,1.7973
-5.0,-44.0,2014,1.5855
-10.25,-63.25,2014,1.8246
-7.5,-50.25,2014,0.2005
-10.5,-51.25,2014,1.2416
-9.5,-65.5,2014,2.6222
-0.25,-60.25,2014,0.0819
-2.5,-54.5,2014,0.2945
-2.25,-53.75,2014,0.4406
-5.25,-47.75,2014,0.5713
-2.75,-55.5,2014,0.5917
-7.5,-56.25,2014,0.2429
-8.5,-49.25,2014,0.0661
-2.5,-66.25,2014,0.1851
-6.5,-52.0,2014,0.6798
-4.5,-50.25,2014,1.2699
-1.75,-61.75,2014,0.1611
1.75,-51.0,2014,1.0292
-4.0,-59.5,2014,0.785
-7.75,-50.25,2014,0.6427
-1.5,-60.5,2014,0.6349
-7.5,-56.75,2014,0.9309
-1.5,-50.5,2014,0.1674
-2.75,-54.5,2014,0.8107
-4.5,-65.5,2014,0.4396
-9.75,-57.25,2014,1.1303
-2.25,-50.5,2014,0.9986
-7.5,-49.5,2014,0.4637
-6.25,-57.75,2014,3.4504
-10.75,-54.25,2014,0.5053
-1.75,-54.75,2014,2.8061
-6.5,-52.75,2014,6.532
-5.75,-47.25,2014,0.5443
-6.5,-60.0,2014,3.3337
-9.0,-54.5,2014,0.9267
-9.25,-58.5,2014,0.6825
-9.75,-54.5,2014,1.1811
-10.0,-57.5,2014,0.6703
-7.0,-51.0,2014,0.7632
-11.5,-59.0,2014,2.6417
4.0,-64.25,2014,0.6514
-10.25,-58.5,2014,1.9477
-11.0,-52.5,2014,0.3726
-2.75,-58.5,2014,0.0676
-12.25,-63.75,2014,1.4475
-8.25,-73.25,2014,0.2257
-8.25,-62.75,2014,0.3933
-9.25,-54.5,2014,0.4335
-5.5,-45.25,2014,2.4695
-6.25,-54.75,2014,0.1319
-6.25,-46.25,2014,0.2949
-3.5,-45.25,2014,0.7024
-2.0,-54.75,2014,0.4237
-11.75,-61.5,2014,0.1169
1.5,-60.75,2014,1.1682
-7.25,-56.75,2014,0.4879
-2.75,-54.75,2014,1.0917
-7.0,-50.75,2014,1.0442
2.5,-60.75,2014,0.3017
-8.0,-72.75,2014,0.7693
-6.0,-57.5,2014,1.3494
-3.75,-54.0,2014,0.4675
-10.75,-62.75,2014,0.5664
-6.25,-51.5,2014,1.0131
-13.5,-55.5,2014,0.5113
-5.0,-52.75,2014,0.0169
0.75,-51.25,2014,0.4738
-9.0,-66.75,2014,14.6616
-11.5,-51.25,2014,1.5494
-3.75,-58.25,2014,0.3822
-10.25,-63.0,2014,0.9179
-5.75,-52.25,2014,0.733
-14.25,-55.75,2014,5.8308
-5.5,-59.75,2014,0.2048
-7.0,-56.5,2014,3.059
-7.75,-49.5,2014,0.6276
-5.75,-57.75,2014,1.4463
-4.0,-49.25,2014,0.6238
-9.75,-57.0,2014,1.6993
-12.0,-63.5,2014,1.0401
-9.75,-56.5,2014,1.0908
-0.5,-52.75,2014,0.0828
-6.25,-68.25,2014,1.2813
-12.5,-59.75,2014,0.1549
-4.0,-50.25,2014,0.789
-9.75,-66.0,2014,0.4567
-9.25,-52.0,2014,0.2849
-6.0,-57.25,2014,0.233
-0.5,-52.0,2014,0.4881
-1.0,-63.0,2014,0.3259
-3.0,-46.75,2014,1.7418
-7.0,-51.25,2014,0.9906
-2.0,-67.0,2014,0.3801
-14.25,-57.5,2014,0.3066
-2.5,-45.0,2014,0.5748
-12.0,-63.25,2014,3.2159
-8.0,-49.5,2014,0.5603
-5.75,-56.5,2014,0.8908
-7.0,-50.5,2014,1.8446
-10.25,-68.25,2014,1.2348
4.5,-61.25,2014,0.1603
5.0,-60.0,2014,0.2254
1.5,-60.5,2014,0.2876
-4.5,-46.5,2014,1.1162
-1.75,-46.25,2014,0.7737
-3.75,-54.5,2014,5.1961
-9.5,-58.0,2014,0.8329
-10.0,-50.5,2014,0.7863
2.25,-61.0,2014,0.9273
-7.5,-51.0,2014,0.643
-11.25,-58.0,2014,0.6407
-2.0,-54.25,2014,0.9285
2.5,-61.0,2014,1.3732
-9.5,-60.5,2014,2.1787
-1.75,-60.25,2014,0.7025
-9.5,-69.0,2014,2.1987
-9.75,-55.75,2014,1.4535
1.25,-64.75,2014,0.065
-3.25,-58.0,2014,1.3634
-5.25,-44.0,2014,2.8349
0.5,-60.5,2014,0.5602
-10.5,-59.5,2014,1.1151
0.75,-51.5,2014,0.7668
-13.0,-54.0,2014,0.1589
-15.25,-55.25,2014,0.4857
-2.5,-57.25,2014,0.1281
-12.5,-56.25,2014,1.2021
-2.5,-55.5,2014,1.7913
-5.75,-50.5,2014,1.2789
-10.75,-55.75,2014,0.1006
-13.0,-61.25,2014,0.5887
-1.75,-52.0,2014,2.4011
2.25,-60.25,2014,0.6177
-14.75,-52.0,2014,0.4813
-4.5,-46.0,2014,0.7344
-1.5,-53.25,2014,0.6232
-9.5,-57.0,2014,2.1005
-1.75,-52.5,2014,0.3703
-2.5,-48.75,2014,0.6194
-8.25,-71.75,2014,0.067
-14.75,-59.5,2014,0.3734
-9.5,-68.0,2014,1.886
-4.25,-70.0,2014,0.7729
-4.25,-69.5,2014,0.6502
-4.0,-56.25,2014,3.0968
-12.25,-57.5,2014,6.3193
-6.0,-55.5,2014,2.148
-11.25,-50.75,2014,0.0673
-3.0,-61.0,2014,1.3894
-10.5,-51.75,2014,0.7884
-6.0,-45.5,2014,1.2166
-3.25,-44.0,2014,0.6207
-3.75,-65.25,2014,1.4177
-6.5,-55.25,2014,4.1235
-4.25,-67.5,2014,0.175
-7.25,-55.0,2014,5.6764
-10.5,-59.25,2014,0.759
-6.25,-60.0,2014,3.965
-15.5,-57.25,2014,0.7933
-6.5,-51.5,2014,0.9525
-7.25,-56.0,2014,0.0955
-12.25,-64.5,2014,1.0485
-2.0,-53.25,2014,0.4985
-12.0,-62.25,2014,0.2362
-2.5,-59.5,2014,0.1353
-11.0,-55.0,2014,2.2145
-5.5,-44.5,2014,1.4693
-2.75,-49.0,2014,2.3071
-7.25,-59.25,2014,2.3328
-13.0,-55.5,2014,0.86
-4.0,-60.0,2014,0.1279
4.75,-60.25,2014,0.5513
3.75,-61.75,2014,2.8558
-2.25,-52.0,2014,0.8607
-14.0,-56.0,2014,0.134
-6.75,-51.25,2014,0.4184
-3.75,-46.75,2014,0.1271
-12.25,-63.25,2014,0.5245
-9.25,-51.0,2014,0.1003
-11.5,-58.75,2014,0.172
-8.75,-50.5,2014,0.4447
0.5,-51.25,2014,0.2111
-2.5,-49.5,2014,0.1628
-6.25,-56.5,2014,1.7542
-10.5,-69.75,2014,0.8499
-3.5,-54.25,2014,1.1326
-10.0,-56.75,2014,1.2798
-8.5,-72.75,2014,0.8125
-3.0,-57.25,2014,1.8912
-9.5,-61.75,2014,0.6317
-3.75,-48.0,2014,0.5244
-9.0,-67.25,2014,2.7743
-12.0,-58.25,2014,0.6137
-10.75,-64.75,2014,0.0779
-11.75,-62.25,2014,0.2941
-7.0,-69.75,2014,0.076
-9.25,-58.25,2014,0.6482
-11.0,-52.0,2014,0.9816
-0.5,-52.5,2014,0.3883
1.25,-60.25,2014,0.561
-6.5,-58.75,2014,0.0805
-3.75,-63.25,2014,0.08
2.25,-60.75,2014,0.6159
-11.5,-49.75,2014,0.1852
-1.0,-47.75,2014,0.1469
-3.5,-66.25,2014,0.3432
-0.5,-65.25,2014,0.0748
-11.25,-62.5,2014,1.5471
-7.25,-71.5,2014,0.2704
-1.75,-47.0,2014,0.4309
-11.25,-56.5,2014,0.5655
-6.25,-56.25,2014,1.4871
-11.0,-56.25,2014,9.6667
-3.0,-53.25,2014,0.8965
-10.25,-52.25,2014,0.0956
-13.25,-52.5,2014,7.4878
-3.5,-58.5,2014,1.5212
-9.0,-51.25,2014,2.2691
-12.0,-57.0,2014,1.919
-2.25,-47.75,2014,0.4717
-0.25,-67.0,2014,0.4614
-9.5,-63.0,2014,2.2822
-5.75,-48.0,2014,0.4963
-9.25,-49.75,2014,3.7248
3.25,-61.5,2014,1.6017
-7.75,-72.75,2014,0.4635
-4.0,-51.5,2014,0.4061
-8.25,-63.25,2014,0.0529
-12.25,-60.0,2014,0.3056
-1.75,-56.5,2014,4.5479
-2.25,-55.25,2014,0.356
-6.25,-57.5,2014,1.1625
-14.25,-57.25,2014,0.7334
-11.5,-61.75,2014,0.5589
-2.0,-51.25,2014,0.4923
-7.75,-70.75,2014,0.0856
-2.75,-50.75,2014,0.0658
-14.25,-59.5,2014,0.1986
-8.5,-63.25,2014,1.3955
-12.75,-62.0,2014,4.9315
-2.25,-53.5,2014,0.6061
-9.25,-64.0,2014,0.0932
-4.0,-46.5,2014,0.8139
-9.0,-50.0,2014,2.0862
-5.75,-46.5,2014,1.0495
-10.25,-65.25,2014,0.3263
-5.25,-44.5,2014,0.581
-3.5,-58.75,2014,1.0992
-12.75,-56.75,2014,4.2524
-9.5,-66.75,2014,0.7548
-6.25,-62.75,2014,0.2745
-5.0,-59.75,2014,0.0763
-3.0,-46.5,2014,0.41
-7.0,-57.0,2014,0.9178
-11.75,-58.25,2014,0.1701
-11.75,-56.0,2014,1.4272
-7.0,-51.75,2014,0.3484
-9.75,-58.25,2014,0.1589
-1.75,-49.0,2014,0.0801
-12.0,-56.75,2014,3.5438
-9.5,-72.0,2014,0.3287
-3.5,-56.75,2014,0.1645
-11.75,-58.75,2014,0.1221
-10.75,-52.25,2014,0.3756
-10.25,-69.0,2014,0.7086
-14.5,-57.5,2014,1.7252
-3.75,-62.0,2014,2.055
3.0,-61.5,2014,0.9776
3.0,-61.25,2014,0.3229
-3.0,-60.0,2014,0.2695
-5.0,-57.0,2014,0.4641
-6.5,-57.5,2014,0.0717
3.75,-51.75,2014,0.6622
-4.25,-55.5,2014,2.299
-8.0,-73.0,2014,3.009
-10.25,-68.75,2014,0.7804
-7.5,-55.0,2014,3.0484
-2.0,-58.25,2014,0.0632
-2.0,-48.25,2014,0.6916
-2.25,-53.0,2014,0.1406
-5.5,-48.0,2014,0.5631
-11.5,-59.25,2014,0.3966
-10.5,-56.25,2014,0.5213
-6.75,-55.75,2014,5.9482
-12.5,-60.25,2014,0.4568
-10.75,-59.0,2014,0.0665
-9.5,-66.25,2014,0.6449
-16.0,-59.25,2014,0.2657
-13.25,-60.5,2014,0.2307
-2.5,-51.75,2014,1.0474
-3.0,-49.75,2014,0.0703
1.75,-60.25,2014,2.3487
-1.25,-54.5,2014,0.0819
-9.75,-58.75,2014,0.4742
-6.5,-54.75,2014,11.2913
-2.5,-48.0,2014,0.162
-3.25,-55.25,2014,0.1832
-2.0,-46.25,2014,2.074
-1.5,-56.0,2014,0.6642
-3.5,-65.25,2014,0.5716
-3.75,-61.75,2014,0.5849
-2.0,-65.25,2014,0.0863
-1.75,-62.0,2014,0.235
-7.0,-48.25,2014,0.4191
-10.0,-60.75,2014,3.0343
-10.25,-51.25,2014,0.982
-5.0,-45.5,2014,0.9691
-12.5,-52.25,2014,0.8794
-3.5,-54.5,2014,1.5985
-14.0,-60.25,2014,0.257
-1.5,-52.0,2014,0.2208
-9.75,-54.0,2014,0.5961
2.0,-60.25,2014,0.7433
-6.0,-51.0,2014,0.0629
-3.75,-49.75,2014,0.2862
-8.0,-70.5,2014,0.5213
-12.75,-60.0,2014,1.0118
-7.25,-55.5,2014,5.9344
-1.0,-47.25,2014,0.2948
-5.0,-48.25,2014,0.4038
3.25,-60.25,2014,0.0836
-8.75,-49.25,2014,0.1004
0.5,-51.5,2014,0.5522
-2.0,-50.5,2014,0.6694
-10.25,-62.0,2014,0.7545
-11.25,-61.5,2014,0.3671
-2.25,-46.0,2014,0.7948
-10.5,-54.0,2014,0.0885
-3.5,-44.75,2014,0.3316
-7.0,-49.5,2014,0.2096
0.5,-51.75,2014,1.0492
-6.5,-51.25,2014,0.3019
-9.0,-64.25,2014,0.9066
-2.5,-56.25,2014,4.1397
-8.0,-49.25,2014,0.4543
-9.5,-67.25,2014,1.4767
-10.25,-56.75,2014,1.003
-1.25,-52.5,2014,0.203
-9.75,-58.5,2014,0.8835
-10.75,-54.5,2014,7.8304
-1.5,-51.25,2014,0.1033
-5.75,-52.0,2014,0.693
-5.75,-47.75,2014,1.2249
-4.5,-46.25,2014,0.7459
-8.5,-71.75,2014,0.2618
-3.25,-56.75,2014,0.5968
-12.25,-61.5,2014,0.9434
-0.25,-65.0,2014,0.1648
-8.75,-62.25,2014,0.4032
-5.25,-48.0,2014,0.2431
-7.25,-69.75,2014,0.4826
3.0,-51.5,2014,0.741
-3.25,-60.25,2014,0.3646
-2.5,-60.25,2014,0.0667
-12.5,-57.5,2014,1.3108
-1.5,-56.5,2014,0.122
-3.0,-54.5,2014,0.5764
-12.5,-52.0,2014,0.0878
-3.0,-59.0,2014,0.3567
-4.5,-59.75,2014,0.3978
-11.0,-51.25,2014,1.1981
-7.75,-55.75,2014,0.6949
-6.0,-60.25,2014,0.1019
3.0,-61.75,2014,0.8841
-9.25,-70.75,2014,0.3615
-7.25,-52.5,2014,0.9927
-14.75,-54.75,2014,0.3577
-6.75,-48.25,2014,0.4282
-5.75,-49.75,2014,0.6958
-3.0,-52.25,2014,0.0738
-10.25,-62.25,2014,0.5438
-11.0,-49.75,2014,3.9562
-4.5,-55.25,2014,0.4556
-3.0,-66.75,2014,0.1984
-9.5,-50.25,2014,0.1301
-10.25,-56.25,2014,0.3341
-5.5,-57.25,2014,0.5143
-6.5,-50.25,2014,0.7471
-10.75,-51.75,2014,0.7031
-0.25,-53.25,2014,0.1033
-3.0,-56.0,2014,0.1325
-9.75,-65.75,2014,0.7027
-4.25,-60.75,2014,0.072
-6.5,-49.0,2014,1.0956
-3.5,-59.75,2014,0.6703
-6.75,-70.25,2014,0.2796
-12.5,-51.25,2014,0.1749
-1.25,-46.25,2014,0.1175
-4.0,-47.75,2014,0.59
-2.75,-57.5,2014,0.081
2.5,-60.25,2014,0.1744
-4.25,-49.0,2014,1.9589
-10.0,-67.75,2014,0.7705
-6.0,-48.5,2014,0.3872
3.75,-64.25,2014,0.1644
-8.5,-63.75,2014,0.378
-10.75,-55.5,2014,0.2495
-3.25,-49.25,2014,1.3464
-6.0,-47.25,2014,0.6263
-2.25,-47.25,2014,1.4382
-2.75,-50.25,2014,0.2046
-9.5,-49.5,2014,0.0923
5.0,-60.5,2014,0.2387
-8.25,-69.75,2014,0.1023
-6.0,-44.5,2014,0.1684
-2.0,-60.0,2014,0.6409
-8.5,-48.25,2014,0.2881
-8.25,-67.25,2014,0.3651
-3.25,-67.0,2014,0.0614
-4.25,-63.25,2014,0.8279
-10.5,-67.25,2014,0.1034
-2.5,-45.25,2014,0.4823
-8.25,-71.25,2014,0.8181
-12.5,-60.75,2014,0.2758
-2.0,-52.5,2014,0.7727
-8.5,-63.0,2014,0.5436
-2.75,-46.0,2014,1.4591
-5.0,-49.25,2014,0.8395
-3.75,-49.5,2014,0.2142
-13.25,-57.5,2014,11.9496
-6.5,-53.75,2014,0.8383
-8.25,-49.25,2014,0.6357
-8.75,-48.75,2014,0.134
-9.75,-50.75,2014,0.2477
2.5,-51.5,2014,0.0837
-13.25,-53.25,2014,5.5575
-11.5,-61.25,2014,0.3066
-7.0,-55.75,2014,1.778
-14.0,-60.5,2014,0.1816
-13.25,-53.5,2014,0.3836
1.0,-52.0,2014,0.7686
-2.75,-61.0,2014,0.3336
1.25,-50.75,2014,0.122
-10.0,-57.0,2014,0.0719
-2.25,-51.25,2014,0.8456
-1.75,-47.5,2014,0.0694
-10.5,-59.0,2014,0.6158
-9.25,-71.75,2014,1.7916
-13.75,-57.75,2014,0.1541
-5.25,-45.0,2014,2.8251
-12.25,-62.0,2014,0.7428
-3.75,-44.5,2014,1.0516
-3.75,-57.0,2014,0.3085
-3.0,-65.0,2014,0.7791
-12.25,-54.0,2014,0.7907
-13.0,-57.0,2014,2.4271
-11.75,-54.25,2014,0.748
-13.0,-60.75,2014,0.6332
-11.0,-61.75,2014,0.2764
-11.75,-52.25,2014,0.9507
-8.5,-69.75,2014,0.7224
-8.75,-51.0,2014,1.4069
-9.25,-56.75,2014,1.9678
-10.0,-62.75,2014,0.8267
-3.25,-67.25,2014,0.2437
-10.0,-55.25,2014,3.253
-7.5,-67.5,2014,0.9547
-11.25,-57.75,2014,1.0897
-5.25,-72.75,2014,0.0658
-6.75,-56.75,2014,0.6972
-4.25,-53.5,2014,0.1501
-12.25,-51.75,2014,0.1271
-4.0,-59.0,2014,0.4105
-15.75,-58.5,2014,0.5158
1.25,-51.25,2014,0.4559
-12.0,-56.0,2014,0.285
-8.5,-67.5,2014,0.8149
-4.75,-60.25,2014,0.0808
-6.0,-61.25,2014,0.4634
-12.0,-63.75,2014,1.8602
-13.5,-60.25,2014,0.221
-5.75,-45.5,2014,0.966
2.75,-51.5,2014,0.7322
-1.75,-66.75,2014,0.0872
-5.75,-51.5,2014,0.9732
-14.25,-60.25,2014,6.5505
-2.5,-47.75,2014,0.9329
-1.5,-47.25,2014,0.3801
-10.5,-56.0,2014,0.1191
-10.5,-55.5,2014,0.2681
3.25,-61.0,2014,0.161
-5.5,-44.75,2014,0.5117
-13.25,-56.25,2014,0.1033
-4.25,-45.75,2014,0.2603
-13.0,-60.25,2014,1.2605
3.25,-60.75,2014,0.0623
-5.0,-67.0,2014,0.4695
-10.75,-55.0,2014,1.7686
-3.75,-44.75,2014,0.1733
-1.5,-61.25,2014,0.0828
-14.75,-60.25,2014,0.3026
-5.75,-57.0,2014,0.8385
-3.0,-67.0,2014,0.4083
-6.75,-64.5,2014,0.0805
-4.0,-61.25,2014,0.3377
-11.0,-68.25,2014,1.0106
-12.0,-61.0,2014,1.0049
-12.0,-49.75,2014,0.0907
-4.25,-49.75,2014,0.2585
-11.5,-55.5,2014,0.448
-3.25,-57.0,2014,1.2895
-2.75,-51.0,2014,0.1495
-6.0,-70.5,2014,0.1896
-3.0,-54.25,2014,0.2952
-9.75,-66.25,2014,1.9973
-11.0,-56.0,2014,3.4846
-7.25,-52.75,2014,0.1715
-2.0,-57.0,2014,0.235
-7.25,-49.25,2014,0.395
-7.0,-50.25,2014,1.9602
-2.25,-52.5,2014,0.607
-9.75,-50.5,2014,0.0852
-0.5,-64.75,2014,0.269
-12.0,-51.75,2014,1.925
-1.25,-60.5,2014,0.1621
-2.5,-54.75,2014,0.428
-9.75,-52.0,2014,0.5542
-13.25,-57.25,2014,0.4893
-4.0,-57.5,2014,0.0649
-1.5,-50.0,2014,0.0668
-12.25,-58.0,2014,0.3239
-7.75,-73.5,2014,0.1465
-0.75,-57.75,2014,0.0606
-1.5,-57.75,2014,0.0766
-13.25,-60.0,2014,1.2773
4.5,-61.0,2014,0.1829
-8.5,-49.5,2014,0.9885
-4.5,-49.5,2014,0.8169
-3.5,-45.5,2014,0.1858
-7.75,-72.0,2014,0.2365
-14.75,-57.5,2014,0.2999
1.5,-61.0,2014,0.3935
-3.75,-47.75,2014,0.6826
2.25,-60.5,2014,0.3676
-4.75,-46.0,2014,0.1749
-9.75,-51.75,2014,2.3485
-4.25,-65.0,2014,0.1857
-11.0,-57.75,2014,0.4495
-10.25,-57.5,2014,0.8321
-10.75,-63.5,2014,0.3669
-11.25,-57.0,2014,0.3172
-1.25,-48.0,2014,0.1567
-6.25,-62.5,2014,0.2594
-7.75,-67.25,2014,1.8136
-8.75,-67.0,2014,1.4055
-13.5,-55.75,2014,1.131
-7.0,-52.0,2014,0.3024
-12.5,-55.5,2014,0.3638
-3.25,-58.75,2014,0.5283
-9.75,-51.25,2014,0.6453
-13.0,-54.75,2014,0.0825
-3.0,-60.5,2014,0.0818
-4.75,-56.5,2014,0.5113
-7.0,-58.5,2014,0.0752
-7.75,-73.0,2014,0.5676
-3.0,-66.0,2014,0.2589
-7.25,-60.75,2014,0.3191
-0.5,-51.0,2014,0.1078
-10.0,-55.75,2014,0.2159
-11.0,-58.75,2014,0.2361
-4.25,-50.0,2014,0.4548
-9.5,-57.75,2014,2.2669
-12.5,-53.0,2014,0.14
-3.0,-45.25,2014,0.2446
-6.0,-51.75,2014,1.6797
-10.5,-58.75,2014,0.9212
-11.0,-62.25,2014,0.2869
-7.5,-64.5,2014,2.3461
4.0,-64.5,2014,0.5065
-10.0,-51.5,2014,0.393
-8.75,-50.25,2014,0.923
-4.5,-64.25,2014,0.1004
-4.75,-49.0,2014,0.4572
-9.5,-50.75,2014,1.3952
-5.25,-46.75,2014,1.4378
-8.25,-63.75,2014,0.1879
-8.25,-68.0,2014,0.0732
-10.0,-50.75,2014,1.0267
-3.25,-65.75,2014,0.1138
-3.5,-64.25,2014,0.1049
-9.75,-56.25,2014,1.1358
-11.75,-55.75,2014,1.217
-5.75,-46.0,2014,4.899
-13.5,-60.5,2014,1.3973
-4.0,-53.25,2014,0.0631
-6.0,-52.75,2014,4.0171
-11.0,-54.75,2014,2.6036
-10.75,-56.25,2014,0.3195
-13.5,-54.25,2014,0.1708
-6.75,-63.0,2014,0.1822
-10.0,-66.5,2014,0.1764
-13.5,-61.0,2014,0.4568
-12.0,-51.5,2014,3.1054
-7.75,-73.25,2014,0.2357
-8.75,-64.25,2014,3.7468
-12.0,-62.5,2014,0.3619
-14.25,-59.75,2014,0.0804
1.5,-56.0,2014,0.0695
-9.0,-64.5,2014,0.3661
-4.5,-69.75,2014,0.0711
-8.0,-61.25,2014,2.415
-9.0,-71.75,2014,0.0871
-6.25,-46.0,2014,0.6031
-6.5,-69.0,2014,0.6301
-12.25,-60.5,2014,0.3884
-9.75,-54.25,2014,0.5636
-4.0,-56.0,2014,2.5904
-0.25,-51.25,2014,0.0926
-6.5,-47.25,2014,0.2204
-1.75,-51.75,2014,0.0962
-11.5,-52.0,2014,11.0719
-9.25,-63.75,2014,1.2179
-7.75,-71.75,2014,0.0618
-10.5,-62.0,2014,0.2961
-3.75,-47.5,2014,0.278
-1.75,-56.25,2014,0.4959
-9.25,-72.75,2014,0.5022
-3.75,-58.5,2014,0.3929
-12.25,-55.5,2014,2.7783
-4.0,-65.0,2014,0.7562
-5.25,-57.25,2014,1.0129
-10.5,-55.0,2014,2.142
-9.75,-62.5,2014,1.0846
-11.0,-55.75,2014,0.8924
-2.25,-62.5,2014,0.2706
-3.25,-61.5,2014,0.8716
-1.5,-52.75,2014,1.3597
-13.25,-61.0,2014,1.3381
-11.75,-65.25,2014,0.096
-12.5,-61.25,2014,1.7782
-8.5,-48.75,2014,0.393
0.5,-50.75,2014,0.1755
-11.75,-58.0,2014,0.0654
-12.5,-55.25,2014,0.8491
0.0,-67.25,2014,0.1862
-7.75,-50.75,2014,1.0197
-9.5,-65.75,2014,1.16
0.0,-60.5,2014,0.253
-5.5,-57.75,2014,0.2181
-11.0,-62.0,2014,0.1776
-13.0,-52.25,2014,0.257
-10.0,-53.75,2014,0.4194
-6.5,-47.5,2014,0.2027
-6.5,-50.0,2014,0.4868
-7.25,-72.5,2014,0.1547
-2.75,-45.25,2014,0.323
-12.25,-54.25,2014,0.1332
-3.5,-57.5,2014,0.8011
-4.0,-66.0,2014,0.0729
-16.0,-54.25,2014,0.3034
-16.5,-58.25,2014,0.3514
-11.75,-64.75,2014,0.8062
-2.25,-49.5,2014,0.0819
-5.0,-60.0,2014,0.299
-4.25,-54.5,2014,0.2683
0.25,-49.75,2014,0.1701
-9.5,-54.5,2014,1.1607
-3.0,-55.25,2014,0.4803
-5.25,-60.0,2014,1.0024
-2.5,-49.75,2014,0.5161
-11.5,-61.5,2014,0.6193
-4.25,-49.5,2014,0.2186
-15.25,-59.25,2014,0.5821
-7.25,-71.0,2014,0.0857
1.25,-69.25,2014,0.0677
-3.0,-48.25,2014,0.2387
-2.75,-48.25,2014,0.0952
-0.5,-61.75,2014,0.0641
-13.0,-56.5,2014,1.0247
-10.75,-60.5,2014,0.0631
-12.25,-59.5,2014,0.1245
-5.5,-55.75,2014,0.3263
-0.25,-51.75,2014,0.3456
-2.75,-64.75,2014,0.3203
-6.0,-61.75,2014,0.0673
-8.75,-48.5,2014,0.6694
-2.25,-57.25,2014,0.3373
-7.75,-66.75,2014,0.1245
-4.25,-57.5,2014,0.0666
-9.75,-65.0,2014,0.3908
1.25,-69.0,2014,0.089
-8.0,-67.25,2014,0.1985
-7.5,-67.25,2014,0.3153
-1.0,-53.75,2014,1.6876
-11.5,-56.75,2014,4.7325
-7.0,-48.0,2014,0.1282
-12.75,-55.0,2014,0.4357
-9.25,-73.0,2014,0.0756
-0.5,-52.25,2014,0.3634
-5.5,-67.5,2014,0.345
-5.75,-57.25,2014,0.1259
-4.0,-46.75,2014,0.1191
-12.5,-51.0,2014,0.2611
-4.25,-65.25,2014,0.374
-2.0,-48.0,2014,0.2483
-5.0,-60.25,2014,0.9787
-8.5,-48.5,2014,3.6215
-2.25,-52.75,2014,0.3925
-2.5,-60.0,2014,0.3204
-1.75,-60.0,2014,0.5324
-8.75,-48.25,2014,0.1268
-2.25,-53.25,2014,0.2412
-4.5,-62.25,2014,0.0639
-11.5,-57.0,2014,1.5653
-1.0,-62.75,2014,0.0606
-9.25,-66.0,2014,0.2014
3.5,-61.25,2014,0.0845
-0.75,-52.75,2014,0.1683
-2.0,-48.5,2014,0.6578
-12.0,-61.25,2014,0.5943
-4.0,-49.75,2014,0.1733
-6.5,-64.25,2014,0.085
-3.0,-56.75,2014,0.3816
-4.0,-47.5,2014,0.6114
-1.75,-47.75,2014,0.7407
-11.75,-61.75,2014,0.3211
-8.0,-73.5,2014,0.0909
0.0,-67.0,2014,0.4525
-13.25,-61.5,2014,0.5993
-4.0,-48.25,2014,0.6682
-2.5,-52.25,2014,0.2723
-15.5,-58.0,2014,0.1383
-15.5,-57.5,2014,0.4013
-11.75,-56.75,2014,3.7549
-14.0,-57.0,2014,0.1315
-7.75,-55.0,2014,33.4007
-2.5,-55.0,2014,0.1459
1.5,-50.75,2014,0.1692
-10.5,-55.75,2014,0.4284
-5.5,-56.5,2014,0.5869
-14.25,-56.75,2014,0.07
-2.5,-52.0,2014,0.6825
-8.5,-50.0,2014,0.2185
-3.0,-50.25,2014,0.3051
-13.25,-53.0,2014,0.872
-4.0,-63.75,2014,0.072
-6.75,-48.5,2014,0.1955
-3.25,-59.25,2014,0.3308
-7.0,-59.0,2014,1.3823
-11.25,-51.5,2014,0.2254
-1.5,-46.75,2014,0.3962
2.5,-51.0,2014,0.4058
-12.0,-60.75,2014,0.5735
-7.25,-63.0,2014,0.0027
-1.5,-48.25,2014,0.0605
-4.25,-47.25,2014,0.0702
-10.5,-62.5,2014,0.2076
-5.75,-46.75,2014,1.5984
-4.25,-50.25,2014,0.8848
-11.5,-57.5,2014,0.3125
-10.0,-60.25,2014,0.3616
-3.0,-47.5,2014,0.0774
-6.25,-62.0,2014,0.0903
-4.75,-65.5,2014,0.0914
-12.5,-56.5,2014,1.6278
-2.75,-55.75,2014,0.7928
-3.5,-60.5,2014,0.0711
-7.5,-64.0,2014,0.47
-2.75,-59.5,2014,0.2803
-10.75,-53.0,2014,0.1628
2.0,-61.5,2014,0.535
-3.25,-53.5,2014,1.0342
-11.25,-54.75,2014,0.0603
-7.0,-48.75,2014,0.3219
-2.75,-53.5,2014,0.1984
-9.75,-62.75,2014,0.3514
-8.25,-49.0,2014,0.1261
-2.75,-47.75,2014,0.1424
-5.25,-48.5,2014,0.5234
1.25,-52.75,2014,0.13
-5.75,-50.25,2014,0.2544
-5.75,-61.5,2014,0.1374
-4.25,-54.25,2014,0.5109
-6.75,-62.0,2014,0.0699
-1.0,-64.0,2014,0.5138
-7.5,-51.75,2014,0.0919
-6.75,-62.25,2014,0.0893
-11.5,-60.25,2014,0.0803
-6.75,-59.75,2014,3.1957
-13.75,-51.0,2014,1.1914
-0.75,-61.0,2014,0.1185
-8.5,-49.0,2014,0.0899
-7.5,-70.5,2014,0.1563
-2.75,-44.25,2014,1.9023
-9.25,-71.0,2014,0.358
-3.75,-55.25,2014,0.0827
-5.75,-55.75,2014,0.6666
-6.0,-54.0,2014,0.2551
-2.75,-52.75,2014,0.2669
-2.75,-60.0,2014,0.5667
0.5,-67.25,2014,0.0668
-2.25,-48.0,2014,1.0039
-5.75,-60.25,2014,0.1445
-9.0,-61.25,2014,1.0618
0.25,-51.5,2014,0.073
-14.75,-55.0,2014,0.1336
-16.5,-56.0,2014,0.7584
-2.5,-50.5,2014,0.5054
2.5,-51.75,2014,0.0854
-6.75,-68.25,2014,0.1018
-15.5,-60.0,2014,0.7158
-1.5,-58.0,2014,0.2422
-3.5,-61.75,2014,0.0782
-3.75,-60.5,2014,0.1111
-10.75,-63.0,2014,0.5857
-2.0,-50.25,2014,0.1825
-0.25,-51.0,2014,0.0641
-7.25,-69.5,2014,0.2218
-6.75,-49.25,2014,0.2362
-7.5,-48.75,2014,0.4363
-4.5,-51.25,2014,0.087
-11.0,-57.0,2014,0.8039
-11.5,-57.75,2014,0.1685
-8.25,-73.0,2014,1.2557
-2.25,-57.5,2014,0.2332
-17.5,-55.0,2014,0.1736
-5.0,-49.0,2014,0.3399
-8.75,-71.75,2014,0.1681
-7.0,-50.0,2014,0.0707
-6.75,-55.0,2014,2.274
-5.75,-61.75,2014,0.2517
1.0,-52.5,2014,0.48
3.0,-60.25,2014,0.0809
-7.75,-65.0,2014,0.1289
0.75,-51.0,2014,0.3785
-2.5,-48.25,2014,0.6487
-11.25,-58.75,2014,0.2874
-5.5,-56.75,2014,0.0452
-12.25,-59.25,2014,0.0827
-2.5,-61.0,2014,0.2153
-14.75,-55.5,2014,0.4589
-9.0,-60.5,2014,0.747
-14.0,-60.0,2014,0.0709
-2.0,-53.5,2014,0.6792
-3.25,-56.5,2014,0.3602
-2.25,-55.5,2014,0.0632
-7.75,-65.25,2014,0.1262
-9.0,-72.0,2014,0.5226
-13.0,-53.25,2014,0.528
-15.0,-57.75,2014,2.0254
-2.0,-47.75,2014,0.1059
-7.25,-72.75,2014,0.4489
3.25,-63.75,2014,0.0649
-8.0,-49.75,2014,0.2241
-3.0,-51.25,2014,0.442
-1.0,-52.0,2014,0.2983
-8.75,-71.5,2014,0.4764
-8.25,-70.0,2014,0.2557
-3.25,-48.5,2014,1.407
-1.5,-52.5,2014,0.0721
-3.75,-61.25,2014,0.4
-4.25,-63.0,2014,0.4326
-2.25,-51.5,2014,0.1967
-1.0,-54.25,2014,0.5788
-7.0,-66.25,2014,0.3113
-12.0,-54.75,2014,3.1932
-7.25,-58.0,2014,0.1387
-7.75,-70.25,2014,0.0733
-6.5,-51.0,2014,0.1823
-6.0,-44.75,2014,0.2676
-14.0,-56.75,2014,2.1413
-9.5,-71.75,2014,0.0703
-14.25,-52.0,2014,0.178
-4.0,-52.5,2014,0.0693
-6.5,-49.25,2014,0.262
-7.5,-65.25,2014,0.083
-3.25,-54.0,2014,0.0809
-10.75,-54.75,2014,0.1655
-0.75,-48.0,2014,0.1888
2.0,-59.75,2014,0.0694
-6.75,-58.75,2014,0.5857
-6.5,-47.0,2014,0.5232
-12.75,-60.75,2014,0.0695
-8.0,-67.0,2014,0.0644
-12.0,-54.5,2014,3.4117
-0.75,-47.5,2014,0.0944
-3.5,-63.75,2014,0.1493
-11.75,-59.0,2014,0.185
-2.75,-53.0,2014,0.2482
0.5,-60.0,2014,0.1096
-16.0,-59.5,2014,0.1655
-9.75,-49.75,2014,0.3479
-6.0,-47.5,2014,0.0922
-5.75,-70.5,2014,0.1303
-1.75,-48.5,2014,0.3054
1.25,-51.0,2014,0.1158
-3.5,-53.5,2014,0.946
-4.0,-69.25,2014,0.3083
-13.5,-54.5,2014,0.2575
-8.0,-63.25,2014,0.3088
-10.5,-70.0,2014,0.0937
-7.5,-64.75,2014,0.6281
-13.0,-60.5,2014,0.642
-10.5,-61.25,2014,0.5528
-2.25,-50.0,2014,0.1148
-0.25,-66.75,2014,0.065
3.25,-61.75,2014,0.1076
3.5,-61.5,2014,0.0694
1.0,-51.25,2014,0.0632
-1.5,-47.5,2014,0.0899
-9.5,-66.0,2014,0.289
-4.25,-47.75,2014,0.1848
-1.75,-48.75,2014,0.1638
-3.25,-44.5,2014,0.0765
-15.25,-59.75,2014,0.5256
-12.75,-57.5,2014,0.1521
-8.75,-51.75,2014,0.2008
-7.5,-73.0,2014,0.2552
-1.25,-46.0,2014,0.1184
-5.0,-51.0,2014,1.0055
-8.0,-56.75,2014,0.2003
1.0,-69.75,2014,0.0793
-4.5,-60.0,2014,0.1252
-10.75,-52.0,2014,0.1987
-6.0,-61.5,2014,0.0629
-10.5,-57.5,2014,0.0815
-2.75,-47.5,2014,0.0694
-9.0,-48.0,2014,0.161
-4.5,-47.5,2014,0.0702
-15.75,-59.0,2014,0.1296
-4.25,-61.75,2014,0.0675
-1.75,-61.0,2014,0.0855
1.0,-50.75,2014,0.3847
-13.5,-51.0,2014,0.1819
-7.5,-67.75,2014,0.1511
-0.25,-53.0,2014,0.1283
-7.75,-62.75,2014,0.2852
-15.75,-59.75,2014,0.0755
-8.5,-53.75,2014,0.1146
-2.5,-54.0,2014,0.1272
-4.5,-52.5,2014,0.079
-13.5,-57.0,2014,0.7087
-3.5,-47.25,2014,0.3307
-12.25,-56.25,2014,0.6377
-7.5,-62.75,2014,0.1687
-4.25,-67.25,2014,0.1732
-3.5,-60.0,2014,0.0845
-9.5,-71.25,2014,0.0747
-13.75,-55.75,2014,0.1697
-12.75,-56.0,2014,0.08
3.75,-62.5,2014,0.1458
-4.5,-65.25,2014,0.0631
-11.0,-50.0,2014,0.3463
-0.25,-61.0,2014,0.1603
-3.5,-48.75,2014,0.3254
-3.25,-54.5,2014,0.4526
-15.25,-60.0,2014,0.3717
-12.0,-61.75,2014,0.0723
-2.25,-56.25,2014,0.1326
-6.25,-58.25,2014,0.4675
-16.5,-57.5,2014,0.4734
-7.75,-56.5,2014,0.1536
-11.25,-64.75,2014,0.1346
3.0,-63.75,2014,0.0729
-6.75,-62.5,2014,0.0699
-1.5,-54.0,2014,0.6117
-6.5,-69.75,2014,0.1859
-4.75,-67.0,2014,0.071
-4.5,-47.0,2014,0.2406
-3.0,-59.75,2014,0.25
-1.5,-46.5,2014,0.1612
-15.5,-57.75,2014,0.1049
-14.0,-59.5,2014,0.2455
-10.25,-55.5,2014,0.2912
-16.25,-56.25,2014,0.0881
-8.75,-72.0,2014,0.0625
-9.75,-56.0,2014,0.2731
-2.75,-65.75,2014,0.2731
-3.25,-47.0,2014,0.5611
-0.5,-51.5,2014,0.0748
-11.0,-61.25,2014,0.2912
-3.0,-52.0,2014,0.2464
-2.0,-54.0,2014,0.1656
-10.75,-51.25,2014,0.1444
-3.25,-60.0,2014,0.088
-9.75,-63.0,2014,0.3855
-14.0,-59.75,2014,0.0657
-7.75,-49.0,2014,1.3102
-8.25,-65.25,2014,0.0714
-9.5,-51.5,2014,0.6594
-14.25,-57.0,2014,0.324
-10.0,-53.5,2014,0.9886
-3.5,-46.0,2014,0.1245
-5.5,-61.25,2014,0.2456
-10.25,-69.5,2014,0.2631
-2.75,-49.5,2014,0.2402
-12.25,-62.5,2014,0.1673
-11.25,-52.25,2014,6.8341
-6.75,-51.75,2014,0.4114
-11.25,-61.75,2014,0.3049
-10.75,-57.25,2014,0.1375
-12.5,-56.0,2014,0.1018
-4.25,-46.0,2014,0.087
-6.25,-67.75,2014,0.1788
-12.0,-61.5,2014,0.1639
-2.75,-54.0,2014,0.0899
-5.5,-63.5,2014,0.0576
-1.0,-52.25,2014,0.212
-9.25,-54.75,2014,0.4492
3.25,-60.5,2014,0.1752
-4.0,-47.0,2014,0.1351
-7.75,-50.0,2014,0.2419
-7.75,-72.5,2014,0.1439
-9.75,-51.0,2014,0.0993
0.75,-52.25,2014,0.0677
-2.75,-58.0,2014,0.4493
-15.5,-55.0,2014,0.1116
-9.5,-50.5,2014,0.0536
3.5,-51.25,2014,0.2978
-7.5,-60.5,2014,0.3242
-1.0,-56.25,2014,0.0641
-2.0,-56.25,2014,0.0659
-5.75,-68.0,2014,0.0656
-9.25,-64.75,2014,0.1917
-9.0,-48.75,2014,0.0634
-15.5,-60.25,2014,0.0679
-10.0,-59.25,2014,0.2351
-2.75,-68.0,2014,0.4162
-6.25,-54.5,2014,0.1027
-8.25,-50.0,2014,0.3271
-1.25,-50.5,2014,0.0686
-13.5,-59.75,2014,0.078
-15.0,-59.75,2014,0.1188
-2.5,-57.0,2014,0.1477
-15.25,-60.25,2014,0.0714
-8.0,-65.25,2014,0.0662
-1.75,-50.0,2014,0.0899
-6.25,-47.0,2014,0.0841
-4.25,-54.0,2014,0.0933
2.75,-51.0,2014,0.1139
-3.0,-55.0,2014,0.1681
-12.75,-51.0,2014,0.1669
-3.25,-65.5,2014,0.1299
-7.25,-60.25,2014,1.4877
-5.5,-56.0,2014,0.0905
-4.75,-52.75,2014,0.0817
-10.5,-65.25,2014,0.1051
-7.5,-57.0,2014,0.2588
-1.75,-48.25,2014,0.4042
-1.5,-51.0,2014,0.1371
-4.5,-62.0,2014,0.0702
-9.0,-54.75,2014,0.081
-5.5,-49.25,2014,0.4212
-0.25,-60.75,2014,0.1389
-13.25,-52.75,2014,0.1154
-9.25,-50.0,2014,0.0695
-6.0,-63.25,2014,0.2649
-3.75,-49.25,2014,0.1805
-9.5,-56.0,2014,0.0659
-1.25,-46.75,2014,0.7195
-4.0,-64.75,2014,0.0862
-6.75,-48.0,2014,0.0832
-6.0,-49.75,2014,0.1692
-6.25,-64.25,2014,0.077
-1.0,-53.5,2014,0.1122
-6.5,-63.0,2014,0.3576
-10.5,-55.25,2014,0.3416
-7.25,-70.75,2014,0.076
-8.75,-55.25,2014,0.1101
-9.25,-69.25,2014,0.1574
-7.25,-48.75,2014,0.0822
-16.0,-54.75,2014,0.084
-6.75,-50.0,2014,0.5839
-7.5,-63.75,2014,0.0707
-16.25,-56.0,2014,0.302
-3.0,-58.0,2014,0.0729
-5.25,-55.75,2014,0.1774
-4.5,-49.0,2014,0.3304
-10.25,-52.5,2014,0.0719
-5.25,-67.25,2014,0.0843
-14.0,-56.5,2014,0.1073
-5.25,-59.75,2014,0.1011
-2.5,-53.0,2014,0.0756
-3.0,-47.25,2014,0.1201
-5.75,-49.25,2014,0.1959
-8.0,-62.0,2014,0.0715
-3.25,-55.75,2014,0.0943
-9.25,-56.25,2014,0.1627
-6.0,-46.25,2014,0.4023
3.75,-61.0,2014,0.0684
-3.0,-58.5,2014,0.2864
-2.5,-59.75,2014,0.0614
-12.0,-55.0,2014,1.9724
-11.75,-64.0,2014,0.0698
-2.5,-67.25,2014,0.0694
-5.75,-69.5,2014,0.2198
-6.25,-61.75,2014,0.0735
-3.5,-66.5,2014,0.176
-12.0,-64.75,2014,0.1011
-3.0,-58.75,2014,0.0854
-2.5,-51.25,2014,0.0721
-15.5,-59.25,2014,0.2604
-13.0,-57.75,2014,0.0695
-4.5,-48.25,2014,0.1359
-8.5,-69.25,2014,0.0661
-2.0,-49.0,2014,0.2644
-8.0,-62.75,2014,0.0926
-8.0,-66.75,2014,0.0697
-2.5,-54.25,2014,0.073
-11.5,-51.0,2014,0.5275
-4.0,-52.0,2014,0.0738
-4.0,-46.25,2014,0.1946
-10.5,-51.5,2014,0.1315
-6.75,-64.25,2014,0.1539
-13.5,-59.5,2014,0.1282
-4.75,-50.25,2014,0.1785
-4.0,-58.25,2014,0.0915
-3.75,-62.5,2014,0.0684
-2.0,-45.0,2014,0.0703
-3.0,-55.75,2014,0.0703
-9.25,-57.5,2014,0.0879
-11.25,-62.25,2014,0.1844
-16.25,-55.75,2014,0.3622
-10.25,-61.5,2014,0.1193
-11.5,-65.25,2014,0.2139
-5.5,-61.0,2014,0.0718
-2.0,-61.5,2014,0.0659
-15.25,-60.5,2014,0.3493
-14.5,-59.5,2014,0.4973
-11.75,-60.5,2014,0.2015
-0.5,-60.5,2014,0.0819
-10.25,-56.0,2014,0.3754
-13.0,-61.5,2014,0.265
-9.25,-66.25,2014,0.0906
0.0,64.0,2014,0.0
-16.0,-58.0,2014,0.1063
-7.75,-64.5,2014,0.0618
-1.25,-51.25,2014,0.065
-9.0,-50.5,2014,0.2799
-13.0,-55.0,2014,0.1024
-14.5,-57.75,2014,0.1027
-11.25,-54.0,2014,0.0996
-2.25,-55.0,2014,0.0765
-1.5,-45.25,2014,0.2083
1.75,-56.0,2014,0.1442
-5.0,-47.0,2014,0.1979
5.25,-60.5,2014,0.0905
-2.25,-66.75,2014,0.065
-1.25,-47.0,2014,0.4586
-5.25,-46.5,2014,0.0727
-6.25,-48.75,2014,0.2081
-7.25,-56.25,2014,0.0645
-4.25,-59.25,2014,0.2176
-10.25,-59.0,2014,0.1359
-2.75,-59.25,2014,0.2749
-0.75,-53.0,2014,0.1087
-4.0,-60.5,2014,0.0729
-7.5,-71.25,2014,0.0671
3.0,-60.0,2014,0.0827
-1.75,-53.0,2014,0.0899
1.0,-62.25,2014,0.081
-3.75,-62.25,2014,0.216
-10.25,-57.25,2014,0.1043
-4.25,-63.5,2014,0.0675
-4.5,-47.25,2014,0.135
-6.5,-48.0,2014,0.3337
-9.0,-55.0,2014,0.2807
-5.5,-47.5,2014,0.1277
-4.0,-58.0,2014,0.0675
-3.75,-57.75,2014,0.0755
-2.0,-60.25,2014,0.065
-10.5,-58.25,2014,0.4882
-12.0,-64.25,2014,0.1708
-10.5,-62.75,2014,0.1157
-13.75,-55.0,2014,0.1334
-6.0,-65.0,2014,0.0709
-6.75,-69.25,2014,0.1053
-12.5,-56.75,2014,0.1358
-5.75,-58.0,2014,0.0886
-14.75,-59.25,2014,0.1069
-1.75,-45.0,2014,0.0668
-7.25,-49.0,2014,0.221
-16.5,-54.5,2014,0.0735
-4.5,-67.25,2014,0.0719
-9.0,-62.25,2014,1.2096
-7.25,-50.25,2014,0.2624
-6.0,-46.75,2014,0.0966
-2.75,-66.0,2014,0.0988
-12.5,-57.25,2014,0.462
1.75,-67.5,2014,0.0614
-3.5,-67.5,2014,0.0747
-12.75,-61.0,2014,0.0878
-13.25,-57.75,2014,0.124
1.0,-64.0,2014,0.0926
-12.25,-55.75,2014,0.162
-1.5,-56.25,2014,0.1051
-7.5,-72.75,2014,0.1069
-3.25,-54.25,2014,0.1112
-11.75,-61.0,2014,0.914
-1.75,-62.75,2014,0.0712
-5.0,-63.0,2014,0.1384
-13.25,-61.25,2014,0.0859
-6.0,-58.0,2014,0.0789
2.75,-63.5,2014,0.0694
-3.0,-61.5,2014,0.0907
-3.25,-47.25,2014,0.3611
-15.75,-57.5,2014,0.0961
-6.25,-68.5,2014,0.0682
3.0,-51.25,2014,0.0827
-17.0,-56.5,2014,0.2551
-5.75,-60.0,2014,0.1719
-3.5,-57.25,2014,0.0747
0.75,-69.5,2014,0.0623
-12.5,-58.5,2014,0.1358
0.25,-69.5,2014,0.0704
0.25,-67.25,2014,0.0632
-10.75,-56.0,2014,0.1698
4.25,-61.25,2014,0.0675
-12.0,-53.25,2014,0.0636
-6.0,-47.75,2014,0.0718
-11.75,-61.25,2014,0.1222
-6.75,-53.0,2014,0.1132
-7.5,-65.0,2014,0.068
-1.75,-63.0,2014,0.0748
-3.0,-65.75,2014,0.0845
-11.25,-57.5,2014,0.2282
-6.25,-48.5,2014,0.1842
2.75,-60.5,2014,0.1343
-2.5,-46.0,2014,0.1691
-2.75,-60.25,2014,0.0801
-1.25,-56.25,2014,0.1336
-2.5,-50.25,2014,0.0658
-8.0,-66.0,2014,0.09
-12.0,-60.5,2014,0.177
-10.75,-63.75,2014,0.0753
2.0,-50.75,2014,0.0766
-3.75,-63.75,2014,0.0747
-3.5,-47.75,2014,0.1227
-9.5,-71.5,2014,0.0773
-7.75,-63.0,2014,0.0574
-3.25,-45.0,2014,0.1476
-4.5,-70.0,2014,0.0631
-6.75,-70.75,2014,0.0955
-11.75,-60.75,2014,0.1885
-0.75,-57.25,2014,0.065
3.0,-63.5,2014,0.0623
-2.0,-47.0,2014,0.0792
-2.25,-54.25,2014,0.1032
-1.0,-57.25,2014,0.0989
-9.5,-55.75,2014,0.1063
-8.0,-73.25,2014,0.1633
0.25,-69.75,2014,0.0641
-8.75,-73.0,2014,0.0705
0.0,-65.0,2014,0.1274
-3.25,-66.0,2014,0.0694
-5.5,-51.75,2014,0.1321
-7.5,-50.5,2014,0.2014
-12.5,-53.25,2014,0.0801
-3.5,-68.75,2014,0.0845
-9.0,-61.0,2014,0.0774
-6.0,-63.5,2014,0.07
-6.5,-64.5,2014,0.1115
-1.25,-54.0,2015,3.46
-4.25,-49.25,2015,3.6967
-4.5,-55.5,2015,3.3243
-3.25,-54.25,2015,0.643
-3.75,-47.5,2015,5.8826
-2.75,-54.25,2015,8.615
-5.5,-51.25,2015,13.347
-12.25,-54.5,2015,8.4943
-3.5,-54.75,2015,11.5678
-5.5,-47.25,2015,2.7727
-3.0,-54.75,2015,7.2047
-2.5,-54.0,2015,3.1696
-3.25,-59.5,2015,2.7062
-9.25,-62.5,2015,29.8157
-2.5,-58.0,2015,1.664
-5.0,-56.25,2015,7.494
-8.75,-66.75,2015,23.794
-3.75,-51.25,2015,20.0894
-3.25,-51.75,2015,29.1757
-12.25,-54.75,2015,9.2258
-3.0,-54.25,2015,4.1216
-3.75,-52.0,2015,18.2182
-4.0,-50.25,2015,2.719
-3.25,-55.0,2015,4.288
-8.0,-67.25,2015,0.1215
-5.0,-50.0,2015,4.3512
-3.25,-54.75,2015,8.3395
-1.75,-60.0,2015,2.5501
-12.25,-63.75,2015,2.0951
-8.75,-63.0,2015,3.7192
-12.5,-57.75,2015,11.9326
-4.5,-50.25,2015,2.4864
-4.75,-49.0,2015,2.1039
-10.25,-54.0,2015,4.8864
-9.5,-59.0,2015,13.0935
-5.5,-46.5,2015,0.5976
-4.0,-51.0,2015,8.7722
2.0,-60.5,2015,3.7599
-4.0,-50.0,2015,10.66
-9.75,-58.0,2015,3.1448
-9.75,-59.25,2015,15.9526
-2.0,-46.5,2015,3.5828
-2.0,-57.0,2015,1.6741
-9.75,-59.0,2015,17.6042
-1.0,-47.0,2015,1.6274
-4.5,-54.75,2015,5.6626
-3.5,-51.25,2015,18.2006
-9.25,-64.25,2015,0.9101
-3.25,-49.5,2015,3.8789
-9.0,-69.0,2015,3.4575
-4.25,-50.75,2015,1.0497
-4.25,-50.0,2015,2.3233
-14.0,-56.75,2015,1.1404
-3.75,-49.75,2015,3.7703
-9.75,-51.75,2015,0.377
-13.5,-57.0,2015,3.4199
-3.5,-54.0,2015,11.9117
-10.0,-64.25,2015,30.2287
-4.5,-51.0,2015,7.106
-9.25,-67.25,2015,4.5857
-10.0,-54.0,2015,3.7528
-1.75,-52.25,2015,2.1051
2.5,-61.0,2015,5.0398
-4.0,-49.25,2015,7.734
-7.25,-59.5,2015,13.1714
-7.0,-71.5,2015,1.0589
-2.25,-48.25,2015,0.6553
-9.25,-62.25,2015,43.9001
-1.25,-57.0,2015,0.1387
-14.0,-59.75,2015,0.2919
-6.5,-61.75,2015,0.2392
-3.75,-51.0,2015,8.1292
-7.75,-61.5,2015,27.462
-1.25,-47.5,2015,0.3606
-9.75,-64.0,2015,30.3235
-9.75,-53.75,2015,2.6885
-2.0,-48.0,2015,0.5757
2.25,-61.5,2015,2.6973
-5.0,-49.75,2015,5.7799
-3.0,-51.5,2015,9.8206
-1.75,-46.25,2015,1.6484
-4.25,-51.0,2015,6.5101
-2.5,-56.0,2015,3.0458
-6.0,-52.25,2015,4.9092
-3.25,-50.25,2015,12.5479
-9.75,-64.25,2015,21.0146
-12.5,-54.25,2015,3.4547
-3.75,-51.5,2015,5.4763
-3.25,-50.5,2015,33.8802
-10.75,-69.0,2015,5.0825
-4.25,-47.25,2015,0.8103
-9.25,-65.75,2015,24.5642
-9.75,-64.5,2015,25.9046
-12.0,-56.5,2015,7.768
-4.5,-50.75,2015,8.261
-2.75,-48.5,2015,2.2194
-9.25,-60.5,2015,28.456
-4.0,-54.25,2015,9.2831
-9.75,-64.75,2015,52.5712
-2.75,-54.0,2015,0.6061
-3.5,-51.5,2015,16.4326
-3.25,-51.25,2015,19.6146
-9.5,-64.0,2015,9.7415
-3.75,-50.25,2015,18.7557
-3.0,-50.25,2015,4.2476
-3.75,-50.0,2015,25.3549
-1.5,-56.0,2015,1.0622
-7.0,-59.25,2015,20.5888
-3.75,-55.5,2015,2.4468
-3.5,-59.0,2015,1.7336
-3.75,-47.0,2015,0.7389
-12.75,-62.0,2015,1.3118
-10.5,-54.5,2015,1.7786
2.5,-51.75,2015,0.0696
-4.0,-46.75,2015,2.6179
-6.75,-56.75,2015,1.2043
-3.0,-53.75,2015,0.8288
-9.0,-62.0,2015,16.6995
-4.75,-49.75,2015,4.2462
0.75,-51.25,2015,3.0105
-7.25,-57.0,2015,1.5869
-2.25,-53.75,2015,11.5369
-3.5,-52.0,2015,27.3928
-8.75,-55.0,2015,4.396
-3.0,-49.5,2015,2.2701
-9.25,-67.75,2015,5.6371
-9.0,-55.0,2015,0.5428
-8.5,-63.25,2015,5.1671
-3.5,-50.5,2015,23.3328
-1.5,-60.25,2015,1.0376
-3.25,-44.5,2015,0.6516
-8.25,-50.75,2015,2.5191
-5.75,-50.0,2015,5.5832
-3.0,-48.0,2015,4.9059
-9.75,-63.75,2015,31.3993
-4.0,-59.25,2015,2.4627
-10.5,-54.0,2015,1.2797
-6.25,-52.5,2015,17.0925
-1.5,-53.5,2015,2.6552
3.0,-61.75,2015,2.5623
-9.0,-51.25,2015,7.546
-3.5,-51.75,2015,7.693
-2.0,-52.75,2015,1.5293
-10.0,-62.0,2015,0.8946
-8.25,-54.75,2015,22.1838
-4.0,-46.5,2015,5.6693
-1.75,-46.0,2015,3.1367
-3.25,-56.75,2015,0.4538
-3.0,-54.0,2015,3.1964
-3.5,-54.25,2015,11.3932
-10.75,-69.25,2015,4.1068
-4.25,-46.5,2015,0.9798
-7.0,-60.75,2015,0.1463
-14.25,-52.0,2015,1.0558
-7.0,-59.5,2015,13.9244
-13.0,-60.75,2015,1.1522
-11.0,-62.5,2015,0.5577
-2.75,-51.75,2015,7.6996
-3.5,-54.5,2015,15.5062
-10.5,-51.75,2015,0.966
-2.0,-46.25,2015,4.6504
-8.25,-55.25,2015,20.8767
-3.75,-59.25,2015,3.9948
-3.0,-54.5,2015,3.4443
-10.25,-51.5,2015,3.5712
-7.25,-72.75,2015,1.7873
-4.0,-54.0,2015,5.7224
-3.75,-54.0,2015,1.1822
-4.5,-50.5,2015,6.4732
-3.5,-47.5,2015,4.5386
-4.75,-48.5,2015,1.6416
-2.0,-52.0,2015,4.4143
-11.0,-68.5,2015,6.1854
-7.0,-56.75,2015,1.6876
-3.25,-57.5,2015,0.1649
-3.5,-52.25,2015,7.2967
-4.25,-47.0,2015,16.109
-7.5,-55.5,2015,19.0814
-13.5,-59.75,2015,0.5536
-9.25,-63.75,2015,6.0704
-2.5,-54.25,2015,5.5056
-7.5,-73.0,2015,1.3008
-5.75,-48.0,2015,2.3999
-6.0,-56.25,2015,1.6395
-1.75,-54.75,2015,2.1699
2.0,-60.25,2015,0.506
-2.0,-56.5,2015,2.5514
-2.25,-46.5,2015,4.7048
-7.0,-60.25,2015,0.8897
-3.25,-52.0,2015,7.6382
-3.25,-61.25,2015,4.0947
-2.0,-48.25,2015,1.68
-4.75,-50.5,2015,3.0446
-3.25,-51.5,2015,12.9937
-1.75,-48.75,2015,0.7413
-9.0,-59.0,2015,13.6927
2.25,-61.0,2015,5.2609
-9.5,-59.25,2015,10.3476
-2.75,-58.25,2015,0.5626
-13.25,-56.75,2015,9.6044
-11.0,-59.0,2015,38.415
-3.5,-50.0,2015,3.9441
-3.25,-51.0,2015,9.421
-3.75,-54.25,2015,9.5963
2.5,-60.25,2015,1.8244
-4.5,-62.25,2015,0.2167
-4.0,-49.5,2015,8.0097
-3.0,-51.0,2015,6.2834
-12.5,-61.75,2015,1.9069
-1.75,-52.0,2015,3.1701
-10.5,-65.25,2015,0.9525
-4.0,-47.25,2015,4.1135
0.75,-60.25,2015,2.2731
-3.5,-51.0,2015,5.6359
-4.0,-50.5,2015,3.6065
-8.75,-67.0,2015,16.0451
-9.25,-50.5,2015,3.3047
-3.0,-56.5,2015,0.5263
-8.5,-70.25,2015,0.7679
-6.25,-57.25,2015,1.2016
-9.25,-51.5,2015,6.36
-9.25,-68.0,2015,4.933
-0.75,-52.25,2015,0.7736
-3.75,-54.5,2015,10.2429
-13.75,-56.75,2015,0.4004
-9.75,-67.75,2015,1.2627
-5.75,-49.5,2015,0.2633
-9.5,-57.25,2015,2.8992
-2.5,-53.75,2015,4.9707
-3.25,-54.5,2015,4.0418
-9.25,-61.25,2015,8.5747
-3.5,-53.75,2015,4.3806
-2.25,-60.25,2015,0.2922
-3.25,-53.75,2015,1.8049
-2.75,-54.5,2015,4.7646
-5.5,-44.25,2015,5.1226
-1.75,-47.25,2015,0.657
-6.25,-52.25,2015,7.8578
-6.0,-56.75,2015,0.2124
-6.75,-50.5,2015,2.2083
-9.0,-63.75,2015,7.1152
-1.25,-47.0,2015,0.4996
-8.75,-69.75,2015,2.4873
-1.25,-55.25,2015,0.1417
-2.25,-52.0,2015,3.358
-6.75,-55.5,2015,2.1604
-2.75,-47.75,2015,1.5409
-4.0,-55.75,2015,3.7941
-15.75,-59.25,2015,0.4373
-9.5,-58.25,2015,0.066
-3.75,-51.75,2015,8.6579
-3.75,-50.5,2015,13.6057
-13.0,-57.25,2015,6.4383
-4.25,-46.75,2015,3.0867
-3.5,-60.25,2015,1.6479
-1.5,-52.5,2015,0.217
-4.0,-50.75,2015,3.9116
-10.0,-65.25,2015,8.283
-9.0,-68.75,2015,6.6749
-7.25,-49.25,2015,1.0403
-9.0,-61.5,2015,15.2463
-6.75,-62.0,2015,0.1461
-2.5,-51.75,2015,5.9493
-14.0,-60.25,2015,9.03
-2.25,-50.75,2015,1.2785
-9.5,-62.5,2015,11.1118
-0.75,-52.5,2015,0.5059
-8.25,-57.75,2015,0.3287
-9.5,-59.75,2015,13.8297
1.75,-60.25,2015,3.3765
-10.75,-65.0,2015,1.5261
-9.25,-65.5,2015,41.5253
-6.5,-49.25,2015,0.1078
-9.75,-55.0,2015,3.1207
-2.5,-52.0,2015,3.1894
-6.25,-49.25,2015,0.3423
-6.25,-55.75,2015,9.6175
-10.25,-50.5,2015,0.5514
-6.75,-50.0,2015,0.6885
-2.5,-49.0,2015,3.0276
2.5,-61.25,2015,4.4274
-6.5,-55.5,2015,2.3738
-10.0,-62.25,2015,3.4895
-4.25,-49.5,2015,2.074
-10.0,-63.75,2015,14.4908
-6.0,-57.5,2015,1.8615
-2.0,-56.75,2015,3.0549
-8.0,-61.5,2015,14.7212
-4.0,-49.75,2015,1.5868
-11.5,-51.5,2015,3.5328
-14.0,-56.0,2015,0.9567
-8.75,-71.0,2015,0.6384
-3.75,-59.0,2015,4.5282
-9.25,-59.25,2015,5.4934
-5.5,-51.0,2015,4.7884
0.5,-60.5,2015,9.0653
-9.25,-58.5,2015,0.5142
-4.75,-51.0,2015,1.2423
-10.5,-55.0,2015,0.747
-6.5,-58.25,2015,2.2948
-3.0,-51.75,2015,3.9377
-3.5,-69.25,2015,0.116
-2.25,-49.0,2015,1.8456
-9.0,-50.75,2015,6.4184
-2.25,-46.75,2015,1.4251
-9.5,-70.5,2015,1.7017
-12.75,-57.25,2015,0.9828
-6.5,-53.25,2015,9.3654
-10.0,-65.0,2015,27.1043
-4.75,-56.0,2015,6.413
-9.25,-68.25,2015,5.5887
-10.5,-67.5,2015,2.4988
-2.75,-46.75,2015,1.6721
-1.0,-48.0,2015,1.2656
-2.25,-51.0,2015,1.0373
-5.5,-51.5,2015,3.5128
1.0,-60.25,2015,1.9191
-9.25,-59.5,2015,27.2373
-4.0,-60.0,2015,0.5781
-2.5,-52.25,2015,1.5752
-10.5,-69.75,2015,0.3933
-6.5,-59.0,2015,0.1433
-7.0,-59.75,2015,8.505
-2.25,-46.25,2015,0.4121
-9.5,-60.25,2015,11.0699
-12.25,-57.0,2015,2.7867
-4.5,-56.25,2015,1.2191
-10.75,-61.75,2015,0.4452
-9.75,-55.25,2015,2.4769
-9.5,-66.5,2015,7.0925
-2.5,-48.5,2015,2.2508
-10.0,-62.5,2015,3.328
-6.75,-64.25,2015,0.2106
-9.5,-68.75,2015,1.8267
-10.25,-64.25,2015,14.6065
0.75,-50.75,2015,2.6032
-3.75,-52.25,2015,13.7482
-9.0,-69.25,2015,4.0116
-8.0,-61.25,2015,18.6967
-10.5,-65.0,2015,0.1812
-3.5,-53.5,2015,1.1869
-3.75,-50.75,2015,3.6407
-10.0,-64.75,2015,17.7311
-9.5,-67.5,2015,6.4603
-11.75,-58.5,2015,1.3948
-2.5,-50.5,2015,0.4046
-4.25,-49.75,2015,3.2483
-9.75,-60.0,2015,1.9506
-2.0,-55.25,2015,0.1086
-7.0,-50.5,2015,1.5994
-10.0,-69.0,2015,3.3934
-2.75,-54.75,2015,2.8623
-12.0,-63.75,2015,4.3201
-8.75,-67.25,2015,5.049
-1.75,-45.75,2015,4.2817
-4.25,-61.0,2015,0.2278
-10.25,-54.25,2015,6.4894
2.75,-60.25,2015,1.1782
-3.25,-54.0,2015,2.9314
-1.25,-53.5,2015,8.3222
-0.75,-47.5,2015,0.643
-7.0,-50.75,2015,2.9343
0.75,-59.5,2015,4.9308
2.75,-60.5,2015,1.6357
-5.5,-57.0,2015,0.825
-1.5,-45.75,2015,1.1239
-5.25,-48.75,2015,1.3235
-10.5,-68.5,2015,3.6139
-8.5,-64.0,2015,1.765
-2.75,-52.0,2015,3.5722
-10.5,-67.75,2015,2.6047
-12.25,-62.0,2015,1.1836
-3.25,-50.0,2015,1.3411
-1.25,-53.75,2015,12.0689
-11.0,-69.5,2015,1.8851
-10.5,-64.75,2015,7.2046
-12.25,-56.75,2015,5.058
-3.0,-57.5,2015,0.9357
-6.0,-49.0,2015,0.5689
-3.75,-54.75,2015,8.0673
-4.5,-55.75,2015,3.9212
-4.0,-55.5,2015,3.7785
-4.0,-62.0,2015,0.2536
-10.25,-67.25,2015,1.3664
-8.0,-54.75,2015,13.8829
-4.0,-47.0,2015,5.4224
3.0,-60.0,2015,0.0894
-7.5,-70.0,2015,2.8442
-10.25,-51.0,2015,0.7943
-10.0,-63.25,2015,1.7243
2.25,-51.0,2015,0.1601
-3.5,-50.75,2015,13.9126
-10.0,-67.0,2015,9.4396
-4.0,-51.25,2015,2.3573
-12.5,-54.5,2015,4.0803
-2.5,-48.25,2015,0.9077
-10.0,-60.0,2015,7.7982
-3.75,-61.25,2015,0.7695
-10.25,-52.0,2015,4.1026
-0.75,-60.0,2015,0.3799
-9.5,-59.5,2015,12.9027
-4.25,-48.5,2015,4.3701
-4.75,-47.5,2015,0.1464
-11.75,-56.5,2015,3.6833
-7.25,-60.25,2015,2.7103
-1.25,-46.0,2015,0.5855
2.25,-60.5,2015,1.8565
2.25,-60.75,2015,2.1146
-4.25,-50.25,2015,3.3134
-9.25,-60.25,2015,13.0711
-9.25,-62.75,2015,1.8962
-8.25,-55.0,2015,13.1662
-10.25,-63.5,2015,11.6155
-2.25,-57.25,2015,0.3233
2.25,-60.0,2015,1.2035
-3.75,-49.25,2015,1.5278
-6.75,-60.0,2015,11.6881
-9.75,-68.5,2015,8.4788
-6.0,-56.5,2015,1.7155
-6.0,-50.0,2015,1.5952
-9.25,-52.0,2015,0.9382
-11.25,-59.25,2015,1.0369
-5.5,-50.25,2015,4.0283
-2.25,-48.5,2015,1.0315
-2.75,-47.0,2015,1.3585
-3.75,-59.75,2015,1.7554
1.25,-60.0,2015,1.3949
-8.75,-50.0,2015,2.4753
-4.5,-50.0,2015,1.1611
-7.75,-61.75,2015,9.7298
-10.25,-67.5,2015,1.4896
-9.25,-57.5,2015,1.405
-10.25,-67.0,2015,0.9234
-9.75,-63.25,2015,2.6711
-12.5,-64.0,2015,4.4622
-1.0,-47.25,2015,1.7942
-4.0,-47.75,2015,2.5864
-7.75,-72.75,2015,1.3912
-6.0,-49.5,2015,0.1422
-5.75,-47.75,2015,0.5057
-9.5,-49.75,2015,4.1423
-12.5,-54.75,2015,16.6755
-7.75,-55.25,2015,1.821
-15.0,-58.75,2015,0.586
-9.25,-62.0,2015,11.2763
-3.25,-47.75,2015,4.8736
-3.0,-56.75,2015,0.9904
-3.0,-51.25,2015,0.3974
-10.0,-51.5,2015,0.685
-9.75,-56.75,2015,6.2414
-9.75,-69.25,2015,0.3402
-2.75,-57.25,2015,0.4143
-10.75,-69.75,2015,1.5289
-10.5,-52.0,2015,4.6999
-3.5,-59.75,2015,0.6719
-10.5,-64.25,2015,28.6187
-9.75,-57.0,2015,1.423
-7.75,-56.5,2015,0.8829
-10.5,-58.0,2015,2.4908
-4.0,-52.0,2015,1.0599
-2.75,-55.0,2015,1.8224
-5.75,-49.25,2015,0.7607
-5.0,-44.75,2015,1.6576
-1.5,-47.25,2015,0.5817
-9.25,-68.75,2015,10.6687
-3.5,-50.25,2015,7.9947
-4.5,-49.75,2015,7.0551
-2.25,-53.5,2015,5.349
-2.25,-57.0,2015,1.747
-9.75,-59.5,2015,0.9431
-1.75,-48.25,2015,0.9381
-9.5,-64.75,2015,7.4462
-10.25,-63.25,2015,2.9431
-11.75,-61.0,2015,2.0817
2.25,-60.25,2015,7.1385
1.0,-59.5,2015,10.6508
-2.5,-51.25,2015,0.4991
-12.75,-55.0,2015,19.6405
-3.0,-57.25,2015,1.4083
-4.5,-47.75,2015,1.4825
-2.75,-47.5,2015,0.7085
-9.0,-67.5,2015,2.81
-7.25,-50.5,2015,18.6743
-7.25,-59.25,2015,6.5634
-3.0,-47.75,2015,6.5741
-3.5,-60.75,2015,2.2188
-12.5,-55.75,2015,0.6313
-10.5,-68.0,2015,1.3635
-9.5,-62.75,2015,4.3619
-6.5,-55.25,2015,7.2042
-8.0,-72.25,2015,1.1146
-6.25,-58.0,2015,2.6513
-9.5,-62.25,2015,7.5648
-5.75,-57.25,2015,0.4932
1.0,-60.5,2015,4.269
-4.75,-46.75,2015,7.5649
-10.75,-57.5,2015,1.3758
-2.25,-54.0,2015,2.7787
-3.0,-49.0,2015,1.3322
-3.5,-68.25,2015,0.2965
-7.0,-60.0,2015,9.2716
-6.25,-56.0,2015,1.9617
-3.25,-48.75,2015,2.1921
-14.75,-60.0,2015,1.9904
-3.5,-53.25,2015,0.1976
-6.75,-50.75,2015,0.6094
-10.0,-59.25,2015,0.3018
-6.25,-53.25,2015,21.2326
-11.0,-55.5,2015,29.2061
-7.0,-61.25,2015,0.2708
-0.75,-47.75,2015,1.461
-9.25,-66.75,2015,0.0653
-6.0,-52.5,2015,4.7333
-13.5,-56.75,2015,6.1813
-10.75,-56.25,2015,1.4342
-2.25,-51.75,2015,0.1572
-13.25,-57.0,2015,1.687
-2.25,-49.25,2015,0.2523
-4.0,-48.0,2015,1.2233
-14.5,-57.5,2015,2.7213
-5.75,-46.5,2015,1.8088
-2.0,-46.75,2015,1.5975
-3.5,-59.25,2015,3.4698
-9.25,-59.0,2015,17.8299
-10.75,-52.5,2015,1.2176
-14.25,-56.75,2015,0.3937
-1.75,-50.5,2015,0.4735
-2.0,-60.0,2015,0.8276
-1.0,-50.5,2015,0.0936
-5.25,-50.25,2015,2.7372
-2.5,-48.0,2015,0.7305
-8.0,-55.0,2015,9.2342
-9.25,-59.75,2015,28.3506
-6.25,-52.75,2015,10.9351
-3.0,-48.5,2015,0.9378
-10.5,-64.0,2015,8.6439
-11.5,-55.5,2015,1.9159
-11.0,-57.75,2015,0.3624
-1.75,-47.5,2015,1.2187
-9.75,-56.5,2015,1.6909
2.0,-60.75,2015,1.7296
-5.0,-50.75,2015,4.698
-6.0,-51.5,2015,6.3633
-0.5,-51.75,2015,1.2409
-6.75,-56.5,2015,1.5085
-3.0,-61.0,2015,0.686
-10.0,-55.0,2015,1.0607
-4.25,-55.0,2015,7.7061
2.5,-61.75,2015,3.3494
-3.5,-49.25,2015,3.0674
-2.0,-53.5,2015,0.6549
-3.5,-60.0,2015,1.5489
-9.0,-67.0,2015,14.9983
-9.75,-68.25,2015,2.6167
-13.25,-54.0,2015,15.6154
-10.0,-64.0,2015,12.0869
-9.75,-50.75,2015,0.1498
-9.0,-54.5,2015,3.4187
-3.5,-61.0,2015,0.5625
-8.5,-62.5,2015,0.3087
1.75,-51.0,2015,0.6825
-0.75,-48.0,2015,0.6111
-1.75,-60.25,2015,1.0411
3.75,-51.75,2015,0.4692
0.0,-60.5,2015,1.6193
-3.5,-49.75,2015,2.406
-10.75,-63.0,2015,0.3113
-9.75,-65.25,2015,3.3472
0.75,-60.5,2015,5.2633
-1.0,-47.5,2015,0.3925
-9.25,-63.5,2015,4.5947
-4.25,-50.5,2015,3.8986
1.5,-51.0,2015,1.5562
-3.5,-55.0,2015,0.0876
-3.25,-59.25,2015,0.2834
-2.75,-49.5,2015,0.1928
-9.75,-54.75,2015,1.6901
-6.0,-51.25,2015,1.2686
-11.75,-56.75,2015,1.6999
-9.75,-63.5,2015,8.7058
-12.0,-52.0,2015,12.8326
-8.75,-69.5,2015,9.1844
0.25,-60.5,2015,2.4186
-3.75,-59.5,2015,3.2328
-5.25,-60.25,2015,0.7255
-4.5,-46.25,2015,0.8522
2.5,-60.5,2015,1.5268
-1.75,-54.25,2015,0.9743
-1.5,-53.0,2015,0.7291
-9.5,-52.0,2015,3.3464
-4.25,-54.75,2015,13.3062
-1.0,-46.75,2015,0.4085
-4.0,-47.5,2015,2.1587
-9.0,-63.5,2015,7.1694
-13.25,-61.0,2015,1.723
-1.5,-46.0,2015,1.5997
-16.0,-54.25,2015,0.2693
-5.0,-49.25,2015,2.82
-4.25,-49.0,2015,2.4053
-15.0,-59.0,2015,0.5071
-6.5,-48.75,2015,1.0342
-5.75,-44.75,2015,2.8748
-8.5,-66.75,2015,10.2667
-3.25,-48.5,2015,5.0681
-10.25,-65.0,2015,7.9868
-0.75,-57.75,2015,0.1058
-5.25,-49.5,2015,1.098
-6.25,-56.5,2015,2.3193
-7.0,-63.0,2015,4.9332
-9.5,-68.25,2015,3.6478
-3.25,-53.25,2015,3.4492
-2.25,-50.5,2015,0.6378
-10.75,-64.75,2015,1.3485
-12.25,-64.0,2015,7.0184
1.5,-53.75,2015,0.0666
-3.25,-50.75,2015,23.909
-15.25,-57.75,2015,2.1378
-10.0,-68.75,2015,2.8853
-4.0,-65.0,2015,0.1439
-11.25,-55.0,2015,4.2457
-7.75,-49.5,2015,0.3976
-9.5,-69.0,2015,2.7228
-10.25,-64.0,2015,5.1936
-11.75,-60.5,2015,1.585
-9.0,-66.75,2015,8.1887
-9.5,-61.75,2015,1.9857
-7.75,-54.75,2015,21.4669
-9.25,-61.5,2015,5.0211
-5.5,-57.75,2015,0.1476
-11.25,-54.25,2015,3.1629
-7.75,-56.75,2015,1.7576
-7.0,-48.25,2015,1.9987
-6.75,-59.75,2015,2.6642
1.25,-60.75,2015,3.137
-3.25,-57.0,2015,1.3421
-7.5,-55.25,2015,0.3009
-4.5,-48.0,2015,0.6278
-13.5,-60.75,2015,6.7279
-4.75,-46.5,2015,3.4931
-1.25,-55.75,2015,3.2715
-5.5,-48.5,2015,3.1183
-11.25,-55.25,2015,7.1492
-3.75,-44.0,2015,0.1015
-1.75,-53.25,2015,1.0033
-16.5,-55.0,2015,2.1623
-9.5,-64.5,2015,31.2494
-3.0,-52.5,2015,2.9189
-1.5,-46.25,2015,0.686
-3.0,-52.0,2015,0.4907
-2.5,-47.0,2015,1.6886
-1.5,-55.75,2015,3.5093
-12.75,-51.5,2015,6.4582
-9.0,-61.75,2015,2.9202
-2.25,-52.75,2015,0.3588
-2.25,-55.5,2015,0.0639
-4.0,-54.5,2015,8.9993
-6.75,-59.25,2015,3.3807
-3.25,-49.0,2015,0.9145
-2.5,-54.75,2015,1.5704
2.75,-61.75,2015,2.9235
-5.0,-49.5,2015,3.8437
-1.25,-45.75,2015,0.1613
-6.25,-54.0,2015,1.2461
-8.5,-51.0,2015,1.2609
-5.0,-62.5,2015,0.8455
-9.25,-57.25,2015,7.1359
2.25,-61.75,2015,3.8961
-11.5,-59.0,2015,1.5994
-13.25,-60.75,2015,2.1372
-8.25,-72.75,2015,1.1292
-9.5,-67.75,2015,2.8346
-8.75,-63.25,2015,8.3211
-10.0,-58.5,2015,4.8208
-1.75,-54.0,2015,1.6622
-11.25,-59.0,2015,1.0871
-8.75,-64.0,2015,0.442
-10.75,-69.5,2015,4.5599
-5.75,-52.0,2015,1.0704
-13.5,-56.5,2015,8.0014
-10.0,-54.75,2015,1.8372
-4.0,-58.75,2015,0.3678
-3.25,-49.75,2015,0.791
-0.75,-47.25,2015,4.1534
-12.5,-55.0,2015,27.0659
-11.75,-55.5,2015,0.4128
-2.75,-52.75,2015,0.4758
-4.0,-52.25,2015,0.8878
-3.25,-46.0,2015,0.3014
3.25,-62.25,2015,0.0693
1.25,-60.25,2015,0.2372
-5.5,-47.75,2015,2.5982
-3.75,-52.5,2015,1.304
-6.0,-52.0,2015,2.2389
-5.25,-49.25,2015,1.1308
-1.5,-48.25,2015,0.1121
-9.5,-66.25,2015,5.8372
-8.25,-55.5,2015,8.6564
-12.0,-59.0,2015,0.221
-2.75,-58.0,2015,0.5579
-0.5,-48.5,2015,0.3142
-6.25,-49.5,2015,0.6184
-7.25,-59.75,2015,8.933
-14.75,-57.5,2015,0.1424
-10.25,-58.25,2015,7.855
-9.75,-57.75,2015,3.5192
-6.25,-51.5,2015,2.28
-10.0,-50.75,2015,1.5796
-10.5,-51.0,2015,1.6287
-2.0,-53.25,2015,0.4205
-11.75,-65.0,2015,10.0525
-9.0,-50.25,2015,1.5184
-15.5,-57.5,2015,2.3651
-9.5,-60.5,2015,4.5234
-4.25,-67.5,2015,0.2443
-10.25,-58.0,2015,4.9666
-9.0,-62.25,2015,9.9647
-6.0,-57.75,2015,10.8792
-10.25,-58.75,2015,2.9119
-7.5,-56.25,2015,0.7271
-8.75,-61.5,2015,5.8592
-4.0,-59.75,2015,2.4801
-1.0,-67.5,2015,0.1383
-2.75,-49.25,2015,1.1725
-10.5,-63.5,2015,4.227
-13.5,-60.25,2015,0.9697
-9.25,-50.75,2015,4.2664
-5.5,-47.0,2015,2.3557
-10.5,-51.25,2015,0.9448
-1.5,-50.5,2015,0.3449
-16.25,-56.25,2015,0.4458
-9.75,-62.5,2015,1.5756
-7.75,-62.5,2015,0.7276
-1.5,-47.5,2015,0.4243
-0.5,-58.0,2015,0.6463
-5.5,-44.5,2015,1.8475
-6.5,-58.5,2015,5.0701
-5.75,-56.5,2015,1.682
-16.0,-59.25,2015,0.286
-6.0,-53.5,2015,6.6351
-9.25,-68.5,2015,3.0704
-5.75,-51.0,2015,0.7287
-10.0,-54.5,2015,2.2403
-4.5,-46.75,2015,2.9519
-4.75,-47.0,2015,0.9521
-9.25,-63.25,2015,4.8928
-3.75,-47.75,2015,4.435
-12.0,-58.0,2015,2.2954
-12.25,-60.75,2015,1.9165
-4.25,-47.5,2015,2.4927
-8.0,-61.75,2015,4.3792
4.0,-61.5,2015,0.9178
-2.75,-48.0,2015,2.3788
-5.75,-45.5,2015,2.8823
-9.75,-66.75,2015,1.1775
-5.5,-44.75,2015,1.1974
-8.5,-63.5,2015,2.9285
-11.5,-52.0,2015,7.1942
-5.0,-46.75,2015,1.3928
-10.75,-63.5,2015,0.6505
-7.0,-59.0,2015,6.2144
-5.0,-56.0,2015,2.8083
0.75,-51.5,2015,0.3934
-11.75,-62.5,2015,1.2669
-5.5,-44.0,2015,3.4639
-5.0,-44.5,2015,1.6286
-10.5,-69.25,2015,2.1981
-1.25,-47.25,2015,1.9426
-4.75,-49.5,2015,3.7642
-10.25,-64.5,2015,15.8052
-9.5,-68.0,2015,1.0364
-10.25,-59.25,2015,2.6088
-9.0,-68.5,2015,2.8766
-1.75,-47.75,2015,0.8431
-4.0,-54.75,2015,3.154
-10.25,-67.75,2015,3.1275
-9.25,-51.75,2015,10.3261
-3.0,-50.5,2015,5.6124
-3.25,-53.0,2015,6.2634
-12.25,-51.25,2015,1.5949
-8.75,-62.25,2015,2.9311
-6.5,-52.75,2015,13.8823
-9.75,-66.5,2015,5.5111
-2.0,-50.75,2015,1.1487
-9.0,-51.5,2015,19.0491
-9.5,-51.75,2015,4.212
-10.0,-58.25,2015,8.1946
-10.25,-64.75,2015,13.4573
-8.5,-70.0,2015,3.408
-2.25,-56.0,2015,1.0831
-9.5,-63.75,2015,5.1087
-2.25,-55.75,2015,1.0818
-3.0,-52.25,2015,1.0758
-1.75,-46.75,2015,0.4779
-2.5,-55.0,2015,0.065
-12.5,-60.75,2015,0.0784
-3.5,-52.5,2015,0.5443
-5.75,-57.75,2015,1.3543
-5.25,-44.25,2015,7.6279
-6.75,-55.25,2015,16.3432
-1.0,-57.75,2015,0.1854
-6.5,-64.25,2015,0.1379
-3.75,-53.75,2015,2.4747
-13.0,-54.75,2015,4.8529
-3.75,-66.0,2015,0.0881
-8.5,-55.0,2015,18.2256
-6.25,-53.5,2015,21.6507
3.0,-61.5,2015,1.5654
-3.0,-58.0,2015,0.0761
-2.5,-57.25,2015,0.3259
-1.75,-56.25,2015,0.5077
-11.5,-55.75,2015,2.6718
-8.0,-73.0,2015,0.346
-8.5,-50.25,2015,0.8451
-6.25,-62.25,2015,0.0692
-3.0,-44.25,2015,0.9349
-11.5,-54.5,2015,2.2719
-3.5,-58.75,2015,0.4861
-13.25,-54.5,2015,0.2597
-14.5,-57.25,2015,0.3592
-4.5,-49.5,2015,3.7136
-5.5,-50.0,2015,4.6552
-9.75,-58.5,2015,1.7044
-12.75,-60.25,2015,0.8875
-6.0,-45.25,2015,0.0662
-4.5,-55.0,2015,6.9875
-1.25,-54.25,2015,2.0821
-2.25,-49.75,2015,1.2914
-3.5,-59.5,2015,7.9711
-9.5,-55.0,2015,0.6677
-3.0,-55.0,2015,1.2426
-1.25,-47.75,2015,0.3163
-2.75,-50.5,2015,0.5255
-8.0,-55.5,2015,50.3093
-7.25,-56.75,2015,2.1765
-4.25,-53.75,2015,1.7315
-7.5,-48.75,2015,1.0275
-10.5,-63.75,2015,4.5119
-7.0,-51.5,2015,0.9948
-8.25,-61.5,2015,4.7154
-6.25,-52.0,2015,1.0379
-11.0,-68.75,2015,0.8848
-9.75,-67.5,2015,3.6054
-8.75,-49.25,2015,0.356
-10.25,-68.5,2015,0.8676
-12.0,-55.5,2015,0.1369
-9.5,-63.0,2015,2.3548
-6.0,-46.25,2015,0.3702
-2.0,-48.5,2015,1.4544
-10.5,-52.25,2015,3.9453
-5.75,-49.0,2015,2.1578
-1.75,-55.25,2015,4.5649
-9.5,-56.5,2015,1.9355
-11.5,-54.0,2015,3.442
-12.25,-56.0,2015,0.108
-12.25,-57.75,2015,11.8006
-9.25,-61.75,2015,5.72
-13.0,-53.25,2015,0.798
-7.75,-61.25,2015,4.6724
-9.5,-68.5,2015,3.4026
-1.5,-53.75,2015,1.5236
3.5,-61.75,2015,1.9515
-0.75,-58.0,2015,0.7704
-6.0,-57.25,2015,0.6466
-12.25,-56.5,2015,1.9468
-11.25,-62.25,2015,0.5208
-2.25,-53.25,2015,0.4215
-9.25,-57.0,2015,3.5184
-5.0,-50.5,2015,2.0928
-5.5,-50.75,2015,3.8121
-1.75,-55.75,2015,1.3276
-3.0,-53.0,2015,3.404
-6.5,-55.75,2015,0.5715
-9.5,-63.25,2015,6.4691
-1.75,-46.5,2015,1.8354
-10.0,-63.5,2015,5.8223
-2.0,-47.5,2015,1.0517
-12.0,-56.0,2015,4.2637
-11.25,-58.0,2015,2.8077
-4.0,-49.0,2015,6.3816
-3.25,-47.5,2015,1.0511
-6.5,-55.0,2015,2.1674
-4.0,-53.75,2015,2.5305
-10.0,-58.0,2015,7.3564
-7.25,-55.0,2015,10.4413
-15.0,-60.0,2015,0.6478
-11.75,-63.25,2015,0.9545
-10.75,-68.75,2015,2.4935
-5.25,-46.25,2015,2.4388
-13.75,-57.0,2015,3.6525
-9.0,-68.0,2015,0.0692
2.5,-60.75,2015,0.8308
-3.5,-57.0,2015,0.9704
-10.25,-63.0,2015,0.9447
-10.25,-58.5,2015,2.5208
-10.0,-54.25,2015,3.4898
-10.25,-59.5,2015,0.5239
-7.5,-60.75,2015,0.5694
-3.0,-49.25,2015,6.2437
2.75,-60.0,2015,1.7472
-10.25,-57.75,2015,1.614
-13.0,-55.25,2015,0.4836
-13.75,-59.75,2015,3.8298
-11.75,-54.75,2015,3.1339
-9.0,-51.0,2015,1.3744
-4.0,-55.25,2015,1.9232
-8.0,-55.25,2015,25.7968
-12.5,-52.5,2015,7.739
-10.25,-65.25,2015,1.9233
-5.75,-45.25,2015,2.0351
-11.25,-56.5,2015,0.8332
1.0,-50.75,2015,0.2842
-5.5,-51.75,2015,0.1494
-9.75,-55.5,2015,4.355
-5.75,-49.75,2015,1.5689
-13.5,-51.0,2015,2.1476
-9.5,-51.0,2015,0.2854
-2.25,-50.0,2015,0.2819
-3.0,-60.75,2015,1.5203
-12.75,-61.25,2015,0.2026
-5.0,-44.25,2015,1.8386
-1.75,-55.0,2015,2.7423
-7.5,-50.5,2015,2.1071
-7.0,-52.75,2015,2.1649
-1.5,-48.75,2015,0.1017
-5.75,-51.5,2015,3.4558
-4.5,-48.75,2015,1.294
-10.0,-62.75,2015,1.1774
-11.0,-69.25,2015,2.9985
-3.0,-61.25,2015,0.3076
-11.25,-50.0,2015,2.02
-6.0,-53.75,2015,12.5231
0.75,-59.75,2015,2.8601
3.5,-51.75,2015,0.0626
-9.75,-68.75,2015,5.1926
-10.75,-54.25,2015,3.1153
-6.25,-55.5,2015,0.5137
-4.75,-45.75,2015,0.9148
-1.0,-52.25,2015,0.5186
-9.0,-62.5,2015,8.5509
0.25,-60.75,2015,0.0741
-8.75,-69.25,2015,3.325
-3.5,-44.25,2015,0.3524
-9.0,-51.75,2015,1.8906
-4.0,-63.75,2015,0.0753
-5.25,-50.5,2015,2.1375
-13.0,-60.0,2015,9.9194
-7.75,-73.0,2015,1.464
-12.25,-62.25,2015,0.7711
-2.0,-47.75,2015,0.4863
-11.0,-55.75,2015,35.585
-6.75,-55.0,2015,3.2645
-11.75,-57.0,2015,1.7784
-6.5,-56.0,2015,4.1873
-6.5,-51.75,2015,0.9506
-8.75,-64.25,2015,2.1622
-16.0,-58.0,2015,0.194
-7.5,-57.0,2015,0.1989
-8.75,-66.5,2015,37.9184
-3.75,-53.5,2015,2.0512
-5.5,-49.5,2015,1.237
-2.5,-48.75,2015,0.2733
-1.75,-51.0,2015,0.4036
-12.5,-52.25,2015,1.6885
-10.75,-58.5,2015,4.2377
3.25,-60.75,2015,0.0958
-7.0,-71.75,2015,3.0671
-7.0,-49.25,2015,0.5404
-7.0,-56.25,2015,0.3077
-4.75,-48.75,2015,2.49
-7.5,-51.0,2015,3.9978
-2.75,-51.0,2015,0.1654
-3.5,-55.5,2015,2.2511
-2.75,-48.75,2015,0.8678
-10.75,-68.25,2015,3.5208
-12.25,-51.0,2015,0.5773
-5.25,-51.0,2015,1.2745
-11.5,-58.25,2015,0.2569
-13.0,-55.0,2015,3.0286
-9.0,-60.5,2015,16.8965
-9.25,-61.0,2015,9.9191
-2.75,-51.5,2015,0.0695
-9.5,-57.0,2015,8.1221
-11.75,-57.25,2015,0.4837
-6.0,-49.25,2015,2.641
-4.5,-46.5,2015,4.1277
-2.75,-59.5,2015,1.381
-5.5,-45.0,2015,2.6656
-2.0,-51.0,2015,0.6951
-10.5,-69.5,2015,0.982
-9.5,-61.0,2015,5.6204
-3.25,-44.25,2015,2.7465
-3.75,-61.5,2015,0.597
-1.0,-48.5,2015,0.0685
-12.25,-63.5,2015,0.7747
-10.5,-51.5,2015,0.2265
-13.25,-53.25,2015,0.5533
-10.25,-57.25,2015,5.9133
-13.25,-60.0,2015,0.8272
-5.25,-50.75,2015,6.5662
-2.75,-55.75,2015,0.1486
-2.75,-44.25,2015,1.1063
-3.5,-68.5,2015,0.2855
-12.0,-63.5,2015,2.0073
-4.25,-55.25,2015,5.0629
-5.5,-46.0,2015,2.6954
-9.0,-64.0,2015,1.7736
-5.75,-46.0,2015,2.101
-9.75,-66.25,2015,3.5469
-2.75,-49.0,2015,1.0765
-4.5,-56.0,2015,2.1349
-8.0,-70.25,2015,0.9868
-10.25,-57.5,2015,0.651
-4.75,-56.25,2015,1.9501
-11.0,-52.25,2015,8.4414
-7.5,-55.75,2015,2.6147
-3.0,-59.25,2015,1.5995
-3.75,-46.5,2015,0.1947
-9.5,-63.5,2015,6.927
-9.25,-67.5,2015,1.986
-0.75,-60.75,2015,0.0642
-5.25,-50.0,2015,5.8772
-9.75,-67.25,2015,2.7419
-0.25,-60.75,2015,0.2432
-12.25,-63.25,2015,2.885
-11.0,-54.25,2015,3.8141
-3.25,-49.25,2015,2.1038
-5.5,-48.25,2015,0.5322
-10.5,-58.75,2015,2.0468
-9.5,-64.25,2015,5.0354
-16.5,-56.0,2015,0.2464
-9.5,-57.75,2015,1.8104
-7.25,-64.75,2015,2.4707
-10.25,-55.25,2015,2.5404
-6.0,-55.75,2015,9.4899
-5.0,-44.0,2015,3.1955
-3.5,-45.0,2015,0.187
-7.0,-52.25,2015,2.6827
-2.0,-49.0,2015,0.2665
-3.5,-58.5,2015,1.4045
-10.5,-64.5,2015,8.7564
-9.0,-66.0,2015,6.0272
-3.5,-44.0,2015,0.4098
-3.25,-61.0,2015,0.8919
-3.75,-61.0,2015,0.6237
-9.0,-69.5,2015,2.498
-4.75,-49.25,2015,1.5842
-10.0,-55.5,2015,6.9846
-2.5,-46.75,2015,0.4854
-1.5,-55.25,2015,3.3695
-9.5,-66.0,2015,1.3729
-10.5,-63.25,2015,2.5678
-2.25,-51.5,2015,0.2716
1.75,-60.75,2015,2.6328
-9.75,-62.25,2015,5.3708
-10.5,-52.75,2015,2.453
-5.75,-44.0,2015,6.6534
-13.25,-60.5,2015,1.3791
-6.5,-52.5,2015,3.5042
-2.5,-50.75,2015,0.4255
-10.0,-68.5,2015,4.6301
0.5,-51.75,2015,0.1684
-3.5,-47.25,2015,1.1799
-12.5,-61.25,2015,3.2839
-6.75,-49.25,2015,0.8559
-6.75,-48.0,2015,0.1837
-7.25,-55.5,2015,3.0922
-8.5,-70.75,2015,0.6513
-3.5,-60.5,2015,1.5735
-7.75,-67.0,2015,3.6973
-5.5,-45.25,2015,1.2158
-5.0,-46.25,2015,0.5946
-10.5,-59.25,2015,1.8473
-8.25,-64.0,2015,2.5667
-2.0,-52.25,2015,1.5508
-10.25,-68.0,2015,3.0181
-2.0,-50.25,2015,0.4066
-3.0,-59.75,2015,0.3291
-11.0,-65.25,2015,0.7639
-11.75,-55.0,2015,1.4807
-6.75,-55.75,2015,7.8261
-1.25,-52.75,2015,0.2743
-1.75,-53.75,2015,0.7529
-16.25,-58.25,2015,1.0315
-1.5,-54.75,2015,2.6759
-13.25,-57.25,2015,0.163
-8.5,-55.25,2015,6.7956
-6.75,-48.75,2015,2.3744
-9.5,-55.25,2015,0.605
-6.25,-46.25,2015,0.1639
-11.0,-57.5,2015,0.5721
-6.0,-51.75,2015,2.9145
-2.75,-52.5,2015,1.1574
-10.75,-65.25,2015,0.739
-4.25,-56.25,2015,1.1116
-5.0,-48.5,2015,1.0505
-11.25,-54.5,2015,2.5454
-3.25,-55.25,2015,0.1948
-5.75,-56.75,2015,1.7899
-15.5,-59.25,2015,0.4023
-7.5,-61.5,2015,1.8344
-4.5,-47.0,2015,0.6
-5.75,-46.75,2015,0.921
-6.5,-52.0,2015,0.4092
-12.0,-51.5,2015,4.4425
-12.0,-64.0,2015,3.2932
-11.75,-54.5,2015,9.9058
-10.25,-52.25,2015,0.9769
-5.25,-57.5,2015,1.3303
-3.0,-48.25,2015,0.1928
0.5,-60.75,2015,0.2873
-2.75,-64.5,2015,0.0792
-5.25,-47.25,2015,1.4095
-10.25,-50.75,2015,0.3381
-13.25,-61.25,2015,0.3762
-1.0,-48.25,2015,0.8304
-9.0,-64.5,2015,1.8959
-6.25,-51.75,2015,1.3353
-6.25,-51.25,2015,0.47
3.75,-61.75,2015,4.4433
-3.25,-58.75,2015,0.1709
-15.75,-54.5,2015,0.5084
-1.5,-51.75,2015,0.2396
-5.75,-44.5,2015,3.8922
-2.5,-47.75,2015,0.6746
-5.0,-60.0,2015,0.0635
2.25,-61.25,2015,2.3365
-5.5,-48.75,2015,0.9538
-3.0,-55.75,2015,0.1479
-6.25,-56.25,2015,0.8221
-2.0,-54.5,2015,0.9587
-1.25,-52.5,2015,0.8472
-7.0,-51.25,2015,2.5348
-9.75,-67.0,2015,2.8852
-10.25,-69.0,2015,0.7383
-3.75,-58.5,2015,0.6501
-1.25,-48.25,2015,0.3923
-6.25,-47.25,2015,1.4409
-12.5,-57.25,2015,2.13
-2.0,-57.25,2015,0.4805
-4.0,-61.5,2015,0.0708
-6.25,-60.0,2015,0.0666
-1.75,-48.0,2015,1.1815
-16.0,-59.5,2015,0.4882
-1.25,-48.0,2015,0.2432
-4.75,-47.75,2015,3.516
-10.0,-59.5,2015,0.665
-3.75,-65.25,2015,0.1799
-5.25,-45.25,2015,0.9809
-3.75,-49.5,2015,1.4667
-9.75,-62.0,2015,5.0236
-3.0,-55.25,2015,0.1656
-1.5,-54.5,2015,0.516
-5.25,-46.0,2015,1.3856
-10.75,-57.75,2015,18.4135
-8.25,-51.0,2015,2.1301
-5.0,-48.75,2015,0.9126
-13.25,-56.25,2015,5.5822
-12.5,-56.75,2015,4.5481
-12.75,-62.25,2015,1.1962
-9.5,-56.0,2015,0.2709
-3.5,-49.5,2015,0.9543
-3.0,-58.5,2015,0.3309
-2.75,-56.75,2015,0.5139
-11.75,-62.75,2015,0.9156
-11.25,-57.5,2015,0.1059
-10.25,-56.5,2015,0.9198
-1.0,-50.0,2015,0.1056
-10.5,-58.5,2015,0.5432
-8.75,-50.75,2015,2.925
-1.25,-56.25,2015,0.0714
-14.5,-59.75,2015,2.147
-6.5,-53.75,2015,2.6003
-12.0,-56.75,2015,18.6024
-5.5,-56.75,2015,0.9342
-1.5,-52.75,2015,0.9855
-4.75,-50.0,2015,0.9485
-9.5,-65.0,2015,0.0751
-4.75,-50.75,2015,7.1244
-2.5,-49.75,2015,0.1072
-5.75,-48.25,2015,2.0302
-10.0,-58.75,2015,0.8062
-2.75,-61.0,2015,0.4221
-9.75,-59.75,2015,1.5843
-9.25,-69.0,2015,1.7209
-6.25,-53.0,2015,18.6036
-6.75,-49.0,2015,4.2663
-10.0,-50.5,2015,1.1754
-11.75,-54.25,2015,1.4559
-8.5,-67.25,2015,1.7255
-5.75,-60.0,2015,7.7938
1.25,-51.25,2015,0.4341
-4.25,-69.5,2015,0.1521
-3.75,-69.5,2015,0.0793
-3.5,-46.5,2015,0.1774
-11.0,-68.25,2015,1.3489
-9.25,-66.5,2015,12.0934
-3.25,-60.0,2015,1.3694
-10.5,-54.25,2015,2.9537
-6.0,-44.75,2015,0.3602
-4.75,-55.75,2015,2.5688
-5.5,-50.5,2015,5.1913
-7.5,-59.75,2015,1.5368
-3.75,-60.75,2015,0.1638
3.0,-60.5,2015,0.2551
-7.5,-70.25,2015,0.8031
-11.5,-54.25,2015,18.2466
-3.0,-44.0,2015,0.2908
-3.25,-48.0,2015,0.177
-2.0,-47.25,2015,0.3338
-9.75,-54.5,2015,3.5069
-5.0,-47.75,2015,2.3299
-7.25,-49.5,2015,0.6982
-12.75,-52.5,2015,0.6266
-7.75,-63.25,2015,0.5878
-6.5,-52.25,2015,0.7713
-11.0,-54.0,2015,2.2398
-5.25,-45.75,2015,0.0995
-12.25,-60.0,2015,0.4101
-9.75,-57.5,2015,1.8053
-1.5,-48.0,2015,0.1842
-7.5,-50.0,2015,2.6355
-9.75,-62.75,2015,0.9086
-12.0,-61.5,2015,0.1015
-5.5,-49.0,2015,3.459
-2.75,-46.0,2015,2.8301
2.25,-63.5,2015,0.2348
-4.25,-47.75,2015,0.6838
-2.75,-53.0,2015,1.7001
-12.25,-63.0,2015,1.3599
-10.0,-57.5,2015,2.1217
-7.0,-55.25,2015,0.6463
-10.0,-60.75,2015,0.3203
-10.5,-50.75,2015,1.7663
3.5,-62.0,2015,1.6446
-11.5,-54.75,2015,4.1853
-12.5,-51.0,2015,2.5628
-9.5,-62.0,2015,3.1592
-2.25,-56.75,2015,0.3899
-13.5,-53.5,2015,0.2053
-10.75,-53.75,2015,23.7165
-16.25,-59.25,2015,0.1455
-6.5,-53.5,2015,4.431
-9.25,-60.75,2015,18.934
-5.0,-57.0,2015,0.5615
-5.75,-56.25,2015,0.788
-12.5,-56.5,2015,6.6379
-5.75,-48.75,2015,0.6535
-1.0,-53.0,2015,1.1111
1.0,-59.75,2015,1.7807
-4.25,-60.0,2015,1.9398
-3.5,-64.5,2015,0.6671
-2.25,-54.5,2015,0.3708
-12.75,-57.0,2015,0.7751
-4.5,-46.0,2015,1.2067
-3.75,-57.0,2015,0.2813
-5.25,-45.0,2015,0.7406
-10.75,-68.5,2015,4.2981
-4.0,-59.5,2015,0.3564
-6.0,-47.0,2015,0.2353
-2.25,-47.5,2015,0.0718
-13.75,-55.75,2015,0.1161
-7.75,-55.5,2015,4.4716
-11.0,-69.75,2015,0.6706
-4.25,-48.25,2015,3.7567
0.25,-61.75,2015,0.1482
2.25,-62.0,2015,0.2772
-15.0,-58.5,2015,3.7166
-15.25,-57.25,2015,2.0971
-8.5,-54.75,2015,5.555
-6.5,-48.25,2015,0.6196
-5.25,-44.0,2015,1.0197
0.5,-60.25,2015,1.9465
-9.5,-65.5,2015,9.3262
-10.25,-55.0,2015,0.4804
-10.75,-52.0,2015,0.5019
-1.5,-55.0,2015,4.8218
-11.5,-51.75,2015,0.9958
3.0,-60.25,2015,0.134
-5.25,-49.0,2015,0.461
-11.75,-62.25,2015,0.5324
-5.0,-47.25,2015,0.5102
-8.0,-49.5,2015,0.2729
-1.75,-53.5,2015,0.6025
-4.25,-46.25,2015,0.2014
-2.5,-51.0,2015,0.1291
-6.0,-47.75,2015,0.4457
-17.0,-56.5,2015,1.3041
-1.5,-55.5,2015,4.837
-1.25,-46.75,2015,0.2833
-4.5,-47.25,2015,0.3862
-3.75,-49.0,2015,1.44
3.25,-61.75,2015,2.0305
-5.75,-52.25,2015,0.5386
-14.25,-56.25,2015,0.1866
-2.75,-44.0,2015,0.1648
2.75,-61.5,2015,2.5244
-4.25,-60.5,2015,0.1738
1.25,-67.25,2015,0.2371
-14.5,-56.75,2015,0.378
-15.0,-57.75,2015,0.243
-2.0,-56.0,2015,0.0831
-4.25,-48.75,2015,6.1381
-9.25,-71.75,2015,0.2683
-14.0,-56.5,2015,3.7249
-4.5,-49.0,2015,0.4508
-6.0,-44.0,2015,1.7419
-1.5,-47.75,2015,0.948
-7.75,-70.75,2015,0.318
-8.75,-67.5,2015,0.8553
-2.5,-50.0,2015,0.1774
-3.0,-57.0,2015,1.0462
-8.75,-67.75,2015,0.1512
-8.25,-71.0,2015,0.4364
-12.5,-61.0,2015,0.9965
-7.75,-50.75,2015,0.3232
-11.5,-57.5,2015,0.3694
-7.5,-49.5,2015,0.9332
-3.75,-61.75,2015,0.0671
-7.5,-65.0,2015,0.442
-7.25,-60.75,2015,0.6947
-11.5,-55.0,2015,4.3327
-12.0,-58.5,2015,1.2853
-3.75,-58.75,2015,0.5746
-11.25,-63.0,2015,0.2193
-7.0,-57.0,2015,0.9516
-8.75,-68.75,2015,1.4549
-11.75,-64.75,2015,1.5035
-12.25,-56.25,2015,0.691
-11.25,-56.25,2015,3.247
-6.5,-56.25,2015,1.4001
-10.0,-51.25,2015,2.7896
-3.5,-61.25,2015,1.4681
-2.5,-45.5,2015,0.1012
-5.5,-49.75,2015,1.641
-10.0,-68.0,2015,2.3974
-13.5,-60.0,2015,4.3763
-9.25,-72.0,2015,0.4481
-6.25,-67.75,2015,0.0728
-10.0,-69.25,2015,0.8453
-9.75,-60.75,2015,0.2694
-15.75,-59.75,2015,0.0637
0.75,-51.0,2015,0.4377
-3.75,-60.25,2015,0.6823
4.0,-61.75,2015,1.1454
-2.5,-44.25,2015,0.9272
2.0,-51.0,2015,0.2378
-5.75,-51.75,2015,0.8972
-5.75,-53.5,2015,1.4421
-6.5,-50.25,2015,2.4241
-0.25,-50.0,2015,0.2909
-7.0,-55.5,2015,2.7605
-9.75,-65.75,2015,0.4761
-9.75,-68.0,2015,0.9108
-7.5,-49.75,2015,0.9842
-7.0,-49.5,2015,0.2517
-11.25,-57.25,2015,0.3217
-11.0,-58.0,2015,0.1087
-6.75,-52.75,2015,0.1961
-10.0,-67.75,2015,0.3803
-5.25,-49.75,2015,0.3904
-12.0,-54.5,2015,1.3027
-8.75,-69.0,2015,0.9838
-3.5,-53.0,2015,0.7836
-3.75,-48.0,2015,0.974
-9.0,-56.75,2015,1.1263
-11.5,-52.5,2015,0.0737
-12.25,-61.25,2015,1.0263
2.0,-61.0,2015,2.6934
-13.0,-60.25,2015,3.6265
-7.75,-67.25,2015,1.644
-10.25,-54.5,2015,0.7835
-10.0,-67.25,2015,1.0143
-6.0,-48.0,2015,0.5275
-9.5,-56.75,2015,3.4263
-9.5,-54.5,2015,2.2251
-4.0,-53.5,2015,7.7946
-15.5,-60.25,2015,1.0447
-9.25,-67.0,2015,3.5638
1.5,-60.75,2015,1.5422
-7.25,-72.5,2015,1.112
-4.5,-60.0,2015,0.2248
-5.25,-56.0,2015,3.3044
-2.25,-47.75,2015,0.5262
-9.5,-58.0,2015,1.3972
-5.75,-50.25,2015,0.8921
1.0,-51.0,2015,0.5211
-8.75,-55.25,2015,2.1702
-2.5,-54.5,2015,0.4781
-3.5,-57.25,2015,0.0946
-9.5,-50.5,2015,0.3368
-11.25,-55.5,2015,6.747
-11.75,-58.75,2015,5.236
-2.0,-45.75,2015,0.6081
-6.75,-59.0,2015,5.7212
-4.5,-63.0,2015,0.0971
-8.5,-67.0,2015,0.5183
-16.0,-56.0,2015,0.2544
-11.75,-63.5,2015,0.576
-10.0,-56.25,2015,0.4206
-4.0,-48.25,2015,0.1395
-12.5,-62.0,2015,0.7255
-9.75,-55.75,2015,1.7066
-6.0,-44.25,2015,0.6058
-2.25,-48.0,2015,0.7722
-14.75,-57.75,2015,0.5915
-8.5,-48.75,2015,0.24
-2.5,-46.0,2015,0.1965
-3.0,-53.25,2015,1.3823
-3.25,-52.25,2015,1.6245
-2.25,-51.25,2015,0.7124
-7.75,-70.0,2015,0.86
-6.0,-44.5,2015,0.0803
-4.75,-48.0,2015,0.3771
0.0,-58.0,2015,0.297
-5.0,-51.0,2015,0.9961
-10.25,-62.25,2015,1.1551
-6.75,-52.5,2015,0.6468
-3.0,-59.0,2015,0.6781
-8.75,-62.5,2015,1.3675
-8.25,-62.75,2015,1.1531
-2.0,-48.75,2015,0.7302
-3.75,-44.5,2015,1.9247
-1.75,-48.5,2015,0.3839
-8.25,-65.75,2015,0.0791
0.75,-60.0,2015,0.7247
-7.25,-50.75,2015,1.1335
-5.5,-55.75,2015,0.303
-7.5,-55.0,2015,0.4008
-10.0,-68.25,2015,2.294
-2.0,-52.5,2015,0.3577
-10.5,-68.25,2015,1.1021
-3.25,-52.75,2015,0.9188
-7.0,-56.5,2015,2.5792
-12.5,-60.25,2015,0.8447
-3.25,-59.0,2015,1.1471
-12.25,-61.0,2015,0.652
-12.0,-63.0,2015,1.8389
-14.25,-57.25,2015,2.8582
-6.0,-53.25,2015,8.0402
-1.0,-52.0,2015,0.2729
-7.0,-56.0,2015,4.14
-2.75,-57.0,2015,0.3734
-11.75,-52.25,2015,0.9565
-11.5,-62.0,2015,1.011
-11.0,-51.25,2015,0.3428
-14.25,-60.0,2015,2.2043
-3.0,-52.75,2015,2.7729
-8.25,-49.75,2015,0.1703
-7.5,-72.75,2015,0.6347
0.25,-53.5,2015,0.0749
-5.5,-60.25,2015,0.277
-2.25,-48.75,2015,0.1449
-4.25,-55.5,2015,1.2688
-10.5,-68.75,2015,3.2858
-9.5,-50.25,2015,0.2989
-4.25,-56.0,2015,0.4498
-6.0,-61.75,2015,0.0679
-1.25,-56.0,2015,0.5192
-10.5,-62.25,2015,0.6945
-7.5,-56.75,2015,0.7771
-4.5,-44.0,2015,0.4864
-15.25,-58.0,2015,0.201
-3.75,-62.0,2015,0.3308
-12.75,-54.75,2015,6.1804
-3.75,-47.25,2015,0.6676
-2.5,-52.5,2015,0.1677
-5.0,-55.75,2015,2.9901
-13.0,-56.75,2015,6.3483
-10.0,-64.5,2015,7.2576
-1.5,-60.0,2015,0.3366
-5.25,-60.0,2015,0.3569
-8.0,-51.0,2015,0.5442
-3.75,-48.75,2015,0.09
-3.0,-47.25,2015,0.1014
-10.5,-57.75,2015,1.5412
-10.0,-59.75,2015,2.049
-15.5,-57.75,2015,1.011
-1.25,-48.5,2015,0.1315
-2.0,-50.5,2015,0.3858
-11.75,-63.0,2015,0.56
-8.5,-50.0,2015,0.1656
-10.75,-55.25,2015,2.0427
-4.5,-44.25,2015,3.6061
-2.0,-53.0,2015,0.2091
-13.75,-51.0,2015,4.754
-8.0,-64.0,2015,3.2223
-7.25,-73.0,2015,0.376
-6.0,-58.0,2015,0.358
-7.5,-57.25,2015,0.911
-2.75,-56.5,2015,0.6409
-7.25,-60.0,2015,1.843
-10.0,-66.75,2015,2.1082
-2.5,-66.25,2015,0.2831
-2.5,-47.25,2015,0.7874
-4.25,-53.5,2015,0.9756
-7.5,-50.25,2015,0.3805
-3.75,-48.25,2015,0.1941
-1.25,-46.25,2015,0.0633
-1.75,-56.5,2015,4.9792
-12.25,-64.25,2015,5.1563
0.25,-60.25,2015,0.0785
-13.5,-54.0,2015,0.5204
-2.25,-47.25,2015,0.7169
-2.5,-49.25,2015,0.7008
-8.0,-71.0,2015,0.3927
-10.0,-55.25,2015,2.2905
-5.75,-44.25,2015,4.3943
2.0,-61.25,2015,1.1293
-8.75,-51.5,2015,0.5012
-10.5,-56.5,2015,0.6177
2.25,-51.75,2015,0.5875
-13.0,-56.0,2015,0.1708
-10.75,-64.0,2015,4.0277
-12.25,-57.5,2015,2.4848
-3.25,-45.5,2015,1.025
-10.75,-61.5,2015,0.8618
-12.5,-51.25,2015,3.4695
-7.5,-64.5,2015,2.8042
-1.5,-54.0,2015,0.5813
-2.0,-46.0,2015,0.0651
-7.25,-55.25,2015,0.9065
-10.75,-57.0,2015,0.1803
-14.75,-59.25,2015,0.5507
-6.5,-47.5,2015,0.4855
-4.25,-54.5,2015,0.1204
-8.75,-50.25,2015,0.3493
-5.75,-57.0,2015,1.4672
-6.5,-60.0,2015,6.3905
-7.0,-51.0,2015,0.1923
-10.0,-57.75,2015,3.2092
-13.0,-57.75,2015,0.3142
-5.75,-58.0,2015,0.126
3.25,-51.25,2015,0.3383
-5.75,-51.25,2015,4.361
-4.5,-48.5,2015,0.5475
-10.75,-55.0,2015,0.8859
-15.5,-59.5,2015,0.2052
-11.0,-54.75,2015,2.0487
-3.25,-46.5,2015,0.5598
-12.25,-58.0,2015,1.4779
-15.5,-57.25,2015,0.2221
-11.25,-58.5,2015,2.992
-4.25,-62.0,2015,0.0725
-3.25,-46.25,2015,0.4027
-8.5,-72.75,2015,0.0938
-11.0,-62.75,2015,2.1095
-10.75,-68.0,2015,0.8244
-12.25,-62.75,2015,0.165
-13.0,-52.75,2015,0.5278
-12.5,-51.5,2015,0.4905
-10.5,-59.0,2015,0.3699
-6.0,-46.75,2015,0.0665
-10.75,-56.5,2015,2.3861
-2.75,-52.25,2015,0.2733
0.5,-59.75,2015,1.1487
-9.0,-71.25,2015,0.2114
-5.25,-46.5,2015,0.7599
-9.5,-65.75,2015,8.6671
-4.0,-60.5,2015,0.3071
-7.5,-50.75,2015,1.1547
-3.25,-60.75,2015,0.5219
-15.0,-56.5,2015,0.1049
-10.25,-62.5,2015,0.8065
-10.0,-56.75,2015,5.3399
-9.25,-64.0,2015,0.2873
-10.5,-69.0,2015,1.0487
-7.25,-50.25,2015,0.5041
-7.25,-49.75,2015,0.8078
-3.75,-57.25,2015,0.2239
-11.75,-55.25,2015,0.3163
-2.0,-45.5,2015,0.4232
-1.5,-60.5,2015,0.8229
-10.25,-63.75,2015,2.0415
-15.25,-59.5,2015,1.7218
-9.0,-71.5,2015,0.4476
-10.75,-62.75,2015,0.718
-9.75,-51.0,2015,0.5514
-12.25,-55.25,2015,4.6922
-6.5,-70.0,2015,0.1621
-5.75,-46.25,2015,0.4574
-13.25,-54.25,2015,1.4011
-3.0,-47.0,2015,1.9298
-7.75,-51.0,2015,0.2321
-4.25,-55.75,2015,0.9816
-3.0,-65.5,2015,0.2488
-11.5,-56.75,2015,8.0509
-2.0,-56.25,2015,0.7487
-10.25,-52.75,2015,3.029
-9.25,-58.0,2015,0.1453
-6.75,-48.25,2015,0.5857
-11.0,-49.75,2015,4.8281
-8.25,-70.25,2015,1.0267
-13.25,-52.5,2015,0.2135
-4.0,-67.5,2015,0.0652
-14.5,-60.0,2015,2.1771
-13.0,-57.0,2015,9.1746
-12.0,-55.25,2015,0.3782
-10.5,-63.0,2015,3.5534
2.5,-61.5,2015,0.8362
-11.25,-57.75,2015,0.6828
-2.25,-55.0,2015,0.6932
-11.25,-62.5,2015,1.0659
-2.5,-66.0,2015,0.3585
-12.0,-57.0,2015,9.7505
-3.75,-53.25,2015,0.2243
-9.75,-49.75,2015,7.7111
-12.5,-58.0,2015,0.2596
-3.25,-60.5,2015,0.8925
-11.25,-55.75,2015,9.1021
-1.0,-57.5,2015,0.2533
-12.5,-61.5,2015,1.0901
-8.75,-63.5,2015,3.615
-11.25,-57.0,2015,0.1046
-12.0,-62.75,2015,0.2592
-9.0,-63.25,2015,1.4007
-3.0,-60.0,2015,0.494
-3.5,-56.5,2015,0.2813
-5.0,-60.25,2015,1.7483
-1.5,-48.5,2015,0.132
-10.25,-53.75,2015,1.735
-6.25,-47.5,2015,0.102
-4.75,-47.25,2015,0.8694
-11.25,-64.75,2015,0.1851
-12.0,-63.25,2015,1.8532
-6.0,-48.25,2015,0.8689
-9.0,-64.25,2015,0.3707
-6.5,-47.0,2015,0.5816
-11.25,-61.0,2015,0.1781
-4.75,-44.5,2015,0.819
-11.25,-62.0,2015,0.6325
-10.25,-68.75,2015,0.5692
-9.75,-69.0,2015,1.2207
-5.75,-53.75,2015,12.8298
-3.0,-48.75,2015,0.7116
-13.5,-60.5,2015,1.7016
-13.5,-61.0,2015,2.1211
-2.75,-68.5,2015,0.0653
-16.25,-59.5,2015,2.7238
-13.0,-54.0,2015,0.6499
-4.75,-44.0,2015,0.5992
-3.5,-52.75,2015,1.218
-11.0,-61.75,2015,0.5073
-3.0,-46.0,2015,0.8532
-3.5,-61.5,2015,0.3924
-0.75,-48.5,2015,0.0732
-5.25,-46.75,2015,0.3084
-8.75,-48.25,2015,0.1816
-1.75,-61.0,2015,0.0834
-13.0,-54.25,2015,0.2519
-9.75,-54.25,2015,2.0208
-8.5,-67.5,2015,0.6298
-7.25,-57.25,2015,0.8341
-9.25,-56.0,2015,0.8007
-12.0,-58.25,2015,0.5519
-6.25,-57.5,2015,2.624
-13.5,-51.75,2015,0.2113
-8.25,-51.25,2015,0.118
-13.0,-51.5,2015,0.2892
-3.75,-64.5,2015,0.7196
1.0,-51.25,2015,0.1993
-10.25,-51.25,2015,0.4524
-4.75,-60.0,2015,0.527
-3.5,-44.5,2015,0.2494
-9.25,-58.25,2015,1.4237
-6.25,-49.0,2015,0.1377
-13.0,-56.5,2015,3.1874
-4.25,-54.25,2015,1.1051
-9.5,-57.5,2015,1.7438
-8.75,-51.0,2015,0.3027
-10.0,-52.25,2015,0.37
-11.0,-57.0,2015,1.7351
-8.0,-71.5,2015,0.6193
-10.75,-56.75,2015,0.1522
-13.5,-53.75,2015,7.1014
-13.0,-60.5,2015,5.2936
-7.75,-72.5,2015,0.9427
-6.25,-55.25,2015,9.3184
-7.5,-72.5,2015,0.4904
-6.75,-62.25,2015,0.1313
4.0,-51.75,2015,0.0726
-3.5,-48.5,2015,0.2276
-7.25,-56.5,2015,0.372
-2.5,-57.0,2015,0.0922
-11.5,-65.0,2015,0.2445
-6.0,-45.5,2015,0.0633
-4.75,-46.25,2015,0.946
-12.25,-64.5,2015,2.4779
-9.25,-70.5,2015,0.3948
-5.75,-50.5,2015,1.9009
0.25,-51.25,2015,0.3242
-6.5,-50.0,2015,0.2455
-9.75,-60.25,2015,0.493
-12.5,-64.25,2015,1.2112
-9.0,-67.25,2015,1.7415
-5.5,-56.25,2015,0.1979
-9.0,-67.75,2015,0.288
-5.0,-50.25,2015,0.4659
-5.5,-45.5,2015,1.1968
-12.0,-61.0,2015,0.4861
-4.25,-70.0,2015,0.5628
-4.5,-49.25,2015,0.4721
-7.0,-48.0,2015,0.1393
-8.25,-71.25,2015,0.1891
-9.75,-52.25,2015,0.4182
0.75,-50.5,2015,0.0501
-6.5,-56.5,2015,0.4519
-6.0,-49.75,2015,0.5419
-4.0,-58.5,2015,0.1408
-2.0,-45.25,2015,0.1519
1.75,-61.0,2015,0.8381
-10.25,-69.5,2015,0.0904
-5.25,-44.5,2015,2.5987
-6.25,-50.0,2015,0.0728
-12.5,-60.0,2015,0.6583
-13.75,-56.0,2015,0.0864
-10.75,-51.25,2015,0.1936
-6.25,-48.75,2015,0.1881
-5.0,-46.0,2015,1.133
-8.5,-51.5,2015,0.2084
-10.75,-55.75,2015,0.8726
-3.75,-46.75,2015,0.0698
-8.5,-49.25,2015,0.1844
-13.0,-61.0,2015,1.1093
-12.0,-64.25,2015,0.2935
-4.25,-65.25,2015,0.0657
-11.75,-60.75,2015,0.4292
-7.25,-48.75,2015,0.2713
-15.25,-60.25,2015,0.5685
-3.75,-55.75,2015,1.1266
-9.0,-61.25,2015,0.8782
-4.0,-48.75,2015,0.4928
-12.0,-52.5,2015,4.0031
-9.0,-48.0,2015,0.5559
-13.25,-61.5,2015,0.078
-6.5,-51.5,2015,1.3986
-4.25,-59.25,2015,0.3638
-7.25,-73.25,2015,0.0871
1.5,-51.25,2015,0.5637
-2.0,-54.25,2015,0.4221
-11.25,-49.75,2015,0.9844
-11.0,-52.0,2015,1.6149
-7.5,-64.75,2015,0.0915
-6.25,-57.75,2015,1.2162
-3.5,-65.0,2015,0.1974
-9.25,-21.25,2015,0.0003
-6.5,-47.25,2015,0.4898
-2.5,-55.5,2015,0.2129
-11.0,-52.5,2015,0.7855
-6.75,-52.25,2015,3.0986
-9.25,-54.5,2015,0.7678
-10.25,-51.75,2015,2.3197
-10.5,-53.5,2015,17.7934
-8.25,-67.25,2015,0.2415
-12.5,-55.25,2015,0.3398
-7.25,-60.5,2015,0.0873
-9.5,-49.25,2015,0.0684
-11.5,-51.25,2015,1.917
-14.25,-60.25,2015,7.1061
-14.0,-59.5,2015,0.1382
-3.75,-62.75,2015,0.1345
-4.0,-56.0,2015,1.1042
0.5,-60.0,2015,0.4395
-12.75,-51.0,2015,0.3393
-1.75,-52.5,2015,0.0733
-13.5,-56.25,2015,0.2953
-6.75,-49.75,2015,0.6511
-11.75,-51.5,2015,0.3384
-12.5,-55.5,2015,2.2676
-12.0,-62.25,2015,0.2031
-10.75,-67.75,2015,0.4707
-6.0,-47.25,2015,0.2274
-7.5,-63.0,2015,0.0851
-14.25,-57.5,2015,0.8873
-11.0,-69.0,2015,2.2014
-3.75,-65.0,2015,0.1678
-2.0,-54.75,2015,0.1521
2.75,-60.75,2015,0.4156
-10.5,-56.0,2015,0.2356
-7.0,-65.0,2015,0.1435
-1.0,-57.25,2015,0.2125
2.75,-61.0,2015,0.2018
-4.5,-69.75,2015,0.2241
-2.25,-58.0,2015,0.0662
-16.0,-55.75,2015,0.1064
-6.75,-49.5,2015,0.4651
-8.5,-50.75,2015,0.9115
-6.0,-55.5,2015,0.8291
1.25,-51.0,2015,0.1866
-7.0,-55.75,2015,1.1241
-1.25,-52.25,2015,0.1615
-12.5,-62.25,2015,0.2633
-9.75,-61.5,2015,0.0951
-5.0,-45.75,2015,1.5589
-11.0,-61.5,2015,2.0766
-15.75,-58.5,2015,0.3206
-1.25,-53.25,2015,0.635
-3.0,-67.0,2015,0.0794
-5.75,-47.5,2015,0.7924
-12.0,-61.75,2015,0.2889
-14.25,-57.0,2015,0.1229
-12.25,-61.75,2015,0.9814
-12.5,-60.5,2015,5.3449
-7.25,-61.75,2015,0.0725
-10.75,-58.75,2015,1.012
2.75,213.25,2015,0.0012
-10.0,-63.0,2015,0.0762
-10.25,-56.0,2015,0.0774
-5.5,-49.25,2015,0.7735
-11.25,-58.75,2015,0.1239
5.0,-60.25,2015,0.0866
-7.75,-50.25,2015,0.3482
-6.75,-56.25,2015,5.4049
-4.25,-69.75,2015,0.0795
-10.75,-51.5,2015,1.5071
-2.75,-60.0,2015,0.2988
-11.25,-52.25,2015,0.7694
-11.5,-57.75,2015,6.0093
-11.5,-59.25,2015,0.3364
-2.75,-57.5,2015,0.1356
-4.0,-64.25,2015,0.0858
-10.5,-62.75,2015,0.3779
-4.5,-60.25,2015,0.0648
-9.0,-57.25,2015,0.1751
-2.0,-50.0,2015,0.1581
-11.5,-55.25,2015,4.0196
1.5,-68.25,2015,0.0691
-9.0,-49.5,2015,1.875
-16.5,-58.25,2015,0.6781
-11.0,-55.0,2015,0.4169
-5.75,-45.0,2015,1.672
-5.0,-62.25,2015,0.8383
-11.25,-62.75,2015,0.3804
-7.75,-55.0,2015,0.3516
-4.5,-70.0,2015,0.1268
-12.5,-57.5,2015,0.431
-3.25,-60.25,2015,1.5727
-10.25,-55.75,2015,1.667
-11.5,-62.5,2015,1.008
-16.0,-58.25,2015,0.4418
-11.5,-60.25,2015,0.3729
-10.25,-56.25,2015,0.3319
-11.25,-52.0,2015,1.3015
-6.25,-53.75,2015,2.213
-8.5,-49.5,2015,0.457
-7.0,-48.75,2015,1.0462
-13.0,-52.25,2015,0.1775
-11.25,-65.0,2015,1.6953
-12.0,-60.5,2015,0.2989
3.75,-62.0,2015,1.0451
-2.75,-49.75,2015,0.2101
-4.5,-52.5,2015,0.1222
-11.0,-63.0,2015,0.2858
-4.0,-44.5,2015,0.2526
1.0,-52.0,2015,0.6322
-7.0,-52.5,2015,0.5133
-2.5,-56.25,2015,2.6182
-1.75,-54.5,2015,0.7772
-13.75,-51.5,2015,0.1692
-5.25,-47.75,2015,0.5384
-10.5,-62.0,2015,0.2824
-8.25,-70.5,2015,0.1628
-10.0,-60.25,2015,2.2456
-469127.0,-469178.0,2015,0.0001
1.25,-60.5,2015,0.3786
-5.25,-44.75,2015,1.3025
-9.5,-66.75,2015,1.3879
-10.25,-68.25,2015,0.4497
-11.25,-51.5,2015,0.212
-11.5,-60.75,2015,0.2931
-9.5,-51.5,2015,1.6385
-7.5,-62.25,2015,0.5984
-2.0,-66.5,2015,0.0774
-5.5,-48.0,2015,0.4214
-9.25,-56.25,2015,0.8869
-6.0,-52.75,2015,2.0782
-8.0,-72.5,2015,0.2306
-3.25,-57.25,2015,0.1894
-6.5,-68.0,2015,0.1444
-14.0,-60.0,2015,0.3253
-12.25,-53.5,2015,0.177
3.75,-61.25,2015,0.0628
-6.0,-46.0,2015,1.6401
-4.75,-44.25,2015,0.0676
-7.5,-73.5,2015,0.0784
-3.5,-49.0,2015,0.4108
-6.75,-50.25,2015,0.2824
-7.5,-61.0,2015,0.1629
-1.25,-53.0,2015,0.423
-12.0,-52.25,2015,0.1446
-8.0,-71.25,2015,0.069
-12.75,-56.5,2015,1.5468
-10.75,-42.75,2015,0.0007
-8.0,-51.5,2015,0.432
-13.5,-54.5,2015,0.4328
-9.5,-56.25,2015,0.409
-6.5,-68.25,2015,0.1572
-12.25,-59.25,2015,0.1591
-10.75,-54.0,2015,2.6531
-6.75,-58.5,2015,0.4716
-5.0,-47.0,2015,0.0735
-10.5,-56.25,2015,1.0386
-11.25,-61.5,2015,0.2459
-4.25,-54.0,2015,0.2427
-2.5,-46.5,2015,0.2654
-9.75,-58.75,2015,0.2591
-7.75,-62.25,2015,0.3503
-12.0,-62.0,2015,0.2877
-4.75,-65.25,2015,0.0964
-16.0,-54.0,2015,0.3122
-12.75,-54.0,2015,0.5159
-8.75,-71.25,2015,0.6965
-6.5,-48.0,2015,0.3761
-16.25,-58.0,2015,0.4912
-3.25,-58.25,2015,0.0792
-13.0,-53.75,2015,0.2604
0.75,-59.25,2015,0.632
-3.5,-58.25,2015,0.3356
-2.5,-55.75,2015,0.3809
-5.5,-46.75,2015,2.6139
-4.5,-59.75,2015,0.0939
-16.5,-57.5,2015,0.3189
-5.0,-48.25,2015,0.1136
-3.75,-44.75,2015,0.2819
-16.25,-55.5,2015,0.1512
-1.75,-57.0,2015,0.0221
-12.0,-61.25,2015,0.4134
-7.25,-49.0,2015,0.0681
-5.5,-45.75,2015,1.0368
-21.25,981.25,2015,0.0006
-9.75,-63.0,2015,1.4044
0.75,-60.75,2015,0.1098
-4.0,-44.0,2015,0.0752
-11.75,-59.0,2015,0.8094
-8.75,-70.5,2015,0.236
-7.75,-61.0,2015,1.4594
-10.5,-57.0,2015,0.101
-9.0,-65.5,2015,0.0846
-4.25,-59.5,2015,0.291
-9.5,-54.75,2015,2.0085
-15.5,-58.75,2015,0.0799
-10.25,-62.75,2015,0.4755
-1.0,-54.25,2015,0.2432
-6.25,-54.75,2015,0.0752
-6.5,-53.0,2015,1.3456
-9.25,-51.25,2015,1.0104
-5.25,-56.25,2015,0.5847
-9.0,-60.75,2015,0.3911
-14.25,-56.5,2015,0.4862
-5.25,-56.75,2015,1.1561
-10.5,-65.5,2015,0.4089
-15.0,-59.75,2015,0.3637
-10.25,-62.0,2015,0.3881
-9.25,-65.25,2015,5.3092
-15.25,-55.25,2015,0.1505
-8.0,-62.0,2015,0.2775
-11.5,-58.75,2015,0.9848
-10.0,-59.0,2015,0.5744
-8.75,-72.75,2015,0.2024
2.75,-61.25,2015,0.6411
-7.0,-52.0,2015,1.0729
-0.5,-61.25,2015,0.0751
-2.75,-59.25,2015,0.2189
-1.75,-55.5,2015,0.7289
-12.5,-59.75,2015,0.246
-8.5,-51.25,2015,0.0659
-8.75,-63.75,2015,0.5116
-2.75,-65.75,2015,0.0665
-9.25,-64.5,2015,1.3315
-4.5,-66.5,2015,0.0761
-0.5,-65.0,2015,0.0824
0.25,-65.0,2015,0.0838
-0.25,-51.5,2015,0.144
-15.75,-55.75,2015,0.2664
-15.5,-58.0,2015,0.542
-9.75,-56.25,2015,0.2721
-10.0,-53.75,2015,2.0128
-3.25,-61.5,2015,0.1329
-3.25,-52.5,2015,0.2316
-7.75,-60.5,2015,0.0809
-13.25,-53.75,2015,1.1152
-5.0,-48.0,2015,0.301
-1.25,-54.75,2015,0.2351
-15.5,-58.5,2015,0.1665
-8.75,-48.5,2015,1.4724
-6.5,-58.75,2015,0.3948
-0.25,-61.0,2015,0.1908
-10.0,-56.0,2015,0.7407
-5.0,-45.5,2015,0.5882
-1.25,-52.0,2015,0.0642
-8.0,-56.75,2015,0.1578
-9.75,-61.75,2015,0.1984
-10.75,-50.0,2015,0.8079
-11.25,-61.75,2015,0.3222
-9.75,-52.0,2015,0.3441
-0.5,-64.75,2015,0.0931
-8.5,-63.75,2015,0.0755
-1.0,-52.75,2015,0.1517
-10.0,-57.0,2015,0.0723
-2.75,-45.25,2015,0.2593
-10.5,-61.25,2015,0.4696
3.25,-61.5,2015,0.2971
-1.75,-56.0,2015,0.3718
-2.5,-46.25,2015,1.0064
-11.5,-61.75,2015,0.491
-11.75,-63.75,2015,0.1547
-9.5,-55.75,2015,0.3599
-8.0,-49.25,2015,0.32
-12.75,-60.5,2015,2.9453
-6.25,-62.75,2015,0.0746
-6.0,-48.5,2015,0.2121
-9.0,-68.25,2015,0.3023
-6.5,-56.75,2015,0.0676
-11.25,-56.75,2015,0.2269
-4.75,-48.25,2015,0.1783
-8.5,-69.25,2015,0.0989
-9.75,-66.0,2015,0.3456
-3.75,-60.5,2015,0.6526
-12.25,-51.5,2015,1.018
-10.5,-54.75,2015,0.6522
-6.5,-48.5,2015,1.5399
1.0,-60.0,2015,0.2317
-11.5,-65.25,2015,0.2815
-3.75,-44.25,2015,0.5782
-7.75,-67.5,2015,0.1667
-8.75,-70.75,2015,0.2979
-5.75,-55.75,2015,3.878
-13.5,-54.25,2015,0.0918
-2.75,-66.75,2015,0.2103
-2.5,-56.5,2015,0.0686
-7.25,-55.75,2015,0.1958
-15.75,-59.0,2015,0.2845
-15.0,-57.25,2015,0.1939
-11.5,-57.0,2015,1.2645
-6.25,-58.5,2015,0.0637
-10.0,-55.75,2015,0.4517
-14.0,-56.25,2015,1.0457
-12.25,-61.5,2015,0.9599
-11.5,-60.5,2015,0.5255
-9.0,-49.75,2015,2.5624
-3.0,-59.5,2015,0.507
-9.0,-59.5,2015,3.008
-10.5,-62.5,2015,0.0824
-15.0,-58.25,2015,0.4736
-13.25,-52.75,2015,0.1132
-5.25,-57.0,2015,0.0674
-10.5,-56.75,2015,0.4119
1.25,-59.5,2015,0.4817
1.75,-60.5,2015,0.3616
4.5,-60.75,2015,0.0914
-13.0,-58.0,2015,0.5192
-12.25,-57.25,2015,1.2414
-10.5,-59.75,2015,0.1643
-6.0,-45.75,2015,0.6342
-9.0,-72.75,2015,0.3573
-12.25,-60.5,2015,1.6279
-10.25,-69.25,2015,0.6539
0.0,0.0,2015,0.0001
-3.5,-56.25,2015,0.0689
-6.0,-50.25,2015,0.4448
-11.25,-52.75,2015,3.8462
-8.0,-57.75,2015,0.1285
-11.25,-54.75,2015,0.3912
-4.25,-63.25,2015,0.2042
-10.0,-52.0,2015,0.5987
-10.75,-55.5,2015,0.1594
-11.0,-62.25,2015,0.3756
-11.5,-49.75,2015,0.0659
-12.5,-56.25,2015,0.2327
-11.5,-57.25,2015,0.4137
-5.75,-47.25,2015,0.3739
-5.75,-57.5,2015,0.4659
-6.75,-63.0,2015,0.5017
-13.25,-57.5,2015,1.2439
-11.0,-59.25,2015,0.2852
-8.75,-48.75,2015,0.0736
-12.25,-54.25,2015,2.0682
-12.75,-52.0,2015,1.752
-3.0,-56.25,2015,0.0938
-11.5,-56.25,2015,0.235
-11.75,-52.5,2015,3.2276
-3.25,-67.25,2015,0.0657
-2.25,-56.5,2015,0.0666
-1.25,-60.25,2015,0.4869
-15.75,-57.5,2015,0.1885
-2.25,-54.75,2015,0.2623
-3.5,-64.75,2015,0.164
-11.5,-61.0,2015,0.1672
-11.5,-62.25,2015,0.6219
-5.75,-47.0,2015,0.3141
-12.75,-60.0,2015,0.5782
-10.0,-67.5,2015,0.8574
2.75,-62.0,2015,0.0761
-7.75,-70.5,2015,0.4647
-1.0,-47.75,2015,0.191
-12.0,-62.5,2015,0.2369
-4.25,-48.0,2015,0.6157
-8.5,-72.5,2015,0.1646
-9.0,-57.5,2015,0.1626
-7.5,-63.5,2015,0.3483
-5.5,-57.25,2015,0.6618
-15.25,-59.0,2015,0.237
-11.5,-61.5,2015,0.3199
-2.75,-58.5,2015,0.0783
-1.0,-53.25,2015,0.0686
-6.25,-68.0,2015,0.0824
-5.25,-45.5,2015,0.688
-9.0,-57.0,2015,0.5325
-12.75,-55.25,2015,0.299
-5.75,-61.25,2015,0.5872
-3.75,-58.25,2015,0.075
-4.0,-59.0,2015,0.1849
-10.5,-57.25,2015,0.2258
-4.75,-50.25,2015,0.107
-10.75,-63.75,2015,0.0709
-3.75,-56.0,2015,0.0915
-10.0,-56.5,2015,0.3733
-10.0,-51.75,2015,0.9356
-12.75,-56.75,2015,8.0098
-3.5,-57.5,2015,0.0947
-9.5,-67.25,2015,1.4736
-12.25,-62.5,2015,0.0834
-15.25,-59.25,2015,0.3524
-4.0,-56.25,2015,0.6309
-3.5,-69.0,2015,0.0711
-11.75,-61.5,2015,0.7417
-12.5,-52.0,2015,3.0447
-16.25,-58.5,2015,0.2953
-11.0,-61.25,2015,0.0644
-6.75,-52.0,2015,0.312
-3.75,-64.25,2015,0.1793
-2.5,-57.75,2015,0.1927
-6.0,-54.0,2015,0.4841
-5.75,-45.75,2015,0.6763
-1.0,-54.0,2015,0.8031
-11.75,-49.75,2015,0.331
-6.5,-63.0,2015,0.3648
-1.0,-53.75,2015,0.8147
-9.25,-54.75,2015,0.4736
-15.75,-57.75,2015,0.1055
3.0,-61.25,2015,0.3862
-9.0,-62.75,2015,0.4104
-2.0,-54.0,2015,0.2089
-13.75,-53.0,2015,0.2106
-1.5,-57.75,2015,0.2052
-8.5,-47.0,2015,0.1507
-1.5,-46.5,2015,0.0648
-13.0,-62.25,2015,0.4674
-3.75,-62.25,2015,0.2335
-1.5,-50.0,2015,0.09
-6.0,-48.75,2015,0.2341
-4.5,-65.5,2015,0.2391
-7.0,-55.0,2015,7.0408
938249.0,938197.25,2015,0.0001
-10.25,-55.5,2015,0.1418
-9.75,-65.0,2015,6.9642
-1.75,-57.25,2015,0.0695
-0.25,-51.25,2015,0.1102
-13.75,-55.0,2015,1.422
-6.25,-61.75,2015,0.0991
-3.0,-65.0,2015,0.1447
-8.75,-51.75,2015,0.4347
-3.5,-55.25,2015,0.1679
-0.75,-52.75,2015,0.1597
1.25,-50.0,2015,0.0625
-8.75,-71.5,2015,0.0748
-12.0,-54.25,2015,5.009
-2.5,-58.25,2015,0.1099
2.5,-63.75,2015,0.2535
-9.75,-65.5,2015,0.1823
-9.0,-70.75,2015,0.1554
-6.75,-69.5,2015,0.148
-11.0,-54.5,2015,0.9315
-2.75,-42.75,2015,0.0006
-7.0,-50.25,2015,0.8827
-11.0,-56.75,2015,0.1179
-5.25,-48.0,2015,0.0963
-12.0,-56.25,2015,4.3571
-8.75,-49.5,2015,0.1484
-6.25,-48.0,2015,1.8719
-2.75,-46.5,2015,0.1133
-7.75,-72.25,2015,0.401
-5.0,-49.0,2015,0.0952
-0.25,-66.75,2015,0.0811
-3.25,-45.25,2015,0.1393
-8.5,-64.25,2015,0.1348
-5.0,-47.5,2015,0.0853
-5.5,-67.5,2015,0.0741
-2.75,-51.25,2015,0.0653
-5.25,-47.0,2015,0.3849
-10.25,-52.5,2015,0.0696
-7.25,-72.25,2015,0.1328
-12.0,-55.0,2015,0.0898
-5.0,-57.5,2015,0.4522
-12.75,-56.25,2015,1.5862
-6.75,-51.0,2015,0.1425
-7.25,-70.0,2015,0.064
-4.5,-60.5,2015,0.0743
-7.5,-67.5,2015,0.1339
-6.75,-51.75,2015,0.3952
-13.75,-55.5,2015,0.3475
-12.75,-58.5,2015,0.1138
-8.75,-54.75,2015,0.6023
-7.5,-64.25,2015,0.4342
-11.5,-61.25,2015,0.387
-14.5,-54.75,2015,0.3149
-9.25,-49.75,2015,0.4313
-12.0,-58.75,2015,0.4648
-11.0,-55.25,2015,5.2166
-9.25,-48.0,2015,0.2674
-5.75,-69.75,2015,0.2933
-8.5,-69.75,2015,0.1441
-9.75,-56.0,2015,0.2718
-11.75,-58.25,2015,0.1541
-2.25,-49.5,2015,0.0682
-9.75,-57.25,2015,0.4441
-12.75,-60.75,2015,0.0667
-6.25,-68.25,2015,0.5719
-10.75,-58.25,2015,0.2702
-5.5,-61.0,2015,0.4547
-6.25,-47.0,2015,1.1697
-10.25,-56.75,2015,0.0772
-2.5,-55.25,2015,0.0754
1.0,-54.5,2015,0.0832
-1.75,-57.5,2015,0.0869
-16.25,-55.75,2015,0.1065
-0.75,-53.0,2015,0.0905
-9.0,-70.0,2015,0.0767
-7.0,-53.0,2015,0.1678
-13.0,-53.0,2015,0.2239
-12.75,-52.25,2015,0.1388
1.0,-52.25,2015,0.113
-0.5,-58.25,2015,0.0699
0.0,-51.5,2015,0.4488
-12.75,-57.75,2015,0.2502
1.0,-60.75,2015,1.0246
-5.75,-66.0,2015,0.0874
-8.5,-63.0,2015,0.5755
-14.75,-56.75,2015,0.1064
1.5,-61.0,2015,0.0659
-8.25,-50.0,2015,0.1922
-15.5,-59.75,2015,0.305
-11.75,-60.25,2015,0.0627
1.25,-54.75,2015,0.1097
-0.5,-65.25,2015,0.0644
-16.0,-55.5,2015,0.6293
-16.0,-54.5,2015,0.1682
-13.0,-61.25,2015,0.2908
-5.5,-47.5,2015,0.0953
-4.25,-57.75,2015,0.0894
-3.5,-68.75,2015,0.1143
-2.75,-53.25,2015,0.0647
-0.5,-47.75,2015,0.0079
-1.75,-45.5,2015,0.0889
-9.75,-51.5,2015,0.2486
-9.25,-50.0,2015,0.3576
-4.0,-51.75,2015,0.2869
-10.5,-53.0,2015,0.1186
-4.25,-44.25,2015,0.1429
-8.25,-73.0,2015,0.2498
-6.75,-58.75,2015,0.6918
-12.0,-51.75,2015,3.2088
-7.75,-72.0,2015,0.3392
-11.0,-53.75,2015,0.2735
1.0,-59.25,2015,0.281
-9.25,-56.75,2015,0.1078
-13.75,-60.5,2015,0.1844
-9.75,-51.25,2015,0.2659
-10.75,-54.75,2015,0.2733
-11.0,-58.5,2015,0.2389
-6.0,-53.0,2015,0.7459
5.25,-42.75,2015,0.0006
-5.75,-65.5,2015,0.122
-11.75,-62.0,2015,0.2049
-6.0,-51.0,2015,0.1117
-14.25,-55.75,2015,0.104
-0.25,-65.0,2015,0.1054
-11.75,-56.25,2015,0.4582
-9.75,-54.0,2015,0.3349
-11.5,-52.25,2015,0.0765
-8.0,-63.75,2015,0.1445
-12.0,-60.75,2015,0.0642
-6.0,-47.5,2015,0.0698
-10.75,-61.25,2015,0.1199
-6.0,-45.0,2015,0.2601
2.75,-51.25,2015,0.1201
-6.5,-62.5,2015,0.281
2.75,-62.75,2015,0.0695
-7.75,-71.75,2015,0.1717
-2.0,-45.0,2015,0.0704
-8.5,-62.75,2015,0.7962
-8.0,-63.5,2015,0.199
-3.25,-58.0,2015,0.0698
-10.75,-51.75,2015,0.4143
-5.0,-59.75,2015,0.0721
-6.75,-51.5,2015,0.5817
-11.0,-50.0,2015,1.6796
-7.25,-63.25,2015,0.1762
-16.25,-58.75,2015,2.4107
-3.0,-65.25,2015,0.2017
3.5,-52.0,2015,0.1209
-7.5,-70.5,2015,0.1042
-7.75,-55.75,2015,0.3974
-14.75,-57.25,2015,0.2682
-4.5,-45.75,2015,0.2023
3.0,-51.5,2015,0.0725
-12.75,-51.75,2015,0.0744
-5.75,-67.75,2015,0.1302
-8.5,-54.5,2015,2.637
-10.5,-70.0,2015,0.2377
-7.75,-70.25,2015,0.1009
-11.0,-57.25,2015,0.3853
-12.5,-51.75,2015,0.1382
-11.25,-51.25,2015,0.3341
-5.5,-56.0,2015,0.1146
-3.75,-55.25,2015,0.2447
-1.5,-58.0,2015,0.2074
-2.75,-53.5,2015,0.0972
-15.25,-59.75,2015,0.1753
-7.25,-52.25,2015,0.0684
-6.5,-61.25,2015,0.0727
-10.5,-53.75,2015,0.5926
-3.25,-47.25,2015,1.4008
-9.0,-70.5,2015,0.0861
-6.5,-54.75,2015,0.0687
-16.0,-55.25,2015,0.1553
-7.0,-57.25,2015,0.0656
-3.5,-48.75,2015,0.1566
-15.0,-55.0,2015,0.1445
-5.25,-57.25,2015,0.2015
-3.5,-58.0,2015,0.0725
-7.25,-56.25,2015,0.3301
-6.0,-61.5,2015,0.1231
-7.5,-60.5,2015,0.1514
-9.5,-50.75,2015,0.4241
-12.25,-52.5,2015,0.2254
-14.75,-59.75,2015,0.2256
-1.25,-60.5,2015,0.1075
-6.75,-51.25,2015,0.0845
-6.75,-70.75,2015,0.0676
-8.0,-70.0,2015,0.0649
-8.5,-71.0,2015,0.0635
-8.5,-66.5,2015,0.1274
-5.0,-46.5,2015,0.1476
-14.0,-60.5,2015,0.1338
-7.25,-69.75,2015,0.198
-3.5,-62.0,2015,0.0727
-8.5,-65.5,2015,0.1369
0.5,-51.25,2015,0.0782
-5.0,-67.0,2015,0.0702
-9.0,-58.5,2015,0.1169
-12.25,-54.0,2015,0.1125
-2.5,-44.0,2015,0.2101
-2.5,-59.5,2015,0.0981
-5.5,-56.5,2015,0.083
-8.5,-71.5,2015,0.0864
-8.5,-70.5,2015,0.0651
-11.0,-52.75,2015,0.0903
-11.0,-61.0,2015,0.069
-9.25,-56.5,2015,0.7796
-2.75,-50.0,2015,0.1095
0.0,-42.75,2015,0.0004
-10.5,-55.75,2015,0.2188
48.0,-256.0,2015,0.0018
-12.25,-59.75,2015,0.0708
-14.5,-59.5,2015,0.0779
-2.75,-48.25,2015,0.086
-0.5,-57.25,2015,0.1145
-1.0,-56.0,2015,0.1417
-15.0,-56.75,2015,0.0698
-1.5,-53.25,2015,0.1264
-4.0,-60.75,2015,0.1516
-13.25,-56.5,2015,1.7062
-7.5,-73.25,2015,0.3954
-10.0,-53.5,2015,0.0738
-11.25,-50.75,2015,0.1141
-4.5,-55.25,2015,0.9218
-2.25,17.0,2015,0.0006
-4.0,-55.0,2015,0.1902
-7.75,-54.25,2015,0.166
-10.5,-57.5,2015,0.1088
-2.75,-55.25,2015,0.068
-11.75,-64.0,2015,0.1
-15.0,-57.0,2015,0.0744
-13.25,-52.25,2015,0.0883
-3.0,-60.25,2015,0.1932
-14.75,-55.5,2015,0.2788
-3.25,-56.5,2015,0.0952
-5.75,-70.5,2015,0.0871
-6.0,-62.5,2015,0.0973
-7.25,-71.75,2015,0.0707
-12.25,-60.25,2015,0.2049
-2.75,-47.25,2015,0.0645
0.0,-66.25,2015,0.0695
-6.5,-50.5,2015,0.1212
-11.25,-61.25,2015,0.1616
-10.75,-60.5,2015,0.0807
1.75,-56.0,2015,0.0668
-9.0,-50.0,2015,0.7794
-8.25,-49.5,2015,0.0922
-4.25,-46.0,2015,0.0649
-11.25,-53.75,2015,0.0808
-2.75,-59.75,2015,0.1017
-9.25,-70.25,2015,0.0704
-9.0,-54.75,2015,14.8286
-10.5,-55.25,2015,0.3405
-9.5,-51.25,2015,0.7017
-15.25,-52.0,2015,0.0688
-10.75,-62.5,2015,0.0768
-4.5,-44.5,2015,0.1065
-12.5,-58.5,2015,0.1311
-12.0,-57.5,2015,5.9741
-7.25,-52.5,2015,0.0766
-8.25,-49.25,2015,0.1727
-9.25,-51.0,2015,0.0643
-2.5,-45.0,2015,0.0843
-6.0,-60.0,2015,4.7486
-11.25,-60.75,2015,0.0818
-1.75,-47.0,2015,0.0721
3.25,-51.5,2015,0.0663
-5.25,-55.75,2015,0.2445
-10.75,-62.0,2015,0.0735
-5.75,-48.5,2015,0.0642
-15.0,-58.0,2015,0.0858
-7505875.75,-7505927.0,2015,0.0001
-6.0,-55.25,2015,0.0888
-12.0,-54.75,2015,3.5107
2.0,-61.5,2015,0.1947
2.25,-51.5,2015,0.064
-11.5,-51.0,2015,0.3568
-4.25,-63.0,2015,0.0899
-10.0,-51.0,2015,0.0777
-5.75,-61.0,2015,0.0693
-7.5,-60.0,2015,0.0643
-10.25,-54.75,2015,0.2231
-13.0,-61.5,2015,0.8324
-10.75,-62.25,2015,0.0976
-1.25,-46.5,2015,0.0959
1.0,-50.0,2015,0.046
-3.0,-56.0,2015,0.0728
0.75,-52.0,2015,0.4655
-2.25,-53.0,2015,0.1398
3.5,-61.25,2015,0.067
2.75,85.25,2015,0.0001
-8.5,-48.5,2015,0.1628
-7.75,-66.0,2015,0.068
-6.5,-47.75,2015,0.1006
-3.5,-46.25,2015,0.0769
-15.5,-58.25,2015,0.0823
-7.75,-49.25,2015,0.1371
-5.5,-54.0,2015,0.063
-13.75,-59.25,2015,0.1319
-21.25,-213.25,2015,0.0014
-2.25,-57.5,2015,0.0884
-9.5,-54.25,2015,0.0713
-15.25,-57.5,2015,0.4191
2.0,-63.5,2015,0.0942
-6.5,-51.0,2015,0.0766
-11.25,-51.75,2015,0.1791
-5.0,-56.75,2015,0.0831
-4.75,-46.0,2015,0.0635
-13.75,-55.25,2015,0.0713
-3.75,-66.5,2015,0.0732
-8.0,-70.75,2015,0.0627
-7.5,-65.25,2015,0.1914
-2.75,-21.25,2015,0.0002
-3.5,-57.75,2015,0.0682
-2.25,-47.0,2015,0.1155
-10.25,-57.0,2015,0.1281
0.5,-50.25,2015,0.4608
-8.25,-65.5,2015,0.1232
-4.75,-62.5,2015,0.0633
-8.75,-54.5,2015,0.2249
-7.5,-49.25,2015,0.0915
-10.25,-59.75,2015,0.1002
-15.0,-59.25,2015,0.1143
-2.25,-50.75,2016,2.8926
-3.25,-53.0,2016,2.1525
-8.5,-70.25,2016,4.3169
-4.25,-56.0,2016,0.4644
-4.0,-51.0,2016,10.2065
-10.75,-67.75,2016,0.9127
-3.25,-50.0,2016,3.4568
-10.0,-63.5,2016,14.1698
-9.0,-62.5,2016,18.1791
-7.0,-51.25,2016,0.8507
-8.5,-70.5,2016,2.7168
-3.5,-46.5,2016,0.6113
-5.0,-49.5,2016,8.4457
3.25,-61.75,2016,6.919
2.75,-61.5,2016,9.8969
-4.0,-53.75,2016,7.3484
-5.0,-50.5,2016,24.9768
-2.25,-52.75,2016,0.4279
-10.25,-54.0,2016,12.2748
-5.25,-50.75,2016,27.0408
-8.25,-71.0,2016,1.1902
-9.75,-54.0,2016,2.5203
-4.25,-49.75,2016,1.8751
-9.25,-68.75,2016,10.2969
-9.75,-63.25,2016,5.3267
-4.75,-49.25,2016,2.5653
-9.5,-63.25,2016,15.1034
-4.0,-54.0,2016,4.8971
-3.75,-52.5,2016,2.3114
-9.25,-65.75,2016,30.7272
-8.75,-64.25,2016,4.7036
-9.25,-62.5,2016,28.041
-3.25,-48.75,2016,5.9113
-9.25,-62.25,2016,34.243
-2.0,-52.75,2016,0.6513
-8.75,-49.5,2016,0.6232
-10.0,-62.5,2016,4.2174
-1.75,-51.75,2016,0.5598
-8.0,-54.75,2016,9.6987
-6.25,-48.5,2016,0.7965
-5.25,-50.0,2016,16.0538
-9.75,-68.75,2016,7.0956
-4.0,-53.5,2016,9.865
4.0,-64.5,2016,0.2109
0.75,-60.25,2016,7.0042
-4.75,-50.75,2016,27.7982
-3.25,-49.0,2016,3.8683
-5.0,-50.0,2016,17.9968
-10.25,-51.5,2016,3.9469
-9.75,-54.5,2016,5.3064
-12.5,-54.75,2016,14.2786
-4.75,-50.0,2016,3.0483
-10.5,-67.75,2016,6.7783
2.5,-61.75,2016,10.5451
-9.75,-64.75,2016,19.386
-12.75,-56.75,2016,6.302
-10.75,-68.75,2016,5.1458
-9.25,-68.0,2016,6.631
0.0,-60.5,2016,0.2222
-11.5,-54.25,2016,3.4996
-3.5,-50.5,2016,23.5659
-10.75,-53.75,2016,7.3258
3.0,-63.25,2016,0.1165
-9.75,-64.25,2016,30.011
-3.75,-53.5,2016,6.241
-6.25,-56.5,2016,1.3584
-3.25,-50.25,2016,32.4272
-4.5,-50.75,2016,37.575
-3.25,-51.5,2016,4.5847
-7.75,-72.75,2016,1.6558
-8.5,-70.75,2016,2.5498
-3.75,-51.25,2016,14.269
-7.25,-50.75,2016,1.7426
-3.5,-52.25,2016,2.6156
-7.5,-60.75,2016,3.4362
-9.25,-61.75,2016,7.6411
-10.0,-68.25,2016,4.8124
-2.25,-48.0,2016,1.6342
-3.0,-50.25,2016,14.4164
-3.0,-51.75,2016,8.1725
-10.0,-52.25,2016,3.9352
-10.25,-68.5,2016,1.359
-9.75,-63.75,2016,35.8818
-10.25,-68.75,2016,2.1292
-6.0,-57.25,2016,1.3725
-2.25,-53.75,2016,7.1896
-10.0,-64.0,2016,15.3152
-5.25,-50.25,2016,9.0161
-3.25,-50.5,2016,45.8345
-7.5,-56.75,2016,1.7142
-9.75,-56.5,2016,1.9206
-4.25,-48.5,2016,7.3562
4.0,-61.5,2016,0.4852
-10.0,-58.5,2016,4.8535
-4.75,-45.75,2016,8.1272
-1.75,-52.25,2016,3.4159
-10.5,-58.5,2016,1.2189
-3.0,-51.5,2016,8.6212
0.75,-60.0,2016,1.7151
-2.25,-48.75,2016,0.4979
-4.5,-49.5,2016,5.1155
-3.75,-47.25,2016,1.8233
-10.25,-67.75,2016,5.8026
-9.0,-51.0,2016,1.936
-9.75,-66.75,2016,5.5345
-8.75,-63.0,2016,18.851
-8.0,-61.75,2016,10.7902
-2.75,-54.25,2016,1.9896
-4.25,-55.0,2016,6.6499
-7.0,-53.0,2016,1.793
-9.75,-60.0,2016,3.2811
0.25,-51.5,2016,0.1487
-2.5,-50.5,2016,1.1205
-10.25,-69.25,2016,0.6321
-6.75,-60.0,2016,13.2368
-3.5,-51.25,2016,8.5376
-12.25,-60.75,2016,7.0722
-1.5,-53.5,2016,6.0087
-5.5,-50.5,2016,11.6547
-9.0,-69.5,2016,3.7641
-10.75,-69.0,2016,8.158
-10.25,-58.25,2016,18.4712
-8.75,-50.75,2016,4.749
-7.75,-61.5,2016,22.7432
-7.75,-73.0,2016,3.4549
-8.25,-49.5,2016,0.4043
-10.75,-68.25,2016,6.8842
-9.5,-67.5,2016,11.7955
-10.0,-64.75,2016,26.8811
-10.75,-58.5,2016,7.8343
-10.0,-65.0,2016,16.7632
-10.0,-64.25,2016,38.9901
-9.5,-63.5,2016,10.5744
-4.25,-55.25,2016,5.7364
-11.75,-63.0,2016,1.0069
-1.75,-47.25,2016,0.5
2.75,-61.75,2016,6.6575
-9.0,-66.0,2016,8.0539
-10.75,-68.5,2016,6.2482
-7.0,-51.0,2016,3.4346
-10.0,-63.75,2016,26.3729
-3.5,-50.0,2016,7.0546
-5.0,-50.75,2016,31.6026
-9.75,-57.25,2016,2.3654
-10.75,-64.0,2016,2.8219
-3.5,-53.75,2016,7.0418
-10.25,-64.75,2016,10.2337
-2.25,-54.0,2016,0.9156
-4.75,-50.5,2016,15.836
-10.5,-69.25,2016,1.7009
-9.5,-69.0,2016,3.2605
-2.0,-58.25,2016,0.2257
-9.0,-51.5,2016,14.3515
-9.0,-67.0,2016,3.7536
-13.25,-51.75,2016,0.1244
-8.5,-63.0,2016,1.5516
-4.75,-56.25,2016,4.3065
-12.5,-57.75,2016,7.6834
-0.75,-48.0,2016,0.4919
-9.75,-62.5,2016,3.2375
-12.0,-57.5,2016,0.8216
-8.25,-64.0,2016,5.0375
-3.0,-58.75,2016,0.5488
-11.5,-54.75,2016,2.5682
-9.5,-67.25,2016,6.3009
-2.5,-47.0,2016,2.7143
-4.0,-49.5,2016,2.8089
-2.0,-52.0,2016,5.3628
-4.5,-49.75,2016,8.9069
-11.75,-57.0,2016,0.3246
-12.0,-63.5,2016,1.2433
-9.75,-64.5,2016,19.7102
-7.25,-60.25,2016,3.0078
-10.25,-64.0,2016,7.6937
-2.0,-56.75,2016,0.8213
-10.25,-64.5,2016,14.3839
-9.5,-64.5,2016,26.0639
-9.5,-65.5,2016,14.5059
-3.75,-50.25,2016,14.4347
-8.0,-70.0,2016,1.2603
-10.5,-53.75,2016,1.3439
-6.5,-58.25,2016,2.9577
-13.5,-56.5,2016,2.0699
-4.25,-55.5,2016,1.802
-10.25,-63.25,2016,4.8699
-10.25,-67.0,2016,2.2922
-7.25,-57.0,2016,1.968
-3.5,-53.0,2016,0.8571
-10.25,-65.0,2016,7.5296
-10.0,-58.0,2016,10.3792
-7.0,-60.0,2016,18.1273
-3.75,-65.0,2016,1.6682
3.0,-61.75,2016,9.4959
-8.0,-61.5,2016,11.0289
-4.0,-50.25,2016,3.6238
-5.5,-57.0,2016,1.1196
-4.0,-56.0,2016,1.4019
-9.75,-67.25,2016,4.8109
-8.75,-67.0,2016,15.5484
-5.5,-44.25,2016,4.6872
-10.0,-68.5,2016,6.9879
-10.0,-54.5,2016,2.5934
-3.75,-52.0,2016,9.5902
-10.5,-54.75,2016,2.8372
-12.25,-57.75,2016,9.2563
-2.0,-56.5,2016,1.2993
-7.75,-72.0,2016,1.1479
-9.5,-68.75,2016,7.5834
-4.0,-46.5,2016,3.3665
-13.5,-60.5,2016,2.6144
-10.5,-64.5,2016,8.0183
-10.25,-64.25,2016,24.1028
-10.75,-60.75,2016,2.054
1.0,-59.5,2016,11.8562
-12.0,-63.0,2016,5.9019
-10.0,-68.75,2016,8.0254
3.5,-62.0,2016,1.3726
-4.0,-48.25,2016,0.6603
-10.25,-52.0,2016,2.9319
-3.75,-54.5,2016,12.4203
-4.0,-60.0,2016,0.0765
-5.0,-56.0,2016,8.0764
-4.0,-63.25,2016,0.4313
-2.5,-52.25,2016,0.5854
-7.0,-59.25,2016,22.5286
-2.5,-48.25,2016,2.279
-4.5,-46.5,2016,3.4895
-12.5,-52.5,2016,4.8908
1.75,-60.75,2016,7.7598
-4.0,-50.75,2016,10.7909
-4.5,-56.0,2016,3.5522
-8.75,-69.25,2016,5.2651
-3.25,-55.0,2016,1.424
-6.5,-53.5,2016,12.7926
-7.0,-56.75,2016,2.4203
-2.25,-46.5,2016,5.7165
-9.0,-63.75,2016,10.0867
-5.75,-50.0,2016,8.3612
-10.5,-69.0,2016,1.9892
-10.25,-57.0,2016,0.1756
-4.25,-50.75,2016,11.4056
-3.75,-59.0,2016,1.6584
-3.75,-56.0,2016,0.7971
-16.0,-54.25,2016,0.2287
-10.0,-57.5,2016,4.1351
-1.25,-50.0,2016,0.5044
-8.75,-62.5,2016,6.7397
-12.0,-56.75,2016,1.154
1.25,-51.25,2016,0.3228
-12.0,-52.5,2016,6.4449
-6.25,-52.75,2016,32.4366
-5.0,-49.75,2016,17.8601
-8.5,-53.75,2016,0.6293
-4.25,-48.75,2016,8.0999
-9.5,-63.0,2016,3.5216
-12.5,-55.0,2016,29.5496
-10.5,-51.0,2016,2.9549
-9.75,-66.5,2016,7.0296
-3.5,-50.75,2016,11.7106
-4.0,-56.25,2016,3.3903
-3.0,-65.5,2016,2.145
-6.25,-53.75,2016,4.5953
-2.75,-53.0,2016,1.4798
-3.5,-54.0,2016,12.171
-10.5,-67.5,2016,1.9945
-10.0,-65.25,2016,12.2329
-6.75,-52.25,2016,9.3976
-3.5,-54.25,2016,8.2037
-11.5,-61.75,2016,1.9662
-5.75,-44.5,2016,1.9202
-2.75,-46.75,2016,2.903
-10.5,-51.75,2016,2.9905
-12.25,-54.5,2016,5.6039
-5.5,-49.0,2016,4.1285
-2.5,-48.5,2016,2.4793
-4.5,-44.0,2016,2.2674
2.0,-61.25,2016,1.8728
-9.25,-69.0,2016,3.0079
0.75,-59.5,2016,5.6131
-3.5,-59.5,2016,4.9804
-3.0,-50.5,2016,10.8896
-1.75,-54.75,2016,2.7352
-10.5,-64.0,2016,16.513
-4.25,-50.5,2016,9.5106
1.0,-51.0,2016,0.5338
-4.5,-46.0,2016,3.399
-12.75,-60.25,2016,3.6836
-9.0,-68.5,2016,4.5843
-2.75,-52.0,2016,3.1864
-4.0,-47.25,2016,3.3365
-6.0,-53.25,2016,36.3768
-9.0,-62.0,2016,15.6038
2.25,-61.0,2016,3.1368
-9.75,-50.0,2016,0.7307
-9.5,-51.0,2016,0.0641
-10.25,-59.75,2016,3.3249
-9.25,-72.0,2016,1.1523
-6.5,-48.75,2016,1.166
2.25,-61.5,2016,7.4365
-9.0,-67.25,2016,5.6334
-10.0,-56.75,2016,0.3881
2.75,-63.75,2016,1.0729
-3.25,-50.75,2016,33.0787
-6.5,-56.25,2016,19.9414
-6.5,-53.75,2016,6.4324
-5.0,-48.75,2016,1.9429
-9.5,-64.25,2016,17.6491
-1.75,-55.25,2016,6.9105
-4.25,-46.5,2016,1.1771
-9.75,-64.0,2016,36.8287
-5.75,-57.0,2016,2.4271
-2.5,-46.75,2016,1.8957
-10.75,-65.0,2016,2.0149
-7.0,-59.5,2016,20.5593
-5.25,-44.0,2016,3.5724
-4.0,-51.75,2016,1.3492
-1.75,-60.5,2016,0.1452
-9.75,-55.5,2016,6.6265
1.5,-60.75,2016,4.387
-10.25,-54.25,2016,8.3975
-12.25,-64.0,2016,5.4523
-1.25,-54.25,2016,3.4095
-9.75,-63.5,2016,13.5617
-6.25,-53.5,2016,46.3829
-9.5,-59.25,2016,21.3491
-10.25,-55.5,2016,0.733
-8.75,-69.5,2016,10.5704
-10.0,-67.25,2016,2.8973
-3.75,-52.25,2016,11.9095
-5.75,-49.0,2016,6.2644
-7.0,-50.75,2016,1.1397
-3.0,-48.75,2016,2.3043
-5.5,-50.75,2016,14.469
-3.25,-49.75,2016,1.6902
-9.75,-59.25,2016,9.9669
-1.75,-53.5,2016,0.9357
2.25,-61.75,2016,8.0665
-10.5,-68.25,2016,4.4619
-7.5,-64.25,2016,1.173
-6.75,-59.25,2016,6.8689
-9.5,-68.25,2016,4.8512
-8.75,-64.0,2016,3.3889
-3.5,-51.5,2016,15.4091
-10.5,-64.75,2016,6.2854
-10.5,-63.5,2016,6.5891
-9.25,-59.75,2016,13.0916
-9.0,-67.5,2016,3.9815
-8.0,-61.25,2016,18.749
-1.75,-53.75,2016,1.6053
-6.0,-51.25,2016,2.8283
-9.25,-65.5,2016,75.4435
-3.5,-51.75,2016,3.8214
-11.0,-59.0,2016,25.8461
-10.5,-54.0,2016,5.6113
-3.25,-64.75,2016,0.1402
-11.5,-54.5,2016,4.5839
-9.25,-62.0,2016,10.0771
-5.5,-51.5,2016,5.8666
-5.5,-49.25,2016,1.7006
-9.25,-58.25,2016,2.6475
-5.75,-56.5,2016,2.6958
-5.25,-49.5,2016,6.2141
-10.25,-63.5,2016,9.5525
-6.0,-50.0,2016,1.5704
2.75,-63.5,2016,0.9769
-5.5,-47.25,2016,1.8916
-4.5,-55.25,2016,2.742
-7.75,-70.0,2016,1.0539
-8.5,-66.75,2016,13.6814
-9.5,-65.75,2016,2.782
-10.25,-55.75,2016,0.2687
1.0,-60.25,2016,2.4789
-5.5,-51.0,2016,9.5703
-7.25,-59.5,2016,20.0689
-10.25,-59.25,2016,12.1079
-3.25,-52.0,2016,8.0596
-5.25,-50.5,2016,8.6923
-10.0,-54.25,2016,2.5803
-5.75,-52.25,2016,0.2265
-9.25,-68.5,2016,4.9804
-7.75,-56.25,2016,0.0799
-8.25,-61.5,2016,16.4969
1.0,-60.5,2016,6.6295
-9.25,-50.75,2016,4.7532
-9.5,-67.75,2016,8.7103
-7.25,-56.75,2016,1.5269
-3.0,-51.0,2016,10.5095
-10.25,-51.75,2016,1.3027
-9.5,-56.0,2016,0.7834
-0.75,-47.75,2016,0.5075
-4.5,-46.25,2016,2.7942
-3.75,-53.75,2016,2.2452
-12.75,-56.5,2016,0.4476
0.75,-60.75,2016,2.5889
-11.5,-55.75,2016,2.4687
-4.75,-49.75,2016,6.0905
0.5,-51.5,2016,0.4128
-1.0,-53.25,2016,0.3361
-3.25,-59.5,2016,1.1966
0.5,-60.25,2016,2.7926
-2.0,-59.5,2016,0.8265
-10.75,-69.5,2016,2.6534
-4.0,-48.5,2016,0.109
-9.25,-60.5,2016,21.8349
-6.25,-55.25,2016,20.8955
-8.75,-69.0,2016,2.9007
-5.5,-49.75,2016,3.9071
-4.0,-47.0,2016,5.8049
-4.5,-50.5,2016,10.8762
-6.75,-48.75,2016,2.4147
-10.0,-63.25,2016,6.045
-9.75,-59.0,2016,7.5956
-9.25,-50.5,2016,4.1794
-9.25,-57.25,2016,2.6424
-9.75,-67.5,2016,6.3728
-8.75,-67.25,2016,8.8221
-6.0,-55.75,2016,8.7729
-4.0,-54.25,2016,6.2026
-8.5,-55.0,2016,9.6599
-5.0,-46.75,2016,1.7158
-12.25,-63.75,2016,1.6529
-8.25,-55.0,2016,6.3202
-12.5,-61.25,2016,2.3341
-3.75,-47.5,2016,4.8691
-2.75,-51.75,2016,11.5365
-9.0,-64.0,2016,2.6878
-2.5,-56.0,2016,1.7278
-3.75,-51.5,2016,10.2576
-12.5,-55.5,2016,0.5305
-5.75,-64.5,2016,0.0674
-9.75,-67.75,2016,2.743
-6.25,-50.75,2016,0.7288
-12.25,-54.75,2016,12.8464
-14.25,-55.75,2016,2.3184
-8.25,-71.25,2016,0.4039
-7.0,-51.5,2016,1.2675
-9.5,-59.0,2016,12.4366
-7.0,-71.75,2016,1.9416
-6.0,-53.75,2016,35.9997
-4.25,-54.75,2016,7.6055
-9.5,-56.75,2016,34.5477
-3.75,-47.0,2016,5.5442
-1.25,-48.25,2016,0.3553
-1.5,-54.75,2016,4.429
-6.5,-52.5,2016,6.691
-2.5,-53.75,2016,0.6567
-6.0,-52.25,2016,6.8666
-4.75,-46.5,2016,2.6958
0.5,-60.5,2016,2.872
-9.5,-51.75,2016,2.9048
-1.75,-56.25,2016,1.0481
-3.25,-46.25,2016,1.8894
-3.0,-53.0,2016,0.5799
-9.25,-67.5,2016,3.3932
-11.25,-52.25,2016,0.7016
-3.0,-60.0,2016,0.2761
-15.5,-60.25,2016,0.6405
-4.75,-44.0,2016,1.2173
-4.25,-47.5,2016,0.9359
-9.75,-68.5,2016,14.1956
-7.75,-55.5,2016,3.1274
-5.75,-49.75,2016,3.9036
-9.0,-68.75,2016,7.397
-10.5,-63.0,2016,3.3643
-1.75,-62.25,2016,0.0924
-9.75,-68.25,2016,4.8415
-3.5,-50.25,2016,13.1909
-3.5,-54.5,2016,12.2509
-6.5,-51.75,2016,11.0828
3.25,-61.5,2016,2.5262
-5.25,-56.0,2016,6.2794
-3.75,-46.5,2016,1.1212
-8.75,-67.75,2016,0.9529
-11.0,-54.25,2016,3.6835
-13.0,-54.75,2016,1.9421
-8.75,-63.75,2016,1.4792
-11.75,-60.5,2016,0.2474
-5.0,-44.0,2016,2.508
-9.5,-56.25,2016,0.5959
-5.5,-50.0,2016,9.4427
-9.75,-56.75,2016,13.3234
-1.75,-54.25,2016,3.5013
-4.25,-48.25,2016,4.1631
-7.75,-56.5,2016,0.8515
-9.5,-62.75,2016,3.7714
-5.75,-53.75,2016,47.9698
-6.75,-56.75,2016,0.3388
-4.25,-47.0,2016,22.4102
-6.0,-47.25,2016,6.4927
-8.75,-63.5,2016,3.6999
-4.75,-56.0,2016,10.6261
-10.0,-63.0,2016,6.8953
-2.75,-61.0,2016,0.679
-3.5,-58.75,2016,0.7838
-6.5,-52.0,2016,0.8601
-13.0,-52.75,2016,0.4846
-1.75,-50.0,2016,0.2146
-4.25,-50.25,2016,2.9876
-5.0,-51.0,2016,9.8215
-7.25,-60.0,2016,5.4885
-4.0,-49.0,2016,5.8417
-2.0,-47.75,2016,1.2972
-4.25,-53.75,2016,4.5131
-4.0,-54.75,2016,3.9426
-2.25,-50.5,2016,1.052
-3.25,-65.0,2016,0.9217
-3.0,-52.5,2016,2.143
-9.25,-63.5,2016,12.2713
-9.25,-66.5,2016,7.3743
-8.25,-70.25,2016,5.0096
-3.75,-57.25,2016,1.6926
-4.0,-57.0,2016,0.5
-10.25,-58.0,2016,13.7011
-8.5,-64.25,2016,1.2712
-4.25,-46.75,2016,3.3571
-12.5,-54.5,2016,4.6933
-8.75,-68.75,2016,3.3089
-2.0,-53.5,2016,0.7125
-1.0,-47.25,2016,0.7756
-0.75,-58.0,2016,0.3819
-9.0,-72.5,2016,0.2849
-9.5,-66.5,2016,9.5939
-2.5,-54.25,2016,1.9122
-4.0,-50.5,2016,5.1158
-9.5,-61.75,2016,2.1568
-11.75,-62.0,2016,0.4395
-2.5,-49.25,2016,3.9707
-2.5,-51.75,2016,1.1337
1.25,-60.75,2016,3.968
-3.0,-44.0,2016,0.3757
-5.0,-57.5,2016,2.2479
-9.5,-56.5,2016,1.9181
-10.0,-50.5,2016,8.3615
-4.5,-55.75,2016,5.0293
-9.75,-57.5,2016,2.5653
-7.5,-64.75,2016,0.3614
-8.5,-70.0,2016,3.5965
-9.75,-51.5,2016,1.1949
0.75,-59.75,2016,3.8134
-2.5,-66.0,2016,1.1603
-10.25,-63.75,2016,5.2834
-5.25,-46.25,2016,0.9933
-6.0,-46.25,2016,0.3276
-4.0,-55.25,2016,1.7236
2.75,-63.25,2016,0.2055
-11.75,-58.75,2016,8.351
-9.25,-60.75,2016,4.0599
-3.25,-54.75,2016,4.5701
-3.0,-52.25,2016,1.1395
-9.25,-72.75,2016,0.1291
-1.25,-53.5,2016,11.9534
-13.5,-60.75,2016,7.5783
-1.5,-47.25,2016,1.6896
-9.0,-50.0,2016,0.778
-11.0,-57.0,2016,2.145
-10.0,-54.0,2016,8.327
-6.75,-56.25,2016,1.6824
-8.75,-54.75,2016,4.2792
-5.5,-47.75,2016,1.1655
-5.5,-51.25,2016,10.4289
-5.25,-45.25,2016,1.2671
-5.0,-44.25,2016,8.4016
-9.25,-63.25,2016,9.3543
-4.5,-45.75,2016,1.9554
-12.25,-60.5,2016,1.2289
-8.75,-66.75,2016,30.1453
2.0,-61.5,2016,1.3975
-13.25,-53.25,2016,1.3336
-10.5,-68.5,2016,6.1251
-9.5,-50.75,2016,0.2474
-8.25,-70.75,2016,0.663
-10.5,-68.0,2016,5.6148
-4.75,-48.25,2016,2.0864
-7.0,-48.25,2016,2.2147
-3.75,-62.75,2016,0.1807
-6.25,-56.0,2016,3.0296
-10.0,-67.5,2016,2.1786
-4.0,-57.25,2016,0.4238
-8.0,-70.25,2016,4.2983
-12.75,-55.0,2016,0.7639
2.25,-60.5,2016,2.9091
-9.75,-67.0,2016,6.3471
-4.25,-65.25,2016,0.3857
-3.0,-48.0,2016,3.304
-4.5,-48.5,2016,3.3401
-9.25,-62.75,2016,4.5766
-4.25,-56.25,2016,4.0882
-10.5,-68.75,2016,4.307
-1.5,-52.75,2016,0.6933
-3.75,-66.25,2016,0.0871
-1.25,-53.75,2016,16.0452
-9.75,-69.0,2016,2.5925
-9.5,-63.75,2016,11.0907
-8.25,-51.0,2016,1.3705
-4.5,-55.5,2016,2.6483
-9.25,-59.0,2016,15.3405
-9.0,-50.75,2016,8.4384
-6.25,-52.5,2016,30.3338
-3.75,-64.5,2016,0.774
-9.25,-61.5,2016,4.1916
-15.25,-59.25,2016,0.488
-3.5,-52.0,2016,10.0287
-6.0,-49.0,2016,1.9844
-12.5,-62.25,2016,0.4871
-7.5,-55.5,2016,13.1193
-9.0,-69.25,2016,5.362
-9.5,-57.75,2016,7.7995
1.0,-68.5,2016,0.0948
-7.0,-51.75,2016,1.5392
-3.0,-68.0,2016,0.5011
-4.0,-52.0,2016,1.1738
0.75,-52.0,2016,0.2571
-9.0,-63.5,2016,12.3647
3.0,-61.5,2016,1.4017
-10.5,-64.25,2016,19.3824
-8.25,-55.25,2016,13.2505
-4.5,-56.25,2016,2.1515
-5.0,-46.25,2016,1.4497
-10.5,-63.75,2016,7.259
2.5,-61.5,2016,9.3473
-10.0,-58.25,2016,16.5796
-5.75,-46.0,2016,1.0089
-3.75,-56.25,2016,0.25
-6.0,-57.75,2016,5.2711
-7.5,-57.0,2016,0.7013
2.75,-51.25,2016,0.1626
-8.0,-71.0,2016,1.8367
-8.0,-51.0,2016,1.2129
-7.25,-55.25,2016,3.2802
-3.25,-46.0,2016,0.6365
-3.25,-45.25,2016,0.5488
-10.25,-68.0,2016,6.5988
-5.75,-51.25,2016,3.5191
-6.0,-54.0,2016,1.6937
-6.0,-53.5,2016,17.9232
-3.75,-54.75,2016,4.6882
-4.0,-50.0,2016,5.6126
-11.5,-51.5,2016,1.0989
-1.75,-52.0,2016,4.2878
-10.25,-58.75,2016,6.3046
-11.0,-69.75,2016,0.469
0.75,-60.5,2016,8.831
-6.0,-51.5,2016,2.8385
-10.25,-68.25,2016,1.2648
-9.0,-69.0,2016,5.9192
-4.25,-60.0,2016,0.5183
1.75,-51.0,2016,0.2104
-9.5,-64.0,2016,13.9597
-4.0,-48.75,2016,2.5787
-3.5,-49.25,2016,4.155
-1.75,-48.0,2016,0.8322
-8.75,-66.5,2016,15.1219
-4.25,-53.5,2016,1.4531
-6.0,-52.0,2016,1.933
-3.25,-44.25,2016,2.2929
-12.75,-62.0,2016,5.2752
-2.75,-59.5,2016,1.5269
2.5,-64.0,2016,0.9946
-5.75,-44.0,2016,3.9026
-2.25,-47.0,2016,0.6962
-5.5,-56.5,2016,0.3358
-5.75,-63.25,2016,1.2583
-7.0,-63.0,2016,10.4991
-14.5,-57.5,2016,1.5055
-7.0,-49.25,2016,0.7518
-3.25,-59.25,2016,0.868
-2.0,-48.5,2016,1.1626
-3.25,-51.25,2016,16.597
-3.75,-50.0,2016,9.3206
-10.75,-55.0,2016,1.6791
-7.25,-59.75,2016,12.3611
2.25,-61.25,2016,4.4093
-9.75,-55.0,2016,1.684
-5.75,-46.75,2016,0.8128
-1.75,-54.0,2016,5.4564
-3.75,-54.0,2016,2.1547
-4.25,-50.0,2016,1.1878
-9.25,-64.25,2016,1.9032
-15.75,-55.0,2016,0.1141
-9.5,-62.0,2016,3.1305
-4.0,-49.25,2016,2.8692
-5.5,-46.75,2016,0.9319
-8.75,-55.25,2016,0.6023
-4.25,-47.25,2016,2.0775
-13.25,-60.5,2016,0.8323
-8.75,-72.75,2016,0.222
-9.5,-59.5,2016,9.312
-1.0,-53.0,2016,1.0733
-9.75,-66.25,2016,4.6207
-6.25,-50.0,2016,1.1282
-12.75,-57.25,2016,0.1762
-6.0,-44.75,2016,0.8179
-4.0,-54.5,2016,8.7687
-11.75,-59.0,2016,3.7553
-10.0,-67.0,2016,10.0263
-6.75,-52.0,2016,3.0001
-5.0,-60.25,2016,0.5449
-12.0,-62.5,2016,0.3243
-3.75,-54.25,2016,7.0941
-2.5,-46.25,2016,2.1116
-11.0,-69.25,2016,2.8399
-12.0,-61.0,2016,1.5699
-2.5,-56.25,2016,1.2699
-6.5,-51.0,2016,1.4548
-3.75,-49.75,2016,0.8522
-2.0,-46.5,2016,3.2808
-4.75,-47.75,2016,3.7392
-10.0,-66.75,2016,5.5987
-1.75,-53.25,2016,0.7058
-3.0,-65.25,2016,1.4648
-5.25,-45.0,2016,4.1154
-2.5,-46.5,2016,1.7934
-9.5,-62.5,2016,11.4663
-10.25,-65.25,2016,3.0023
-6.5,-55.5,2016,9.1719
-10.75,-61.5,2016,1.8362
-11.75,-51.25,2016,0.2378
-10.0,-51.25,2016,1.1205
-5.75,-57.5,2016,1.3418
-2.5,-49.0,2016,3.9259
-8.5,-64.0,2016,3.8569
3.5,-61.75,2016,1.5468
-10.5,-63.25,2016,4.816
-11.25,-58.5,2016,1.934
-7.0,-52.25,2016,5.7949
-1.5,-58.0,2016,0.3017
-8.5,-63.25,2016,9.7563
-4.0,-69.25,2016,0.2861
-10.0,-59.5,2016,0.8806
-11.25,-61.5,2016,0.3009
-6.75,-55.75,2016,21.8376
-9.75,-50.5,2016,0.6128
-12.5,-61.0,2016,0.7238
-3.25,-65.25,2016,1.1429
-8.25,-63.0,2016,1.3595
-8.25,-70.5,2016,2.1501
-4.25,-49.0,2016,2.0587
-8.25,-54.75,2016,7.0645
-3.75,-44.75,2016,0.0885
-2.25,-51.25,2016,1.8728
-2.25,-53.5,2016,1.5419
-9.0,-72.75,2016,1.3512
-3.0,-49.0,2016,1.7636
-3.5,-51.0,2016,5.3447
-9.75,-65.5,2016,1.2245
-5.0,-56.25,2016,5.1762
-1.25,-54.0,2016,3.8314
-6.5,-58.75,2016,7.5915
-1.75,-46.25,2016,0.4897
-5.75,-48.75,2016,2.2595
-10.75,-57.75,2016,3.0495
2.5,-60.25,2016,2.4497
-10.0,-60.25,2016,8.9679
-10.25,-57.75,2016,7.9689
-10.25,-59.0,2016,4.4021
-7.0,-59.75,2016,19.7302
-12.5,-61.75,2016,1.5961
-7.5,-50.75,2016,0.6684
-7.75,-72.5,2016,1.8947
-7.5,-59.75,2016,3.6267
-14.0,-60.25,2016,4.2904
-8.5,-51.0,2016,2.065
-7.25,-50.5,2016,8.5463
-12.75,-54.75,2016,4.5387
-3.0,-54.75,2016,1.3023
-3.25,-51.0,2016,10.6629
-11.5,-52.25,2016,0.4416
-6.75,-49.75,2016,1.2262
-10.0,-55.5,2016,8.1945
-6.75,-55.25,2016,6.2285
-10.25,-62.75,2016,1.5836
-1.75,-47.5,2016,1.3936
-8.0,-55.0,2016,6.848
-2.75,-51.5,2016,1.9871
-5.75,-44.25,2016,3.6813
-12.0,-60.5,2016,1.4682
-2.5,-51.0,2016,0.7001
-2.0,-57.0,2016,0.4667
-9.5,-60.25,2016,8.9794
-3.0,-49.75,2016,0.5425
-1.25,-55.75,2016,1.6844
-1.0,-52.0,2016,0.4912
-8.5,-54.75,2016,8.8488
-3.75,-64.75,2016,0.4395
-3.75,-51.0,2016,4.4544
-11.75,-56.75,2016,2.1429
-3.25,-44.0,2016,0.9304
-11.0,-55.5,2016,8.4805
-10.25,-69.0,2016,1.6758
-10.5,-62.0,2016,0.6162
-9.75,-68.0,2016,1.5567
-3.75,-55.75,2016,1.8448
-6.0,-49.25,2016,3.5612
-9.0,-54.5,2016,2.4241
2.25,-60.25,2016,4.8059
-9.0,-57.0,2016,0.3023
-4.0,-46.75,2016,1.8446
-5.5,-50.25,2016,3.4137
-1.75,-56.5,2016,3.4604
-9.75,-62.25,2016,7.0075
-9.75,-62.0,2016,8.0362
-3.0,-54.25,2016,1.77
-8.25,-72.75,2016,2.6614
-8.0,-63.5,2016,2.6207
-10.25,-63.0,2016,2.8401
-5.5,-45.0,2016,3.3038
-2.5,-44.25,2016,0.2962
-11.25,-51.5,2016,0.2525
-5.0,-45.25,2016,0.3029
-3.5,-61.25,2016,0.269
-9.0,-61.75,2016,10.2911
-7.25,-55.0,2016,5.0449
-6.25,-55.75,2016,3.5529
-11.25,-55.0,2016,1.6855
-11.5,-57.0,2016,0.7813
-12.25,-56.5,2016,1.4429
-4.0,-52.25,2016,2.4682
-9.75,-56.25,2016,2.6484
-6.25,-53.0,2016,28.7572
-6.75,-52.5,2016,3.087
-9.0,-59.0,2016,10.5047
-9.0,-50.25,2016,2.2182
-2.25,-64.75,2016,0.116
-4.75,-48.5,2016,2.0238
-1.75,-55.75,2016,1.6094
-9.75,-65.25,2016,4.9528
-1.5,-55.75,2016,2.0951
-5.5,-54.0,2016,0.4646
-1.5,-55.25,2016,1.6087
-9.25,-60.25,2016,10.2438
-5.25,-46.0,2016,2.1788
-9.25,-67.25,2016,7.771
-5.0,-45.75,2016,2.8274
-469128.0,469075.0,2016,0.0001
-4.75,-55.75,2016,4.1186
-1.5,-56.0,2016,1.6963
-5.25,-56.75,2016,0.8242
-1.5,-55.0,2016,2.3713
-11.0,-59.25,2016,1.7054
-3.5,-59.25,2016,1.4444
-9.5,-68.5,2016,3.2064
-6.25,-47.25,2016,0.8197
-8.5,-55.25,2016,4.9855
-6.5,-53.0,2016,15.0917
-5.75,-56.75,2016,1.2616
-4.0,-51.25,2016,1.9064
-6.5,-53.25,2016,15.9183
-9.25,-56.75,2016,7.6602
-8.0,-55.5,2016,5.9884
-9.25,-57.0,2016,2.5443
-13.0,-51.5,2016,0.2602
-3.5,-49.75,2016,1.7783
-9.25,-67.75,2016,4.7718
-12.25,-56.75,2016,1.1149
-9.75,-49.75,2016,6.4682
-11.0,-61.5,2016,0.7803
-5.5,-49.5,2016,5.5208
-3.75,-49.0,2016,3.0985
-9.5,-72.75,2016,0.1125
2.0,-60.5,2016,2.5086
-1.75,-55.0,2016,6.4265
-3.0,-59.0,2016,1.5937
-5.5,-44.75,2016,1.2925
-8.75,-71.5,2016,0.2356
-9.0,-65.25,2016,3.6026
-3.75,-58.5,2016,0.9448
-9.75,-52.25,2016,2.3121
-8.25,-72.0,2016,0.5153
-6.25,-55.5,2016,13.9772
-12.25,-64.5,2016,2.7556
-3.25,-52.75,2016,0.3472
-9.0,-56.75,2016,2.846
-3.0,-59.25,2016,2.0534
-6.0,-56.5,2016,2.2929
-8.75,-50.25,2016,1.4787
-7.25,-56.5,2016,1.0619
-11.25,-55.25,2016,3.3651
-9.5,-54.0,2016,0.3027
2.5,-60.5,2016,3.7578
-2.0,-59.75,2016,0.1954
-5.75,-51.5,2016,4.7153
-3.25,-49.5,2016,4.3712
-9.75,-54.75,2016,2.3415
-9.75,-53.75,2016,0.9096
-6.5,-55.0,2016,12.52
-14.5,-59.75,2016,2.7838
-1.0,-48.0,2016,2.2162
-11.5,-55.0,2016,4.0337
-3.25,-47.75,2016,1.1273
-2.75,-66.25,2016,0.2081
-10.25,-55.0,2016,0.7781
-3.75,-44.5,2016,1.3871
-9.0,-61.5,2016,12.0959
-2.25,-49.0,2016,0.516
-5.75,-53.5,2016,14.3155
-9.75,-59.75,2016,2.3098
-3.5,-53.25,2016,1.3207
-4.5,-54.75,2016,1.0515
-9.5,-57.0,2016,8.1755
-14.75,-60.0,2016,3.9184
-11.75,-54.75,2016,9.5394
-9.75,-57.75,2016,7.58
0.0,-51.75,2016,0.0776
-5.25,-51.0,2016,3.8251
-12.5,-57.5,2016,2.7538
1.0,-52.5,2016,0.1355
-0.75,-52.25,2016,0.3968
-12.5,-54.25,2016,5.1131
-7.75,-61.75,2016,16.0498
-4.75,-46.75,2016,6.5246
-8.75,-69.75,2016,3.2228
-12.5,-64.25,2016,0.8169
-7.75,-61.25,2016,38.1068
-2.25,-52.0,2016,3.5334
-2.5,-52.0,2016,0.5905
-1.25,-47.25,2016,0.6101
-10.0,-62.25,2016,2.6691
3.75,-51.75,2016,0.4353
-1.0,-54.0,2016,1.8325
-9.75,-65.0,2016,9.033
-5.25,-48.75,2016,1.887
-8.5,-63.5,2016,7.1703
-11.5,-61.0,2016,0.8115
-12.75,-60.5,2016,2.3795
-8.0,-49.25,2016,1.7659
-7.0,-59.0,2016,7.4146
1.0,-51.5,2016,0.0691
-7.75,-56.75,2016,1.6325
-12.0,-60.75,2016,2.8802
-4.5,-51.0,2016,11.9318
-4.25,-67.25,2016,0.0639
-3.25,-51.75,2016,2.6674
-9.5,-66.75,2016,8.0324
-3.75,-62.0,2016,0.8411
-14.5,-60.0,2016,6.7804
-9.25,-59.5,2016,11.3708
-9.25,-59.25,2016,4.0409
-11.25,-57.75,2016,0.274
-9.25,-61.0,2016,7.4598
-4.75,-59.0,2016,0.0745
-4.25,-63.75,2016,0.3201
-12.0,-54.75,2016,2.2569
-7.75,-49.5,2016,0.9069
-3.25,-52.5,2016,0.7056
-7.25,-57.25,2016,1.5019
-2.75,-51.0,2016,0.1664
-13.25,-53.75,2016,7.1582
-10.0,-62.75,2016,1.8278
-3.0,-52.0,2016,1.4804
-4.25,-70.0,2016,0.4179
-9.0,-66.25,2016,0.151
-2.0,-50.75,2016,0.4045
-12.25,-56.25,2016,0.3388
-3.0,-49.5,2016,3.2481
-10.5,-53.5,2016,0.8804
-6.75,-58.75,2016,6.531
-4.25,-49.5,2016,0.6584
-8.5,-67.25,2016,2.7194
0.5,-60.0,2016,1.0512
-10.25,-51.0,2016,2.8831
-5.5,-44.0,2016,6.5059
-2.0,-60.0,2016,1.4585
-5.75,-47.75,2016,0.5909
-10.25,-59.5,2016,2.6539
-8.75,-70.75,2016,2.8219
-9.5,-59.75,2016,31.8668
3.0,-61.25,2016,0.6221
-10.25,-52.75,2016,4.6824
-1.5,-54.0,2016,0.9198
-6.5,-52.75,2016,10.0844
-10.0,-57.75,2016,3.8617
-11.0,-68.25,2016,0.3499
-1.75,-54.5,2016,1.1845
0.25,-60.5,2016,0.7761
-7.0,-55.5,2016,1.2232
-11.5,-55.25,2016,3.0572
-2.25,-51.0,2016,2.158
-0.5,-52.0,2016,0.1998
-1.75,-48.75,2016,0.3225
-11.25,-59.25,2016,3.2306
-9.0,-70.0,2016,0.6678
-6.25,-57.75,2016,1.7871
-3.5,-54.75,2016,3.9253
-6.75,-63.0,2016,1.2012
-11.75,-54.25,2016,4.7686
-14.25,-60.0,2016,8.5951
-6.5,-51.25,2016,1.0373
1.75,-60.5,2016,2.4411
-8.0,-55.25,2016,7.9207
-13.5,-51.0,2016,0.9077
-11.5,-62.0,2016,4.0406
-6.75,-50.5,2016,1.2802
-11.75,-61.5,2016,0.4353
-10.25,-62.0,2016,10.9273
-7.0,-50.5,2016,1.0733
-3.25,-58.0,2016,0.1451
-9.0,-62.25,2016,9.9534
-10.75,-69.25,2016,3.2097
-1.5,-47.5,2016,0.5563
-1.0,-52.5,2016,0.3455
-10.5,-62.25,2016,0.4836
-3.25,-49.25,2016,1.5993
-10.75,-59.25,2016,1.8523
-2.5,-64.75,2016,0.8354
-10.5,-54.5,2016,4.4897
-4.25,-60.75,2016,0.2308
3.75,-62.0,2016,0.6396
-3.5,-45.0,2016,1.5508
-2.25,-46.25,2016,0.817
-3.75,-51.75,2016,18.1457
-6.75,-63.25,2016,0.8784
-7.5,-73.25,2016,0.6134
-3.0,-57.5,2016,0.4878
-11.0,-62.75,2016,1.8233
-11.0,-55.75,2016,4.3658
-9.5,-55.25,2016,0.3782
-2.75,-50.5,2016,0.8918
-7.75,-51.0,2016,0.3228
-8.5,-67.0,2016,2.3197
3.25,-61.25,2016,0.5407
-3.0,-65.0,2016,0.6955
-13.25,-54.25,2016,4.6534
-7.25,-55.5,2016,5.6515
-2.0,-54.5,2016,1.6597
-12.0,-63.25,2016,3.7402
-17.0,-56.5,2016,1.5791
-6.5,-58.5,2016,17.6824
-5.75,-49.5,2016,1.9095
-9.0,-66.75,2016,6.6198
-5.75,-56.25,2016,0.3879
-9.75,-58.0,2016,4.6748
-9.25,-68.25,2016,13.5744
-7.0,-56.5,2016,1.5873
-8.5,-49.5,2016,2.3699
-2.0,-54.25,2016,2.0631
-13.5,-60.0,2016,1.3823
-10.0,-69.0,2016,3.7445
-2.75,-59.25,2016,1.0835
2.0,-60.75,2016,1.7285
-4.75,-51.0,2016,4.5382
-7.5,-72.75,2016,0.5837
-10.25,-58.5,2016,2.1185
-13.25,-57.5,2016,0.1027
-10.5,-59.5,2016,1.0742
-9.5,-54.75,2016,3.4622
-6.25,-51.25,2016,1.8616
-8.0,-49.5,2016,0.7869
1.0,-52.25,2016,0.3794
-1.0,-53.75,2016,2.5426
-12.5,-56.25,2016,4.0525
1.0,-51.25,2016,0.3089
-5.0,-48.5,2016,1.3326
-5.75,-60.75,2016,0.1667
-12.25,-61.75,2016,1.1493
-7.25,-72.75,2016,2.2378
-5.25,-60.0,2016,4.3104
-2.75,-48.5,2016,3.1303
-10.75,-54.0,2016,0.9737
-2.0,-54.0,2016,0.1893
-5.5,-60.25,2016,0.3435
-5.75,-49.25,2016,1.5011
-15.0,-59.0,2016,0.0915
-3.5,-64.75,2016,2.647
-10.75,-63.75,2016,0.7614
-6.5,-60.0,2016,18.5646
-7.5,-63.5,2016,0.435
-10.75,-62.75,2016,0.9777
-10.5,-52.0,2016,3.1348
-7.25,-72.5,2016,1.6251
-5.0,-47.75,2016,1.5443
-3.5,-52.75,2016,0.9233
-6.5,-55.25,2016,5.4231
-5.25,-49.25,2016,1.186
-1.25,-69.5,2016,0.1566
-5.5,-54.5,2016,0.1838
-2.25,-46.75,2016,2.7105
-11.25,-55.75,2016,0.4153
-4.75,-48.0,2016,0.5195
-7.75,-70.5,2016,0.3101
-1.5,-60.25,2016,1.2964
-9.75,-65.75,2016,1.1421
-12.25,-61.5,2016,2.0412
-10.0,-57.25,2016,2.8919
1.5,-51.0,2016,0.3526
3.0,-63.75,2016,0.3549
-6.0,-48.25,2016,1.9771
-6.0,-46.0,2016,1.4546
-12.75,-51.5,2016,0.7474
-10.5,-51.25,2016,2.2367
-8.0,-72.5,2016,1.6497
-8.5,-50.0,2016,0.3944
-4.5,-46.75,2016,1.3496
-2.25,-48.5,2016,2.2247
-12.0,-64.25,2016,1.0004
-8.25,-62.75,2016,3.8567
1.0,-59.75,2016,4.6122
-7.5,-55.0,2016,3.5106
-8.5,-61.25,2016,0.2694
-11.75,-52.5,2016,2.4368
-3.75,-53.25,2016,0.7849
-6.0,-57.5,2016,1.224
-2.75,-44.0,2016,0.0768
-9.75,-60.75,2016,2.9537
-4.5,-55.0,2016,5.5996
3.0,-60.0,2016,0.3633
-11.25,-62.25,2016,0.6771
-16.5,-55.0,2016,1.1734
-13.0,-60.25,2016,3.2834
-3.5,-69.25,2016,0.1827
-1.0,-48.25,2016,0.0952
-6.5,-47.75,2016,0.4215
-8.75,-51.75,2016,0.5943
-10.5,-57.75,2016,1.6488
-3.25,-54.5,2016,1.3708
-8.75,-55.0,2016,0.7997
-10.75,-57.5,2016,11.6777
-9.0,-49.25,2016,2.3724
-3.0,-61.0,2016,0.99
-13.25,-61.0,2016,5.4481
-10.5,-50.75,2016,3.9718
-8.0,-63.75,2016,0.5854
-8.25,-50.75,2016,1.6322
-2.5,-55.75,2016,0.2928
-6.75,-59.0,2016,12.7805
-3.5,-61.0,2016,0.4578
-10.0,-59.75,2016,3.4398
-6.25,-51.0,2016,0.3932
-12.5,-60.5,2016,2.8768
-7.5,-56.25,2016,0.6601
-5.0,-44.5,2016,2.102
-3.0,-57.25,2016,0.3313
-8.0,-71.5,2016,0.7628
-7.25,-59.25,2016,1.2571
-12.0,-58.0,2016,2.3806
-8.25,-63.75,2016,0.1579
-9.25,-49.25,2016,2.342
-4.5,-47.25,2016,0.3864
-12.25,-55.25,2016,0.2054
-8.5,-71.0,2016,0.605
-5.25,-44.25,2016,4.8735
-11.75,-61.0,2016,0.9906
-9.0,-49.75,2016,0.879
-9.5,-52.0,2016,1.8524
-2.75,-48.75,2016,1.494
-1.5,-55.5,2016,1.0785
-3.5,-59.0,2016,1.2982
-12.25,-61.25,2016,2.4676
-7.75,-50.75,2016,0.2681
-1.5,-48.75,2016,0.3931
-11.75,-52.25,2016,4.6666
-10.5,-58.0,2016,10.8603
-5.0,-46.0,2016,2.0083
-3.75,-46.0,2016,0.3076
-3.5,-66.25,2016,0.2843
-8.25,-55.5,2016,14.2323
-0.75,-47.25,2016,1.2145
2.25,-56.0,2016,0.0719
2.75,-60.0,2016,0.3453
-2.75,-56.5,2016,0.5974
-11.5,-58.75,2016,1.2887
-5.75,-45.25,2016,7.7923
-12.25,-60.0,2016,0.978
-3.0,-49.25,2016,3.9245
3.75,-61.75,2016,2.1623
-5.25,-49.0,2016,1.0704
-2.25,-56.0,2016,0.6148
2.5,-51.25,2016,0.2757
-7.75,-72.25,2016,2.0365
-2.75,-52.5,2016,0.5452
-5.75,-51.0,2016,2.1795
-6.0,-60.0,2016,31.3635
-10.0,-60.0,2016,10.3077
-2.5,-47.5,2016,0.1707
-3.75,-59.25,2016,0.8378
-9.25,-50.25,2016,1.4141
-8.75,-67.5,2016,2.0806
-6.75,-51.0,2016,2.1884
-6.5,-64.25,2016,0.4821
-7.5,-55.25,2016,3.2266
-9.5,-68.0,2016,2.4185
-11.0,-56.0,2016,0.8585
-2.25,-47.75,2016,0.5534
-1.5,-53.75,2016,3.3121
-10.5,-58.75,2016,2.5511
-9.5,-62.25,2016,4.8034
-5.5,-48.5,2016,3.3244
1.5,-64.0,2016,0.0944
-16.5,-57.5,2016,0.1023
-12.5,-61.5,2016,1.7067
-3.75,-50.75,2016,1.3631
-13.75,-59.75,2016,5.4908
-7.0,-57.0,2016,0.8827
2.75,-60.5,2016,1.1232
-8.75,-63.25,2016,21.7004
-3.75,-49.5,2016,1.1744
-4.25,-63.0,2016,0.6015
-3.0,-52.75,2016,1.0047
-11.0,-68.5,2016,2.053
2.75,-60.25,2016,0.837
-1.25,-47.75,2016,0.6539
-9.5,-64.75,2016,6.2366
-7.5,-73.0,2016,1.2598
-2.0,-46.75,2016,0.4608
-13.0,-52.25,2016,0.2569
-3.75,-47.75,2016,0.9451
-5.0,-57.25,2016,0.2794
-6.0,-51.75,2016,2.8714
-11.0,-62.5,2016,0.826
-0.25,-67.0,2016,0.4718
-8.5,-51.25,2016,0.3561
-5.0,-44.75,2016,0.8275
-5.5,-44.5,2016,0.6464
-2.5,-58.0,2016,0.4624
2.75,-61.25,2016,1.1843
-10.0,-50.75,2016,1.5124
-3.0,-56.0,2016,0.0678
-9.25,-51.75,2016,14.5312
-6.25,-47.0,2016,0.2179
-11.75,-51.75,2016,0.1565
-11.25,-54.25,2016,9.3292
-12.25,-51.25,2016,2.765
1.75,-61.0,2016,1.7022
-9.75,-63.0,2016,3.1499
-12.25,-57.0,2016,0.9248
-8.75,-70.0,2016,0.3735
-5.25,-49.75,2016,3.23
-7.0,-52.75,2016,5.4313
-12.75,-62.25,2016,5.3642
-6.5,-48.5,2016,1.1966
-14.25,-57.25,2016,0.2424
-3.5,-46.75,2016,0.0624
-15.25,-57.25,2016,0.1837
-3.5,-59.75,2016,0.7447
-12.25,-59.75,2016,0.4001
-11.75,-56.0,2016,0.0664
-12.0,-56.0,2016,3.2925
2.5,-61.25,2016,0.9235
-4.25,-59.5,2016,0.0765
-2.5,-47.25,2016,0.9966
-9.75,-57.0,2016,6.6823
-2.5,-54.0,2016,1.031
-11.75,-62.75,2016,1.4933
-3.25,-44.5,2016,0.3563
-4.0,-55.5,2016,1.9444
-5.75,-50.25,2016,1.7928
-11.25,-56.25,2016,1.424
-3.25,-45.5,2016,1.2001
-9.25,-58.5,2016,0.7854
-9.25,-48.0,2016,0.1927
-13.25,-55.0,2016,4.8279
-12.0,-55.5,2016,0.7776
-15.25,-52.0,2016,0.1867
-10.25,-53.75,2016,4.3042
-3.0,-53.75,2016,0.6144
-10.75,-54.75,2016,2.5426
-11.25,-58.25,2016,0.5017
-5.25,-57.25,2016,0.1205
-9.25,-67.0,2016,28.9468
0.25,-60.75,2016,0.1611
-10.5,-52.25,2016,0.9009
-2.0,-60.25,2016,0.1085
-2.25,-45.5,2016,1.497
3.0,-60.25,2016,0.242
3.0,-60.5,2016,0.4184
-3.25,-53.25,2016,0.8575
-10.5,-56.5,2016,2.3903
-3.0,-47.75,2016,3.5295
-13.5,-53.75,2016,37.9715
-1.0,-48.5,2016,0.2958
-4.25,-49.25,2016,0.7791
-13.5,-55.75,2016,0.7468
-6.5,-56.0,2016,1.6798
-10.0,-64.5,2016,6.7676
-6.0,-49.75,2016,0.3142
-5.25,-46.75,2016,0.4913
-6.25,-53.25,2016,28.2272
-8.25,-73.0,2016,1.0034
-11.0,-54.75,2016,6.4447
-7.75,-67.0,2016,2.711
-15.75,-57.25,2016,0.4026
-12.25,-61.0,2016,0.4378
-3.25,-53.5,2016,0.794
-8.75,-48.75,2016,0.7806
-6.0,-52.5,2016,3.046
-14.0,-60.5,2016,0.9081
-3.5,-53.5,2016,1.2434
-6.25,-54.0,2016,2.8015
-12.75,-60.0,2016,1.2672
-8.5,-67.5,2016,0.7284
-10.75,-61.75,2016,1.1235
-9.5,-57.5,2016,3.8266
-12.25,-51.0,2016,0.9789
-0.5,-51.75,2016,0.6758
-10.5,-59.0,2016,3.4747
-8.0,-72.75,2016,0.2552
-9.5,-54.5,2016,1.9727
-4.5,-50.25,2016,2.0095
4.25,-61.5,2016,0.2359
-12.0,-51.5,2016,2.8927
-10.5,-65.25,2016,0.6706
-6.75,-50.0,2016,1.8112
-6.0,-56.25,2016,1.603
-6.75,-48.25,2016,0.1784
-2.5,-48.75,2016,0.0824
-10.5,-54.25,2016,6.9541
-7.75,-55.0,2016,1.9458
-6.25,-47.5,2016,0.073
-6.25,-49.5,2016,1.5986
-1.75,-56.0,2016,0.7535
-4.25,-51.0,2016,8.2113
-2.25,-48.25,2016,0.7527
-5.75,-47.0,2016,0.394
-9.0,-64.5,2016,4.6142
-6.25,-49.25,2016,3.2606
-9.5,-57.25,2016,1.9448
1.0,-60.75,2016,1.7337
-12.25,-53.5,2016,0.6844
-11.25,-60.75,2016,1.1
-9.0,-64.25,2016,1.6541
-9.25,-64.5,2016,1.7897
-1.5,-54.5,2016,0.6136
-10.75,-55.25,2016,1.6674
-8.25,-49.25,2016,0.3946
1.75,-60.25,2016,3.0815
-11.25,-56.75,2016,0.2006
-15.5,-57.5,2016,0.5323
-1.75,-48.25,2016,0.6789
-6.75,-59.5,2016,0.2624
-6.25,-54.5,2016,0.1033
-11.25,-65.0,2016,0.066
-9.25,-49.75,2016,2.6808
-4.75,-49.0,2016,0.3109
-9.25,-51.5,2016,7.0269
-9.5,-66.25,2016,8.5173
-3.5,-58.5,2016,1.0142
-13.75,-59.25,2016,0.9419
-15.25,-60.0,2016,0.6171
0.25,-66.75,2016,0.0673
-8.0,-64.0,2016,4.5259
-10.25,-57.5,2016,1.1483
0.5,-59.75,2016,1.245
-9.0,-68.25,2016,0.3075
-3.75,-44.25,2016,0.4781
-9.25,-65.25,2016,15.5432
-5.25,-72.75,2016,0.0718
-10.0,-54.75,2016,0.9439
-6.5,-68.25,2016,0.3127
-8.75,-71.75,2016,0.1609
-2.75,-49.25,2016,1.2759
-12.0,-58.75,2016,1.4247
-8.75,-49.25,2016,0.5853
-6.75,-55.5,2016,7.6682
-2.75,-49.0,2016,1.808
-3.75,-50.5,2016,4.4814
-9.75,-55.75,2016,1.8008
-10.25,-56.0,2016,4.236
-12.5,-62.0,2016,4.0956
-6.5,-56.5,2016,1.7218
-11.5,-56.75,2016,1.4124
-3.0,-46.5,2016,0.3228
-15.5,-59.75,2016,0.5913
-4.5,-50.0,2016,0.5259
-10.25,-67.25,2016,2.8064
-13.5,-61.0,2016,1.6039
-16.0,-58.25,2016,0.6303
-4.0,-63.0,2016,0.2807
-2.0,-48.25,2016,0.584
-5.5,-55.75,2016,0.291
-9.0,-70.5,2016,0.6973
1.25,-60.5,2016,3.4812
-6.25,-52.25,2016,6.4769
-15.5,-58.0,2016,0.9432
-9.25,-51.25,2016,0.4874
-3.5,-47.25,2016,2.5244
-1.0,-52.25,2016,0.9053
-5.0,-49.25,2016,1.7793
-7.75,-54.75,2016,11.8957
-5.5,-47.0,2016,2.927
-2.0,-48.75,2016,0.6472
-0.75,-47.5,2016,0.7052
-4.0,-47.5,2016,2.1518
-7.0,-49.5,2016,0.1506
-6.75,-57.75,2016,0.1007
-13.25,-53.5,2016,3.2881
-2.0,-52.25,2016,1.9206
-2.5,-49.75,2016,0.2131
-3.0,-54.5,2016,1.9597
-5.75,-61.0,2016,0.364
-12.25,-54.25,2016,0.7232
-15.5,-57.25,2016,0.3308
-9.5,-50.25,2016,0.2486
-7.25,-70.0,2016,0.4745
-11.25,-59.0,2016,2.2829
-3.0,-44.25,2016,0.5199
-8.5,-48.75,2016,2.2528
-6.25,-57.25,2016,0.133
-9.25,-66.0,2016,1.679
-6.25,-47.75,2016,0.245
-5.5,-45.25,2016,2.097
-3.25,-53.75,2016,1.3782
-6.75,-59.75,2016,2.2069
-5.25,-56.25,2016,3.6094
-1.5,-48.5,2016,0.1544
-15.5,-59.0,2016,0.0737
-6.5,-48.25,2016,0.8508
-13.25,-54.0,2016,6.2464
-4.25,-56.5,2016,0.5707
-11.75,-57.25,2016,4.0561
-1.5,-48.25,2016,0.5769
-6.75,-70.25,2016,0.2437
-7.25,-49.75,2016,1.3799
-13.5,-56.75,2016,0.546
-2.0,-51.25,2016,0.9161
-4.25,-46.25,2016,0.4352
-5.75,-63.5,2016,0.0822
-8.75,-71.0,2016,2.0581
-4.0,-58.5,2016,0.1466
-5.75,-54.0,2016,0.2267
-12.25,-57.5,2016,0.5173
-10.25,-54.5,2016,1.456
-10.75,-64.75,2016,0.4725
-10.0,-55.0,2016,0.4657
-2.25,-56.75,2016,0.2029
-12.25,-63.5,2016,0.4932
-9.0,-61.0,2016,6.3781
-4.75,-47.25,2016,0.6253
-13.0,-60.75,2016,0.826
-5.0,-47.5,2016,0.5171
-10.0,-67.75,2016,2.2806
-5.0,-62.5,2016,0.4554
-4.0,-55.75,2016,1.4803
-9.0,-72.25,2016,0.395
-9.75,-66.0,2016,1.2475
2.25,-60.75,2016,1.5557
-13.0,-61.0,2016,0.4598
-7.5,-60.5,2016,2.9707
-5.5,-45.5,2016,1.1407
-9.75,-54.25,2016,1.2641
-7.25,-64.75,2016,1.352
-1.0,-50.0,2016,0.0706
-2.0,-45.5,2016,0.6768
-4.0,-51.5,2016,0.2774
-5.0,-48.25,2016,0.1018
-3.5,-49.5,2016,0.4553
-7.25,-69.75,2016,0.4289
-13.75,-51.0,2016,3.4557
-7.5,-50.5,2016,1.0773
-12.5,-60.25,2016,0.8777
-7.75,-70.75,2016,0.4136
-7.5,-49.5,2016,1.1743
-4.25,-46.0,2016,0.5217
-11.25,-62.0,2016,0.5469
-9.25,-70.75,2016,0.1462
-5.25,-47.25,2016,0.5203
-4.25,-44.0,2016,0.2143
-2.0,-50.0,2016,0.5453
-10.25,-67.5,2016,1.8962
-6.0,-45.0,2016,0.5452
-2.5,-50.25,2016,0.4964
-5.75,-58.0,2016,0.1005
-3.0,-48.25,2016,0.4184
-8.0,-73.0,2016,0.7475
-2.25,-50.0,2016,0.6
-8.75,-54.5,2016,3.6458
-4.0,-65.0,2016,0.4944
-1.75,-60.0,2016,0.5109
-7.5,-55.75,2016,3.7239
-7.0,-70.0,2016,0.2627
-12.5,-60.0,2016,0.6505
-14.75,-57.25,2016,0.5681
-3.25,-57.0,2016,0.4986
-1.0,-54.25,2016,0.8941
-12.0,-64.0,2016,3.2394
-3.5,-47.5,2016,3.6562
-5.5,-48.25,2016,0.9279
-2.25,-50.25,2016,0.8952
-5.75,-71.0,2016,0.0803
-6.25,-51.5,2016,1.7438
-4.75,-51.25,2016,0.1315
-10.0,-55.25,2016,0.8364
0.75,-50.75,2016,1.7024
-2.75,-58.25,2016,0.7818
-12.0,-54.25,2016,13.0496
-9.75,-62.75,2016,0.9452
-8.0,-66.75,2016,0.0875
-11.75,-62.5,2016,2.1918
-2.5,-59.5,2016,1.0068
-10.75,-63.0,2016,0.6448
-8.75,-53.5,2016,0.3423
-11.0,-65.0,2016,0.1593
-15.5,-57.75,2016,3.4481
-9.0,-60.5,2016,4.4906
-9.0,-51.25,2016,4.3987
-15.25,-57.75,2016,1.6652
-5.75,-50.5,2016,1.3706
-7.5,-49.25,2016,0.3179
-8.0,-67.25,2016,0.4229
-7.5,-50.0,2016,1.5809
-9.25,-54.5,2016,1.4878
-8.5,-72.75,2016,0.7334
-12.5,-52.25,2016,0.441
-10.25,-52.25,2016,7.1414
-9.25,-63.75,2016,2.5281
-7.0,-57.25,2016,0.2272
-6.0,-44.5,2016,0.9293
-9.5,-51.5,2016,0.5947
-5.5,-47.5,2016,0.0621
-3.25,-60.75,2016,0.7545
-9.75,-51.0,2016,0.0691
-6.75,-51.5,2016,0.4178
-9.75,-58.75,2016,0.1212
-7.25,-72.25,2016,0.2523
-13.25,-56.75,2016,4.4207
-8.5,-50.25,2016,1.1126
-1.75,-50.5,2016,1.0394
-9.5,-66.0,2016,1.3874
-4.75,-48.75,2016,3.4589
-7.25,-52.5,2016,2.105
-8.75,-62.25,2016,3.5689
-7.0,-52.0,2016,1.8445
-6.75,-50.75,2016,0.3221
-9.5,-58.0,2016,1.7228
-8.0,-71.25,2016,1.424
-10.25,-55.25,2016,1.2134
-12.5,-64.0,2016,5.8288
-9.5,-72.5,2016,0.0665
-8.5,-50.75,2016,0.7208
-10.5,-62.5,2016,0.2147
-5.75,-51.75,2016,1.775
-3.5,-44.5,2016,1.8738
-2.0,-50.5,2016,0.3419
-2.75,-55.75,2016,0.1173
-7.5,-72.0,2016,0.3074
-4.75,-49.5,2016,2.8073
2.75,-62.0,2016,0.3651
-3.0,-54.0,2016,0.5204
-2.25,-49.75,2016,0.7998
-2.75,-55.0,2016,0.5191
-12.25,-62.5,2016,0.0882
-3.5,-44.0,2016,0.5291
-8.75,-50.0,2016,1.7128
-10.5,-55.5,2016,0.9835
-6.5,-51.5,2016,0.7624
-3.0,-56.5,2016,0.231
-6.5,-55.75,2016,11.7646
-11.0,-49.75,2016,9.6872
-5.25,-48.25,2016,0.5055
-9.25,-71.75,2016,0.8799
-5.5,-57.25,2016,0.586
-7.75,-65.0,2016,0.1287
-2.25,-51.75,2016,0.3016
-11.75,-63.25,2016,1.1568
-0.25,-60.25,2016,0.0723
-2.75,-54.5,2016,0.827
3.75,-64.0,2016,0.0772
-10.75,-62.0,2016,0.0685
-11.5,-55.5,2016,0.9159
-13.25,-60.0,2016,1.8508
-1.5,-46.25,2016,0.7754
-12.25,-63.0,2016,8.9783
-2.25,-52.25,2016,0.449
-1.75,-57.25,2016,0.1
-9.25,-69.25,2016,0.3816
-15.0,-57.75,2016,0.5917
-1.25,-58.0,2016,0.0898
-10.5,-51.5,2016,0.0683
-1.75,-51.25,2016,0.1733
-8.5,-54.5,2016,11.0376
-15.25,-57.5,2016,0.4667
-6.5,-54.75,2016,0.5181
-6.0,-45.75,2016,1.6665
-12.5,-54.0,2016,0.6031
-1.0,-47.5,2016,0.2473
-8.5,-62.5,2016,0.404
-9.0,-62.75,2016,0.4838
-11.5,-57.25,2016,0.8277
-11.0,-54.0,2016,6.0065
-5.75,-48.25,2016,1.5484
-1.75,-51.0,2016,0.3786
-3.75,-56.75,2016,0.8416
-10.0,-58.75,2016,7.0881
-6.0,-56.75,2016,0.2173
-8.0,-72.25,2016,1.3631
-7.75,-71.75,2016,0.8073
-7.75,-55.25,2016,2.9983
-7.5,-62.75,2016,0.5332
-9.25,-57.5,2016,2.3101
-6.25,-62.75,2016,3.3805
-6.75,-55.0,2016,2.6329
-7.5,-48.75,2016,3.0374
-4.25,-69.5,2016,0.4672
-10.0,-56.0,2016,0.4948
-9.25,-48.75,2016,0.5069
-11.5,-59.0,2016,0.6622
-5.25,-60.5,2016,0.1297
-5.25,-59.75,2016,0.1337
-1.5,-50.5,2016,0.2247
-3.75,-49.25,2016,0.4016
-3.75,-66.5,2016,0.1063
-7.5,-51.0,2016,1.6348
1.5,-56.0,2016,0.0736
-16.0,-57.75,2016,0.3084
1.0,-60.0,2016,0.8782
-9.0,-61.25,2016,6.8901
-2.25,-49.25,2016,0.3898
-3.5,-49.0,2016,1.2277
-3.0,-56.75,2016,0.1986
-4.75,-50.25,2016,0.5579
-2.75,-50.75,2016,0.0678
-2.75,-64.75,2016,0.1581
-11.0,-52.0,2016,0.7664
-6.25,-57.5,2016,1.3495
-12.5,-55.75,2016,0.1204
-7.75,-57.75,2016,0.0683
-11.25,-57.25,2016,0.4624
-11.25,-58.75,2016,0.6684
-6.75,-51.75,2016,0.5319
-6.5,-50.25,2016,0.8991
-5.25,-45.5,2016,0.91
-2.75,-66.5,2016,0.0908
-2.5,-50.0,2016,0.4647
-5.0,-55.75,2016,0.6949
-7.25,-49.5,2016,0.739
-10.75,-62.5,2016,0.1496
-2.5,-45.5,2016,0.6154
-10.25,-62.25,2016,0.5022
-11.25,-61.25,2016,1.8603
1.0,-52.0,2016,0.7187
-3.0,-48.5,2016,1.3989
-6.5,-52.25,2016,2.1135
-2.75,-66.0,2016,0.0992
-3.5,-65.0,2016,1.3893
-15.25,-59.75,2016,0.3131
-7.0,-48.0,2016,0.1688
-4.0,-61.25,2016,0.4543
-5.5,-48.75,2016,1.7834
-7.5,-70.0,2016,1.1853
-8.75,-51.0,2016,0.6317
-3.0,-45.25,2016,0.175
-11.25,-51.75,2016,0.2527
-9.25,-58.0,2016,0.2242
-4.0,-59.75,2016,0.1805
-8.25,-57.75,2016,0.2446
-6.5,-47.25,2016,0.5694
2.25,-60.0,2016,0.0752
-14.0,-56.75,2016,3.4462
-9.5,-49.75,2016,0.2656
-5.75,-48.0,2016,1.3885
-1.0,-47.75,2016,0.8212
-9.5,-70.75,2016,0.0788
-4.5,-44.5,2016,0.1469
-13.25,-56.0,2016,0.0811
-8.75,-70.25,2016,0.1381
-9.5,-54.25,2016,0.1686
-15.5,-58.5,2016,0.1171
-3.0,-46.75,2016,0.1671
-6.25,-51.75,2016,2.6244
-1.5,-52.5,2016,0.405
-3.25,-65.5,2016,0.0802
-8.25,-63.25,2016,0.1589
-11.25,-62.75,2016,1.2808
-6.25,-46.25,2016,0.5694
-2.0,-51.5,2016,0.1947
-6.75,-56.5,2016,0.7761
-3.75,-52.75,2016,0.3509
-4.25,-48.0,2016,2.3576
-3.5,-69.0,2016,0.1776
-11.75,-65.0,2016,7.1443
-12.5,-51.25,2016,0.9845
-4.0,-59.25,2016,0.7949
3.25,-63.75,2016,0.1411
-5.25,-60.25,2016,0.9176
-1.75,-46.0,2016,0.4742
-13.75,-57.75,2016,0.6348
-4.0,-49.75,2016,0.7269
-9.75,-55.25,2016,0.4498
-12.25,-64.25,2016,6.0159
-10.5,-55.0,2016,1.3373
-9.0,-70.75,2016,0.6987
-4.0,-62.5,2016,0.0826
-7.0,-55.0,2016,0.4659
-3.0,-61.25,2016,0.3749
-10.25,-69.5,2016,0.063
-4.75,-46.25,2016,0.7502
-4.5,-60.0,2016,0.1593
-6.5,-56.75,2016,0.4486
-13.25,-60.75,2016,1.4023
-4.5,-48.0,2016,0.925
-2.75,-49.75,2016,1.0156
-8.5,-54.0,2016,0.0938
-2.0,-46.25,2016,1.2883
-10.75,-58.75,2016,0.083
-9.25,-57.75,2016,0.6341
-2.5,-54.75,2016,1.1778
-3.75,-58.25,2016,0.8582
-2.25,-51.5,2016,0.4631
-1.75,-55.5,2016,1.3401
-11.0,-55.25,2016,7.3673
2.25,-63.0,2016,0.0882
-1.75,-47.75,2016,1.2027
4.5,-60.5,2016,0.0668
-2.0,-55.25,2016,0.0746
-10.25,-51.25,2016,1.6648
-3.25,-62.75,2016,0.0693
-9.0,-67.75,2016,0.3968
-10.75,-63.5,2016,0.8497
-3.25,-54.0,2016,2.4163
-5.75,-61.75,2016,0.065
2.25,-51.75,2016,0.1322
-7.0,-60.25,2016,1.3649
2.5,-61.0,2016,1.0717
-10.75,-58.25,2016,0.3875
-5.5,-56.75,2016,0.4508
-15.25,-55.5,2016,0.0748
-11.25,-62.5,2016,1.3193
-5.0,-57.0,2016,0.4697
3.0,-64.0,2016,0.1496
-13.0,-56.5,2016,0.3937
-6.0,-47.5,2016,0.0635
-0.25,-60.75,2016,0.1727
-6.75,-50.25,2016,0.5243
-6.0,-52.75,2016,6.5272
-11.25,-54.75,2016,0.7863
-7.5,-61.5,2016,2.2849
-11.75,-55.25,2016,0.4657
-0.25,-66.25,2016,0.0637
-9.25,-61.25,2016,4.267
-1.25,-53.0,2016,0.3112
-2.5,-50.75,2016,0.9547
-8.5,-63.75,2016,0.5537
-7.25,-49.25,2016,3.1893
-6.75,-57.5,2016,0.0832
-8.25,-73.25,2016,0.3736
-10.0,-59.25,2016,0.6544
-0.75,-53.0,2016,0.172
-3.5,-45.25,2016,0.2577
2.5,-63.75,2016,0.3291
-12.25,-55.0,2016,0.915
-7.25,-58.0,2016,0.122
-3.75,-61.0,2016,0.4701
1.25,-59.75,2016,0.0696
-3.75,-69.5,2016,0.4682
-5.5,-52.75,2016,0.2555
-12.0,-56.5,2016,1.6089
3.75,-64.25,2016,0.3812
-7.5,-57.25,2016,0.3073
-11.5,-51.25,2016,2.8293
-4.5,-44.25,2016,1.126
-10.5,-56.25,2016,1.1934
-15.75,-59.25,2016,0.3319
-10.0,-68.0,2016,3.4339
-5.25,-44.75,2016,1.6427
-7.5,-70.25,2016,0.6134
-4.5,-48.75,2016,1.0877
-9.0,-57.5,2016,0.008
-6.75,-48.0,2016,0.1651
-5.5,-45.75,2016,0.4024
-2.0,-47.5,2016,0.7461
0.75,-59.25,2016,1.4563
-9.5,-55.0,2016,0.1355
-9.5,-70.5,2016,0.906
-12.5,-55.25,2016,1.4365
3.0,-63.5,2016,0.065
-6.0,-49.5,2016,0.7702
-8.5,-68.25,2016,0.0839
-15.75,-59.5,2016,0.2477
-8.0,-65.25,2016,0.1599
-10.5,-59.25,2016,1.2288
-13.5,-61.75,2016,0.1144
-3.25,-48.5,2016,4.1006
3.25,-63.25,2016,0.0758
-7.5,-56.0,2016,0.0728
-12.25,-52.5,2016,0.3088
-5.75,-73.0,2016,0.1467
-6.25,-58.25,2016,0.0626
-3.0,-60.75,2016,0.7432
-3.5,-65.25,2016,0.167
-5.25,-48.5,2016,0.9979
-3.25,-59.75,2016,2.37
-2.5,-54.5,2016,0.7713
-6.25,-49.0,2016,0.6295
-2.75,-48.0,2016,2.1808
-12.5,-60.75,2016,0.7647
-14.25,-57.5,2016,0.373
-2.0,-52.5,2016,0.4828
-12.5,-56.5,2016,1.6783
-1.0,-49.75,2016,0.0987
-11.0,-52.5,2016,0.0927
-10.75,-69.75,2016,0.7905
-9.0,-71.0,2016,0.3676
-6.5,-50.0,2016,0.2761
-6.0,-48.5,2016,0.3889
-7.25,-71.5,2016,0.0756
-9.5,-60.5,2016,1.5526
-2.0,-48.0,2016,0.2807
-2.75,-47.25,2016,0.8377
-12.75,-61.75,2016,0.1626
1.25,-60.0,2016,2.2851
2.5,-60.75,2016,0.7182
-2.5,-48.0,2016,0.3045
-9.75,-51.75,2016,1.3019
-6.0,-58.0,2016,0.8201
0.0,-51.5,2016,0.2825
-15.5,-60.0,2016,0.6014
-2.75,-47.75,2016,0.1416
-10.5,-56.0,2016,0.7355
-3.5,-64.5,2016,2.0555
-0.5,-56.75,2016,0.1485
-10.75,-62.25,2016,0.4695
-1.25,-56.0,2016,0.6196
-3.75,-60.5,2016,0.7995
-5.0,-67.25,2016,0.2625
-12.5,-51.0,2016,1.0323
-7.5,-49.75,2016,0.7943
-12.0,-55.25,2016,3.5501
-3.5,-55.25,2016,0.2516
-2.75,-50.0,2016,0.3894
-13.25,-57.25,2016,3.8706
-3.75,-60.75,2016,0.0674
-4.0,-69.5,2016,0.8679
-13.75,-57.0,2016,1.2652
-9.5,-51.25,2016,0.2366
-2.75,-48.25,2016,0.4578
-7.0,-55.25,2016,1.3818
-7.5,-61.25,2016,4.6085
-9.25,-51.0,2016,0.0868
-6.75,-49.0,2016,0.6136
-4.0,-46.25,2016,0.1299
-8.0,-70.75,2016,0.3191
-7.0,-50.0,2016,0.1624
-3.25,-52.25,2016,0.543
-5.5,-46.0,2016,0.8712
-12.0,-62.75,2016,0.7591
-7.5,-60.25,2016,0.3129
-0.75,-57.25,2016,0.145
-9.0,-49.5,2016,0.0707
-7.5,-50.25,2016,0.0742
-6.75,-69.75,2016,0.2631
-6.25,-52.0,2016,0.7104
-2.5,-51.25,2016,0.1669
-11.5,-62.25,2016,0.768
-6.0,-55.5,2016,0.4586
-1.5,-58.5,2016,0.134
-11.75,-57.75,2016,0.3734
-10.75,-54.25,2016,5.7882
3.75,-61.5,2016,0.0982
-2.25,-45.75,2016,0.2643
-3.25,-59.0,2016,0.3507
-4.5,-47.75,2016,1.1685
-1.0,-57.5,2016,0.1343
-11.5,-53.0,2016,0.0822
-8.5,-72.5,2016,0.4691
-7.0,-52.5,2016,0.8365
-11.0,-57.5,2016,0.145
-7.5,-67.25,2016,0.2497
-10.5,-69.5,2016,0.7049
-5.25,-44.5,2016,1.4776
-2.75,-47.0,2016,0.5649
-4.5,-52.75,2016,0.1356
-5.0,-67.0,2016,0.3322
-2.5,-45.25,2016,0.4259
-5.25,-62.75,2016,0.0686
-4.25,-54.25,2016,0.6101
0.75,-51.25,2016,0.4251
-1.0,-47.0,2016,0.1617
-1.5,-51.5,2016,0.1008
-4.0,-48.0,2016,0.6405
-16.25,-58.25,2016,0.8711
-2.75,-67.0,2016,0.1659
-7.25,-64.5,2016,0.0955
-2.0,-50.25,2016,0.3841
-9.5,-61.0,2016,6.837
-9.0,-63.25,2016,1.2292
-12.5,-56.0,2016,0.0708
-3.75,-48.0,2016,1.9054
-5.75,-72.0,2016,0.0942
-8.0,-56.75,2016,0.4056
-7.75,-50.25,2016,0.4846
-12.5,-58.0,2016,1.1397
-0.75,-49.5,2016,0.0784
-11.5,-52.0,2016,0.539
-15.25,-59.5,2016,1.0481
-4.0,-47.75,2016,4.4186
-3.25,-55.25,2016,0.1392
-6.5,-59.0,2016,0.0708
-5.75,-44.75,2016,1.647
-7.5,-64.5,2016,0.7391
-7.0,-55.75,2016,1.7814
-3.25,-54.25,2016,0.4792
-10.25,-50.5,2016,0.5114
-10.75,-65.25,2016,0.9902
-2.5,-46.0,2016,0.4558
-6.5,-47.0,2016,0.9308
-5.75,-45.75,2016,1.6667
-4.25,-44.25,2016,0.5057
-14.75,-59.75,2016,0.4095
-6.0,-44.25,2016,0.4044
-13.75,-60.25,2016,0.2986
-9.5,-65.0,2016,0.1468
0.0,-67.0,2016,0.2888
-2.75,-54.75,2016,0.6304
-5.0,-50.25,2016,0.4462
-10.0,-56.25,2016,1.1063
-6.75,-69.5,2016,0.2475
-7.0,-71.5,2016,1.9521
3.75,-61.0,2016,0.0834
-11.0,-63.0,2016,0.2906
-6.25,-45.0,2016,0.0967
-12.0,-63.75,2016,2.6389
-2.5,-65.0,2016,0.387
-10.5,-58.25,2016,0.5001
-3.5,-48.75,2016,0.4185
0.75,-51.5,2016,0.4765
-6.0,-50.25,2016,0.8485
-10.75,-55.75,2016,0.6094
-8.75,-51.5,2016,0.9169
-6.75,-66.75,2016,0.0919
-13.75,-51.75,2016,0.1827
-13.25,-56.25,2016,0.3042
-9.0,-50.5,2016,0.2458
-2.75,-59.75,2016,0.5621
-1.5,-47.75,2016,0.3857
-3.25,-61.25,2016,1.1873
-1.5,-56.25,2016,0.1849
-13.5,-60.25,2016,1.4154
-4.25,-63.25,2016,0.538
-13.0,-55.75,2016,0.0967
-2.75,-44.25,2016,0.5199
-10.75,-51.75,2016,0.9074
-6.0,-47.0,2016,0.0846
-3.25,-47.0,2016,0.1393
-9.25,-56.25,2016,0.8127
-8.0,-49.75,2016,0.5672
-11.0,-56.75,2016,0.2254
-2.25,-47.25,2016,0.3563
-3.0,-51.25,2016,0.9279
-10.5,-61.25,2016,8.8271
-13.0,-57.25,2016,0.4091
-8.75,-71.25,2016,0.4225
-11.5,-59.25,2016,0.6202
-13.5,-61.5,2016,0.4043
-8.25,-65.75,2016,0.125
-5.0,-47.25,2016,0.243
-2.25,-57.25,2016,0.0744
-8.25,-50.25,2016,0.6761
-7.0,-69.75,2016,0.1728
-1.5,-60.0,2016,0.0844
-1.0,-52.75,2016,0.1132
-5.0,-56.75,2016,0.2208
-8.0,-65.75,2016,0.0724
-10.0,-62.0,2016,2.5912
-13.0,-62.25,2016,1.0779
-7.75,-63.25,2016,0.5771
-5.25,-45.75,2016,0.1714
-5.5,-46.5,2016,0.2655
-16.75,-54.75,2016,0.0933
-9.25,-56.5,2016,0.9417
-4.75,-62.25,2016,0.1559
-7.25,-61.5,2016,0.1159
-5.25,-57.75,2016,0.1104
-3.75,-61.25,2016,0.743
-12.25,-63.25,2016,0.6989
-8.75,-70.5,2016,0.8774
-11.0,-58.0,2016,0.9508
-3.5,-55.5,2016,0.1566
-12.5,-63.75,2016,0.2388
-7.0,-66.25,2016,0.4287
-3.75,-58.75,2016,0.4814
-2.75,-60.0,2016,0.1197
-5.25,-57.5,2016,1.2938
-11.25,-58.0,2016,0.5168
-14.25,-60.25,2016,2.4793
-2.5,-59.75,2016,0.2103
-11.5,-62.75,2016,0.0985
-6.75,-52.75,2016,0.8793
1.5,-64.25,2016,0.1421
-8.0,-56.0,2016,0.0744
-2.0,-56.25,2016,0.1892
-3.5,-58.0,2016,0.0637
-6.5,-69.75,2016,0.4534
-1.5,-48.0,2016,0.068
-10.0,-60.75,2016,0.1432
4.0,-61.75,2016,0.7128
-12.0,-62.25,2016,0.4421
-2.75,-67.75,2016,0.2722
3.75,-61.25,2016,0.1394
-11.5,-60.75,2016,0.2329
-10.5,-56.75,2016,3.1677
-12.25,-58.0,2016,0.9306
-11.25,-63.0,2016,0.3189
-10.5,-69.75,2016,0.3065
-10.25,-57.25,2016,3.1621
-3.0,-58.5,2016,0.5171
-5.25,-72.0,2016,0.1028
-6.25,-58.0,2016,3.7075
-7.5,-63.0,2016,0.4946
-9.25,-50.0,2016,0.0852
-4.5,-54.5,2016,0.6228
-9.25,-70.5,2016,0.1768
-9.25,-70.25,2016,0.0705
-10.25,-60.25,2016,0.2197
-13.0,-56.75,2016,0.2206
-9.0,-56.0,2016,0.3498
-5.0,-47.0,2016,0.2705
-3.5,-68.75,2016,0.0644
-15.0,-58.75,2016,0.3712
-0.25,-65.5,2016,0.2336
-7.0,-63.25,2016,0.9212
1.5,-60.5,2016,1.5704
-1.25,-48.0,2016,0.5912
-2.75,-54.0,2016,0.0939
-3.25,-56.75,2016,0.1326
-3.5,-60.0,2016,0.2835
-8.5,-69.75,2016,1.0986
-3.0,-55.0,2016,0.789
1.5,-60.25,2016,0.8405
-3.0,-55.75,2016,0.0708
-8.25,-49.0,2016,0.6929
-4.5,-70.25,2016,0.1891
-3.5,-46.25,2016,0.21
-11.25,-52.0,2016,1.4507
-11.75,-64.75,2016,0.1196
-11.0,-68.75,2016,0.0966
-3.25,-47.5,2016,0.9355
-2.0,-45.75,2016,0.2421
-9.25,-54.75,2016,0.3574
-1.5,-51.75,2016,0.2931
-7.5,-67.75,2016,0.063
-2.75,-51.25,2016,0.0834
-13.75,-55.5,2016,1.6732
-11.75,-54.5,2016,8.3163
-3.25,-58.75,2016,0.2581
-8.0,-50.75,2016,0.2092
-6.75,-53.0,2016,0.0715
-5.0,-48.0,2016,0.2117
-10.75,-56.75,2016,0.2381
-16.0,-54.5,2016,0.158
-5.5,-72.25,2016,0.2632
-15.0,-58.25,2016,0.0727
-7.25,-73.25,2016,0.3044
-5.5,-51.75,2016,0.1662
-3.75,-46.25,2016,0.2837
-10.0,-59.0,2016,0.5758
-2.5,-61.0,2016,0.0766
-5.25,-47.5,2016,0.8216
-5.0,-53.0,2016,0.1297
-0.5,-65.25,2016,0.0628
-6.25,-60.0,2016,12.3001
-14.75,-57.75,2016,0.9192
-1.25,-52.75,2016,0.2361
-15.5,-55.0,2016,0.0648
-3.25,-47.25,2016,2.3973
-13.0,-55.25,2016,1.136
-7.75,-62.25,2016,0.3813
-12.25,-54.0,2016,0.4947
-10.75,-59.0,2016,0.2363
-5.75,-57.75,2016,2.686
-10.75,-56.25,2016,4.3164
-8.75,-48.5,2016,0.2003
-8.0,-70.5,2016,0.3514
-10.75,-56.5,2016,0.1373
-8.25,-69.75,2016,0.2399
-12.75,-57.0,2016,3.4405
-2.5,-47.75,2016,0.7306
-12.25,-57.25,2016,4.7962
-1.25,-52.5,2016,0.2322
-9.75,-61.75,2016,2.8287
-11.0,-57.25,2016,0.522
-8.0,-49.0,2016,0.1424
4.5,-61.25,2016,0.1439
-8.0,-50.5,2016,0.1508
-1.75,-57.0,2016,0.0669
-1.0,-48.75,2016,0.0769
-8.5,-57.75,2016,0.3923
-3.75,-65.25,2016,0.2937
-3.75,-57.0,2016,0.6522
-3.25,-69.5,2016,0.169
-9.25,-52.0,2016,0.3138
-3.25,-46.5,2016,1.0468
-6.0,-47.75,2016,0.2288
-6.0,-51.0,2016,0.1241
-1.0,-57.25,2016,0.6724
-12.75,-52.0,2016,0.4902
-1.25,-60.25,2016,0.2884
-3.5,-64.25,2016,0.1701
-2.5,-55.25,2016,0.077
-10.75,-68.0,2016,0.0897
-8.5,-71.25,2016,0.3855
-4.25,-55.75,2016,0.4326
-7.5,-66.5,2016,0.8518
-10.5,-55.25,2016,0.5405
-8.25,-54.25,2016,0.0959
-4.25,-45.75,2016,0.1682
-8.0,-71.75,2016,0.2115
-9.25,-56.0,2016,1.0694
-5.75,-45.5,2016,1.1799
2.5,-63.0,2016,0.1223
-7.75,-63.5,2016,0.7943
-11.5,-57.5,2016,0.2822
-1.25,-57.0,2016,0.109
-1.5,-50.0,2016,0.5457
-10.5,-62.75,2016,0.7969
-8.25,-50.0,2016,0.251
-13.0,-54.0,2016,0.7327
-3.5,-60.5,2016,0.2637
-1.5,-53.0,2016,0.4972
-9.0,-51.75,2016,0.5806
-3.75,-55.5,2016,0.7828
-11.25,-50.75,2016,0.2201
-7.25,-73.0,2016,0.5511
-11.75,-62.25,2016,0.396
-6.0,-53.0,2016,3.3631
3.5,-61.25,2016,0.496
-9.0,-71.5,2016,0.4984
-4.0,-44.25,2016,0.1281
-10.75,-61.25,2016,0.1829
-1.5,-57.75,2016,0.0628
2.0,-61.0,2016,0.1734
-12.25,-53.25,2016,0.1762
-5.5,-61.0,2016,0.2351
-9.5,-55.75,2016,0.2068
-9.5,-71.5,2016,0.0728
-3.5,-66.0,2016,0.1496
-11.25,-50.0,2016,0.5951
-4.75,-52.75,2016,0.1361
-2.25,-57.0,2016,0.0724
-1.75,-48.5,2016,0.7062
-6.0,-61.5,2016,0.3972
-3.5,-69.5,2016,0.4512
-5.25,-47.0,2016,1.2592
-1.25,-50.25,2016,0.1233
-9.5,-72.25,2016,0.1501
2.75,-62.75,2016,0.0957
-10.75,-58.0,2016,0.784
-10.5,-65.0,2016,0.4611
-9.0,-69.75,2016,0.2747
-1.25,-50.5,2016,0.0646
0.5,-59.25,2016,0.1681
-12.25,-51.5,2016,0.5687
-8.5,-69.25,2016,0.0664
-6.75,-51.25,2016,0.1457
-5.25,-61.25,2016,0.0831
-9.75,-58.25,2016,0.8615
-3.0,-67.0,2016,0.2096
-1.25,-57.25,2016,0.1537
2.75,-63.0,2016,0.1951
-6.5,-57.5,2016,0.1742
-15.0,-60.0,2016,0.3714
-12.0,-52.25,2016,0.5503
-4.25,-54.0,2016,0.4559
-5.75,-46.25,2016,1.2117
-15.75,-54.25,2016,0.0672
2.0,-51.0,2016,0.0698
-9.0,-65.5,2016,0.2084
-13.75,-56.75,2016,0.5543
-6.25,-49.75,2016,0.2286
-12.0,-55.0,2016,4.7442
-5.75,-68.0,2016,0.1806
-11.0,-60.75,2016,0.0658
-7.25,-49.0,2016,1.1064
-2.25,-60.25,2016,0.3057
-4.0,-62.0,2016,0.0683
-4.0,-55.0,2016,0.4135
-9.0,-48.75,2016,0.1861
-3.75,-61.75,2016,0.348
-4.5,-69.75,2016,0.0647
-7.5,-66.25,2016,0.0825
-7.0,-70.75,2016,0.0771
-13.5,-59.75,2016,0.4849
-13.0,-55.0,2016,0.2456
-1.0,-46.25,2016,0.074
1.25,-60.25,2016,0.3693
-2.25,-54.5,2016,0.0676
-11.25,-61.75,2016,0.3817
-5.75,-57.25,2016,0.2451
-3.75,-58.0,2016,0.4308
-5.0,-45.5,2016,0.9964
-1.25,-47.5,2016,0.0315
-3.5,-60.25,2016,0.22
-5.0,-63.0,2016,0.102
-12.25,-55.5,2016,0.086
-6.25,-54.75,2016,0.065
-5.75,-52.5,2016,0.1582
-1.5,-56.75,2016,0.1289
-1.75,-60.25,2016,0.9399
-15.0,-58.0,2016,0.0635
2.75,-64.0,2016,0.1098
-12.0,-54.5,2016,1.5341
-5.75,-52.0,2016,0.3104
-7.5,-65.25,2016,0.5832
-6.5,-63.0,2016,0.1775
-2.5,-53.5,2016,0.1008
-8.75,-50.5,2016,0.578
-13.0,-60.5,2016,1.2035
-11.5,-54.0,2016,0.2001
-9.75,-56.0,2016,0.2881
-3.5,-57.5,2016,0.1409
-11.25,-61.0,2016,0.2055
-4.0,-59.0,2016,0.1311
3.25,-60.75,2016,0.0633
-4.5,-49.25,2016,0.1313
-10.75,-57.0,2016,1.4527
-5.5,-67.5,2016,0.1616
-5.75,-55.75,2016,0.0669
-2.75,-58.5,2016,0.0855
-11.25,-51.25,2016,0.4494
-10.5,-57.5,2016,0.18
-10.0,-51.0,2016,0.0632
-0.25,-65.0,2016,0.1409
-3.25,-57.25,2016,0.1603
-13.0,-61.5,2016,1.2422
-12.0,-62.0,2016,0.7228
-1.5,-60.5,2016,0.3824
-2.5,-49.5,2016,0.1923
-11.25,-54.0,2016,2.0465
-10.25,-54.75,2016,0.3299
0.75,-51.0,2016,1.2228
-6.25,-48.75,2016,0.4506
-12.25,-62.0,2016,0.3048
-10.0,-50.0,2016,0.2001
-6.25,-58.5,2016,0.0669
-15.0,-59.75,2016,0.2867
-16.0,-59.5,2016,0.4803
-9.75,-58.5,2016,2.0364
-10.0,-55.75,2016,0.273
-10.0,-60.5,2016,0.0659
-12.0,-59.0,2016,0.4107
-4.75,-67.0,2016,0.1559
-10.0,-51.75,2016,0.2332
-0.75,-49.75,2016,0.0736
-5.75,-48.5,2016,0.1221
-13.5,-59.0,2016,0.2157
-11.5,-57.75,2016,0.1683
-3.0,-61.5,2016,0.156
-12.75,-58.5,2016,0.1461
-6.5,-50.5,2016,0.0916
-5.5,-55.5,2016,0.1982
-7.75,-61.0,2016,4.3272
-3.5,-44.75,2016,0.1907
-6.75,-64.5,2016,0.201
-6.0,-48.0,2016,0.1995
-7.25,-54.75,2016,0.2244
-11.5,-56.25,2016,5.1507
0.0,-67.25,2016,0.1526
1.5,-68.25,2016,0.063
-10.0,-52.0,2016,0.8187
-5.75,-47.25,2016,0.5074
-3.5,-68.25,2016,0.2316
-7.25,-68.0,2016,0.0692
-1.5,-46.0,2016,0.3246
-6.0,-45.5,2016,0.8011
-3.5,-57.0,2016,0.3569
-2.75,-50.25,2016,0.4852
-3.75,-60.25,2016,0.3433
-7.25,-72.0,2016,0.0916
-8.75,-51.25,2016,0.1361
-2.0,-51.0,2016,0.2278
-12.25,-58.25,2016,0.3548
-9.5,-67.0,2016,1.8025
-12.0,-58.5,2016,0.2147
-1.5,-53.25,2016,0.1506
-2.75,-60.25,2016,0.0798
-3.0,-59.5,2016,0.4609
-16.0,-55.5,2016,0.4853
-5.75,-65.75,2016,0.1661
-6.25,-46.0,2016,0.2783
-7.5,-61.0,2016,0.3817
-11.0,-54.5,2016,2.0881
-9.5,-71.25,2016,0.067
-6.5,-48.0,2016,0.2971
-7.25,-50.0,2016,0.0882
-4.5,-68.0,2016,0.1028
-16.25,-55.75,2016,0.3388
-13.0,-60.0,2016,0.4523
-4.5,-71.0,2016,0.0793
-11.75,-58.5,2016,0.4008
-8.75,-64.5,2016,0.3517
-9.75,-59.5,2016,0.1347
-11.25,-56.5,2016,0.347
-6.0,-45.25,2016,0.1381
-0.5,-58.0,2016,0.0671
-7.75,-48.5,2016,0.0627
-6.5,-47.5,2016,0.4485
-13.0,-61.25,2016,0.4558
-9.0,-71.25,2016,0.285
-5.75,-46.5,2016,1.3538
-9.25,-71.5,2016,0.2167
-8.0,-63.0,2016,0.3554
-16.0,-59.75,2016,0.6115
-6.0,-44.0,2016,0.5117
-9.0,-54.75,2016,0.5073
-9.0,-55.0,2016,0.7021
-6.0,-61.25,2016,0.5474
-4.75,-47.0,2016,0.7327
-11.0,-62.25,2016,0.1861
-7.75,-64.75,2016,0.0698
-3.0,-57.0,2016,0.2795
1.0,-59.25,2016,0.1381
-11.0,-69.0,2016,0.6097
-16.5,-56.25,2016,0.082
-6.5,-49.75,2016,0.0681
-3.25,-61.0,2016,0.4885
-13.0,-58.0,2016,0.9607
-10.25,-62.5,2016,0.4447
-1.75,-65.25,2016,0.1102
-6.75,-58.5,2016,0.1429
-9.25,-73.0,2016,0.0848
-10.0,-53.5,2016,0.1161
-10.0,-69.25,2016,0.4448
-3.75,-46.75,2016,0.0268
-6.0,-62.0,2016,0.0638
-2.0,-54.75,2016,0.1827
-17.0,-55.0,2016,0.1462
-6.75,-57.0,2016,0.3179
-16.5,-58.25,2016,0.1652
-1.5,-45.75,2016,0.3525
-4.5,-47.0,2016,0.3593
3.25,-61.0,2016,0.289
-9.0,-59.5,2016,7.4217
-2.25,-54.75,2016,0.1493
-5.5,-48.0,2016,0.0909
-7.75,-66.75,2016,0.5647
-8.0,-61.0,2016,0.1589
-6.75,-56.0,2016,0.0652
-10.5,-57.0,2016,0.3547
-7.0,-56.25,2016,0.0795
-4.0,-63.5,2016,0.094
-2.0,-47.25,2016,0.2612
-4.25,-47.75,2016,0.8347
3.25,-64.0,2016,0.1779
-14.25,-52.0,2016,0.593
-3.75,-59.5,2016,0.4217
-14.5,-52.25,2016,0.0634
-4.5,-59.75,2016,0.0915
-6.75,-64.25,2016,0.1193
-3.0,-61.75,2016,0.0689
-7.0,-50.25,2016,0.876
-10.5,-57.25,2016,0.5105
-8.5,-71.5,2016,0.2687
-11.25,-55.5,2016,0.4344
0.0,-56.0,2016,0.0734
-8.75,-61.5,2016,1.7745
3.5,-61.5,2016,0.2439
-2.75,-49.5,2016,0.1076
0.75,-64.5,2016,0.0746
-10.0,-61.5,2016,0.1047
2.75,-62.25,2016,0.0798
-7.25,-52.25,2016,0.0816
-11.75,-58.25,2016,0.3722
-1.75,-61.25,2016,0.095
-4.75,-44.5,2016,0.2193
-4.0,-63.75,2016,0.1394
-8.25,-49.75,2016,0.1606
-16.0,-55.25,2016,0.0628
-14.5,-59.5,2016,0.1032
-9.75,-52.0,2016,0.6032
-8.0,-63.25,2016,0.1845
-8.25,-51.25,2016,0.1278
-7.25,-60.5,2016,0.1882
-3.75,-56.5,2016,0.0896
-7.75,-57.25,2016,0.0987
-11.5,-62.5,2016,0.2599
-0.75,-48.5,2016,0.0707
-12.0,-61.75,2016,0.1563
-6.5,-57.75,2016,0.0654
-13.0,-53.75,2016,1.274
-3.5,-58.25,2016,0.2189
-5.0,-63.75,2016,0.0719
-10.25,-56.5,2016,0.2398
1.0,-62.75,2016,0.1516
-3.25,-60.25,2016,0.1887
-3.75,-59.75,2016,0.2843
-9.0,-60.75,2016,2.388
-6.5,-62.5,2016,0.0743
-14.0,-59.5,2016,0.218
-2.0,-49.5,2016,0.1813
-3.75,-55.25,2016,0.0942
-2.75,-66.75,2016,0.6016
-3.25,-66.0,2016,0.0922
-5.25,-48.0,2016,0.2611
-6.25,-61.5,2016,0.0927
-2.0,-67.0,2016,0.0835
-10.5,-70.0,2016,0.2347
-11.75,-49.75,2016,0.2874
-13.5,-57.0,2016,0.334
-4.75,-45.5,2016,0.1519
-9.5,-50.5,2016,0.1897
-2.5,-60.0,2016,0.149
-15.0,-59.5,2016,0.4356
-2.5,-55.0,2016,0.1345
-14.75,-56.75,2016,0.0805
-12.0,-58.25,2016,0.2217
-11.0,-52.75,2016,0.8409
-11.25,-57.0,2016,0.5322
-4.25,-59.25,2016,0.2468
-11.0,-69.5,2016,0.2617
-4.5,-61.25,2016,0.104
-2.0,-59.25,2016,0.1059
-3.75,-57.75,2016,0.0644
-7.5,-70.5,2016,0.653
-2.75,-64.5,2016,0.2186
-13.25,-61.5,2016,2.6148
-8.0,-68.25,2016,0.2222
-7.75,-67.5,2016,0.083
-4.0,-60.5,2016,0.0901
-13.75,-60.5,2016,0.6344
-6.25,-64.25,2016,0.0661
-6.75,-49.25,2016,0.1017
-11.5,-60.5,2016,0.0842
-9.0,-56.5,2016,0.0725
-12.5,-52.0,2016,1.0271
-5.0,-64.0,2016,0.0646
-1.25,-52.0,2016,0.1706
-10.75,-54.5,2016,0.9802
-7.25,-48.75,2016,0.0721
-12.0,-57.0,2016,0.2513
-7.0,-48.75,2016,0.7294
-16.5,-54.75,2016,0.1379
-13.25,-57.0,2016,0.4552
1.25,-59.5,2016,0.3159
-11.75,-56.5,2016,0.8331
-7.75,-71.0,2016,0.0742
-0.75,-52.5,2016,0.0778
-10.0,-53.75,2016,0.149
-10.75,-52.0,2016,0.5746
-1.5,-51.25,2016,0.0849
-8.25,-70.0,2016,0.4195
-12.0,-61.5,2016,0.0966
-4.5,-65.5,2016,0.1202
-11.5,-49.75,2016,0.2314
-3.5,-56.5,2016,0.1678
1.75,-51.25,2016,0.1506
-12.75,-55.25,2016,0.2946
-12.25,-62.25,2016,0.2659
-5.75,-61.25,2016,0.2191
-5.75,-47.5,2016,0.2308
-8.75,-73.0,2016,0.0631
-0.5,-66.25,2016,0.1453
-1.5,-49.75,2016,0.1236
-12.0,-49.75,2016,0.0699
-6.5,-68.0,2016,0.1993
-1.25,-53.25,2016,0.0656
-2.25,-54.25,2016,0.2656
1.25,-63.5,2016,0.0627
-13.5,-56.25,2016,1.5438
-13.0,-53.25,2016,0.0794
-11.0,-56.25,2016,0.7408
0.5,-51.75,2016,0.0812
-9.75,-50.75,2016,0.6744
-4.0,-69.75,2016,0.0685
-13.5,-53.5,2016,0.6907
-7.5,-56.5,2016,0.225
-10.5,-52.75,2016,0.1577
-12.5,-51.5,2016,0.3715
-10.0,-49.25,2016,0.398
-13.25,-57.75,2016,0.1631
-3.5,-44.25,2016,0.2244
-7.5,-65.0,2016,6.5335
-15.0,-58.5,2016,0.923
-12.0,-51.75,2016,2.2786
0.25,-67.25,2016,0.0832
-3.25,-48.25,2016,0.0918
-10.75,-55.5,2016,0.1803
-10.5,-59.75,2016,0.0778
-14.0,-56.25,2016,0.0835
-0.25,-51.75,2016,0.0671
-7.5,-72.5,2016,0.3705
-12.25,-52.0,2016,0.0767
-5.75,-52.75,2016,0.1346
-14.25,-51.75,2016,0.0725
-2.75,-47.5,2016,0.0648
-9.0,-57.25,2016,0.1332
-15.25,-60.25,2016,0.5546
-9.5,-58.25,2016,0.1153
-16.25,-54.25,2016,0.088
-16.25,-59.25,2016,0.1452
-1.5,-52.0,2016,0.0269
-1.0,-63.0,2016,0.1642
-7.5,-73.5,2016,0.2077
0.75,-66.25,2016,0.0941
-5.0,-55.0,2016,0.0657
-11.25,-57.5,2016,0.118
-6.5,-65.25,2016,0.1955
-3.75,-48.75,2016,0.0717
-9.75,-60.5,2016,0.5493
-13.0,-62.5,2016,0.0671
-14.25,-59.75,2016,0.1703
-5.5,-59.75,2016,0.0675
-5.5,-60.75,2016,0.1326
-14.25,-57.0,2016,0.0833
-1.75,-46.5,2016,0.0667
-7.75,-62.75,2016,0.2279
-5.75,-45.0,2016,0.8947
-4.25,-64.0,2016,0.0677
-5.5,-56.0,2016,0.0744
-1.75,-49.5,2016,0.136
-11.0,-61.75,2016,0.1742
-9.25,-49.5,2016,0.4387
-1.75,-45.5,2016,0.1614
-7.75,-60.5,2016,0.0089
-7.75,-49.25,2016,0.0918
-8.0,-62.75,2016,1.072
-5.25,-53.5,2016,0.0951
-1.25,-49.5,2016,0.0578
-11.75,-55.5,2016,0.5596
-1.25,-52.25,2016,0.1428
-11.0,-56.5,2016,0.1042
-0.5,-65.0,2016,0.0704
-16.0,-58.0,2016,0.2758
-8.0,-72.0,2016,0.1456
-10.0,-56.5,2016,0.3556
-6.0,-48.75,2016,0.0765
-3.75,-48.25,2016,0.0752
-2.75,-45.25,2016,0.1067
-6.25,-48.0,2016,0.1952
-7.25,-56.25,2016,0.0807
-15.25,-58.0,2016,0.0784
-10.75,-56.0,2016,0.2424
1.5,-68.0,2016,0.0825
-6.75,-53.25,2016,0.5963
-4.0,-53.25,2016,0.1055
-8.75,-66.25,2016,0.1589
-7.25,-71.75,2016,0.2271
-4.75,-56.5,2016,0.482
-5.0,-49.0,2016,0.1867
-1.0,-61.25,2016,0.1142
-15.5,-58.75,2016,0.3648
-13.25,-60.25,2016,0.0753
-2.25,-52.5,2016,0.0628
-15.75,-58.25,2016,0.0745
0.5,-60.75,2016,0.3153
-3.0,-68.25,2016,0.0626
-4.5,-67.25,2016,0.0771
-4.5,-59.5,2016,0.072
0.25,-60.25,2016,0.068
-11.0,-51.75,2016,0.1976
-11.0,-53.75,2016,0.5306
-7.25,-71.0,2016,0.0903
-3.25,-60.5,2016,0.2454
-4.0,-57.5,2016,0.1463
-14.75,-60.25,2016,0.0772
-11.75,-63.5,2016,0.2235
-11.75,-56.25,2016,2.4097
-11.0,-58.5,2016,0.8813
-12.0,-52.0,2016,7.0683
-1.25,-45.75,2016,0.1525
-12.0,-61.25,2016,0.1814
1.75,-64.0,2016,0.08
-6.25,-63.25,2016,0.0702
-7.75,-66.5,2016,0.2331
-3.25,-48.0,2016,0.3802
-3.0,-66.0,2016,0.0627
-1.0,-55.5,2016,0.0625
-5.75,-69.5,2016,0.079
-11.25,-49.75,2016,0.0828
-16.0,-59.25,2016,0.2913
-9.5,-72.0,2016,0.0862
-1.0,-58.0,2016,0.0921
-12.75,-55.5,2016,0.1027
-3.0,-47.0,2016,0.6605
-10.75,-49.75,2016,0.1925
-3.0,-60.25,2016,0.0981
1.25,-68.25,2016,0.0634
-7.75,-67.25,2016,0.5186
-2.5,-55.5,2016,0.0642
-4.5,-53.75,2016,0.0726
-13.0,-54.25,2016,5.9354
-12.0,-54.0,2016,1.013
-9.75,-53.5,2016,0.2285
-9.0,-58.75,2016,0.0987
-15.0,-60.25,2016,0.2541
-11.75,-51.0,2016,0.15
-5.75,-60.5,2016,0.0667
-12.75,-52.25,2016,0.1419
-3.0,-46.0,2016,0.1313
-3.75,-57.5,2016,0.0665
-1.0,-56.0,2016,0.0673
-4.75,-46.0,2016,0.1263
-11.0,-58.75,2016,0.0994
-8.25,-72.25,2016,0.0762
-3.25,-63.5,2016,0.0909
-4.75,-44.25,2016,0.2671
-8.0,-48.75,2016,0.1752
3.5,-62.25,2016,0.0862
-7.5,-67.5,2016,0.1202
-16.25,-58.0,2016,0.0993
-13.75,-60.0,2016,0.0819
-1.0,-57.0,2016,0.1544
-4.0,-58.75,2016,0.2615
-9.5,-53.5,2016,0.1426
-4.5,-61.0,2016,0.1264
-14.75,-55.0,2016,0.1482
-7.5,-60.0,2016,0.4558
-8.25,-72.5,2016,0.2169
-3.0,-67.25,2016,0.0798
-8.5,-72.25,2016,0.0987
-3.25,-60.0,2016,0.0765
-9.0,-48.0,2016,0.454
-0.25,-55.75,2016,0.3893
-2.75,-68.5,2016,0.076
-1.25,-62.5,2016,0.063
-2.5,-57.25,2016,0.1727
-10.25,-56.25,2016,0.1414
-10.75,-52.25,2016,0.0895
-5.25,-67.25,2016,0.0636
-2.25,-55.0,2016,0.0848
-2.25,-53.0,2016,0.081
-5.5,-57.75,2016,0.1718
-3.25,-69.25,2016,0.0818
-8.75,-57.5,2016,0.0686
-8.0,-73.5,2016,0.1471
-15.5,-59.25,2016,0.0631
-8.5,-49.0,2016,0.1667
-3.0,-66.25,2016,0.0719
-9.0,-60.25,2016,0.2581
-15.75,-58.0,2016,0.1579
-1.25,-48.5,2016,0.0673
-1.75,-62.5,2016,0.0707
-12.75,-61.0,2016,0.0651
-2.0,-49.0,2016,0.0725
-7.75,-66.0,2016,0.1212
-7.75,-70.25,2016,0.0199
-7.25,-69.5,2016,0.1446
-16.25,-54.5,2016,0.1121
-3.25,-61.5,2016,0.069
-3.0,-47.5,2016,0.1278
-11.0,-65.25,2016,0.0676
-8.5,-50.5,2016,0.0821
-4.25,-69.75,2016,0.1962
-0.5,-61.75,2016,0.0777
-3.0,-47.25,2016,0.2053
-11.25,-54.5,2016,0.0654
-0.5,-52.5,2016,0.1231
-6.25,-56.25,2016,0.0776
-7.0,-58.5,2016,0.2151
-6.75,-53.5,2016,0.0859
-3.0,-66.75,2016,0.0797
-8.25,-48.75,2016,0.0731
-2.75,-52.25,2016,0.0829
-2.5,-57.75,2016,0.1097
-9.0,-59.25,2016,8.8342
-11.75,-63.75,2016,0.0898
-6.75,-49.5,2016,0.0644
-4.5,-64.25,2016,0.1474
-12.75,-52.5,2016,0.0794
-6.5,-49.25,2016,0.0715
-4.75,-47.5,2016,0.0757
-7.75,-73.5,2016,0.1559
-2.25,-58.0,2016,0.1521
-9.5,-48.75,2016,0.0746
-14.5,-56.75,2016,0.1748
3.5,-51.5,2016,0.0667
1.75,-61.25,2016,0.0795
-12.75,-55.75,2016,0.2253
-11.0,-64.25,2016,0.0633
-10.0,-66.5,2016,0.0807
-3.0,-64.5,2016,0.0653
-5.25,-55.75,2016,0.0679
-4.5,-63.25,2016,0.0658
-8.75,-68.5,2016,0.0991
1.5,-61.0,2016,0.0667
-6.25,-68.25,2016,0.065
-5.0,-62.25,2016,0.1109
-15.5,-59.5,2016,0.0738
-14.75,-57.5,2016,0.3701
-5.75,-61.5,2016,0.0638
-7.25,-63.0,2016,0.3252
-3.5,-52.5,2016,0.0644
-8.75,-57.25,2016,0.0546
-11.75,-57.5,2016,0.0988
-1.75,-52.5,2016,0.0774
-3.5,-53.5,2017,11.6471
-14.25,-52.0,2017,28.2044
-2.25,-48.75,2017,0.518
-3.25,-59.25,2017,2.3012
-3.25,-53.0,2017,24.5269
-8.0,-71.0,2017,1.5418
-3.5,-52.0,2017,8.4463
-5.75,-47.0,2017,0.9389
-4.0,-51.0,2017,10.1234
-4.75,-47.0,2017,1.276
-3.75,-55.5,2017,3.5783
-8.0,-71.25,2017,1.1387
-3.5,-51.5,2017,14.8429
-12.0,-62.75,2017,1.683
-8.5,-63.25,2017,9.8771
-9.75,-64.5,2017,15.7196
-1.0,-57.5,2017,0.0658
-10.5,-56.25,2017,0.7721
-9.0,-67.0,2017,4.6871
-2.0,-48.0,2017,4.263
-5.0,-50.75,2017,15.3471
-14.5,-57.5,2017,3.3972
-7.0,-49.0,2017,4.2651
-11.0,-69.25,2017,3.6776
-2.75,-52.5,2017,1.9385
-2.75,-50.25,2017,0.4071
-5.75,-50.0,2017,4.2783
-10.5,-58.5,2017,6.1613
-3.75,-53.5,2017,2.6027
-9.75,-59.0,2017,5.1147
-3.5,-53.25,2017,22.7752
-2.5,-53.75,2017,2.7748
-3.5,-52.25,2017,10.7053
-2.25,-53.75,2017,16.5371
-7.25,-59.75,2017,14.3248
-13.75,-59.75,2017,3.1577
-4.25,-49.25,2017,1.4232
-12.25,-57.75,2017,7.9439
-3.5,-59.5,2017,3.7952
2.25,-61.25,2017,1.18
-3.5,-56.25,2017,0.3128
-3.0,-50.25,2017,18.9362
-9.5,-62.0,2017,5.0482
-3.25,-51.5,2017,10.7686
-7.75,-61.25,2017,29.1847
-5.25,-57.5,2017,2.8072
-2.0,-51.0,2017,2.335
-7.0,-59.75,2017,26.3328
-5.0,-48.5,2017,1.877
-10.0,-68.75,2017,1.8446
-13.0,-62.25,2017,2.6248
-1.75,-46.0,2017,6.8264
-9.5,-60.25,2017,9.2186
-3.25,-51.25,2017,22.9373
-8.75,-69.5,2017,9.6094
-3.25,-59.5,2017,1.9922
-10.0,-63.5,2017,12.1548
-1.75,-47.75,2017,3.8057
-9.25,-62.0,2017,9.9506
-3.25,-45.5,2017,2.0465
-3.25,-53.25,2017,25.3142
-4.25,-50.5,2017,6.2092
-1.5,-55.75,2017,5.3734
-3.0,-58.75,2017,0.4084
-5.75,-44.0,2017,6.6094
-9.75,-63.25,2017,7.7037
-10.25,-64.25,2017,14.0527
3.5,-61.75,2017,1.8331
-9.75,-56.75,2017,4.3684
-3.5,-50.0,2017,7.8513
-10.0,-62.25,2017,1.7695
-3.25,-50.25,2017,32.5096
-2.25,-48.5,2017,3.1983
-2.5,-49.5,2017,0.3279
-10.0,-55.5,2017,4.3441
-9.0,-63.5,2017,9.8317
-10.0,-63.75,2017,20.1292
-0.75,-53.25,2017,0.0977
-5.25,-50.25,2017,4.1158
-4.0,-54.25,2017,10.4442
-7.75,-50.75,2017,0.9812
2.75,-61.25,2017,0.2491
-7.0,-55.75,2017,2.9089
-1.5,-51.75,2017,0.2615
-1.75,-55.25,2017,6.6566
-16.0,-59.5,2017,0.5791
-10.5,-63.25,2017,2.0458
-3.25,-51.0,2017,9.2777
-3.0,-60.75,2017,0.9031
-10.5,-63.5,2017,4.3477
-3.5,-59.25,2017,2.4374
-9.5,-59.0,2017,12.4674
-9.5,-66.75,2017,19.9564
-3.5,-50.25,2017,23.5791
-10.5,-62.0,2017,0.7736
-9.75,-64.75,2017,27.4227
-3.5,-59.75,2017,1.218
-3.75,-52.5,2017,4.7068
-3.75,-51.75,2017,20.044
-8.5,-64.0,2017,4.0357
-1.75,-51.75,2017,0.3647
-16.0,-58.0,2017,0.3335
-9.0,-70.75,2017,0.745
-10.25,-68.5,2017,0.816
-3.75,-52.25,2017,26.0362
-3.0,-52.75,2017,8.3443
-3.0,-50.5,2017,12.8577
-11.75,-62.75,2017,2.1169
-10.0,-60.0,2017,10.9004
-2.0,-51.25,2017,0.6445
-1.75,-56.5,2017,3.22
-8.0,-61.25,2017,11.589
-2.5,-48.5,2017,3.7426
-5.25,-50.75,2017,7.4154
-4.0,-53.5,2017,7.6386
-1.5,-46.0,2017,5.0705
-4.0,-50.5,2017,4.7808
-3.0,-59.25,2017,1.4683
-4.75,-54.75,2017,0.0771
-1.75,-46.75,2017,2.4052
-9.0,-62.5,2017,28.5598
-2.75,-56.0,2017,0.0672
-2.5,-48.0,2017,0.942
-4.0,-55.5,2017,14.0238
-9.5,-64.25,2017,29.7339
-3.0,-49.75,2017,0.4639
-3.0,-67.0,2017,0.3804
-10.75,-58.5,2017,6.1302
-11.25,-58.5,2017,0.9128
-1.5,-53.5,2017,7.4252
-6.75,-56.25,2017,1.98
-8.0,-61.5,2017,16.3526
-5.5,-46.0,2017,2.9691
-2.5,-45.5,2017,2.0172
-5.0,-44.5,2017,1.1283
-2.5,-49.25,2017,4.4064
-8.75,-63.75,2017,1.6916
-3.25,-50.0,2017,4.1061
-13.25,-53.75,2017,21.4275
-4.5,-50.75,2017,20.9602
-3.5,-58.5,2017,2.1642
-7.5,-62.25,2017,0.0863
-3.5,-54.0,2017,14.8888
-11.5,-61.75,2017,2.0338
-10.25,-68.0,2017,2.963
-9.5,-63.25,2017,14.928
-4.0,-59.0,2017,0.1558
-9.25,-65.25,2017,25.0482
-9.25,-63.75,2017,1.9612
-5.25,-44.25,2017,4.0161
-8.0,-63.75,2017,0.6095
-9.5,-52.0,2017,2.8714
-2.5,-56.25,2017,5.3843
-10.25,-58.5,2017,1.5652
-13.75,-60.75,2017,5.1432
-1.5,-60.5,2017,1.1938
-10.0,-65.0,2017,29.8557
-5.75,-51.25,2017,4.3913
-14.5,-52.0,2017,28.8044
-3.0,-65.5,2017,0.4036
-3.5,-45.0,2017,2.2517
-2.25,-46.5,2017,4.0553
-2.25,-53.5,2017,5.5204
-12.5,-52.5,2017,4.6657
-9.0,-62.0,2017,17.1737
-9.75,-58.0,2017,2.93
-5.25,-45.25,2017,1.1023
-4.25,-49.0,2017,2.0766
-10.25,-63.5,2017,11.2462
-3.0,-47.75,2017,6.3574
-5.0,-45.25,2017,0.0652
-3.75,-50.25,2017,20.0977
-13.75,-60.25,2017,0.9741
-4.5,-46.5,2017,4.8435
-1.0,-68.5,2017,0.085
-9.5,-67.25,2017,3.4815
-9.5,-62.5,2017,11.5013
-1.0,-48.0,2017,1.5119
-6.25,-62.75,2017,2.9719
-3.5,-44.0,2017,0.8153
-7.75,-73.0,2017,4.1941
-12.25,-60.75,2017,10.7919
-6.75,-48.75,2017,2.2496
-2.25,-50.0,2017,1.2813
-8.25,-63.0,2017,7.4481
-7.75,-72.25,2017,1.2887
-5.5,-44.25,2017,6.2614
-6.0,-52.5,2017,5.2758
-9.75,-69.0,2017,2.3564
-4.5,-54.75,2017,3.6623
-3.5,-56.75,2017,0.1318
-5.5,-51.5,2017,10.3415
-9.0,-67.75,2017,3.4789
-3.75,-59.0,2017,2.1431
-10.0,-62.75,2017,1.1173
-7.0,-59.5,2017,26.4306
-9.0,-63.75,2017,8.8296
-1.25,-53.5,2017,14.511
-9.75,-65.0,2017,3.5017
-2.75,-51.75,2017,10.5596
-6.75,-52.5,2017,2.3783
-9.75,-67.0,2017,2.292
-3.0,-51.25,2017,6.8307
-7.75,-72.5,2017,1.8376
-2.25,-48.0,2017,3.2437
-10.0,-57.75,2017,2.3513
-8.75,-63.25,2017,28.1399
-8.25,-70.75,2017,1.1655
-2.0,-48.75,2017,1.2336
-8.25,-64.0,2017,5.7976
-6.0,-44.5,2017,0.8997
1.25,-51.25,2017,1.1664
-3.5,-53.0,2017,6.7897
-0.5,-52.25,2017,0.0779
-0.75,-48.0,2017,0.3788
-10.0,-64.25,2017,43.4105
-11.75,-63.25,2017,1.4787
-10.5,-62.25,2017,0.5623
-10.25,-54.0,2017,11.5184
-8.75,-72.75,2017,0.375
-12.5,-53.0,2017,0.1447
-4.0,-56.0,2017,1.3979
-2.5,-60.0,2017,0.2295
-3.0,-51.75,2017,6.6899
-3.75,-47.75,2017,2.2898
-2.25,-50.5,2017,0.8448
-3.75,-50.0,2017,14.4442
-1.5,-52.0,2017,0.3431
-5.5,-47.25,2017,1.0906
-2.0,-46.5,2017,7.1624
0.0,-49.75,2017,0.4437
-5.75,-45.25,2017,2.4387
-1.75,-48.0,2017,5.5528
-3.75,-54.0,2017,3.2843
-10.25,-64.5,2017,9.7516
-6.5,-52.0,2017,1.2584
-5.75,-46.75,2017,0.1665
-12.25,-61.0,2017,2.2036
-5.25,-46.25,2017,4.9197
-1.5,-54.75,2017,6.2967
-1.75,-51.0,2017,1.7921
-3.5,-50.5,2017,19.7839
-10.75,-68.5,2017,3.5549
-3.75,-51.5,2017,10.7951
-13.0,-57.25,2017,0.3051
-8.5,-63.5,2017,5.4929
-10.25,-67.75,2017,3.6589
-2.25,-52.0,2017,3.56
-9.5,-70.5,2017,1.3111
3.5,-51.75,2017,0.188
-10.25,-57.25,2017,0.7643
1.75,-60.75,2017,1.9604
-7.0,-52.25,2017,4.8891
-2.75,-53.0,2017,9.0996
-8.0,-55.25,2017,1.6931
-8.0,-61.75,2017,8.7388
-7.25,-49.25,2017,1.8301
-8.5,-55.0,2017,3.5313
-10.25,-59.0,2017,5.6312
-11.5,-55.25,2017,1.7534
-9.25,-62.5,2017,27.1217
-3.25,-54.0,2017,9.3235
-4.25,-69.75,2017,0.2804
-6.5,-56.5,2017,1.3541
-12.0,-62.5,2017,0.3982
-9.5,-63.75,2017,18.7126
2.0,-60.5,2017,2.4719
0.75,-51.5,2017,1.4714
-4.75,-50.75,2017,15.6813
-4.5,-56.0,2017,3.6868
-10.5,-51.0,2017,1.5977
-3.5,-53.75,2017,9.3195
-9.75,-68.5,2017,4.5913
-9.25,-61.75,2017,10.5714
-4.25,-46.0,2017,0.3212
-12.25,-56.75,2017,1.122
-2.25,-47.75,2017,2.5963
-2.0,-50.75,2017,3.3909
-5.0,-62.25,2017,0.5768
-3.0,-51.5,2017,9.0084
-5.0,-51.0,2017,3.6322
0.5,-60.75,2017,12.6612
-3.75,-54.5,2017,20.5279
-7.0,-60.0,2017,17.7985
-4.5,-49.75,2017,5.0697
-4.0,-54.5,2017,11.1972
-9.75,-63.75,2017,46.5037
-10.5,-64.25,2017,33.8508
-8.0,-54.75,2017,2.0401
-9.5,-68.5,2017,2.1209
-13.25,-57.25,2017,1.5315
-4.0,-47.25,2017,2.1692
-7.5,-60.0,2017,4.7424
-5.25,-50.5,2017,1.4476
-8.75,-67.5,2017,1.7764
-5.0,-50.5,2017,6.5376
-4.5,-55.75,2017,9.0857
-10.25,-59.25,2017,9.3838
-9.25,-59.5,2017,20.8158
-3.25,-54.5,2017,3.0317
-9.0,-64.5,2017,1.7677
-3.75,-52.0,2017,17.0855
-4.5,-50.0,2017,0.8497
-9.5,-62.25,2017,8.0952
-6.75,-60.0,2017,16.5022
-1.5,-53.75,2017,5.3794
-9.0,-68.75,2017,4.4516
-1.75,-45.75,2017,5.0071
-3.25,-47.75,2017,1.8881
-3.5,-64.5,2017,1.4586
-8.5,-70.25,2017,3.7336
-10.75,-56.25,2017,2.5948
-7.0,-51.0,2017,5.4453
-7.75,-61.75,2017,15.8071
-4.5,-70.0,2017,0.2116
-4.0,-49.0,2017,9.2743
-10.25,-57.75,2017,4.5054
-12.0,-62.0,2017,0.8187
-9.5,-57.75,2017,10.1386
-5.0,-49.25,2017,1.8138
-9.5,-68.25,2017,1.2801
-3.0,-48.5,2017,9.3646
-10.75,-64.0,2017,5.0409
-6.25,-53.0,2017,11.9233
-9.5,-67.75,2017,6.7241
-4.5,-48.5,2017,1.4549
-4.5,-55.0,2017,4.9031
-3.5,-51.75,2017,5.9611
-3.75,-66.0,2017,0.1423
-4.75,-50.5,2017,5.4505
-2.75,-58.25,2017,1.0446
-6.25,-48.75,2017,0.859
-10.0,-50.5,2017,12.532
-2.75,-48.5,2017,1.513
-10.5,-68.25,2017,1.4739
-4.75,-46.75,2017,10.313
-3.5,-60.5,2017,0.3324
-11.25,-56.5,2017,3.8297
-10.75,-63.5,2017,1.4567
-9.25,-68.25,2017,13.4954
-1.5,-46.25,2017,2.7668
-3.75,-50.5,2017,6.8517
-2.75,-49.0,2017,4.4479
-3.5,-49.25,2017,3.3349
-8.0,-51.0,2017,1.1942
-6.25,-52.5,2017,12.8657
-10.0,-54.25,2017,3.2847
-12.25,-61.5,2017,1.2105
-5.75,-50.25,2017,1.8507
-2.25,-46.25,2017,1.5875
-11.5,-54.0,2017,4.6521
-10.25,-69.25,2017,0.5115
-1.0,-47.25,2017,1.562
-2.25,-55.75,2017,0.4335
-9.0,-51.5,2017,15.1768
-5.25,-56.0,2017,6.3397
-9.0,-61.75,2017,6.1031
-3.75,-54.75,2017,7.5081
-2.5,-55.75,2017,0.1369
-3.0,-58.5,2017,0.2989
-0.75,-48.5,2017,2.5441
-3.5,-54.75,2017,5.204
-3.0,-54.0,2017,2.5331
-1.5,-48.0,2017,1.4562
0.75,-52.0,2017,0.5506
-6.5,-53.25,2017,7.023
-3.0,-52.5,2017,7.4091
-8.5,-70.75,2017,2.309
-8.75,-62.25,2017,6.1013
-6.0,-52.25,2017,2.7317
-2.0,-46.25,2017,6.4617
-1.25,-47.25,2017,1.1399
1.25,-60.25,2017,0.6593
0.25,-49.75,2017,1.6199
-12.0,-51.5,2017,10.0388
-5.5,-51.25,2017,10.7654
-10.75,-69.75,2017,2.0702
-8.75,-69.75,2017,1.4522
-3.25,-53.5,2017,7.7141
-1.5,-48.25,2017,1.2451
-1.75,-46.5,2017,4.9048
-9.75,-64.0,2017,30.8076
3.75,-61.75,2017,3.176
-8.25,-62.75,2017,8.65
-9.25,-61.5,2017,4.4874
-5.5,-50.0,2017,3.8815
-10.0,-52.25,2017,2.2498
-3.5,-51.25,2017,8.3462
-9.25,-59.0,2017,19.0362
-9.5,-63.5,2017,21.3482
-11.0,-68.75,2017,0.7351
-2.75,-49.25,2017,1.7838
-9.25,-57.5,2017,12.3387
-5.75,-65.5,2017,0.163
-2.5,-52.0,2017,2.5026
-8.75,-55.0,2017,3.6313
-4.0,-50.0,2017,2.7699
-3.25,-52.25,2017,1.5625
-14.0,-60.25,2017,4.5454
-10.25,-51.5,2017,6.8792
-9.75,-62.0,2017,2.7582
-4.75,-55.75,2017,10.8814
-1.75,-48.5,2017,2.636
-7.25,-59.5,2017,12.516
-10.25,-63.75,2017,2.2917
-11.5,-60.75,2017,1.0375
2.25,-60.25,2017,3.6874
-9.25,-65.75,2017,29.2562
-5.5,-45.0,2017,3.9842
-10.0,-65.25,2017,13.5921
-5.0,-55.75,2017,5.4867
-1.75,-46.25,2017,2.8503
-3.5,-52.5,2017,0.6808
-3.75,-54.25,2017,4.6351
1.75,-60.5,2017,3.4089
-5.5,-51.0,2017,4.3318
-9.25,-63.5,2017,6.7544
-6.75,-59.25,2017,10.5738
-6.0,-46.0,2017,0.1542
2.75,-61.5,2017,2.1625
-4.0,-59.75,2017,3.6022
-7.0,-52.5,2017,3.8125
-9.75,-61.75,2017,0.8613
-3.5,-45.25,2017,0.8442
-2.25,-60.25,2017,0.2828
-8.75,-64.25,2017,4.8865
-4.25,-47.25,2017,1.7588
-10.25,-67.25,2017,1.8684
-5.5,-57.0,2017,1.5602
-14.25,-56.5,2017,0.2844
-4.0,-51.75,2017,6.6798
-4.25,-56.25,2017,3.1672
-3.75,-51.25,2017,14.3831
-3.75,-55.75,2017,2.4449
-8.0,-72.25,2017,1.9038
-8.5,-71.0,2017,1.2882
-3.75,-44.25,2017,0.7935
-6.25,-57.75,2017,1.3933
-1.75,-48.25,2017,3.601
-5.75,-55.75,2017,0.278
-2.5,-52.5,2017,0.3483
-9.25,-67.75,2017,6.3996
0.75,-60.0,2017,1.1865
-10.0,-58.25,2017,9.5121
-8.0,-63.5,2017,4.7652
-2.0,-56.5,2017,1.4329
-3.75,-58.75,2017,0.6064
-1.0,-53.25,2017,0.6068
-11.5,-62.5,2017,0.9435
-2.5,-48.75,2017,0.361
-9.75,-65.25,2017,3.0511
-11.25,-56.25,2017,1.8822
-7.25,-59.25,2017,2.3707
-7.5,-63.5,2017,2.1101
-6.75,-55.0,2017,2.7808
-3.5,-64.75,2017,0.9847
-10.0,-64.0,2017,5.5443
-3.5,-65.0,2017,1.0357
-1.25,-46.0,2017,0.4765
-12.25,-58.25,2017,3.6144
-10.0,-56.75,2017,1.7327
-2.0,-54.25,2017,1.2302
-6.25,-53.5,2017,15.2975
-4.25,-55.25,2017,7.9414
-7.0,-59.25,2017,18.9314
-7.75,-55.0,2017,2.7601
-9.25,-68.75,2017,3.6599
-5.5,-46.75,2017,1.2091
-4.75,-50.0,2017,0.8085
-10.75,-69.0,2017,4.8684
-7.75,-70.0,2017,1.0749
-2.0,-48.25,2017,6.1786
-8.5,-49.5,2017,0.6406
-9.75,-59.25,2017,5.417
-10.5,-64.5,2017,13.0023
-5.0,-56.0,2017,15.2883
-3.5,-47.5,2017,1.2729
-9.5,-64.75,2017,5.1953
-9.25,-67.5,2017,3.1827
-2.5,-54.25,2017,1.84
-2.0,-60.0,2017,0.5264
-12.0,-58.75,2017,0.647
-7.0,-62.75,2017,0.1593
1.0,-52.0,2017,0.3975
-7.25,-55.25,2017,1.4724
-13.25,-56.75,2017,8.912
-4.0,-52.0,2017,8.5687
-2.75,-55.0,2017,0.6619
-9.25,-65.5,2017,65.7221
-5.5,-72.25,2017,0.1519
-11.75,-62.25,2017,1.1719
-3.25,-58.25,2017,0.5615
-9.0,-72.25,2017,0.5059
-3.25,-50.75,2017,31.0786
-10.25,-54.25,2017,7.1123
-10.25,-65.0,2017,11.5588
-11.5,-54.5,2017,5.7941
-1.75,-55.0,2017,4.5589
-10.25,-64.75,2017,9.4871
-11.0,-68.5,2017,3.429
-1.75,-60.25,2017,1.1314
-10.0,-63.25,2017,3.1557
-6.5,-48.75,2017,0.9382
-11.0,-56.75,2017,0.0901
1.0,-52.25,2017,0.2808
-9.0,-50.75,2017,4.1429
-12.25,-63.75,2017,4.0832
-5.5,-50.5,2017,3.9123
-10.0,-67.5,2017,1.1217
-5.0,-50.0,2017,5.5415
-6.75,-49.25,2017,0.2982
-8.75,-69.0,2017,1.827
-7.5,-61.0,2017,2.2655
-6.25,-53.25,2017,11.6087
-5.0,-48.75,2017,1.4857
-7.5,-63.0,2017,0.5144
-10.5,-50.75,2017,2.2046
-7.25,-73.0,2017,0.277
-4.0,-48.0,2017,1.2991
-2.0,-54.5,2017,1.9162
-4.25,-48.0,2017,2.625
-6.0,-54.0,2017,1.3336
-8.75,-63.0,2017,25.3637
-4.5,-50.25,2017,2.5908
-5.0,-44.0,2017,4.6449
1.0,-60.5,2017,3.5287
-4.0,-54.0,2017,10.5983
-2.5,-58.0,2017,3.1411
-12.25,-61.75,2017,1.754
-12.0,-58.0,2017,1.7795
-11.0,-58.75,2017,0.1908
-10.5,-68.0,2017,3.0618
2.75,-51.5,2017,0.5553
-2.75,-45.25,2017,0.7491
-8.0,-63.0,2017,0.913
-7.25,-72.75,2017,2.4087
-4.0,-47.0,2017,1.5735
-2.75,-54.25,2017,3.8097
-4.0,-65.25,2017,0.176
-3.5,-52.75,2017,4.0143
-8.0,-51.5,2017,0.7031
-3.25,-52.5,2017,1.7429
-11.5,-62.0,2017,1.4972
-6.25,-49.25,2017,0.6467
-7.5,-73.25,2017,0.7539
-12.0,-63.0,2017,6.0776
-12.0,-64.0,2017,6.0742
-2.0,-59.75,2017,0.0688
-11.0,-62.75,2017,3.6233
-5.0,-56.25,2017,16.1124
-9.5,-63.0,2017,3.4003
-10.5,-51.25,2017,2.1441
-3.75,-61.75,2017,0.5934
-8.75,-49.25,2017,0.3846
-12.25,-55.25,2017,3.0851
-7.0,-49.25,2017,2.5823
-5.75,-44.5,2017,4.7844
-9.25,-64.5,2017,2.523
-1.5,-55.0,2017,5.1137
-1.75,-50.5,2017,0.5702
-12.25,-55.0,2017,1.4036
-11.0,-59.0,2017,12.3474
-2.5,-54.75,2017,1.2574
-3.25,-51.75,2017,2.9941
1.75,-51.0,2017,0.1804
-3.25,-44.0,2017,1.3838
-5.0,-46.75,2017,1.6237
-3.0,-53.25,2017,4.9214
-3.5,-50.75,2017,14.2599
-9.75,-55.75,2017,1.3477
-8.0,-56.5,2017,0.8964
-9.0,-60.5,2017,17.9408
-4.75,-49.25,2017,2.1118
-10.5,-68.5,2017,4.2829
-8.75,-61.5,2017,7.5793
-3.5,-51.0,2017,8.1712
-7.75,-56.75,2017,2.4253
-4.0,-50.75,2017,5.4073
-3.0,-49.25,2017,6.1574
-2.25,-45.5,2017,1.3924
-10.25,-61.5,2017,0.3272
-5.75,-60.0,2017,13.7319
-3.5,-59.0,2017,1.4552
-6.0,-53.5,2017,16.2167
-8.75,-68.75,2017,2.1669
-9.75,-66.25,2017,2.1042
-13.25,-60.0,2017,2.1858
-2.25,-57.25,2017,0.5517
-1.25,-53.75,2017,15.7887
-2.0,-47.5,2017,0.677
-7.5,-49.5,2017,1.0316
2.75,-51.25,2017,0.6001
-1.75,-55.5,2017,0.7127
-12.25,-57.0,2017,10.7142
-2.0,-47.75,2017,6.0187
-3.75,-52.75,2017,1.4768
-10.0,-66.75,2017,2.6068
-5.0,-46.25,2017,3.8953
-2.25,-52.25,2017,0.9305
-5.75,-51.0,2017,1.0673
-4.0,-47.5,2017,1.9157
-10.5,-67.5,2017,1.451
-4.0,-46.5,2017,3.7759
-3.75,-62.0,2017,1.0176
-9.5,-59.25,2017,11.003
-4.0,-59.25,2017,0.6696
-8.5,-70.5,2017,2.0828
-2.75,-51.5,2017,2.3763
-10.5,-64.0,2017,21.0555
-7.25,-72.5,2017,0.7493
-2.25,-56.0,2017,1.104
-3.0,-54.25,2017,1.9635
-12.5,-54.75,2017,12.2009
-8.5,-67.25,2017,12.8135
-3.75,-49.0,2017,2.8154
-4.75,-56.0,2017,14.7417
-8.25,-70.25,2017,2.234
-9.75,-51.25,2017,0.4798
-11.5,-61.5,2017,1.3399
-2.5,-47.75,2017,1.7272
-9.0,-56.75,2017,0.1171
-5.25,-48.25,2017,0.522
-11.75,-52.25,2017,0.93
-1.75,-60.5,2017,0.7509
-6.0,-53.25,2017,16.8119
-3.0,-65.25,2017,1.5363
-3.75,-59.25,2017,3.9448
2.5,-60.5,2017,0.539
-5.75,-57.0,2017,0.749
-3.5,-65.25,2017,0.2368
-3.5,-69.25,2017,0.2775
-5.75,-45.5,2017,1.3226
-2.5,-51.75,2017,1.9389
-10.25,-55.25,2017,1.1933
-10.5,-54.5,2017,3.3094
-10.0,-57.5,2017,6.0089
-10.25,-63.25,2017,5.102
-3.25,-49.5,2017,2.2453
-10.0,-64.75,2017,28.9167
-16.5,-56.75,2017,0.3802
-6.0,-45.0,2017,0.2997
-4.0,-49.25,2017,3.3045
-8.75,-63.5,2017,4.1872
-4.5,-44.0,2017,0.9855
-5.0,-46.0,2017,3.0025
0.75,-59.5,2017,5.5946
-1.0,-60.75,2017,0.0779
-4.25,-50.75,2017,8.462
-3.25,-49.0,2017,2.6802
-8.75,-69.25,2017,5.4344
-10.25,-62.0,2017,37.0493
-7.25,-57.25,2017,4.2377
-9.75,-54.75,2017,1.9233
-1.5,-55.5,2017,6.3857
-7.0,-63.0,2017,14.5236
1.0,-60.25,2017,2.0545
-9.0,-64.0,2017,1.3339
-3.75,-49.25,2017,1.1734
1.0,-59.5,2017,4.6018
-0.75,-52.5,2017,1.0427
-8.25,-55.25,2017,10.3697
-9.75,-55.5,2017,9.8681
-3.0,-51.0,2017,6.9151
-2.5,-45.25,2017,1.5534
-5.5,-45.25,2017,1.4171
-0.5,-50.0,2017,0.1059
-10.5,-52.0,2017,3.7
-3.25,-58.75,2017,0.4503
-5.0,-45.75,2017,5.9827
-10.0,-69.0,2017,4.1094
-2.75,-47.0,2017,1.3639
-1.75,-60.0,2017,0.6126
-8.0,-62.75,2017,0.1167
-4.5,-51.0,2017,11.8443
-8.75,-50.0,2017,3.814
-3.5,-47.75,2017,0.0818
-4.25,-54.75,2017,7.5946
-5.5,-44.0,2017,6.2039
-1.5,-54.5,2017,2.5738
-2.25,-49.25,2017,0.3556
-3.5,-47.25,2017,0.291
-6.0,-53.75,2017,8.3556
-11.5,-49.5,2017,0.3269
-3.5,-49.5,2017,0.9868
-8.25,-70.5,2017,1.9812
-10.25,-68.75,2017,2.4935
-4.25,-60.0,2017,2.6565
-10.5,-58.0,2017,2.5225
-3.0,-68.0,2017,0.2341
-6.25,-47.75,2017,0.1397
-6.75,-56.5,2017,2.9938
-5.0,-47.5,2017,0.4172
-5.25,-48.75,2017,0.6256
-8.75,-50.75,2017,3.9016
-6.75,-49.75,2017,3.9484
-10.0,-51.5,2017,1.0929
-9.25,-62.25,2017,30.6724
-4.25,-48.5,2017,4.6837
-4.25,-49.5,2017,0.7472
-3.25,-54.25,2017,17.5628
-8.75,-67.0,2017,12.1301
-11.0,-54.0,2017,3.3682
-8.5,-54.75,2017,5.8745
-3.5,-54.25,2017,3.4964
-2.75,-50.5,2017,1.9201
-11.0,-57.0,2017,3.195
-9.75,-66.5,2017,3.1859
-8.25,-72.75,2017,2.3302
-3.25,-57.0,2017,0.7824
-5.0,-49.5,2017,5.4238
-3.25,-50.5,2017,30.4104
-13.5,-60.0,2017,0.8827
-11.0,-69.5,2017,1.6144
-4.25,-55.5,2017,4.0143
-10.75,-55.25,2017,1.7148
-11.75,-54.5,2017,6.271
-3.75,-58.0,2017,0.4512
-9.25,-72.0,2017,1.2015
-10.0,-51.0,2017,0.336
-6.25,-49.75,2017,0.2911
-12.0,-61.75,2017,0.4459
-7.0,-50.25,2017,1.3257
-9.75,-62.5,2017,3.5531
-4.5,-55.5,2017,7.2273
-5.0,-44.75,2017,1.4323
-3.75,-47.5,2017,7.3411
-10.75,-54.75,2017,2.4041
-5.75,-51.5,2017,16.3348
-2.75,-60.0,2017,0.2056
-1.0,-54.25,2017,2.4222
-2.25,-49.75,2017,4.7217
-10.25,-58.75,2017,9.7069
-9.5,-64.5,2017,28.304
-15.5,-58.0,2017,0.8818
-7.75,-49.5,2017,0.4377
-9.0,-61.25,2017,6.0422
-10.0,-68.5,2017,1.6503
-9.0,-67.5,2017,6.4687
-10.25,-67.0,2017,0.4565
-5.75,-46.5,2017,1.9387
-13.0,-57.0,2017,0.904
-10.5,-69.25,2017,2.3075
-3.75,-59.75,2017,1.2695
-1.75,-54.0,2017,1.8704
-9.5,-67.5,2017,13.9581
-9.25,-68.0,2017,10.045
-2.75,-59.75,2017,0.3376
-4.75,-46.5,2017,6.3063
-3.75,-49.75,2017,1.3397
-8.75,-66.75,2017,24.5067
-2.25,-54.0,2017,2.0088
-7.25,-60.25,2017,2.3761
-4.5,-50.5,2017,8.5721
-5.25,-44.75,2017,2.1111
-10.5,-64.75,2017,5.3858
-6.0,-57.5,2017,1.1619
-6.5,-60.0,2017,7.0412
-9.75,-50.5,2017,2.9673
-3.25,-54.75,2017,5.7979
-9.25,-60.25,2017,4.2551
0.25,-60.5,2017,4.548
-3.25,-53.75,2017,1.5775
-8.5,-47.25,2017,0.4438
-6.75,-51.0,2017,2.1525
-7.0,-55.25,2017,3.545
-1.25,-53.0,2017,1.1182
-2.75,-47.75,2017,1.5167
-6.25,-50.75,2017,0.2198
-10.75,-62.75,2017,0.678
-5.5,-48.25,2017,2.2439
-6.0,-51.5,2017,4.6836
-8.25,-55.0,2017,2.1984
-11.75,-54.25,2017,4.3065
-10.75,-63.75,2017,1.1957
-9.75,-51.0,2017,1.1796
-1.75,-51.25,2017,1.2943
-12.75,-62.25,2017,3.9757
-5.5,-48.75,2017,1.3331
-5.25,-50.0,2017,6.6916
-11.0,-55.25,2017,0.0758
-6.75,-70.0,2017,0.6295
-9.75,-63.5,2017,16.8048
0.75,-60.25,2017,2.6799
-4.25,-50.25,2017,2.6533
-0.25,-65.5,2017,0.2864
-1.5,-51.0,2017,0.278
-1.25,-48.0,2017,0.6025
-3.0,-53.0,2017,10.3005
-3.5,-66.0,2017,0.3772
-1.5,-51.25,2017,0.4397
-11.5,-55.5,2017,3.08
-6.75,-60.25,2017,2.8593
-10.25,-59.5,2017,0.3208
-11.25,-51.75,2017,0.3314
-12.75,-54.75,2017,7.6268
-2.0,-49.0,2017,0.1112
-14.5,-60.0,2017,4.41
-2.5,-47.0,2017,2.5063
-8.5,-63.0,2017,5.2318
-7.25,-73.25,2017,0.6008
-1.25,-55.75,2017,3.1557
-9.5,-56.75,2017,1.8846
-10.75,-69.25,2017,5.3603
-10.5,-57.75,2017,1.5316
-12.5,-60.5,2017,0.8826
-9.75,-60.75,2017,1.5938
-10.5,-69.5,2017,1.4965
-5.5,-51.75,2017,1.0391
-11.25,-59.0,2017,1.7498
-3.25,-49.75,2017,1.0324
-9.25,-59.75,2017,9.5997
-9.0,-69.25,2017,2.6512
-8.0,-71.75,2017,0.2947
-8.5,-72.75,2017,0.6117
-10.25,-55.75,2017,1.4619
-8.75,-62.5,2017,6.8287
-4.75,-51.0,2017,2.0433
-9.25,-57.75,2017,0.7557
-1.0,-47.5,2017,1.0811
2.5,-51.25,2017,0.7636
-11.75,-61.5,2017,1.0437
-9.0,-50.0,2017,1.7497
-15.5,-57.5,2017,3.8725
-15.75,-57.75,2017,0.0898
-9.75,-67.5,2017,2.7638
-10.25,-53.75,2017,6.6152
-10.25,-58.0,2017,2.6617
-5.75,-44.75,2017,3.3121
-10.75,-68.25,2017,4.791
-3.25,-49.25,2017,3.3753
-0.75,-52.25,2017,1.0061
-2.0,-52.25,2017,0.5525
-7.25,-55.0,2017,8.8504
-2.0,-52.5,2017,0.1962
-1.25,-53.25,2017,3.3753
-5.25,-49.5,2017,0.5051
-9.0,-68.25,2017,0.7211
-10.75,-69.5,2017,6.9982
-5.25,-46.75,2017,0.5412
-5.75,-61.75,2017,0.1535
-10.25,-64.0,2017,4.8487
-6.5,-55.5,2017,6.1498
-1.75,-53.5,2017,0.5633
-12.25,-56.25,2017,0.116
-3.25,-63.5,2017,0.0838
-10.0,-62.5,2017,1.9768
-4.5,-44.5,2017,0.7494
-11.5,-56.25,2017,14.7926
-5.75,-44.25,2017,6.9624
-4.75,-52.75,2017,0.1454
-2.0,-52.0,2017,2.3902
-5.0,-44.25,2017,3.3865
-3.75,-44.5,2017,0.7474
-9.0,-50.25,2017,3.0309
-9.0,-67.25,2017,3.0579
-6.75,-52.25,2017,7.3032
-6.5,-53.0,2017,2.1883
-10.0,-54.0,2017,4.4472
-10.25,-51.75,2017,4.0045
-9.5,-57.0,2017,8.1668
-7.0,-51.5,2017,1.2074
-13.0,-61.0,2017,0.8303
-6.25,-47.25,2017,0.7509
-4.5,-60.0,2017,0.4623
-5.5,-49.0,2017,3.0817
-9.5,-64.0,2017,11.3692
-2.0,-46.75,2017,4.3473
-12.75,-52.0,2017,2.4568
-9.75,-58.75,2017,0.2633
-9.25,-57.0,2017,22.0662
-4.25,-50.0,2017,0.8688
-6.0,-51.75,2017,8.323
-12.25,-61.25,2017,1.2138
-11.25,-58.75,2017,0.1688
-9.0,-51.0,2017,1.1315
-3.0,-53.5,2017,2.7084
-7.75,-67.0,2017,1.5477
-11.5,-56.75,2017,3.1531
-7.0,-63.25,2017,1.8994
-2.75,-59.25,2017,0.9557
-6.25,-53.75,2017,1.474
-9.5,-69.0,2017,1.5462
-13.25,-54.25,2017,4.0828
-4.5,-70.25,2017,0.0899
-9.25,-50.75,2017,2.502
-1.25,-54.25,2017,8.3512
-11.0,-57.75,2017,0.2933
-4.25,-47.5,2017,0.0763
1.25,-60.0,2017,1.5241
-9.0,-72.75,2017,1.2712
-7.5,-70.25,2017,1.4883
-9.25,-70.5,2017,0.6704
-7.75,-62.5,2017,0.7558
-9.25,-60.5,2017,19.1808
-6.0,-48.25,2017,1.0483
-8.5,-69.75,2017,1.5752
-8.0,-70.25,2017,4.014
-3.25,-60.75,2017,0.402
-1.5,-58.5,2017,0.0685
-1.25,-52.75,2017,0.1627
-5.25,-72.75,2017,0.3457
-5.5,-47.75,2017,1.2083
0.5,-60.25,2017,0.5275
-0.5,-51.75,2017,0.9029
-5.25,-45.75,2017,0.5171
-11.25,-62.5,2017,0.6984
2.0,-61.25,2017,1.0341
0.75,-59.75,2017,4.3075
-5.5,-49.5,2017,1.7771
-1.5,-51.5,2017,1.4252
-2.5,-67.5,2017,6.8396
-10.0,-55.25,2017,2.4334
-9.75,-60.5,2017,7.4677
-9.75,-51.75,2017,1.0872
-11.25,-61.0,2017,1.0216
-1.75,-54.5,2017,1.3546
-3.75,-51.0,2017,9.074
-11.5,-55.75,2017,1.5266
-14.25,-51.75,2017,3.5676
-9.25,-51.5,2017,12.9164
-6.25,-57.5,2017,2.073
-6.25,-52.75,2017,18.9408
-2.0,-45.5,2017,0.7424
-14.0,-51.0,2017,0.2599
-1.0,-53.75,2017,4.119
-9.25,-60.75,2017,2.4879
1.75,-60.25,2017,3.4216
-16.25,-58.25,2017,0.6327
-4.75,-56.25,2017,10.6776
-0.75,-53.0,2017,0.8043
-14.5,-59.75,2017,2.4461
-9.0,-59.0,2017,4.7502
-9.5,-59.5,2017,7.0988
-8.0,-56.75,2017,0.1864
-6.75,-55.25,2017,5.9226
-8.0,-70.75,2017,0.866
-6.5,-53.5,2017,10.3123
-11.0,-52.0,2017,0.9542
-4.0,-63.75,2017,0.2421
-8.75,-71.0,2017,1.4189
-4.25,-49.75,2017,1.1836
-10.75,-68.75,2017,2.7548
-9.25,-58.5,2017,0.6109
-3.75,-57.5,2017,0.151
-3.75,-56.0,2017,0.489
-9.75,-54.5,2017,1.4448
-2.5,-57.25,2017,0.2452
-2.75,-54.0,2017,0.1504
-2.5,-56.0,2017,2.7798
-7.75,-72.75,2017,1.3484
-9.0,-72.5,2017,0.1908
-7.25,-52.5,2017,0.3167
0.0,-67.25,2017,0.0814
-11.25,-55.25,2017,4.7205
0.75,-60.5,2017,4.4784
-12.75,-55.0,2017,25.169
-6.75,-50.75,2017,0.2145
-12.0,-63.75,2017,3.9209
-10.0,-62.0,2017,1.8792
-12.25,-57.25,2017,8.6145
-9.75,-51.5,2017,1.4943
-7.5,-64.5,2017,2.9858
-7.75,-61.5,2017,19.5856
-9.0,-61.5,2017,10.5778
-2.5,-49.0,2017,9.073
-9.25,-69.0,2017,1.3227
-11.25,-56.75,2017,0.4158
1.25,-60.5,2017,2.1473
-5.25,-46.0,2017,3.8114
-12.75,-62.0,2017,8.7186
-2.75,-66.75,2017,0.4269
-6.5,-55.25,2017,1.1617
-10.5,-58.25,2017,0.5051
-3.25,-44.5,2017,0.3238
-9.0,-66.75,2017,1.9765
-3.75,-65.0,2017,1.4946
-3.25,-48.75,2017,3.491
-6.25,-51.5,2017,3.5571
-9.25,-71.0,2017,0.3195
-5.75,-48.75,2017,1.2324
3.25,-51.25,2017,0.5115
-7.5,-63.25,2017,0.8314
-2.25,-49.0,2017,1.844
-3.0,-48.0,2017,3.9661
-4.5,-46.75,2017,1.6571
-4.0,-52.25,2017,3.8718
-8.75,-67.25,2017,10.7433
-2.75,-67.25,2017,5.5581
-4.25,-63.25,2017,0.3926
-9.25,-63.25,2017,5.011
-16.25,-58.5,2017,1.1198
-6.75,-50.25,2017,0.6749
-8.5,-64.25,2017,0.3022
-11.0,-49.75,2017,2.0004
-4.25,-55.75,2017,1.2147
-2.0,-59.5,2017,0.2903
-5.5,-48.5,2017,1.5939
-11.75,-55.25,2017,1.9888
-1.5,-55.25,2017,7.0761
-4.25,-53.75,2017,4.0628
-3.25,-64.75,2017,0.7115
-16.5,-57.5,2017,0.3981
-9.5,-59.75,2017,6.1229
-10.75,-62.5,2017,0.5411
-14.25,-60.25,2017,6.7255
-4.25,-51.0,2017,10.4278
-9.25,-50.5,2017,2.1836
-9.0,-54.5,2017,0.6262
-1.25,-46.25,2017,0.2368
-10.25,-52.0,2017,3.9315
1.0,-59.75,2017,2.1728
-4.75,-48.75,2017,2.4754
-8.5,-72.5,2017,0.2124
-12.25,-57.5,2017,2.2782
-4.0,-48.75,2017,1.8143
-6.75,-52.0,2017,3.3764
-9.75,-67.75,2017,1.7379
-15.25,-60.25,2017,9.0468
-9.5,-57.5,2017,2.0816
-9.75,-57.0,2017,3.9737
-9.5,-68.0,2017,1.2549
-6.75,-59.75,2017,6.4963
-3.75,-53.75,2017,1.3621
-1.25,-48.25,2017,0.6974
-1.5,-56.0,2017,0.951
-7.25,-52.75,2017,0.1237
-10.0,-55.0,2017,0.5631
-2.0,-48.5,2017,2.0684
-0.75,-58.0,2017,0.1318
-3.75,-57.25,2017,1.6525
-10.5,-67.75,2017,6.4631
-6.75,-53.0,2017,0.5659
-12.25,-64.5,2017,1.796
-5.5,-47.0,2017,1.3971
-0.75,-47.25,2017,0.7861
-6.25,-54.0,2017,4.8602
2.5,-61.25,2017,2.961
-9.0,-66.0,2017,21.9494
-5.25,-48.5,2017,0.2925
-7.5,-60.75,2017,16.4415
-11.0,-68.25,2017,1.3496
-9.75,-64.25,2017,38.0144
-7.25,-50.75,2017,2.5215
-3.25,-52.75,2017,1.7082
-7.5,-61.5,2017,9.2295
-11.0,-65.25,2017,0.2845
-2.0,-45.75,2017,0.7251
-2.25,-50.75,2017,0.9676
4.0,-64.25,2017,0.1413
-2.0,-56.75,2017,1.2216
-7.5,-57.25,2017,0.2559
-10.0,-59.5,2017,1.641
-3.75,-62.25,2017,0.0792
-8.5,-50.75,2017,0.4908
-10.5,-56.5,2017,5.5252
-2.25,-58.0,2017,0.3489
-4.0,-44.0,2017,0.6856
-6.25,-55.25,2017,1.7524
-3.75,-61.0,2017,0.3774
-10.5,-59.5,2017,0.2811
-10.0,-63.0,2017,0.5781
-8.0,-71.5,2017,0.5164
-6.75,-63.0,2017,4.7956
-1.5,-61.0,2017,0.0658
-4.5,-55.25,2017,3.1645
-6.75,-49.5,2017,0.9361
-2.25,-46.75,2017,1.8874
-8.25,-61.5,2017,13.2724
-4.75,-44.5,2017,0.9943
-9.5,-54.5,2017,2.9763
-12.5,-57.75,2017,6.9478
-9.25,-73.0,2017,0.0708
0.25,-51.75,2017,0.0693
-1.25,-54.0,2017,5.4832
-4.25,-53.5,2017,2.2322
-6.0,-51.25,2017,2.8895
-10.75,-56.5,2017,0.6184
-12.25,-64.25,2017,9.6059
-9.75,-68.0,2017,1.4601
-5.75,-53.5,2017,18.5836
-11.25,-55.0,2017,1.1281
-9.0,-68.5,2017,4.9264
7505868.5,-7505922.25,2017,0.0001
-6.5,-51.5,2017,0.5687
-5.25,-48.0,2017,0.2763
-11.5,-56.5,2017,0.0838
-12.5,-62.0,2017,3.7423
-7.25,-64.75,2017,2.0902
-14.5,-52.25,2017,1.0804
-11.75,-57.0,2017,3.0934
-4.25,-46.75,2017,2.9904
-6.75,-51.75,2017,1.1856
-3.5,-46.5,2017,0.3459
-4.5,-49.5,2017,2.9952
-8.75,-49.0,2017,0.0715
-7.0,-71.5,2017,0.4457
-1.75,-52.25,2017,0.7946
-11.25,-61.5,2017,1.5559
-4.0,-55.75,2017,3.0664
-2.0,-53.25,2017,0.3797
-11.5,-59.0,2017,1.2166
-2.75,-68.75,2017,0.0734
-6.5,-63.0,2017,1.7711
-3.25,-45.25,2017,1.3162
-10.5,-68.75,2017,2.5407
2.5,-51.5,2017,0.1625
-12.75,-56.5,2017,1.7353
-4.0,-46.25,2017,0.3964
-4.0,-48.5,2017,0.4645
-1.5,-48.75,2017,1.7649
-12.25,-60.5,2017,6.1839
-5.25,-60.25,2017,2.1718
-9.0,-51.25,2017,2.1553
-9.25,-51.75,2017,1.8157
-7.0,-57.25,2017,1.9631
-4.25,-55.0,2017,8.9412
-9.25,-66.5,2017,5.8844
-9.25,-66.0,2017,21.5197
-4.75,-46.25,2017,3.052
-11.25,-52.25,2017,3.4964
-6.0,-58.0,2017,0.9306
-9.0,-64.25,2017,0.8951
-9.0,-61.0,2017,1.4081
-2.5,-56.5,2017,0.6657
-12.0,-61.0,2017,2.5059
-8.25,-49.75,2017,0.1849
-10.25,-62.25,2017,1.0346
-11.5,-61.25,2017,2.2148
-11.75,-61.0,2017,1.2646
-3.0,-54.5,2017,3.0361
-3.0,-55.0,2017,0.5108
-2.5,-53.5,2017,0.3498
-11.25,-55.75,2017,0.7389
-3.25,-44.25,2017,3.0627
-3.25,-46.5,2017,3.0893
-12.25,-51.25,2017,3.7687
-9.0,-69.75,2017,0.0783
-2.75,-47.25,2017,1.1121
-9.75,-68.75,2017,6.6164
-4.75,-49.5,2017,1.4766
-2.75,-48.75,2017,1.1641
-2.5,-57.75,2017,0.3662
2.75,-51.0,2017,0.1524
-5.25,-57.25,2017,0.4763
-10.0,-69.25,2017,0.764
-9.5,-65.5,2017,7.7246
-9.25,-58.25,2017,4.5408
-7.0,-57.0,2017,1.4818
-12.0,-61.25,2017,1.6932
-7.25,-49.5,2017,0.4638
-4.75,-49.75,2017,3.5911
-10.5,-60.25,2017,0.2678
-9.75,-60.0,2017,4.8198
-3.75,-61.25,2017,0.6213
-6.0,-47.25,2017,1.5119
0.0,-60.5,2017,4.6398
-12.0,-60.75,2017,2.7959
-5.5,-49.75,2017,1.9758
-0.25,-66.75,2017,0.0636
-3.75,-49.5,2017,0.7469
-15.25,-57.5,2017,1.0109
-10.25,-56.25,2017,0.3719
-1.25,-47.75,2017,0.7291
-3.75,-64.25,2017,0.2375
-5.25,-45.0,2017,1.7953
-6.0,-48.5,2017,0.378
-5.75,-56.5,2017,1.6133
-7.5,-49.75,2017,2.1905
-11.5,-52.25,2017,1.2448
-3.0,-54.75,2017,2.2004
-10.25,-67.5,2017,1.1556
-4.25,-70.0,2017,0.0916
-3.75,-59.5,2017,2.7111
-11.5,-54.75,2017,2.6914
-11.75,-63.0,2017,0.4492
3.75,-62.0,2017,0.9415
-3.5,-58.0,2017,0.2204
-3.0,-47.0,2017,1.8604
-9.75,-65.75,2017,5.0905
-1.75,-48.75,2017,1.4505
-6.5,-57.25,2017,0.0658
-3.75,-50.75,2017,2.8661
-9.75,-66.75,2017,1.9031
0.5,-51.5,2017,0.898
-1.75,-54.75,2017,4.8359
4.0,-61.5,2017,0.4315
-12.75,-60.25,2017,1.8479
-13.75,-54.25,2017,0.0873
-7.25,-60.0,2017,5.4462
-8.5,-67.5,2017,1.9569
-12.5,-61.0,2017,0.7023
-8.25,-71.0,2017,0.9044
-11.75,-58.75,2017,6.4994
-7.5,-55.25,2017,1.9009
-5.75,-49.0,2017,4.9203
-1.0,-53.0,2017,1.2305
-10.0,-67.0,2017,2.1782
-10.25,-58.25,2017,13.0585
-11.25,-49.75,2017,1.3387
-5.0,-45.5,2017,1.0029
-5.5,-45.75,2017,1.0636
-3.5,-54.5,2017,16.8242
-2.75,-60.25,2017,0.3669
-12.0,-62.25,2017,0.8661
-8.5,-51.0,2017,0.6312
-1.5,-45.75,2017,2.4931
-11.5,-61.0,2017,0.5734
-8.5,-63.75,2017,0.7736
-5.75,-57.5,2017,1.0809
-6.75,-52.75,2017,3.4987
-9.5,-51.5,2017,1.1511
-15.5,-59.5,2017,1.6959
-4.0,-46.75,2017,4.1675
-11.0,-63.0,2017,1.4365
-1.25,-60.25,2017,1.0705
-6.25,-56.0,2017,1.4632
-3.5,-57.0,2017,0.8431
-7.75,-49.25,2017,0.3754
-5.5,-57.25,2017,0.6653
-13.25,-52.5,2017,0.9928
-10.0,-56.0,2017,0.3203
-4.75,-45.75,2017,7.0324
-9.0,-69.0,2017,4.697
-11.0,-62.5,2017,0.979
-14.25,-56.25,2017,0.2281
-8.0,-73.0,2017,0.7028
-1.75,-52.5,2017,0.1136
-10.0,-68.0,2017,2.1634
-9.0,-69.5,2017,0.6667
-9.75,-56.25,2017,0.7844
-2.5,-52.25,2017,0.9846
-12.25,-54.75,2017,3.9907
-11.25,-58.0,2017,1.1952
0.0,-67.0,2017,0.0626
-1.75,-67.0,2017,0.0896
-16.0,-58.25,2017,0.5637
3.25,-51.5,2017,0.1363
-7.5,-59.75,2017,3.3766
-11.75,-65.0,2017,1.7043
-2.0,-50.25,2017,0.7251
-10.0,-67.25,2017,0.887
-5.5,-50.75,2017,4.309
0.25,-60.75,2017,0.2964
-8.75,-54.75,2017,1.568
-4.5,-45.75,2017,1.1529
-8.25,-50.75,2017,2.2092
-6.0,-45.75,2017,1.9812
-11.0,-55.5,2017,5.0546
-7.25,-60.5,2017,0.6201
-9.5,-51.75,2017,5.8239
-3.0,-57.25,2017,0.7069
-10.0,-64.5,2017,8.4093
-2.5,-50.75,2017,1.8131
-8.0,-67.25,2017,0.5237
-13.5,-53.75,2017,11.0289
-2.5,-50.5,2017,1.0789
-11.75,-59.0,2017,1.9461
-6.5,-53.75,2017,7.9498
-4.0,-49.5,2017,2.8843
-10.25,-51.0,2017,0.2439
-5.5,-55.5,2017,0.8703
-10.75,-63.0,2017,0.7374
-5.0,-57.5,2017,1.7384
-12.5,-62.25,2017,0.6023
-7.5,-62.75,2017,0.8708
-5.25,-44.0,2017,2.2866
-10.0,-59.75,2017,3.5949
-9.75,-62.25,2017,3.1566
-12.5,-55.0,2017,14.8287
-4.25,-59.25,2017,0.1091
-2.75,-46.75,2017,1.6504
-0.75,-52.0,2017,0.2422
-2.25,-53.25,2017,0.1869
-5.5,-52.0,2017,0.3836
2.5,-60.75,2017,0.0865
-4.0,-54.75,2017,4.727
-9.25,-57.25,2017,7.4533
-6.25,-45.25,2017,0.1115
-6.0,-56.5,2017,2.5452
-8.0,-64.0,2017,1.6039
3.0,-51.5,2017,0.1008
-14.25,-60.0,2017,2.6294
4.5,-61.25,2017,0.3191
-4.0,-50.25,2017,3.1741
-3.75,-64.5,2017,0.6949
-12.25,-51.0,2017,0.8941
-10.0,-58.0,2017,3.1469
-6.5,-58.5,2017,9.1215
-8.5,-70.0,2017,1.4975
-7.5,-61.25,2017,4.7538
-10.0,-58.75,2017,6.9794
-5.75,-49.75,2017,0.9854
-0.5,-65.25,2017,0.0649
-5.75,-48.5,2017,0.5588
3.5,-51.5,2017,0.3334
-7.75,-72.0,2017,0.6673
-4.5,-46.0,2017,2.4186
-3.0,-61.0,2017,0.8737
2.25,-61.5,2017,1.7594
-13.75,-57.0,2017,0.8802
-13.25,-54.0,2017,4.7183
-14.0,-56.0,2017,0.4252
-10.5,-51.75,2017,1.1323
-3.75,-69.5,2017,0.1197
-0.25,-67.0,2017,0.1414
-12.0,-52.5,2017,2.8035
-10.25,-65.25,2017,2.3871
-13.5,-55.25,2017,0.2787
-2.5,-53.0,2017,0.0708
-10.5,-53.5,2017,7.5545
-12.25,-62.0,2017,1.3926
-3.5,-60.25,2017,0.4991
-8.75,-54.5,2017,2.4648
-16.5,-58.25,2017,0.2354
-11.25,-52.75,2017,0.3651
-10.5,-59.25,2017,1.8991
-11.0,-54.25,2017,5.0041
-3.0,-53.75,2017,0.7095
-13.75,-58.5,2017,0.5624
-2.5,-50.25,2017,0.6668
-6.5,-50.5,2017,0.0709
-3.75,-44.75,2017,0.7734
-4.5,-46.25,2017,2.3173
-9.25,-56.5,2017,2.1116
-4.25,-46.5,2017,0.6319
-6.0,-47.5,2017,0.0688
-11.5,-60.5,2017,0.354
-8.75,-70.75,2017,1.7156
-11.75,-61.75,2017,1.5378
-6.75,-57.0,2017,0.1309
-3.75,-47.0,2017,0.106
-10.0,-54.5,2017,1.6518
-7.25,-56.75,2017,1.3979
-2.5,-55.25,2017,0.4477
-2.25,-51.0,2017,1.3221
-9.0,-62.25,2017,7.1251
-2.25,-47.0,2017,0.7649
-7.25,-60.75,2017,3.5188
-11.0,-55.75,2017,1.2488
-6.25,-52.0,2017,2.3335
-9.5,-68.75,2017,2.488
-12.0,-60.5,2017,2.533
-2.75,-56.25,2017,0.1082
-1.25,-55.25,2017,0.1422
-6.75,-55.75,2017,1.6708
-7.75,-63.5,2017,1.4595
-7.5,-70.0,2017,1.283
-2.75,-44.25,2017,0.3089
-1.75,-54.25,2017,2.1602
-4.25,-48.75,2017,8.7368
-10.25,-62.75,2017,0.4889
-6.5,-52.75,2017,13.0666
-6.25,-56.25,2017,0.6793
-10.5,-51.5,2017,0.649
-10.0,-51.25,2017,2.7816
-1.0,-54.0,2017,4.6304
-12.75,-57.25,2017,0.1135
-10.5,-54.0,2017,2.9941
-6.5,-52.5,2017,6.7092
-13.25,-56.25,2017,1.1513
-7.0,-52.75,2017,3.155
0.75,-65.0,2017,0.1017
-4.0,-56.25,2017,1.7609
-1.0,-56.0,2017,0.1678
-3.5,-44.75,2017,0.6604
-8.25,-51.0,2017,4.0833
-3.5,-69.0,2017,0.234
-5.5,-48.0,2017,0.5308
-7.0,-65.0,2017,0.0837
-9.5,-56.25,2017,0.3431
-4.0,-51.25,2017,5.812
-1.5,-47.5,2017,0.8815
-2.5,-49.75,2017,0.5409
-7.5,-51.0,2017,0.4103
-6.0,-62.5,2017,0.2201
-5.75,-49.25,2017,2.0037
-1.75,-66.5,2017,0.0721
-7.25,-71.5,2017,0.0631
-2.25,-56.25,2017,0.3093
-4.25,-54.0,2017,1.686
-7.5,-56.75,2017,3.5977
-3.75,-46.25,2017,0.174
-1.0,-57.25,2017,0.3325
-4.5,-47.25,2017,0.9421
-7.75,-71.75,2017,0.6358
-1.25,-55.5,2017,0.7113
-5.25,-49.0,2017,0.468
-9.75,-57.75,2017,1.3913
-9.25,-63.0,2017,0.1344
-8.0,-65.0,2017,0.6435
-5.0,-47.0,2017,1.472
-8.75,-71.75,2017,0.1503
-9.0,-63.25,2017,1.975
-9.75,-57.25,2017,2.5734
-5.25,-45.5,2017,1.1687
-11.75,-51.75,2017,0.6786
-9.0,-70.5,2017,0.4512
-4.5,-57.75,2017,0.0892
-10.5,-63.75,2017,7.3129
-8.5,-71.25,2017,0.321
-9.5,-56.5,2017,2.4979
-9.25,-69.25,2017,0.4732
-9.25,-54.5,2017,1.5006
-10.5,-55.0,2017,0.3631
-4.0,-53.75,2017,5.0488
-2.5,-45.0,2017,0.7459
-10.25,-50.5,2017,0.5799
-10.75,-56.0,2017,0.2817
-3.75,-53.25,2017,0.6534
-3.0,-65.0,2017,0.395
-6.0,-56.75,2017,0.2469
-13.0,-60.25,2017,4.0989
-4.25,-68.5,2017,1.1339
-8.5,-50.25,2017,1.3152
-5.0,-49.75,2017,4.0754
-12.5,-60.25,2017,1.5598
-10.75,-55.0,2017,1.1761
-6.75,-51.5,2017,0.7162
-6.5,-56.75,2017,1.196
-12.0,-58.25,2017,1.3606
-12.5,-54.25,2017,2.5157
-12.25,-64.0,2017,3.3938
-10.0,-60.25,2017,8.93
-12.25,-54.25,2017,0.2284
-9.5,-66.5,2017,4.5049
-1.25,-60.5,2017,0.0845
-1.0,-46.75,2017,0.145
0.5,-51.75,2017,0.3856
-13.0,-61.25,2017,1.1265
-12.25,-63.25,2017,1.049
-12.5,-61.75,2017,2.5463
-11.0,-53.75,2017,1.7657
-9.5,-62.75,2017,2.1179
-11.25,-54.25,2017,2.9218
-7.75,-70.75,2017,0.4799
-10.25,-69.5,2017,0.2357
-9.25,-68.5,2017,1.9176
-6.75,-59.0,2017,5.4848
-0.5,-52.0,2017,0.0736
-1.25,-54.5,2017,1.2048
-5.5,-57.5,2017,0.3549
-3.75,-48.0,2017,0.4453
-1.75,-49.0,2017,0.0896
-9.25,-67.0,2017,15.2334
-7.0,-60.75,2017,0.1497
-13.5,-53.5,2017,0.2468
-4.25,-48.25,2017,3.274
-2.75,-49.75,2017,0.8232
-2.75,-52.0,2017,3.491
-7.25,-63.25,2017,1.3904
-7.75,-62.75,2017,0.2072
-6.25,-57.25,2017,0.2596
-7.25,-57.0,2017,1.9772
-4.5,-47.75,2017,0.372
-2.0,-50.5,2017,0.4829
-3.0,-49.0,2017,2.5003
-9.75,-68.25,2017,2.4321
-12.75,-60.0,2017,0.4318
-2.5,-46.25,2017,0.3592
-4.0,-55.0,2017,0.2484
-12.0,-57.25,2017,10.7715
-10.5,-56.75,2017,0.7493
-2.5,-46.75,2017,1.0404
-15.25,-58.0,2017,0.1376
-9.25,-56.75,2017,0.8983
-7.0,-56.5,2017,2.6346
-10.75,-60.75,2017,0.0864
-9.75,-59.75,2017,1.4925
-6.25,-52.25,2017,4.1224
2.0,-51.0,2017,0.16
-0.25,-48.75,2017,0.4221
-4.25,-59.75,2017,0.1611
-2.25,-56.75,2017,0.3515
-8.5,-50.0,2017,0.4914
-11.25,-53.75,2017,2.1282
-4.75,-48.25,2017,0.3315
-10.0,-58.5,2017,3.0463
-1.0,-47.75,2017,0.2131
-2.25,-47.5,2017,0.0833
-3.5,-45.5,2017,0.2606
-1.75,-47.0,2017,0.5715
-9.5,-65.75,2017,0.9103
0.5,-59.75,2017,1.4519
-1.5,-53.0,2017,0.9599
-3.0,-52.25,2017,0.5727
-11.5,-51.5,2017,1.2142
-5.75,-48.0,2017,0.6952
-9.75,-56.0,2017,0.5043
-5.5,-60.25,2017,0.3101
-10.25,-51.25,2017,0.9678
-3.0,-49.5,2017,1.2963
-11.25,-55.5,2017,15.086
-5.25,-49.25,2017,0.8618
-13.25,-52.25,2017,1.4917
-9.25,-59.25,2017,1.9762
0.5,-60.5,2017,2.7668
-11.25,-59.25,2017,1.2681
-9.75,-67.25,2017,2.0032
-9.0,-65.25,2017,0.111
-7.5,-72.75,2017,0.7824
-7.0,-69.75,2017,0.2733
-10.0,-67.75,2017,1.485
-9.0,-71.25,2017,0.6512
-12.0,-63.5,2017,2.1156
-2.5,-48.25,2017,2.6652
-6.5,-69.75,2017,0.2325
-10.5,-69.0,2017,1.0574
-8.5,-54.5,2017,7.2312
883059.5,883012.75,2017,0.0002
-9.0,-65.5,2017,1.4115
-12.25,-63.5,2017,0.7819
-7.5,-55.75,2017,4.5086
-9.25,-61.0,2017,10.978
-2.5,-51.25,2017,0.2703
-10.75,-58.25,2017,0.1307
-15.5,-57.25,2017,1.5817
-1.75,-55.75,2017,0.9274
-12.5,-61.25,2017,1.3753
-4.25,-67.5,2017,0.5283
1.5,-50.75,2017,0.0826
-7.5,-67.5,2017,0.1448
-2.5,-47.5,2017,0.1819
-4.0,-68.5,2017,0.6079
-3.25,-55.5,2017,0.1384
-10.5,-65.0,2017,0.7261
-4.0,-48.25,2017,0.7214
-14.75,-57.75,2017,0.3977
-13.75,-51.0,2017,10.8892
-7.75,-67.5,2017,0.1499
-6.0,-50.25,2017,0.4892
-12.25,-58.0,2017,0.5057
-8.75,-50.25,2017,0.4097
-6.75,-70.25,2017,0.4203
-6.5,-49.0,2017,0.1399
-2.0,-55.5,2017,0.1244
1.5,-51.0,2017,0.5576
-4.75,-48.5,2017,1.3333
-4.5,-61.0,2017,0.1097
3.5,-62.0,2017,1.1116
-2.25,-48.25,2017,1.72
-1.25,-46.75,2017,0.3345
-8.75,-50.5,2017,0.206
-1.75,-47.5,2017,0.3271
-3.0,-46.75,2017,0.6095
-7.75,-56.5,2017,0.607
-10.5,-65.25,2017,0.376
-3.25,-57.5,2017,0.4713
-13.25,-61.25,2017,0.3435
-4.5,-47.0,2017,0.28
-6.75,-48.25,2017,0.4211
3.25,-61.5,2017,0.2433
-3.75,-48.75,2017,0.4973
-9.5,-66.25,2017,2.6866
-3.5,-57.5,2017,0.4538
-2.75,-54.75,2017,1.2132
-8.75,-70.5,2017,0.5817
-8.5,-51.25,2017,0.1191
-3.25,-67.0,2017,0.1142
-12.5,-57.25,2017,0.8581
-6.5,-64.25,2017,0.0937
-6.0,-61.25,2017,0.3327
-11.5,-58.75,2017,2.0908
-5.5,-50.25,2017,2.0773
-11.75,-54.75,2017,1.6636
-4.25,-56.5,2017,0.6378
-6.0,-49.25,2017,1.0086
-12.5,-52.0,2017,1.4415
2.5,-61.5,2017,1.1497
-10.25,-52.75,2017,9.9304
-15.0,-58.5,2017,1.2493
-12.75,-60.75,2017,1.1555
-3.0,-57.5,2017,0.808
-7.0,-52.0,2017,0.8192
-8.75,-64.0,2017,1.5985
-5.75,-57.75,2017,2.1644
-7.0,-56.75,2017,3.206
-1.5,-47.25,2017,1.7134
-7.75,-61.0,2017,4.8079
-7.75,-55.75,2017,0.1643
-6.0,-52.75,2017,4.2475
-5.75,-47.25,2017,0.5055
-7.75,-73.25,2017,0.1087
-2.25,-53.0,2017,0.3214
-10.5,-61.25,2017,10.2552
-12.5,-54.5,2017,8.3255
-6.25,-55.5,2017,1.4204
-1.75,-53.25,2017,0.6853
-3.25,-59.0,2017,1.0766
-2.5,-66.0,2017,0.4328
-11.75,-56.25,2017,0.4176
-2.75,-47.5,2017,0.8643
-14.75,-60.0,2017,2.642
-10.25,-57.5,2017,1.5123
-12.25,-59.25,2017,0.6227
-11.25,-61.25,2017,1.2548
-10.25,-63.0,2017,0.6963
-2.5,-50.0,2017,0.7226
-7.5,-50.5,2017,0.9167
-4.25,-54.25,2017,0.4103
-9.75,-62.75,2017,0.9637
-10.75,-65.0,2017,1.0562
-4.75,-44.0,2017,0.4901
-8.0,-49.5,2017,0.4993
-3.75,-64.75,2017,0.1492
-2.5,-61.0,2017,0.2998
-9.5,-58.0,2017,5.3598
-5.5,-46.5,2017,0.5024
-11.5,-55.0,2017,12.2842
-13.5,-61.0,2017,1.2079
-2.0,-54.75,2017,0.378
-10.25,-55.0,2017,0.2349
-10.75,-61.5,2017,0.6813
-9.25,-62.75,2017,1.0283
-13.0,-60.5,2017,0.9282
-4.0,-58.75,2017,0.1334
-1.5,-60.25,2017,2.493
-9.0,-71.5,2017,0.7634
-10.75,-51.75,2017,0.9018
-9.75,-55.25,2017,1.1993
2.25,-61.75,2017,3.4936
-4.25,-54.5,2017,0.719
-15.0,-59.25,2017,0.8737
-7.0,-51.75,2017,1.5393
-10.25,-55.5,2017,0.4465
-12.75,-51.5,2017,0.3527
-10.25,-52.5,2017,0.1512
-7.75,-63.25,2017,3.5496
-12.0,-63.25,2017,1.9334
-2.5,-51.5,2017,0.0943
-9.75,-63.0,2017,3.4791
-10.5,-59.0,2017,5.0549
-6.25,-48.5,2017,0.0703
-10.0,-68.25,2017,1.9572
-11.0,-56.0,2017,1.1985
-5.75,-51.75,2017,4.4278
-2.0,-54.0,2017,0.2799
-7.75,-50.25,2017,0.3412
-1.5,-48.5,2017,0.3129
-13.0,-53.75,2017,0.0689
-2.75,-57.25,2017,0.4677
-5.75,-61.25,2017,0.3261
-5.75,-52.25,2017,0.084
-5.25,-57.75,2017,0.367
-1.25,-57.0,2017,0.1395
-5.25,-57.0,2017,0.1836
-8.0,-72.5,2017,1.6977
-7.5,-55.5,2017,1.0946
-10.25,-68.25,2017,0.5674
-12.5,-60.75,2017,0.5487
-11.25,-65.0,2017,0.1431
-6.5,-51.75,2017,1.9527
0.75,-51.75,2017,0.3663
-3.0,-59.0,2017,0.4837
-4.25,-63.0,2017,0.3505
-3.5,-55.5,2017,1.8454
-3.5,-60.0,2017,0.157
-0.75,-47.5,2017,1.5344
-10.5,-62.75,2017,0.4392
-12.0,-56.25,2017,4.9973
-6.25,-55.75,2017,1.0212
-3.5,-44.5,2017,2.3728
-5.75,-53.75,2017,3.6523
-8.75,-71.25,2017,1.2782
-8.25,-71.25,2017,0.2413
-1.25,-50.25,2017,0.0642
-7.5,-50.0,2017,0.2502
-9.25,-50.25,2017,0.2378
-9.25,-67.25,2017,2.0943
-11.25,-61.75,2017,0.6768
-1.25,-47.0,2017,0.4154
-10.5,-63.0,2017,12.8008
0.25,-51.5,2017,0.2198
-3.25,-60.5,2017,0.3225
-15.0,-60.0,2017,0.7536
-7.0,-70.0,2017,0.2136
-6.25,-58.0,2017,3.5859
-3.25,-60.0,2017,0.0859
1.25,-52.5,2017,0.0749
-9.5,-66.0,2017,0.6267
-6.0,-47.0,2017,0.162
-12.5,-59.75,2017,0.0714
-7.0,-71.75,2017,1.4763
-10.5,-58.75,2017,1.3597
-10.5,-57.25,2017,1.34
-3.0,-44.25,2017,0.9623
-2.5,-64.75,2017,0.5545
-11.0,-61.5,2017,4.2964
-4.25,-47.0,2017,3.9454
-2.25,-51.75,2017,0.7519
-11.5,-52.0,2017,0.3316
-13.25,-53.5,2017,0.6855
-2.75,-53.5,2017,0.1986
-2.5,-55.5,2017,0.239
-5.25,-44.5,2017,0.7075
-5.75,-45.0,2017,1.7984
-7.75,-55.25,2017,1.8508
-3.5,-55.25,2017,0.1545
-2.75,-56.75,2017,0.23
-2.75,-54.5,2017,2.3532
-11.75,-51.5,2017,0.7989
-10.75,-67.75,2017,0.964
-3.75,-56.75,2017,0.2091
-2.75,-57.0,2017,0.2341
-2.75,-52.75,2017,3.7903
-10.5,-57.5,2017,0.2487
-4.5,-63.25,2017,0.1574
-5.5,-44.5,2017,1.0391
-7.0,-59.0,2017,4.3757
-9.5,-51.25,2017,0.316
1.0,-60.75,2017,1.9552
-10.0,-52.0,2017,0.1308
-12.25,-55.5,2017,0.2523
-8.75,-62.75,2017,0.4841
-9.75,-54.0,2017,0.1552
-2.0,-53.5,2017,0.3603
-9.5,-49.75,2017,0.7681
-7.25,-49.75,2017,1.5154
-10.25,-62.5,2017,0.4006
-13.5,-60.5,2017,1.3599
-5.0,-51.25,2017,0.0685
-12.5,-64.0,2017,5.6313
-3.25,-65.0,2017,0.5403
-3.5,-58.25,2017,1.2133
-2.75,-59.5,2017,1.2385
-3.0,-48.75,2017,1.3843
-4.25,-59.5,2017,0.338
-7.0,-51.25,2017,2.6787
-5.0,-47.75,2017,0.7296
-3.5,-49.75,2017,1.5956
-12.0,-57.0,2017,3.6534
-2.0,-58.25,2017,0.0672
-13.25,-60.75,2017,1.181
-9.75,-56.5,2017,2.5108
-1.75,-52.0,2017,0.889
-13.25,-57.0,2017,0.3841
-2.5,-58.25,2017,0.0906
0.0,-67.5,2017,0.0677
-6.75,-55.5,2017,8.8729
-8.0,-50.5,2017,0.1758
-14.0,-59.75,2017,0.0669
-5.5,-60.5,2017,0.0765
-2.25,-57.0,2017,0.739
-5.0,-60.25,2017,0.7536
-15.5,-52.25,2017,0.6417
-11.75,-62.5,2017,3.3013
-1.5,-47.0,2017,0.1
2.25,-60.5,2017,1.3451
-12.0,-57.5,2017,9.2303
-10.75,-56.75,2017,0.0946
-2.25,-51.5,2017,0.6691
-10.25,-56.0,2017,0.2668
-15.5,-59.75,2017,0.3317
-9.25,-70.75,2017,0.092
1.0,-51.25,2017,0.203
-13.0,-51.5,2017,0.069
-4.5,-44.25,2017,0.5029
-11.5,-49.75,2017,0.3928
-8.0,-49.75,2017,0.1922
-6.5,-47.0,2017,0.3882
-9.75,-66.0,2017,3.7198
-12.0,-56.75,2017,0.4892
-11.25,-60.75,2017,1.187
-9.75,-55.0,2017,0.5945
-3.0,-52.0,2017,1.8026
-3.25,-52.0,2017,0.7667
-2.75,-45.0,2017,0.2853
-10.25,-69.0,2017,0.5842
-9.75,-52.25,2017,1.5512
-9.5,-54.75,2017,0.2476
-4.25,-44.25,2017,0.5914
-8.0,-65.25,2017,0.1064
-5.75,-45.75,2017,0.3567
-1.5,-56.25,2017,0.0853
-0.75,-69.5,2017,0.0677
-5.25,-51.0,2017,6.8402
-12.25,-53.25,2017,0.4332
-9.75,-53.75,2017,0.7356
-12.25,-52.5,2017,0.1458
-6.75,-53.5,2017,2.0917
-1.5,-54.0,2017,0.3592
-6.5,-55.0,2017,4.9452
-13.0,-55.0,2017,0.5908
-11.5,-54.25,2017,20.4224
-7.5,-57.0,2017,1.2843
-9.25,-64.25,2017,6.7212
-5.25,-56.25,2017,7.5569
-3.0,-45.5,2017,0.4881
-14.75,-59.75,2017,0.341
-3.5,-68.25,2017,0.5802
-10.0,-59.25,2017,0.9423
2.25,-51.0,2017,0.2364
1.75,-62.25,2017,0.071
-8.75,-55.25,2017,0.2615
-1.75,-62.75,2017,0.212
-7.0,-55.0,2017,0.2874
0.25,-50.75,2017,0.1959
-8.0,-63.25,2017,0.41
-5.75,-48.25,2017,1.5185
-6.0,-60.0,2017,15.661
-3.75,-65.25,2017,0.6674
-2.5,-54.0,2017,0.5525
-8.0,-66.5,2017,0.0659
4.0,-61.75,2017,0.6619
-2.5,-47.25,2017,0.299
-4.0,-55.25,2017,2.1459
-12.5,-57.5,2017,1.3556
-4.75,-50.25,2017,0.2567
-6.0,-44.25,2017,0.2528
-6.5,-59.5,2017,0.141
-11.0,-69.75,2017,0.963
-11.75,-52.5,2017,1.531
-2.5,-51.0,2017,0.2551
-3.25,-56.75,2017,0.3228
-4.75,-46.0,2017,0.4402
-7.25,-56.25,2017,0.8928
-10.25,-52.25,2017,2.8221
-14.25,-57.25,2017,1.8329
-11.0,-60.75,2017,0.2449
-10.5,-52.25,2017,3.1992
-4.5,-56.25,2017,2.684
-6.0,-57.75,2017,3.6497
-4.75,-44.25,2017,0.4238
-7.0,-48.75,2017,0.2698
-6.75,-50.5,2017,0.4059
-2.5,-65.0,2017,0.1412
-10.0,-59.0,2017,1.0606
-7.0,-55.5,2017,0.1591
-5.75,-47.75,2017,0.3718
-13.5,-61.5,2017,0.2376
-3.5,-61.25,2017,0.2971
-12.5,-56.25,2017,4.7483
-1.75,-56.25,2017,0.1276
-2.0,-52.75,2017,0.4286
-4.0,-69.5,2017,0.146
-5.5,-67.25,2017,0.1393
-5.75,-46.0,2017,1.1954
-3.5,-58.75,2017,0.5114
-1.75,-50.75,2017,0.4147
-14.75,-55.0,2017,0.5731
-11.5,-57.5,2017,0.2683
2.0,-60.75,2017,0.7844
-5.75,-50.5,2017,1.7675
-14.25,-55.75,2017,3.3374
-8.5,-67.0,2017,1.3333
-9.0,-50.5,2017,0.4438
-5.75,-57.25,2017,0.6315
-7.75,-54.75,2017,2.1307
-5.0,-57.0,2017,0.1683
1.75,-61.0,2017,0.66
-10.0,-66.5,2017,0.2093
-6.75,-49.0,2017,0.5445
-6.5,-58.25,2017,3.1655
-9.0,-62.75,2017,1.7999
-10.0,-56.25,2017,0.607
-5.75,-56.25,2017,0.3202
-2.75,-58.0,2017,0.4141
-7.25,-56.5,2017,0.5929
-6.0,-52.0,2017,0.7811
-10.25,-59.75,2017,0.4941
-13.0,-53.5,2017,1.8322
-10.0,-51.75,2017,0.8126
-12.0,-52.25,2017,1.4879
-14.5,-56.75,2017,0.5714
-0.5,-65.0,2017,0.1679
-9.25,-71.75,2017,0.619
-7.0,-50.5,2017,1.4596
-2.0,-61.75,2017,0.0698
2.5,-51.0,2017,0.3816
-12.0,-55.0,2017,2.3135
-5.75,-47.5,2017,0.2515
-1.75,-58.5,2017,0.1461
-10.5,-55.25,2017,0.2158
-9.0,-51.75,2017,0.9145
-7.75,-50.0,2017,0.1434
-10.5,-54.75,2017,2.2555
-8.0,-66.0,2017,0.1167
3.0,-63.75,2017,0.3752
-2.75,-52.25,2017,0.5475
-5.75,-61.0,2017,0.1839
-9.5,-50.25,2017,0.4511
-5.5,-56.5,2017,0.2662
-3.5,-61.0,2017,0.317
-3.75,-44.0,2017,0.3588
-3.0,-69.25,2017,0.4092
-11.5,-58.0,2017,0.1755
-4.25,-69.5,2017,0.2281
-13.5,-54.0,2017,6.5058
-2.75,-61.0,2017,0.6781
2.25,-60.0,2017,0.3276
-12.5,-51.75,2017,0.203
-3.25,-61.25,2017,0.5946
-11.0,-69.0,2017,0.3186
-8.5,-50.5,2017,0.3292
-3.75,-60.25,2017,0.2143
5.0,-60.0,2017,0.0943
-5.75,-52.0,2017,0.069
-2.25,-51.25,2017,1.057
3.75,-51.75,2017,0.1978
-7.75,-67.25,2017,0.4657
-13.0,-60.75,2017,0.5187
-6.5,-56.25,2017,1.2243
-2.0,-57.25,2017,0.173
-9.75,-60.25,2017,8.2609
1.25,-51.5,2017,0.0861
-2.75,-55.75,2017,0.0661
-2.0,-57.0,2017,0.071
-9.25,-61.25,2017,3.1193
-1.25,-62.5,2017,0.1393
-7.75,-70.25,2017,0.158
-7.25,-70.75,2017,0.1362
-10.75,-54.25,2017,14.2231
0.75,-59.25,2017,0.6424
-11.5,-57.75,2017,0.3562
-3.0,-56.75,2017,0.468
-11.5,-53.0,2017,0.2239
-4.0,-59.5,2017,0.4307
-7.75,-55.5,2017,0.8948
-6.5,-48.25,2017,0.3746
-8.5,-62.75,2017,0.7395
-6.0,-44.0,2017,1.7729
0.5,-59.25,2017,0.0648
-3.5,-67.25,2017,0.0654
-6.5,-47.5,2017,0.4664
-8.75,-70.25,2017,0.2471
-12.25,-59.75,2017,0.4396
-8.5,-66.75,2017,2.3955
-1.75,-47.25,2017,1.1347
-10.0,-54.75,2017,0.3929
-7.5,-64.25,2017,4.0126
-6.25,-46.0,2017,0.2012
-3.5,-44.25,2017,1.3504
-15.75,-55.5,2017,0.1523
-3.25,-65.25,2017,0.4292
2.75,-61.75,2017,0.5775
-11.25,-62.0,2017,1.8312
-3.5,-64.0,2017,0.1066
-5.25,-60.0,2017,1.4458
-8.0,-70.0,2017,0.5896
-2.0,-60.25,2017,0.0685
-7.25,-50.5,2017,7.5607
-11.75,-56.5,2017,2.2859
-12.25,-62.25,2017,1.1146
-11.0,-54.75,2017,0.4265
-0.5,-64.5,2017,0.0737
-11.75,-55.0,2017,8.44
-1.25,-57.25,2017,0.1689
-3.0,-68.25,2017,0.1673
-12.0,-54.25,2017,1.9688
0.0,-50.5,2017,0.1205
-9.75,-58.25,2017,1.4719
-6.75,-59.5,2017,2.0655
-12.5,-56.75,2017,0.385
-9.75,-50.0,2017,0.5994
-11.75,-63.5,2017,0.5591
-7.5,-73.75,2017,0.0954
-11.25,-62.25,2017,0.366
-7.0,-71.25,2017,0.0688
-2.5,-59.5,2017,0.3566
-5.75,-58.0,2017,0.4064
-5.75,-60.5,2017,0.2765
0.0,-51.5,2017,0.0666
-9.0,-55.0,2017,0.3078
1.0,-50.75,2017,0.0692
-10.75,-62.25,2017,0.5314
-9.25,-54.75,2017,0.0659
-6.25,-58.25,2017,5.2422
-9.5,-60.5,2017,1.3696
-11.5,-58.5,2017,0.0761
-4.25,-44.0,2017,0.4795
-8.75,-64.75,2017,0.3362
-15.5,-57.75,2017,3.7637
-4.5,-65.25,2017,0.0834
-2.75,-48.0,2017,0.0743
-2.25,-54.5,2017,0.0751
-3.0,-57.0,2017,0.3
-2.5,-46.5,2017,0.685
-5.25,-49.75,2017,0.0667
-1.0,-52.0,2017,0.1454
-12.0,-52.0,2017,1.2351
-13.0,-56.75,2017,1.9257
-13.25,-53.25,2017,1.7471
-4.75,-47.75,2017,0.4578
-6.25,-49.0,2017,0.4803
-8.75,-66.5,2017,3.6837
-13.75,-57.25,2017,0.3648
-2.75,-49.5,2017,0.1508
-11.75,-55.5,2017,0.3656
-11.25,-57.0,2017,0.2664
-3.5,-68.75,2017,0.1663
-2.75,-50.75,2017,0.0668
-8.5,-66.5,2017,0.5618
-8.25,-49.25,2017,0.3988
-9.75,-58.5,2017,4.0847
5.0,-60.25,2017,0.0765
3.0,-61.5,2017,0.2165
-5.75,-59.75,2017,5.4591
2.0,-61.5,2017,0.8103
-10.0,-56.5,2017,0.3311
-1.0,-47.0,2017,0.3703
-2.75,-53.25,2017,0.1089
-7.75,-49.75,2017,0.3234
0.75,-50.75,2017,0.3224
-12.75,-54.5,2017,0.2393
-3.25,-46.0,2017,0.2489
-6.5,-68.0,2017,0.1281
-1.25,-47.5,2017,0.1943
-7.5,-64.75,2017,0.5931
-1.25,-69.5,2017,0.0912
-16.5,-55.0,2017,0.6161
-12.25,-55.75,2017,0.4229
-2.25,-58.5,2017,0.0839
-7.25,-54.75,2017,0.1075
-5.25,-56.75,2017,0.6063
-12.5,-53.25,2017,0.1682
-8.75,-51.75,2017,1.4756
-1.75,-56.0,2017,0.388
-4.25,-51.25,2017,0.134
-4.75,-57.5,2017,0.0803
-5.5,-44.75,2017,1.0495
-6.0,-56.25,2017,0.9374
-10.75,-57.5,2017,1.183
-10.75,-62.0,2017,0.1444
-9.5,-61.5,2017,0.558
-3.0,-69.0,2017,0.1323
-7.25,-48.5,2017,0.7585
-6.0,-49.0,2017,0.2162
-7.75,-65.0,2017,0.1611
-13.0,-52.75,2017,0.3173
-5.0,-47.25,2017,0.2219
-3.75,-48.25,2017,0.1918
0.25,-59.5,2017,0.0718
-5.5,-49.25,2017,0.7356
-0.5,-66.5,2017,0.0629
-4.25,-56.0,2017,0.3099
-13.5,-60.75,2017,1.2605
-8.25,-49.0,2017,0.6497
0.25,-69.75,2017,0.0653
-5.75,-56.75,2017,0.5414
-12.5,-56.0,2017,0.0663
-15.0,-58.75,2017,1.11
-7.5,-60.5,2017,2.1743
-2.0,-51.5,2017,0.2706
-6.25,-51.25,2017,0.9187
2.25,-56.0,2017,0.0743
-4.5,-48.75,2017,0.6596
-6.0,-49.75,2017,0.3115
-12.25,-60.25,2017,1.507
-13.25,-60.5,2017,0.4983
-9.0,-48.75,2017,0.1757
-7.25,-71.0,2017,0.2136
-10.75,-65.25,2017,0.326
-1.75,-45.5,2017,0.2093
2.5,-60.25,2017,0.5794
-3.0,-48.25,2017,0.2765
-0.25,-55.75,2017,0.0645
-4.75,-59.25,2017,0.0884
-2144492.5,15011372.0,2017,0.0
-1.75,-53.75,2017,0.7745
-4.0,-57.25,2017,0.2888
1.25,-51.0,2017,0.1838
-1.0,-63.0,2017,0.312
-3.25,-58.0,2017,0.2654
-1.5,-47.75,2017,0.4317
-12.5,-51.5,2017,6.8886
-12.75,-52.5,2017,0.551
-2.75,-55.5,2017,0.0694
-11.0,-59.25,2017,1.513
-13.0,-54.25,2017,0.2822
-3.25,-55.0,2017,0.2679
-12.5,-55.5,2017,0.7112
-8.25,-73.0,2017,1.0938
-8.0,-64.75,2017,0.1037
-14.75,-52.0,2017,0.9729
-1.5,-57.75,2017,0.2827
-11.5,-62.25,2017,0.5278
-11.75,-62.0,2017,0.9147
-7.75,-70.5,2017,0.351
-1.25,-56.0,2017,0.2379
-1.0,-52.25,2017,0.72
-12.5,-60.0,2017,0.3868
-5.0,-71.75,2017,0.1726
-7.25,-55.5,2017,2.7356
-11.25,-62.75,2017,0.5211
-12.75,-52.25,2017,0.2061
-9.25,-64.75,2017,0.5971
-8.75,-70.0,2017,0.136
-7.25,-49.0,2017,0.3955
-3.75,-58.25,2017,0.4338
-15.25,-59.5,2017,1.4547
-3.0,-60.25,2017,0.4684
-3.0,-56.5,2017,0.4732
-10.5,-54.25,2017,1.525
-13.0,-56.5,2017,0.7688
-9.25,-49.75,2017,0.221
-3.25,-69.25,2017,0.0717
-8.5,-47.0,2017,0.316
-9.75,-52.0,2017,0.797
1.5,-60.25,2017,1.1036
-7.5,-55.0,2017,0.2757
-2.25,-45.75,2017,0.1486
-8.0,-49.25,2017,0.3636
-11.25,-57.25,2017,0.7022
-13.0,-54.75,2017,0.552
-11.75,-60.5,2017,0.8996
-3.75,-46.5,2017,0.4174
-6.0,-57.25,2017,0.5404
-10.75,-54.0,2017,5.2766
-7.0,-49.5,2017,0.6914
-11.25,-54.0,2017,4.296
1.5,-60.75,2017,0.5149
-4.0,-53.25,2017,0.2414
-13.25,-57.5,2017,0.4379
-4.5,-48.0,2017,0.1592
-0.5,-61.25,2017,0.1206
-8.25,-50.25,2017,0.2735
-13.75,-56.75,2017,5.4053
-7.5,-72.5,2017,0.4526
-6.75,-69.75,2017,0.2806
-4.0,-58.25,2017,0.1755
-11.75,-49.75,2017,1.5773
-9.75,-57.5,2017,0.8184
-8.25,-63.75,2017,0.5836
-1.75,-51.5,2017,0.0736
-6.5,-50.25,2017,1.1424
-4.5,-59.25,2017,0.0701
-7.0,-50.75,2017,1.1504
-6.75,-63.25,2017,1.0326
-12.5,-52.25,2017,1.147
-6.5,-49.75,2017,0.1327
-11.75,-61.25,2017,0.3078
-4.0,-51.5,2017,0.2042
-11.0,-50.0,2017,0.822
-15.25,-59.0,2017,0.1132
-6.5,-57.75,2017,0.1611
-4.75,-48.0,2017,0.2534
-12.25,-54.5,2017,3.7435
-6.0,-55.75,2017,0.1449
0.75,-60.75,2017,0.2157
-8.25,-68.0,2017,0.0676
2.0,-61.0,2017,0.1024
-12.25,-62.5,2017,0.5453
-1.0,-57.0,2017,0.0725
-13.5,-56.5,2017,0.1722
-2.5,-60.25,2017,0.077
-2.75,-65.75,2017,0.0814
-5.0,-48.25,2017,0.8004
-6.25,-56.5,2017,0.3125
-14.5,-51.75,2017,2.5079
3.25,-61.75,2017,0.6618
-5.25,-47.25,2017,0.6406
-6.75,-62.5,2017,0.0844
-6.75,-56.75,2017,0.3897
-9.5,-55.0,2017,0.9848
-14.0,-56.5,2017,1.5247
-5.25,-47.75,2017,0.1481
-4.5,-49.0,2017,0.194
-2.0,-59.25,2017,0.1661
-3.5,-57.75,2017,0.1502
-11.75,-56.75,2017,1.4974
-4.0,-68.25,2017,0.6071
-1.5,-46.5,2017,0.0843
-12.0,-64.25,2017,0.5819
-10.5,-57.0,2017,0.0844
-7.25,-70.0,2017,0.3405
-10.75,-53.75,2017,5.6163
-6.25,-48.0,2017,0.1532
-11.5,-57.25,2017,0.1946
-9.25,-72.75,2017,0.144
-15.75,-58.0,2017,0.4097
-9.5,-50.5,2017,0.0684
-11.75,-63.75,2017,0.4289
-13.25,-61.5,2017,0.8339
-15.25,-57.75,2017,0.1939
-11.5,-60.25,2017,0.074
-3.5,-64.25,2017,0.1414
-2.25,-58.75,2017,0.3312
-13.5,-60.25,2017,1.1104
-5.0,-49.0,2017,0.2223
-6.0,-61.5,2017,0.0664
0.0,-58.25,2017,0.0917
2.25,-61.0,2017,0.2098
-12.75,-56.75,2017,1.1453
-0.75,-60.5,2017,0.071
-1.0,-48.25,2017,0.2354
-10.75,-52.0,2017,0.0676
-4.0,-49.75,2017,0.2034
1.0,-60.0,2017,0.5782
-6.5,-52.25,2017,2.3723
-5.0,-62.5,2017,0.2253
-14.75,-54.75,2017,0.0626
-2.75,-48.25,2017,0.6162
-9.75,-65.5,2017,0.3672
-6.5,-56.0,2017,0.2301
-14.0,-56.25,2017,0.2215
-4.0,-60.75,2017,0.171
-5.5,-56.75,2017,0.3768
-5.75,-52.75,2017,0.0693
-15.0,-57.75,2017,1.4698
-9.5,-51.0,2017,0.3439
-6.25,-49.5,2017,0.0856
-8.5,-53.75,2017,0.0854
-6.25,-51.75,2017,1.5134
-10.75,-57.0,2017,0.4244
-3.25,-48.0,2017,0.3865
-11.75,-57.5,2017,0.7505
-2.75,-45.5,2017,0.0641
-1.5,-45.5,2017,0.0663
-11.75,-60.75,2017,0.0833
-4.0,-62.75,2017,0.0779
-6.75,-58.75,2017,2.9066
-11.25,-52.0,2017,0.0754
-12.0,-56.5,2017,0.838
-3.25,-57.25,2017,0.3254
-15.75,-57.5,2017,0.0635
-6.5,-58.75,2017,1.8595
-6.0,-51.0,2017,0.1057
-11.75,-58.0,2017,0.1495
-2.25,-59.0,2017,0.0858
-14.25,-57.0,2017,2.2962
-7.0,-58.25,2017,0.0906
-10.75,-59.5,2017,0.1025
-12.5,-51.25,2017,0.7316
-4.5,-65.5,2017,0.4719
-1.75,-49.5,2017,0.1401
-4.25,-47.75,2017,0.2863
-1.5,-61.25,2017,0.1099
-5.75,-64.5,2017,0.0958
-8.0,-55.0,2017,2.857
-6.0,-49.5,2017,0.3803
-15.5,-55.0,2017,0.1492
-5.75,-46.25,2017,0.5892
-8.25,-73.25,2017,0.1285
-3.75,-55.25,2017,0.0989
-6.0,-50.0,2017,0.2219
-2.75,-55.25,2017,0.164
-11.0,-61.75,2017,0.3481
-3.5,-49.0,2017,0.5112
-3.25,-58.5,2017,0.3053
-12.0,-58.5,2017,1.7441
-12.0,-61.5,2017,0.1667
-6.5,-55.75,2017,1.4628
-12.0,-54.75,2017,8.7919
-9.5,-61.25,2017,2.9396
-4.0,-67.5,2017,0.1363
-1.25,-51.25,2017,0.0691
-6.25,-54.5,2017,0.0634
-12.75,-57.0,2017,7.2917
-13.5,-56.75,2017,0.8097
-3.25,-59.75,2017,0.2288
-6.0,-45.5,2017,11.7219
-4.75,-56.75,2017,0.0735
-7.25,-63.0,2017,0.8854
2.0,-61.75,2017,3.2962
-2.5,-44.25,2017,0.3703
-3.25,-48.5,2017,1.2363
2.0,-60.25,2017,1.2474
-0.25,-61.0,2017,0.4633
-2.75,-46.5,2017,0.0718
0.0,-66.25,2017,0.0659
-7.5,-50.75,2017,0.3101
-0.25,-51.5,2017,0.0647
-5.0,-56.75,2017,0.1303
-2.0,-46.0,2017,0.7248
-8.5,-51.5,2017,0.1012
-16.75,-56.0,2017,0.156
-10.5,-69.75,2017,0.2742
-15.25,-57.25,2017,0.2841
-13.75,-51.5,2017,0.1103
-4.0,-47.75,2017,0.7341
-2.75,-56.5,2017,0.471
-5.5,-67.5,2017,0.0928
0.75,-51.0,2017,0.1925
-4.0,-58.0,2017,0.0834
-2.75,-67.75,2017,0.0709
-8.0,-70.5,2017,0.5646
-6.5,-51.25,2017,0.1756
-1.5,-50.5,2017,0.5078
-4.5,-69.75,2017,0.0749
-9.5,-61.75,2017,1.7893
-4.0,-44.5,2017,0.1936
-8.0,-66.75,2017,0.0738
-1.75,-61.0,2017,0.167
-2.0,-49.5,2017,0.1544
-3.25,-61.5,2017,0.7669
-12.25,-53.5,2017,0.2283
-0.25,-66.25,2017,0.1453
-14.75,-56.75,2017,0.6239
-0.25,-66.5,2017,0.1136
-7.0,-53.0,2017,0.6727
-2.75,-46.0,2017,0.1715
-4.5,-54.5,2017,0.0742
-12.0,-59.5,2017,0.9622
-16.5,-56.0,2017,0.1873
-1.75,-66.75,2017,0.077
-6.5,-68.5,2017,0.0747
-3.75,-60.75,2017,0.1841
-15.0,-59.0,2017,0.2039
-9.5,-57.25,2017,0.8796
-12.75,-53.0,2017,0.0632
-4.0,-65.0,2017,0.2562
-13.5,-51.0,2017,0.1563
-4.75,-47.25,2017,1.2109
-2.75,-64.75,2017,0.0676
-10.5,-56.0,2017,0.1546
0.5,-60.0,2017,0.2029
-8.5,-71.5,2017,0.2587
-3.0,-67.25,2017,0.2272
-2.0,-49.75,2017,0.038
-8.25,-64.25,2017,0.0917
-8.0,-50.75,2017,0.064
-2.0,-66.5,2017,0.0688
-12.5,-55.25,2017,0.224
-13.0,-55.25,2017,1.6636
-3.75,-60.5,2017,0.0673
-11.75,-58.5,2017,0.5045
-10.75,-58.0,2017,0.0687
-0.25,-60.75,2017,0.6646
-14.0,-59.5,2017,1.7335
-10.0,-57.25,2017,3.1866
-12.25,-51.75,2017,6.9698
-7.75,-49.0,2017,0.4079
-9.25,-49.25,2017,0.1498
-11.25,-57.75,2017,0.3758
-14.75,-57.5,2017,0.0688
-7.75,-51.0,2017,0.2112
-3.5,-62.25,2017,0.0651
-9.5,-72.75,2017,0.0921
-13.5,-59.75,2017,0.0645
-11.0,-55.0,2017,0.3235
-3.75,-58.5,2017,0.3986
-5.25,-85.25,2017,0.0001
-11.0,-52.25,2017,1.5068
-1.25,-48.5,2017,0.181
-12.5,-51.0,2017,0.5909
2.25,-50.75,2017,0.0705
-1.75,-50.0,2017,0.065
-12.25,-51.5,2017,0.3782
0.25,-57.0,2017,0.0873
-12.75,-60.5,2017,1.552
-8.0,-72.75,2017,0.2965
-10.25,-50.75,2017,0.219
-12.75,-54.0,2017,0.1409
-5.0,-51.5,2017,0.0706
-3.75,-47.25,2017,2.2985
-8.75,-67.75,2017,1.5251
-3.75,-57.75,2017,0.1322
-13.5,-58.5,2017,0.0889
-0.75,-63.25,2017,0.0658
-5.75,-60.25,2017,0.0712
-6.75,-72.25,2017,0.0734
-4.0,-60.5,2017,0.3294
-9.25,-51.25,2017,0.2097
-0.75,-47.75,2017,0.4173
-11.0,-56.25,2017,3.9808
-3.25,-47.0,2017,0.0846
4.0,-64.5,2017,0.1493
-11.0,-61.0,2017,0.4555
-13.75,-59.25,2017,0.0691
-10.75,-61.25,2017,0.376
-4.25,-63.75,2017,0.0932
-15.5,-60.25,2017,0.091
-3.0,-55.75,2017,0.0774
-13.0,-60.0,2017,1.0562
-7.5,-63.75,2017,0.3727
-14.75,-59.5,2017,0.1677
-6.0,-48.75,2017,0.2153
-6.75,-57.75,2017,0.0706
-9.5,-56.0,2017,1.2925
-9.0,-68.0,2017,0.265
-12.0,-56.0,2017,0.5213
-9.0,-71.0,2017,0.1442
-12.0,-55.5,2017,0.7133
0.75,-52.25,2017,0.1075
-6.5,-57.5,2017,0.1357
-3.25,-63.75,2017,0.0738
-6.75,-66.75,2017,0.1453
-3.0,-60.0,2017,0.185
-12.25,-56.5,2017,0.1462
-0.25,-51.75,2017,0.0675
-1.25,-52.5,2017,0.3203
-10.0,-50.0,2017,0.1422
-12.5,-56.5,2017,0.1013
-9.25,-52.0,2017,0.0845
-6.5,-49.25,2017,0.0642
-14.0,-56.75,2017,4.752
-11.0,-56.5,2017,3.8384
-12.75,-55.25,2017,0.2513
-9.75,-54.25,2017,0.166
-15.75,-59.5,2017,0.4884
-16.25,-58.0,2017,0.4426
-11.5,-59.25,2017,0.4096
-14.25,-57.5,2017,0.3157
-8.5,-48.5,2017,0.0828
-4.25,-63.5,2017,0.1279
-6.25,-50.0,2017,0.1318
-8.0,-55.5,2017,0.3247
4.25,-61.5,2017,0.0698
-5.25,-47.0,2017,1.1454
-6.5,-70.0,2017,0.1354
-2.0,-50.0,2017,0.0681
-6.5,-48.5,2017,0.4595
-3.75,-61.5,2017,0.0748
-13.75,-57.75,2017,0.2433
0.75,-66.0,2017,0.0706
-7.25,-69.75,2017,0.2207
-16.25,-55.75,2017,0.1391
-1.5,-61.75,2017,0.0983
-4.5,-59.5,2017,0.1341
-8.75,-49.5,2017,0.2409
-8.0,-73.25,2017,0.0684
-12.5,-61.5,2017,0.3667
-13.0,-54.0,2017,0.418
-9.0,-71.75,2017,0.2055
-9.5,-54.0,2017,0.0932
-6.0,-46.75,2017,0.0673
-12.75,-52.75,2017,0.0782
-11.25,-64.75,2017,0.11
-4.75,-49.0,2017,0.61
1.5,-63.5,2017,0.0721
-8.25,-55.5,2017,4.4576
-3.75,-69.0,2017,0.0679
-6.0,-46.25,2017,0.1048
-10.0,-55.75,2017,0.4035
-14.0,-60.0,2017,0.7969
-7.75,-62.25,2017,0.0856
3.75,-64.25,2017,0.0655
-7.0,-60.25,2017,0.2678
-5.75,-63.25,2017,0.222
-14.5,-58.0,2017,0.0632
-7.5,-70.5,2017,0.3041
-6.25,-47.5,2017,0.1268
-11.75,-53.0,2017,0.0655
-7.5,-73.5,2017,0.0724
-3.5,-61.75,2017,0.471
-3.0,-66.75,2017,0.0859
-13.0,-57.75,2017,0.2035
-10.5,-67.25,2017,0.155
-2.25,-56.5,2017,0.0778
-10.75,-61.75,2017,0.1256
0.5,-54.25,2017,0.0689
-6.5,-47.25,2017,0.6369
-10.5,-53.75,2017,0.3817
-16.0,-55.5,2017,0.3555
-4.75,-56.5,2017,0.2707
2.5,-50.75,2017,0.0986
2.0,-62.25,2017,0.064
-5.5,-61.0,2017,0.0775
-8.25,-54.75,2017,2.3546
-15.75,-55.75,2017,0.087
-6.0,-44.75,2017,0.2692
-8.5,-55.25,2017,0.5569
-14.0,-57.0,2017,0.2275
-5.5,-59.75,2017,0.0641
-5.75,-73.0,2017,0.2485
-8.0,-69.75,2017,0.0763
-5.0,-50.25,2017,0.1778
-10.75,-59.25,2017,0.5094
-9.75,-53.5,2017,0.1918
-9.0,-59.5,2017,2.3873
-11.0,-65.0,2017,0.0721
-2.75,-51.0,2017,0.1379
-2.25,-49.5,2017,0.1534
-16.0,-59.25,2017,0.0715
-13.25,-60.25,2017,0.2009
-12.5,-54.0,2017,1.8487
-4.25,-57.75,2017,0.1844
-2.5,-44.0,2017,0.0738
-13.5,-57.0,2017,0.1099
-11.0,-61.25,2017,0.1776
-4.0,-63.0,2017,0.0644
10154554.75,8829999.0,2017,0.0002
-3.0,-61.25,2017,0.0748
-10.75,-68.0,2017,0.2574
-7.0,-66.25,2017,0.2208
-13.25,-52.75,2017,0.1413
-14.75,-57.25,2017,0.1929
-8.25,-70.0,2017,0.2251
-6.25,-64.25,2017,0.0959
-12.5,-64.25,2017,0.1402
-6.5,-59.0,2017,0.0888
-11.0,-58.5,2017,0.2435
-6.5,-50.0,2017,0.171
-12.5,-58.5,2017,0.4512
1.25,-60.75,2017,1.3535
-12.0,-55.25,2017,0.3898
-2.25,-67.25,2017,0.0687
-3.5,-69.5,2017,0.1424
-2.25,-47.25,2017,0.1013
-3.0,-59.5,2017,0.1214
-4.25,-46.25,2017,0.2195
-1.0,-61.25,2017,0.0931
-3.0,-45.25,2017,0.0889
-15.25,-60.0,2017,0.1474
-6.5,-69.5,2017,0.3257
-3.25,-60.25,2017,0.0732
-3.5,-56.5,2017,0.2229
-4.75,-51.25,2017,0.2229
-8.0,-72.0,2017,0.0897
-1.5,-57.5,2017,0.0992
-9.75,-49.75,2017,0.3082
-6.75,-64.5,2017,0.0765
-3.25,-46.25,2017,0.1465
-4.0,-57.0,2017,0.0764
-13.0,-53.25,2017,1.1904
-4.0,-68.0,2017,0.2069
-13.25,-55.0,2017,0.1458
-6.0,-64.5,2017,0.0872
-7.5,-48.75,2017,0.3695
-3.0,-46.5,2017,0.1038
-11.25,-54.75,2017,9.6669
-13.75,-55.25,2017,0.0991
-2.0,-47.0,2017,0.0648
0.5,-66.75,2017,0.0676
-5.0,-56.5,2017,0.1233
-9.0,-60.25,2017,0.666
-7.0,-56.25,2017,0.0627
2.75,-60.25,2017,0.0716
-9.25,-56.0,2017,0.0769
-3.0,-44.0,2017,0.0673
-3.0,-61.75,2017,0.149
-6.5,-68.25,2017,0.4105
-1.5,-53.25,2017,0.2517
-5.5,-45.5,2017,0.2775
-8.5,-62.5,2017,0.7365
1.75,-61.25,2017,0.0629
-1.5,-46.75,2017,0.0881
-3.0,-46.25,2017,0.0705
-16.25,-54.5,2017,0.0757
-9.25,-71.5,2017,0.0784
-1.5,-60.0,2017,0.0742
-3.75,-57.0,2017,0.161
-4.0,-63.5,2017,0.0934
-8.5,-49.25,2017,0.0709
-5.75,-64.0,2017,0.0843
-10.0,-49.75,2017,0.0735
-9.25,-64.0,2017,0.1611
-6.25,-54.75,2017,0.0837
-5.0,-48.0,2017,0.2982
-13.5,-55.75,2017,0.9109
-10.75,-64.25,2017,0.0728
-9.75,-69.25,2017,0.377
-3.25,-56.5,2017,0.0841
-14.0,-59.25,2017,0.2601
-15.5,-59.25,2017,0.2147
-0.5,-58.0,2017,0.1364
-6.25,-65.0,2017,0.1043
-3.25,-46.75,2017,0.1313
-6.25,-45.0,2017,0.0922
-2.25,-64.75,2017,0.1389
-6.25,-68.25,2017,0.2173
-6.75,-58.5,2017,0.0812
-10.75,-55.5,2017,0.1102
-1.25,-54.75,2017,0.4332
-8.5,-73.0,2017,0.0637
-4.0,-44.25,2017,0.0645
-7.0,-58.5,2017,0.1666
-9.0,-48.0,2017,0.0742
-6.25,-58.5,2017,0.0725
-3.5,-62.0,2017,0.077
-7.25,-51.25,2017,0.1932
-8.25,-49.5,2017,0.2639
-7.5,-56.5,2017,0.1679
-14.75,-59.25,2017,0.4281
-7.25,-58.25,2017,0.0652
-15.75,-56.0,2017,0.2247
-7.0,-48.25,2017,0.3401
-6.75,-61.25,2017,0.1309
-3.25,-63.0,2017,0.0763
-10.0,-49.25,2017,0.1711
-12.75,-55.5,2017,0.0684
-11.5,-57.0,2017,3.7953
-9.0,-70.0,2017,0.092
-13.0,-55.5,2017,0.1272
-9.0,-63.0,2017,0.0955
-6.25,-47.0,2017,0.0764
-3.25,-65.75,2017,0.1925
-10.75,-54.5,2017,1.1107
3.75,-63.25,2017,0.3841
-12.0,-54.5,2017,3.3548
-4.5,-61.25,2017,0.1789
-4.0,-63.25,2017,0.1309
2.75,-60.0,2017,0.345
-7.5,-60.25,2017,0.4071
-13.25,-61.0,2017,0.2668
-11.0,-54.5,2017,2.8735
-201487636608.0,-201487636736.0,2017,0.0003
-15.5,-60.0,2017,0.8521
-13.0,-52.25,2017,0.2463
-7.25,-71.75,2017,0.1378
-1.0,-53.5,2017,0.2527
-15.0,-59.5,2017,0.164
2.25,-62.0,2017,0.0945
-9.0,-59.25,2017,6.644
-6.25,-51.0,2017,0.0647
-8.75,-71.5,2017,0.074
-3.25,-45.0,2017,0.2482
-10.75,-51.0,2017,0.1512
-0.75,-57.25,2017,0.0788
-6.75,-70.5,2017,0.0674
-6.0,-57.0,2017,0.0707
-9.25,-50.0,2017,0.1469
-7.5,-64.0,2017,0.0868
-2.0,-56.25,2017,0.0728
-0.75,-50.5,2017,0.0682
-14.5,-59.5,2017,0.1665
-6.5,-54.75,2017,3.8908
-883061.5,-883112.75,2017,0.0001
-0.5,-63.5,2017,0.0634
-10.25,-54.5,2017,0.1503
-6.0,-48.0,2017,0.2486
-4.5,-49.25,2017,0.1624
-13.0,-62.5,2017,0.0908
-3.5,-47.0,2017,0.2224
3.0,-60.0,2017,0.0637
-6.5,-49.5,2017,0.0677
-1.75,85.25,2017,0.0012
-14.0,-51.75,2017,0.0912
-12.0,-57.75,2017,0.2659
-3.75,-46.75,2017,0.0762
1.5,-61.0,2017,0.3026
2.5,-61.0,2017,0.3507
-9.25,-70.25,2017,0.2413
3.0,-61.75,2017,0.1111
-2.5,-45.75,2017,0.1414
-10.75,-51.5,2017,0.0822
-4.5,-71.0,2017,0.0663
-7.25,-50.0,2017,0.1519
0.0,-51.75,2017,0.0645
-6.75,-62.0,2017,0.0653
-2.0,-67.0,2017,0.0726
-16.0,-57.75,2017,0.3151
-7.25,-72.25,2017,0.1096
-8.25,-71.5,2017,0.071
-8.25,-61.25,2017,1.6215
-8.75,-48.25,2017,0.2651
-7.25,-51.0,2017,0.063
-7.25,-58.0,2017,0.0662
-7.25,-55.75,2017,0.1763
-3.25,-61.0,2017,0.0641
-5.5,-68.0,2017,0.0658
-4.25,-44.5,2017,0.1108
3.25,-52.25,2017,0.0924
-4.0,-58.5,2017,0.092
-11.0,-52.5,2017,0.4278
-11.0,-70.0,2017,0.0722
-8.25,-50.0,2017,0.0785
-6.75,-50.0,2017,0.0678
3.75,-62.5,2017,0.0671
-4.25,-65.25,2017,0.1738
-10.75,-70.25,2017,0.0821
-4.5,-60.25,2017,0.0645
-10.25,-56.5,2017,0.0964
-2.0,-47.25,2017,0.0843
-2.5,-59.75,2017,0.0694
-9.25,-48.0,2017,0.0995
-9.0,-66.25,2017,0.3375
-5.25,-62.75,2017,0.0765
-14.25,-52.25,2017,0.3209
-6.75,-62.75,2017,0.3759
3.25,-63.25,2017,0.0905
-6.0,-53.0,2017,1.2318
-3.75,-64.0,2017,0.0902
-12.5,-58.0,2017,0.6484
-3.75,-60.0,2017,0.2449
-9.75,-71.5,2017,0.0728
-13.75,-60.0,2017,0.0834
1.0,-51.0,2017,0.1289
-7.25,-64.25,2017,0.07
-11.25,-58.25,2017,0.0827
-12.5,-57.0,2017,2.7284
-9.0,-54.75,2017,0.1087
-8.25,-67.25,2017,0.1451
-7.5,-73.0,2017,0.1057
24397717.25,46918642.0,2017,0.0001
-13.75,-56.0,2017,0.0761
-5.75,-70.5,2017,0.0903
-6.0,-64.0,2017,0.0655
-5.25,-47.5,2017,0.0705
-4.5,-64.25,2017,0.086
-10.5,-62.5,2017,0.1527
-12.25,-52.0,2017,0.1172
-4.0,-64.0,2017,0.0752
-8.75,-48.5,2017,0.7882
-10.0,-50.75,2017,0.2145
-8.5,-57.75,2017,0.0666
-4.0,-52.5,2017,0.0567
-8.0,-213.25,2017,0.0004
-8.5,-67.75,2017,0.0788
-12.25,-62.75,2017,0.0833
-5.0,-66.75,2017,0.0766
-9.5,-60.75,2017,0.1138
-5.0,-67.25,2017,0.0744
-12.25,-60.0,2017,0.4179
-9.5,-67.75,2018,7.3292
-8.0,-71.0,2018,7.6647
-6.75,-48.75,2018,2.8733
-12.25,-56.5,2018,10.0811
-4.0,-50.5,2018,6.8217
-3.0,-54.25,2018,4.1259
-4.0,-52.0,2018,11.8256
-6.5,-52.5,2018,5.7668
-4.5,-46.75,2018,2.8855
-5.25,-50.25,2018,4.8531
-7.75,-67.0,2018,1.1957
-5.25,-57.5,2018,2.9312
-2.25,-49.75,2018,1.0309
-12.75,-55.0,2018,4.536
-10.25,-64.25,2018,10.3739
-2.75,-54.75,2018,1.3447
-10.0,-60.0,2018,12.1766
-3.5,-50.25,2018,26.8407
-11.0,-54.0,2018,13.767
-11.75,-63.0,2018,2.5113
-3.0,-51.0,2018,4.3739
-4.75,-56.0,2018,7.2261
-4.25,-46.5,2018,0.5208
-9.5,-62.5,2018,7.4158
-11.25,-54.75,2018,6.0178
-2.25,-57.25,2018,0.3373
-7.75,-63.75,2018,0.3338
-11.25,-59.25,2018,2.784
-3.25,-49.25,2018,5.1971
-3.0,-47.75,2018,11.9138
-9.0,-59.0,2018,9.3014
-12.25,-63.5,2018,3.1501
-8.5,-70.25,2018,10.435
-2.5,-64.75,2018,0.3897
-9.75,-64.0,2018,25.6185
-2.75,-48.5,2018,3.0793
-2.0,-56.75,2018,3.3647
-10.5,-52.0,2018,1.6034
-7.75,-54.75,2018,2.7979
0.5,-59.75,2018,1.6395
-10.5,-64.75,2018,5.5042
-7.25,-59.5,2018,15.619
-5.5,-51.5,2018,7.0303
-10.25,-65.25,2018,5.2439
-5.5,-44.0,2018,7.4451
-7.0,-59.25,2018,23.6147
-3.75,-52.0,2018,6.3918
-8.5,-70.0,2018,7.5607
-5.5,-44.25,2018,9.0612
-7.5,-56.75,2018,1.1735
-8.75,-70.75,2018,2.9624
-3.5,-50.5,2018,12.0945
-9.5,-57.25,2018,1.1925
0.75,-50.75,2018,3.2445
1.25,-60.0,2018,2.1786
-8.5,-64.0,2018,14.1175
0.5,-60.0,2018,0.3335
-13.5,-53.25,2018,0.7318
-3.5,-50.75,2018,10.7005
-4.75,-46.75,2018,4.6862
-8.0,-71.25,2018,3.8733
-10.5,-68.5,2018,4.328
-10.0,-63.5,2018,6.2813
-9.25,-61.75,2018,5.196
-10.5,-68.75,2018,2.5523
-3.75,-59.0,2018,1.0913
-13.25,-54.25,2018,8.9637
-8.5,-63.25,2018,7.0497
-3.0,-52.75,2018,6.3223
-3.25,-50.25,2018,25.3631
-7.75,-72.75,2018,3.1858
-3.5,-54.0,2018,9.4886
-10.0,-64.5,2018,8.4064
-9.5,-69.0,2018,2.4119
-8.0,-70.25,2018,6.6744
-9.75,-64.5,2018,17.6402
-3.5,-54.5,2018,12.0688
-3.75,-54.25,2018,5.7415
-8.25,-61.5,2018,7.9795
-3.75,-64.25,2018,0.9892
-2.0,-52.0,2018,14.312
1.25,-51.25,2018,0.7459
-10.25,-58.25,2018,6.8058
-2.0,-52.75,2018,2.3595
-1.75,-55.25,2018,5.294
1.75,-60.25,2018,1.6267
-15.75,-58.0,2018,0.1347
3.75,-51.75,2018,1.3752
-9.0,-63.75,2018,9.7879
-6.25,-58.25,2018,4.8431
-2.25,-46.75,2018,3.7263
-3.75,-59.5,2018,2.0425
-4.25,-55.25,2018,10.2416
-12.5,-57.75,2018,4.2654
-10.25,-64.75,2018,18.6249
-7.0,-51.25,2018,1.5906
-5.0,-50.5,2018,13.6508
-6.25,-52.5,2018,18.1313
-5.0,-67.25,2018,0.2212
-4.25,-48.75,2018,9.525
-5.0,-51.0,2018,7.5165
-14.5,-57.5,2018,1.4867
-9.0,-62.25,2018,4.9814
-9.5,-55.0,2018,0.7756
-8.25,-55.25,2018,16.0356
-10.75,-68.5,2018,2.8027
-4.5,-55.0,2018,8.1876
-4.5,-50.5,2018,11.7792
-9.5,-63.5,2018,18.0376
-7.75,-71.5,2018,0.0661
-9.5,-64.25,2018,29.3127
-3.25,-48.75,2018,3.8245
-7.25,-59.75,2018,8.4844
-9.5,-68.5,2018,1.8291
-4.25,-54.75,2018,17.4698
-9.0,-70.75,2018,2.6805
-9.5,-68.25,2018,3.1381
-1.75,-55.0,2018,3.9916
-12.25,-60.25,2018,5.9073
-6.75,-52.5,2018,1.8611
-12.0,-63.0,2018,1.9602
-2.75,-52.0,2018,3.6703
-5.75,-50.25,2018,2.4168
-4.0,-46.75,2018,2.0768
-1.5,-55.25,2018,6.7594
2.25,-60.25,2018,2.3101
-2.25,-46.5,2018,11.4581
-11.0,-52.0,2018,1.0336
-2.5,-55.25,2018,0.4436
-6.75,-59.75,2018,7.8026
-6.75,-60.0,2018,15.3365
-5.0,-44.0,2018,2.1907
-10.5,-68.25,2018,1.5083
-7.25,-55.25,2018,6.0261
-9.5,-64.5,2018,26.6708
-0.25,-52.0,2018,0.1005
-7.25,-49.25,2018,4.5483
-4.75,-50.5,2018,11.0546
-7.0,-71.5,2018,2.0329
-10.5,-68.0,2018,3.2532
3.5,-61.75,2018,1.2672
-10.25,-62.0,2018,25.9608
-3.25,-51.25,2018,7.3523
-8.25,-72.25,2018,0.0902
-12.0,-60.75,2018,5.4633
-4.5,-55.25,2018,4.3761
-9.75,-59.0,2018,11.4151
-3.25,-54.0,2018,9.9001
-12.0,-63.5,2018,5.0866
-4.5,-50.75,2018,27.8999
-10.75,-68.25,2018,4.5788
-9.0,-69.5,2018,9.1441
-9.5,-68.0,2018,2.0923
-6.5,-55.75,2018,2.7461
-10.75,-69.25,2018,4.3126
-7.75,-56.75,2018,2.3704
-0.75,-52.25,2018,0.3481
-5.0,-56.25,2018,13.136
-7.25,-55.5,2018,15.5965
-9.25,-65.5,2018,36.8196
-8.0,-61.5,2018,11.5992
-4.5,-56.0,2018,6.3203
-4.0,-54.0,2018,8.0795
-1.75,-62.75,2018,0.3832
-4.0,-54.25,2018,12.704
-5.5,-51.0,2018,7.7766
-2.25,-52.0,2018,6.4985
-10.0,-68.75,2018,4.225
-8.75,-69.25,2018,10.5215
-9.5,-67.25,2018,5.4721
-8.0,-72.25,2018,3.4064
-3.0,-54.0,2018,5.4518
-9.75,-67.75,2018,1.8412
-1.75,-45.5,2018,0.8682
-6.0,-51.75,2018,6.6889
-2.25,-48.0,2018,2.3116
-9.25,-62.5,2018,22.7393
-7.0,-63.0,2018,12.6292
-10.25,-64.0,2018,4.5977
-1.25,-55.75,2018,4.9199
-3.5,-49.25,2018,2.446
-11.0,-61.5,2018,1.9517
-7.0,-55.25,2018,4.927
3.25,-51.5,2018,0.0875
-12.25,-57.0,2018,9.2452
-8.75,-71.0,2018,4.861
3.75,-61.75,2018,4.0262
-9.5,-62.25,2018,9.1359
-3.0,-50.5,2018,5.9522
-9.0,-68.5,2018,3.8941
-4.0,-51.0,2018,5.9292
-4.5,-49.75,2018,4.9797
-4.75,-49.75,2018,5.6459
-6.0,-57.75,2018,8.7399
-10.0,-66.75,2018,9.3971
-1.25,-52.5,2018,0.8346
-2.0,-46.5,2018,6.7186
-10.75,-68.75,2018,5.1491
-3.5,-53.75,2018,6.1337
-7.5,-72.75,2018,2.4393
-10.0,-67.5,2018,1.611
-4.25,-55.0,2018,13.6971
-10.25,-65.0,2018,10.0611
-9.75,-65.0,2018,7.3548
-8.75,-68.75,2018,5.168
-4.0,-50.75,2018,8.0364
-1.5,-53.75,2018,2.7374
-9.0,-61.75,2018,4.5335
-9.5,-60.25,2018,8.4953
-9.5,-66.5,2018,12.9077
-9.75,-67.25,2018,4.8158
-5.75,-44.0,2018,3.1764
0.0,-70.0,2018,0.07
-5.75,-49.25,2018,2.3701
-9.25,-59.5,2018,12.3543
-9.5,-67.5,2018,14.5829
-1.75,-60.0,2018,0.5921
-6.25,-52.75,2018,24.1503
-6.0,-53.5,2018,56.5864
1.0,-50.0,2018,0.145
-11.5,-61.75,2018,1.0253
-10.0,-59.5,2018,1.2729
-4.0,-55.75,2018,2.6514
-8.75,-71.25,2018,3.3912
-5.0,-62.25,2018,0.4287
2.75,-63.75,2018,0.2088
-7.25,-72.5,2018,2.1759
-9.75,-66.25,2018,4.0129
-8.5,-62.5,2018,2.9458
-1.75,-46.75,2018,1.1218
-9.75,-57.75,2018,4.1684
-6.75,-52.75,2018,1.2993
-8.5,-70.75,2018,4.7182
-3.75,-54.0,2018,2.6812
-8.25,-71.0,2018,3.4957
-8.75,-66.75,2018,24.9577
0.0,-60.5,2018,3.0278
0.25,-60.5,2018,1.223
-5.75,-44.25,2018,3.8917
-7.5,-65.25,2018,0.3658
-3.75,-57.0,2018,0.4146
-8.25,-55.0,2018,7.795
-15.25,-59.5,2018,1.5963
-6.25,-56.5,2018,0.6789
-3.75,-50.25,2018,13.9481
-2.5,-51.0,2018,0.5505
-1.0,-53.75,2018,1.4342
-9.25,-67.25,2018,4.1159
-3.0,-53.0,2018,9.5526
-3.25,-59.25,2018,0.2741
-5.5,-48.75,2018,0.7552
-4.0,-53.75,2018,9.5733
-3.75,-50.0,2018,13.255
-3.5,-50.0,2018,12.1051
-2.75,-48.75,2018,2.2095
-3.75,-49.75,2018,3.5159
-7.75,-72.5,2018,3.9413
-8.75,-69.0,2018,5.87
-1.5,-51.5,2018,1.365
-10.0,-58.0,2018,8.3241
-7.5,-70.0,2018,5.0488
-9.5,-63.75,2018,28.6439
-5.75,-44.5,2018,4.5912
-8.25,-54.75,2018,1.1019
-3.25,-53.25,2018,14.9068
-2.5,-46.75,2018,1.3436
-6.75,-55.0,2018,16.9581
-9.75,-67.0,2018,4.7148
-8.5,-66.75,2018,6.1264
-2.75,-46.75,2018,0.6688
-10.0,-68.25,2018,3.4798
0.0,-51.25,2018,0.4375
-9.25,-61.25,2018,8.1586
-7.75,-61.75,2018,3.9544
-9.5,-59.25,2018,9.641
-5.0,-57.5,2018,3.2981
-9.75,-63.75,2018,22.8071
-7.5,-73.0,2018,1.3291
-5.0,-50.75,2018,16.6922
-13.5,-61.0,2018,1.1282
2.5,-60.75,2018,0.3201
-4.75,-55.75,2018,4.7771
-3.25,-44.5,2018,0.463
-5.0,-48.0,2018,0.7865
-9.25,-68.0,2018,17.3576
-15.0,-59.0,2018,0.4514
-10.0,-68.0,2018,2.6461
-6.25,-53.0,2018,12.6244
-5.0,-48.5,2018,2.6514
-8.5,-50.25,2018,1.2529
1.0,-60.5,2018,5.3405
-2.0,-46.25,2018,2.4588
-6.0,-49.0,2018,1.0093
-2.75,-44.25,2018,0.6624
-10.75,-69.5,2018,5.4411
0.25,-51.25,2018,0.2729
-0.5,-52.0,2018,0.1927
-6.5,-62.75,2018,1.6647
-9.75,-52.0,2018,0.0737
-2.5,-57.75,2018,0.064
-7.0,-60.0,2018,13.7747
-10.0,-67.25,2018,2.7375
-10.25,-53.75,2018,3.824
-1.25,-56.0,2018,0.9357
-4.75,-50.0,2018,1.6119
-6.75,-55.25,2018,17.7333
-1.25,-53.5,2018,4.4887
-3.25,-60.75,2018,0.5411
-7.25,-64.75,2018,1.3283
-1.5,-53.0,2018,1.9969
-1.75,-55.75,2018,1.6852
-6.5,-51.75,2018,3.3524
-9.75,-54.75,2018,0.8206
-3.25,-54.75,2018,4.6417
-8.25,-70.75,2018,2.217
-9.75,-58.0,2018,8.1062
-1.25,-54.0,2018,1.5134
-1.5,-55.0,2018,3.3233
-9.25,-62.0,2018,3.5615
-5.25,-56.25,2018,1.9657
-8.25,-70.25,2018,8.3996
-1.75,-52.0,2018,2.1563
-6.75,-63.0,2018,20.9409
-7.75,-73.0,2018,7.2025
-9.25,-63.5,2018,10.8283
2.75,-60.5,2018,0.1769
-4.25,-56.25,2018,2.826
-9.75,-65.25,2018,5.5081
-12.5,-61.75,2018,0.9859
-4.25,-53.75,2018,12.4305
-4.25,-51.0,2018,6.2211
-7.25,-66.75,2018,0.1756
-4.0,-60.5,2018,0.2293
-3.75,-52.5,2018,2.6586
-9.75,-55.25,2018,1.3745
-10.0,-57.75,2018,1.6423
-11.25,-62.5,2018,1.3344
-6.25,-55.5,2018,3.185
-7.25,-55.0,2018,11.893
-14.0,-60.25,2018,7.6311
-12.25,-64.5,2018,2.5391
-9.25,-56.0,2018,1.0792
-9.25,-59.25,2018,6.1983
-7.5,-50.0,2018,0.1354
-3.25,-54.5,2018,3.3095
-7.0,-57.25,2018,1.0587
-9.75,-68.25,2018,3.6697
-7.75,-61.5,2018,12.0967
-8.25,-72.75,2018,1.1438
-6.0,-52.75,2018,8.8759
-5.25,-60.0,2018,0.6452
-1.5,-55.5,2018,8.4147
-9.0,-67.25,2018,16.291
-9.75,-66.5,2018,4.6418
-12.25,-59.75,2018,0.4826
-3.25,-50.5,2018,16.4429
3.5,-62.0,2018,1.4814
-9.75,-69.0,2018,1.5022
-3.75,-57.25,2018,0.3024
-5.25,-44.25,2018,6.6445
-0.25,-60.25,2018,0.0688
-6.0,-58.0,2018,0.8661
-10.5,-64.5,2018,6.4663
0.5,-50.75,2018,1.8512
-12.25,-51.75,2018,4.1655
-9.0,-63.5,2018,7.2755
-6.0,-56.25,2018,2.0661
-2.0,-53.25,2018,0.1823
-0.75,-53.0,2018,1.2836
-15.5,-60.25,2018,0.9888
-6.75,-59.0,2018,10.09
-1.5,-53.25,2018,1.1708
-12.0,-61.75,2018,0.5147
-10.0,-64.75,2018,15.1773
-9.25,-64.25,2018,6.5952
-10.5,-63.0,2018,2.0988
0.5,-60.5,2018,2.983
-4.5,-56.25,2018,3.6318
-5.5,-47.75,2018,1.4251
1.0,-59.5,2018,4.0878
-6.25,-53.25,2018,26.7817
-3.25,-53.0,2018,11.1164
-7.0,-56.5,2018,12.4222
-4.0,-53.5,2018,14.7683
-1.0,-52.25,2018,1.0359
-7.0,-59.75,2018,24.5772
-7.25,-58.25,2018,0.1396
-10.5,-54.5,2018,2.8832
-11.25,-61.75,2018,0.3775
-8.0,-70.0,2018,1.6643
-6.5,-53.25,2018,16.5009
-4.0,-55.5,2018,5.7675
-9.75,-61.75,2018,2.318
-4.5,-54.75,2018,3.0149
-2.25,-55.25,2018,0.3821
-3.25,-51.0,2018,2.9486
-0.5,-65.0,2018,0.0874
-8.75,-62.5,2018,16.805
-10.0,-65.0,2018,29.554
-8.0,-70.75,2018,1.8718
-3.5,-53.0,2018,2.5844
-10.25,-52.75,2018,18.6173
-6.25,-51.25,2018,2.4873
-9.75,-68.75,2018,4.1533
-9.0,-69.25,2018,5.2032
-5.0,-56.0,2018,8.3791
-5.5,-50.0,2018,4.8371
-2.25,-50.5,2018,1.838
-9.0,-67.5,2018,3.5426
-9.5,-59.5,2018,13.6836
-11.75,-65.0,2018,11.3195
-5.25,-50.5,2018,2.1327
-2.5,-48.75,2018,2.8522
-4.0,-49.0,2018,8.0081
-3.0,-48.75,2018,2.201
-9.25,-68.75,2018,7.0629
-9.0,-66.75,2018,0.9398
-5.0,-60.25,2018,2.221
-9.25,-59.0,2018,12.9079
-7.0,-59.5,2018,15.447
-3.5,-54.25,2018,18.0024
-6.5,-48.0,2018,1.3568
-9.5,-63.0,2018,3.3653
-10.25,-63.25,2018,4.2171
-5.75,-53.5,2018,9.2866
-10.75,-64.0,2018,4.7529
0.75,-60.0,2018,0.548
-2.25,-51.0,2018,1.1574
-3.25,-61.5,2018,0.3542
-10.0,-50.75,2018,0.4396
-3.0,-52.5,2018,4.1224
-2.75,-51.75,2018,16.2902
-4.5,-55.5,2018,4.9474
-4.0,-55.25,2018,1.819
-9.5,-65.5,2018,7.4981
3.5,-51.75,2018,0.2932
-1.75,-46.25,2018,0.645
-5.25,-49.5,2018,1.2224
-10.25,-67.75,2018,3.2736
-6.0,-53.75,2018,36.5641
-8.25,-51.0,2018,1.5517
-11.75,-52.5,2018,2.3689
-5.0,-55.75,2018,1.2139
-6.25,-54.0,2018,7.3333
-3.75,-59.25,2018,3.1531
-6.5,-55.0,2018,34.5011
-2.25,-48.5,2018,4.5943
-8.25,-64.0,2018,4.8145
-2.0,-52.25,2018,2.9201
-5.25,-48.25,2018,0.1003
-4.75,-46.25,2018,1.5306
-10.0,-67.0,2018,7.3968
-9.0,-68.75,2018,9.028
-5.25,-46.25,2018,1.6106
-4.5,-51.0,2018,7.9839
-11.0,-61.75,2018,0.3497
-10.75,-55.75,2018,6.3828
-5.25,-47.75,2018,1.8222
-3.75,-51.0,2018,4.2756
-4.0,-51.25,2018,0.9458
-2.25,-51.75,2018,0.2036
-10.75,-69.0,2018,6.9808
-6.5,-60.0,2018,9.8996
-1.75,-52.25,2018,1.3024
-8.5,-71.0,2018,2.063
-0.25,-51.5,2018,0.7047
-8.75,-63.0,2018,27.4702
-1.75,-51.75,2018,0.3365
-12.75,-60.25,2018,3.4073
-2.5,-47.5,2018,0.6673
-12.25,-60.75,2018,6.6138
-8.0,-69.75,2018,0.0068
2.75,-61.5,2018,5.015
-4.75,-50.75,2018,16.4707
-8.0,-63.75,2018,5.997
-0.5,-69.75,2018,0.0791
-6.5,-63.0,2018,5.835
-1.5,-48.25,2018,0.4859
-3.5,-52.25,2018,3.8221
-9.75,-59.25,2018,7.8286
-9.25,-68.25,2018,12.118
-8.5,-62.75,2018,16.1787
-1.0,-48.0,2018,1.0526
-2.25,-53.75,2018,2.505
-2.0,-53.5,2018,0.2758
1.0,-60.25,2018,5.0377
-8.0,-63.5,2018,4.7119
-8.75,-67.0,2018,11.955
-10.0,-63.25,2018,2.4237
-4.75,-56.25,2018,12.606
-5.75,-60.5,2018,0.1495
-6.75,-52.25,2018,6.2108
-3.5,-52.0,2018,3.1646
-7.75,-49.5,2018,0.0635
-6.5,-52.75,2018,4.6679
-3.25,-52.25,2018,0.4936
-10.25,-51.5,2018,3.1885
-5.25,-60.25,2018,2.7973
-4.5,-50.25,2018,4.1182
-9.75,-64.75,2018,39.5702
-12.25,-60.5,2018,2.9025
0.5,-60.25,2018,4.7152
-9.25,-59.75,2018,18.8783
-4.0,-49.25,2018,3.8009
-11.5,-61.0,2018,0.4122
-6.75,-48.5,2018,0.3237
-10.0,-54.75,2018,1.2189
-7.0,-63.25,2018,2.8688
2.0,-63.75,2018,0.1032
-4.25,-48.5,2018,6.4541
-3.5,-54.75,2018,6.8037
-5.75,-51.5,2018,8.6961
-10.25,-67.5,2018,3.7208
-8.75,-55.25,2018,4.0677
-2.0,-45.75,2018,1.2153
-3.5,-51.5,2018,6.3033
2.75,-60.25,2018,0.9725
-5.75,-51.25,2018,1.5733
-7.75,-61.25,2018,35.7341
-12.0,-52.5,2018,2.0058
-8.0,-71.5,2018,2.5779
-3.0,-53.25,2018,5.4007
-9.75,-63.25,2018,7.3552
0.75,-60.5,2018,10.428
-9.25,-67.0,2018,30.2855
-8.5,-67.5,2018,1.5038
-1.75,-54.75,2018,2.9697
-4.25,-50.25,2018,1.7035
-10.25,-59.25,2018,6.3591
-7.75,-70.0,2018,3.3727
-9.25,-60.5,2018,19.7768
-6.0,-60.0,2018,4.9023
-9.75,-53.75,2018,1.0563
-8.75,-63.25,2018,13.9108
-2.5,-54.25,2018,2.2465
-10.0,-69.0,2018,3.5574
-6.75,-49.75,2018,1.4131
-4.0,-50.25,2018,3.753
-8.75,-64.0,2018,1.6055
-3.0,-48.0,2018,4.4434
-4.5,-61.0,2018,0.6721
-0.75,-52.5,2018,0.9588
-6.25,-46.0,2018,0.4253
-3.0,-65.25,2018,1.6622
-5.25,-50.0,2018,2.8645
-5.0,-49.75,2018,8.1817
-9.5,-51.75,2018,3.422
-10.5,-56.5,2018,3.7156
-4.0,-59.25,2018,1.3192
-5.25,-49.0,2018,0.5676
-10.75,-62.0,2018,0.2972
-12.25,-64.0,2018,7.4507
-9.0,-63.25,2018,1.6602
-4.0,-52.25,2018,1.6802
-11.5,-54.5,2018,9.1381
-4.0,-54.75,2018,6.0126
-3.75,-55.75,2018,2.2207
-10.75,-54.5,2018,0.3847
-9.5,-66.75,2018,14.2235
-3.75,-55.5,2018,2.5196
-11.0,-69.0,2018,1.2846
-3.0,-54.75,2018,4.4514
-9.5,-59.0,2018,8.2837
-10.0,-55.5,2018,4.8748
-9.75,-67.5,2018,3.0579
-10.5,-64.0,2018,10.0292
-9.25,-68.5,2018,6.6679
-4.25,-46.75,2018,2.4906
-3.25,-50.75,2018,10.826
-8.5,-71.25,2018,0.7543
-1.0,-53.0,2018,2.3072
0.0,-51.5,2018,1.1081
-8.5,-72.5,2018,0.6773
-8.75,-63.75,2018,1.3521
-8.25,-63.0,2018,19.3738
-3.0,-51.25,2018,0.7525
2.5,-61.0,2018,0.4575
-7.25,-52.5,2018,1.5892
-7.0,-50.5,2018,1.7365
-9.25,-50.5,2018,0.8387
-8.5,-64.25,2018,2.7555
-2.75,-54.5,2018,2.5176
-3.25,-65.0,2018,1.0816
-6.25,-52.25,2018,5.546
-4.75,-51.0,2018,3.1542
-5.75,-50.0,2018,6.3985
-3.0,-61.0,2018,0.1708
-5.5,-44.5,2018,0.9825
0.75,-59.75,2018,3.835
-9.75,-63.0,2018,3.1456
-1.5,-56.0,2018,1.4211
-4.0,-48.75,2018,2.2317
-8.25,-55.5,2018,2.5006
-8.75,-50.75,2018,3.3177
-9.0,-68.25,2018,0.8712
-11.75,-62.75,2018,2.2455
-10.25,-63.75,2018,1.1068
-10.5,-54.75,2018,2.7154
-5.75,-57.75,2018,8.8178
-9.75,-51.0,2018,0.1379
-7.0,-70.0,2018,0.4861
-7.5,-49.5,2018,0.3868
2.25,-61.5,2018,0.8841
2.5,-61.5,2018,4.1491
-9.25,-67.75,2018,8.2583
-9.0,-61.5,2018,21.2719
1.0,-52.0,2018,0.2626
-2.25,-46.25,2018,1.3248
-7.75,-66.75,2018,0.8803
-11.0,-59.0,2018,6.3027
-6.25,-53.75,2018,17.7959
-3.0,-58.75,2018,0.0947
-3.75,-51.25,2018,4.103
-7.0,-50.75,2018,1.1723
-4.0,-50.0,2018,8.8408
-3.0,-49.25,2018,5.8094
-10.5,-65.0,2018,1.0037
-3.5,-66.0,2018,0.657
-3.5,-59.5,2018,3.239
-6.0,-48.5,2018,0.2675
-11.5,-55.5,2018,33.5228
-3.0,-68.0,2018,0.217
-10.5,-52.25,2018,1.4928
-12.25,-58.25,2018,4.0915
-12.0,-61.0,2018,3.9474
-5.5,-49.75,2018,1.3983
-4.5,-60.0,2018,0.7692
-10.25,-64.5,2018,17.9156
-10.5,-63.75,2018,6.3216
-10.25,-58.75,2018,1.9667
-2.5,-53.75,2018,1.0922
-3.75,-59.75,2018,0.3673
-10.25,-68.25,2018,1.228
-1.75,-54.25,2018,1.137
-6.0,-51.25,2018,5.7799
-10.0,-63.75,2018,15.6295
-7.5,-61.5,2018,7.7706
-2.25,-47.75,2018,2.1548
-9.25,-60.25,2018,11.3416
-8.25,-50.75,2018,2.1492
-10.25,-67.0,2018,3.0499
-6.5,-69.75,2018,0.561
-9.5,-62.75,2018,2.7387
-4.25,-60.0,2018,1.5585
-9.0,-50.75,2018,5.5592
1.5,-60.75,2018,1.0404
-8.0,-72.5,2018,3.2395
3.75,-63.25,2018,1.3483
-5.75,-49.0,2018,4.5484
-9.25,-50.75,2018,2.1353
-7.75,-63.25,2018,6.0519
-12.0,-56.5,2018,3.1288
-3.5,-51.25,2018,3.1209
-2.0,-50.75,2018,1.3051
-9.75,-64.25,2018,16.4904
-4.25,-49.25,2018,1.8342
-9.5,-64.75,2018,4.23
0.75,-60.25,2018,4.609
-6.0,-58.5,2018,0.4211
-7.5,-73.25,2018,1.1249
-10.25,-63.5,2018,8.9212
-9.0,-72.75,2018,1.6055
-4.75,-45.75,2018,2.9594
-11.5,-55.0,2018,6.0165
-12.0,-63.75,2018,7.3337
-11.0,-54.25,2018,2.3621
-11.5,-60.25,2018,0.0997
-4.5,-46.5,2018,4.092
-4.25,-50.75,2018,16.9769
-0.75,-47.75,2018,1.6876
-14.5,-59.5,2018,0.0203
-11.25,-56.25,2018,2.1825
-8.25,-62.75,2018,19.9127
-8.0,-65.75,2018,0.0746
-7.25,-55.75,2018,8.3804
-1.5,-51.75,2018,0.8859
-3.25,-59.5,2018,1.3125
-0.25,-61.0,2018,1.1636
-2.0,-57.0,2018,1.4325
-7.5,-63.5,2018,0.6453
-6.25,-47.75,2018,0.7767
-10.25,-57.75,2018,3.8957
-10.75,-57.25,2018,2.5504
-9.5,-54.5,2018,0.9284
-11.25,-59.0,2018,1.2401
-8.0,-64.0,2018,3.3108
-8.75,-72.75,2018,0.7562
1.25,-50.75,2018,0.3308
-10.0,-52.25,2018,0.347
-9.0,-71.25,2018,2.0007
-8.75,-63.5,2018,2.8586
-1.5,-55.75,2018,8.0029
-9.5,-66.25,2018,1.4246
-6.25,-53.5,2018,18.0224
3.0,-61.25,2018,0.1255
-13.25,-56.75,2018,5.3884
-3.0,-50.25,2018,6.9544
-3.5,-52.75,2018,1.5313
-3.5,-65.25,2018,0.6616
-8.5,-69.75,2018,2.136
-6.0,-52.0,2018,7.8036
-10.5,-64.25,2018,18.7316
-2.75,-56.75,2018,0.284
-5.0,-50.0,2018,6.1483
-3.0,-51.75,2018,7.875
-10.25,-58.0,2018,5.1317
-2.75,-53.0,2018,9.4446
-9.25,-62.25,2018,19.4602
1.0,-52.5,2018,0.4104
-1.75,-48.25,2018,0.7416
-3.75,-52.25,2018,7.0812
-10.25,-52.0,2018,1.8588
-9.75,-60.0,2018,2.6186
-1.5,-50.75,2018,0.0724
-1.5,-58.0,2018,0.1352
-3.25,-57.0,2018,0.3335
-4.25,-63.25,2018,0.7196
-2.75,-61.0,2018,0.2735
-12.0,-51.5,2018,11.4427
-7.5,-70.5,2018,0.4004
-6.5,-49.5,2018,0.0991
-3.75,-62.0,2018,1.5967
-8.25,-70.5,2018,4.7625
-3.75,-54.75,2018,5.6105
-4.0,-48.25,2018,0.7069
-6.25,-57.5,2018,2.131
-15.75,-59.75,2018,0.1165
-6.25,-55.75,2018,1.6868
-4.25,-50.5,2018,11.1624
-9.5,-70.5,2018,0.928
-5.25,-45.75,2018,0.2153
-11.5,-57.0,2018,4.5571
-9.25,-57.0,2018,6.2951
-2.25,-54.5,2018,0.1808
-9.25,-69.0,2018,2.6668
-6.5,-53.75,2018,1.1353
-4.25,-47.0,2018,3.0152
-5.75,-49.75,2018,1.8728
-3.25,-48.5,2018,0.2614
-9.0,-71.5,2018,2.885
-8.5,-51.0,2018,0.6425
-5.75,-60.0,2018,5.4813
-13.75,-56.0,2018,0.5246
-3.75,-54.5,2018,13.9647
-2.5,-47.75,2018,2.5006
-9.0,-69.0,2018,8.6013
-5.75,-57.0,2018,0.6327
-2.75,-60.0,2018,0.1326
-3.5,-64.75,2018,1.9496
-10.75,-51.0,2018,0.2478
-10.0,-58.75,2018,1.5142
-11.25,-61.25,2018,1.7777
-2.25,-56.75,2018,0.5168
-2.25,-48.25,2018,2.9415
-12.0,-64.0,2018,7.913
-4.25,-55.75,2018,0.737
-1.5,-53.5,2018,4.8375
-10.5,-69.5,2018,0.8413
-8.75,-69.75,2018,3.4688
-6.25,-51.75,2018,1.3941
-3.75,-44.5,2018,1.2811
-9.25,-64.5,2018,4.3986
-4.0,-54.5,2018,10.1893
-6.0,-53.25,2018,6.2246
-1.5,-54.75,2018,4.244
-10.0,-50.5,2018,4.7026
-5.5,-49.5,2018,1.6297
-11.75,-54.25,2018,5.7454
1.75,-67.5,2018,0.0642
-2.5,-49.25,2018,1.0783
-9.25,-65.75,2018,12.1341
-6.0,-50.0,2018,0.763
-6.0,-56.5,2018,2.9992
0.25,-67.25,2018,0.2016
-9.75,-68.5,2018,7.7912
-10.75,-69.75,2018,1.0617
-5.0,-49.5,2018,2.7366
-1.5,-54.0,2018,0.1899
-4.75,-46.5,2018,5.0521
3.0,-63.75,2018,0.3922
-11.0,-68.75,2018,1.5594
-3.0,-47.0,2018,0.6779
-8.0,-55.0,2018,13.5766
-7.0,-48.25,2018,0.5441
-10.25,-55.25,2018,1.7068
-5.75,-57.5,2018,7.5681
-1.5,-45.75,2018,0.1964
-9.5,-63.25,2018,19.5777
-5.75,-51.75,2018,6.7054
-12.25,-55.25,2018,6.8247
-12.5,-54.25,2018,2.3465
-3.0,-49.75,2018,0.7549
-15.5,-58.5,2018,0.179
-4.0,-44.0,2018,0.2394
-7.0,-55.5,2018,1.011
-9.75,-57.0,2018,2.6432
-10.0,-64.0,2018,10.0407
-2.25,-52.75,2018,0.4255
-6.25,-51.5,2018,1.7979
-3.25,-65.25,2018,1.5294
-5.5,-48.5,2018,2.5618
0.75,-59.5,2018,3.6924
-11.75,-60.5,2018,0.7904
-5.75,-56.75,2018,0.9353
-2.0,-51.25,2018,0.3219
-3.25,-50.0,2018,6.6572
-10.75,-56.25,2018,3.633
-8.5,-72.75,2018,2.3516
-6.25,-52.0,2018,4.3375
-2.0,-67.0,2018,0.1382
-5.5,-49.0,2018,2.4118
-8.5,-55.0,2018,15.3113
-9.5,-57.0,2018,17.2143
-9.75,-56.75,2018,13.1937
-10.75,-56.0,2018,1.3891
-9.5,-57.5,2018,1.7789
-7.25,-59.25,2018,4.0391
-13.5,-60.5,2018,4.8276
-4.5,-47.0,2018,2.1193
-2.75,-52.75,2018,3.0228
-6.75,-56.5,2018,1.7273
-10.25,-54.5,2018,0.3793
-3.75,-61.25,2018,0.3921
-9.5,-71.75,2018,0.0777
-3.75,-53.5,2018,3.0795
-6.75,-62.75,2018,0.7798
-5.0,-45.75,2018,1.5246
-5.5,-46.5,2018,0.8475
-6.5,-48.75,2018,0.8802
-12.25,-57.75,2018,1.0855
-3.0,-65.5,2018,1.689
1.5,-61.0,2018,0.2307
-4.25,-55.5,2018,2.7625
-10.25,-51.0,2018,1.5531
-3.0,-54.5,2018,3.1987
-9.0,-62.0,2018,10.2642
-10.0,-56.0,2018,0.667
-2.0,-60.0,2018,0.5977
-3.5,-59.0,2018,1.826
-7.0,-59.0,2018,2.9028
0.75,-51.0,2018,0.6845
-8.0,-54.75,2018,3.0506
-8.75,-70.5,2018,1.7871
-15.0,-57.0,2018,0.3376
-1.25,-53.0,2018,1.6777
-4.25,-53.5,2018,10.2011
-3.5,-55.5,2018,2.8281
-4.5,-46.25,2018,1.6971
-13.5,-59.75,2018,0.4531
-12.5,-54.5,2018,9.6607
-9.5,-65.75,2018,8.3272
-9.75,-66.75,2018,2.8165
-6.0,-51.5,2018,6.6763
-7.5,-64.5,2018,4.4825
-14.5,-59.75,2018,1.4988
-4.75,-49.25,2018,1.4757
-2.25,-57.0,2018,2.1878
-8.5,-54.5,2018,3.5884
-11.0,-56.0,2018,1.0183
-10.0,-63.0,2018,3.1767
3.0,-64.0,2018,0.0814
4.0,-51.75,2018,0.1136
-12.75,-61.5,2018,1.9673
-3.0,-49.0,2018,2.3551
-6.0,-44.0,2018,2.2525
-7.0,-60.75,2018,0.4427
-3.25,-58.0,2018,0.2967
-10.25,-58.5,2018,0.9855
2.75,-61.75,2018,4.5319
-4.5,-47.25,2018,3.3998
-13.25,-60.75,2018,0.4485
-5.0,-44.5,2018,0.4918
-5.0,-46.0,2018,1.5671
-15.0,-60.0,2018,0.3346
-10.5,-67.75,2018,4.5092
-7.25,-49.5,2018,0.5019
-6.0,-62.5,2018,0.6658
-6.25,-49.0,2018,0.226
-7.5,-63.25,2018,0.756
-8.0,-71.75,2018,0.7706
-8.75,-55.0,2018,3.6436
-10.0,-67.75,2018,0.8242
-8.5,-48.75,2018,0.1619
-2.75,-59.25,2018,0.2611
-11.0,-54.75,2018,0.7914
-4.25,-48.0,2018,1.3865
-9.5,-70.75,2018,0.1483
-10.5,-69.0,2018,1.8531
-2.5,-57.25,2018,0.4281
-6.0,-57.0,2018,0.5461
-12.25,-61.25,2018,3.0487
-11.75,-52.0,2018,2.2756
-3.75,-49.5,2018,1.4251
-12.0,-57.25,2018,1.6333
-11.75,-56.75,2018,1.8087
-4.5,-46.0,2018,0.3895
-2.0,-48.75,2018,1.7009
-4.5,-48.5,2018,4.5067
-9.25,-51.5,2018,8.5945
-2.5,-54.0,2018,1.6989
-3.0,-52.0,2018,0.8527
-1.5,-46.0,2018,1.2058
-3.0,-44.0,2018,0.3213
-7.75,-72.25,2018,3.1793
-4.25,-49.0,2018,1.6916
-8.5,-63.5,2018,4.7271
-9.5,-57.75,2018,19.0487
-5.75,-48.25,2018,0.9745
-11.25,-55.25,2018,16.3162
-12.0,-56.75,2018,4.9842
-7.75,-55.5,2018,29.323
-6.0,-52.25,2018,6.1041
-9.0,-64.25,2018,11.5078
-1.25,-53.75,2018,7.2489
-4.0,-47.0,2018,4.3597
0.5,-52.0,2018,0.1651
-2.75,-49.75,2018,0.6103
-5.75,-44.75,2018,1.0618
-9.75,-63.5,2018,15.5999
-3.25,-61.0,2018,0.1421
-3.25,-49.5,2018,3.8827
-10.0,-57.5,2018,6.64
3.75,-63.5,2018,0.3827
-8.0,-49.25,2018,0.1983
-9.0,-51.5,2018,12.3053
-10.5,-57.75,2018,2.8477
1.0,-51.0,2018,0.1014
-7.5,-55.25,2018,14.2695
0.5,-51.25,2018,0.4958
-0.75,-47.5,2018,1.1456
-12.25,-62.0,2018,1.2797
-10.0,-59.25,2018,1.1033
-8.25,-72.0,2018,0.1583
-6.75,-56.25,2018,1.9164
-3.5,-49.75,2018,1.3886
-10.0,-58.25,2018,3.9513
-12.25,-56.75,2018,0.7299
-6.75,-52.0,2018,2.1311
-2.75,-54.25,2018,4.2152
-9.5,-52.0,2018,5.5697
-10.25,-68.0,2018,5.2559
-3.75,-51.5,2018,2.5877
-5.25,-49.75,2018,0.9923
2.5,-51.25,2018,0.4526
-5.25,-51.0,2018,17.8481
-10.0,-64.25,2018,19.6026
2.5,-61.25,2018,0.4306
-9.5,-59.75,2018,13.0947
-8.75,-67.25,2018,3.6147
0.75,-60.75,2018,0.7423
-6.75,-51.0,2018,0.7172
-2.25,-47.0,2018,0.3025
-6.0,-45.5,2018,1.3221
-8.75,-64.25,2018,5.718
-10.5,-59.0,2018,3.2828
-12.5,-55.5,2018,0.3
-9.75,-50.5,2018,0.7497
-8.75,-69.5,2018,20.6425
-3.75,-50.5,2018,6.07
-5.5,-50.5,2018,3.996
-2.5,-48.25,2018,5.0104
-10.5,-54.25,2018,0.8834
-11.0,-55.75,2018,3.4769
-16.75,-55.75,2018,0.2018
-3.0,-49.5,2018,1.9309
-9.25,-66.0,2018,41.6186
-10.0,-54.0,2018,2.0663
-10.75,-59.25,2018,1.9979
-9.0,-65.5,2018,5.5711
-9.0,-61.25,2018,5.6066
-4.25,-48.25,2018,4.4241
-4.5,-61.25,2018,0.0766
-8.25,-71.25,2018,0.9369
-4.75,-49.0,2018,0.6067
-16.25,-55.75,2018,0.3026
-5.75,-56.5,2018,1.6586
-16.25,-58.5,2018,0.7727
-7.75,-55.0,2018,14.129
-6.25,-49.75,2018,0.4511
2.5,-60.25,2018,2.1753
-5.75,-45.25,2018,0.8576
-2.75,-49.25,2018,1.2333
-3.25,-61.25,2018,1.1114
-6.5,-51.5,2018,4.6164
-10.0,-62.5,2018,1.9696
-4.5,-55.75,2018,5.178
-4.25,-52.75,2018,0.0729
-10.0,-58.5,2018,0.7526
-12.5,-51.25,2018,0.1921
-6.25,-55.25,2018,12.7643
-5.75,-57.25,2018,0.2385
-9.5,-68.75,2018,2.961
-8.5,-70.5,2018,4.5122
-0.75,-52.0,2018,0.1941
-10.75,-63.5,2018,1.6359
-10.0,-65.25,2018,10.1796
-3.0,-58.25,2018,0.0739
-7.5,-48.75,2018,0.1772
-7.0,-52.5,2018,4.6996
3.75,-61.5,2018,0.1475
-1.25,-54.25,2018,2.0084
-4.0,-61.25,2018,0.3523
-4.25,-54.5,2018,2.4208
-6.75,-59.25,2018,2.6937
-10.75,-63.75,2018,1.8404
-12.5,-61.25,2018,2.4316
-10.5,-51.0,2018,1.3471
-1.75,-65.5,2018,0.3267
-7.75,-71.75,2018,0.7065
-9.75,-68.0,2018,1.6275
-5.5,-47.0,2018,1.9747
-4.25,-49.75,2018,2.461
2.25,-51.5,2018,0.1737
-4.75,-67.0,2018,0.5434
-3.0,-65.0,2018,0.8675
-10.75,-65.0,2018,0.8729
-4.75,-44.0,2018,1.0317
-3.5,-58.5,2018,1.2057
0.25,-60.75,2018,4.8935
-9.0,-64.0,2018,5.94
-11.25,-61.0,2018,0.823
-9.25,-60.75,2018,4.4114
-11.5,-62.25,2018,0.7555
-10.75,-58.5,2018,2.6154
-4.5,-50.0,2018,1.1149
-3.25,-51.75,2018,1.8957
-6.5,-55.25,2018,3.9513
-10.75,-55.25,2018,2.3734
-7.25,-72.75,2018,3.6503
-3.5,-53.25,2018,3.7097
-6.0,-55.5,2018,0.7073
-3.75,-51.75,2018,4.127
-7.0,-49.25,2018,2.3779
-5.25,-50.75,2018,6.3644
-5.0,-50.25,2018,0.0715
-13.5,-56.75,2018,1.0679
2.0,-60.75,2018,0.5812
-2.0,-45.5,2018,2.2247
-12.75,-62.0,2018,5.0857
-11.0,-69.75,2018,1.3222
-6.5,-55.5,2018,7.7016
-7.5,-59.75,2018,2.2969
-2.5,-48.0,2018,7.0386
-6.5,-53.5,2018,21.4224
-1.75,-47.25,2018,0.2809
-2.75,-65.75,2018,0.0648
-6.75,-69.75,2018,0.617
-3.5,-68.25,2018,0.3942
-9.5,-64.0,2018,9.9331
-2.5,-50.75,2018,1.8365
-12.0,-54.5,2018,1.3732
-12.25,-61.0,2018,1.5207
-8.0,-66.0,2018,0.081
-9.25,-61.0,2018,6.4355
-6.0,-44.25,2018,0.6815
-10.5,-67.5,2018,1.5294
-4.0,-47.5,2018,0.8022
-3.5,-53.5,2018,4.1535
-1.75,-53.25,2018,0.8414
-5.75,-55.75,2018,0.2661
-3.5,-51.0,2018,3.3654
-11.0,-68.5,2018,3.1677
2.75,-51.5,2018,0.6399
-8.25,-49.5,2018,0.636
-8.0,-63.0,2018,1.5527
-1.25,-53.25,2018,0.6473
-10.25,-54.0,2018,3.1247
-3.5,-45.0,2018,0.1678
-13.0,-56.25,2018,0.1287
-2.5,-47.0,2018,1.2874
-5.0,-67.0,2018,0.4648
-10.25,-62.25,2018,0.3055
-5.5,-50.75,2018,2.5881
-7.5,-57.0,2018,0.7646
-1.75,-46.5,2018,0.6538
-4.75,-49.5,2018,3.5075
-13.0,-60.25,2018,3.8635
2.5,-61.75,2018,1.9088
-6.75,-63.25,2018,2.0052
-0.25,-51.75,2018,0.6835
-5.0,-44.25,2018,2.484
-11.5,-51.5,2018,1.0626
-9.5,-56.75,2018,6.3378
-11.25,-60.75,2018,2.2292
-3.5,-64.5,2018,1.7352
-2.25,-48.75,2018,0.4779
-6.5,-62.5,2018,0.3607
-11.0,-68.25,2018,2.117
-1.75,-51.25,2018,1.0108
-2.75,-47.75,2018,2.2609
-4.75,-57.5,2018,0.2575
-11.0,-69.5,2018,2.6289
-7.5,-55.0,2018,1.9929
-5.0,-48.75,2018,2.1505
-3.25,-49.75,2018,2.0415
-8.75,-68.5,2018,0.2343
-10.0,-60.25,2018,20.7593
-10.5,-69.25,2018,1.0353
-5.5,-47.25,2018,1.0867
-12.25,-61.5,2018,1.3994
-11.0,-55.5,2018,8.6489
-2.75,-48.0,2018,0.7929
-9.75,-56.5,2018,1.9797
-3.75,-56.0,2018,0.939
2.0,-60.25,2018,0.1966
-9.75,-60.75,2018,8.9685
-4.25,-63.0,2018,0.377
-10.5,-59.5,2018,3.4051
-11.0,-51.5,2018,0.2916
-9.25,-51.25,2018,1.218
-12.5,-62.0,2018,4.0928
-7.0,-56.75,2018,2.1395
-1.5,-48.75,2018,0.3952
-1.25,-52.75,2018,0.2416
-9.0,-62.5,2018,17.3972
-10.0,-68.5,2018,2.9925
-3.0,-55.0,2018,0.9049
-5.75,-53.75,2018,23.7631
-9.5,-66.0,2018,0.4001
2.25,-61.75,2018,1.1939
-7.5,-51.0,2018,0.086
-7.0,-51.75,2018,0.7311
-12.25,-59.25,2018,0.063
-12.5,-58.0,2018,0.7463
-4.0,-48.0,2018,1.2996
-3.25,-55.0,2018,0.3119
-1.75,-48.0,2018,0.6106
-2.25,-53.25,2018,0.0681
-2.75,-52.5,2018,1.0718
-9.75,-62.25,2018,3.6108
-11.25,-55.0,2018,8.7074
-11.5,-55.25,2018,4.9537
-7.0,-71.75,2018,3.9607
0.5,-51.75,2018,0.2099
-9.25,-63.25,2018,6.5928
-11.0,-56.25,2018,0.7803
-2.75,-58.5,2018,0.1348
-8.5,-71.5,2018,1.2686
-6.0,-52.5,2018,3.9902
-2.5,-48.5,2018,4.374
-8.0,-61.25,2018,13.0695
-9.0,-56.75,2018,0.5566
-9.25,-64.75,2018,0.4333
-7.0,-56.25,2018,0.4289
-7.5,-72.0,2018,0.1445
-3.25,-44.25,2018,2.5435
-4.0,-59.0,2018,0.4338
-11.75,-61.0,2018,1.62
-5.25,-56.0,2018,5.8298
-12.5,-55.0,2018,10.9393
-9.25,-70.75,2018,0.8027
-2.5,-46.25,2018,2.0438
-10.25,-57.5,2018,0.6585
-10.0,-62.25,2018,1.336
-11.75,-58.75,2018,2.3334
-1.0,-54.0,2018,1.305
-5.75,-52.0,2018,0.768
-2.5,-56.0,2018,0.4287
-10.25,-69.0,2018,1.0664
-5.5,-45.0,2018,2.6903
-6.25,-57.75,2018,2.9851
-5.0,-46.75,2018,1.7709
-9.75,-60.5,2018,4.2802
-3.75,-47.5,2018,2.3708
-5.75,-61.25,2018,1.9385
-7.5,-55.5,2018,3.9297
-2.25,-59.75,2018,0.158
-1.75,-55.5,2018,1.3371
1.25,-51.0,2018,0.2134
-2.0,-48.25,2018,2.2547
-10.0,-55.25,2018,2.3231
-4.25,-56.5,2018,0.3638
-4.75,-47.0,2018,4.1581
-2.0,-48.0,2018,0.578
-9.75,-62.5,2018,3.8596
-11.75,-49.75,2018,1.005
-11.25,-61.5,2018,0.9034
-4.0,-49.5,2018,2.4899
-8.5,-50.75,2018,0.6084
-10.25,-59.5,2018,1.2308
-3.25,-51.5,2018,2.4667
-2.25,-53.0,2018,0.7287
-4.75,-48.75,2018,1.8967
-3.25,-53.75,2018,1.0556
-7.75,-72.0,2018,0.9074
-9.25,-72.0,2018,2.4424
-1.0,-52.0,2018,0.561
-2.75,-58.0,2018,0.134
-11.75,-54.5,2018,5.9865
-12.5,-64.0,2018,3.1412
-10.25,-54.25,2018,3.2408
-5.75,-47.0,2018,0.8541
-12.25,-51.25,2018,2.9291
-2.0,-51.0,2018,1.1408
-10.0,-51.25,2018,1.016
-10.75,-60.75,2018,37.9342
-0.5,-65.25,2018,0.0756
-10.25,-55.75,2018,1.4609
-3.25,-44.0,2018,0.5069
-1.25,-55.5,2018,1.2474
-10.5,-69.75,2018,0.3736
-12.0,-62.5,2018,0.8443
-5.25,-47.0,2018,0.3652
-12.25,-61.75,2018,1.1942
1.5,-51.0,2018,0.094
-7.0,-52.25,2018,3.8175
-3.25,-56.75,2018,0.5518
4.0,-61.75,2018,0.6182
-3.5,-64.25,2018,0.4702
-13.25,-53.75,2018,2.7941
-6.75,-51.5,2018,0.4191
-12.25,-63.75,2018,5.36
-7.25,-56.75,2018,1.3562
-8.75,-66.5,2018,2.4732
-9.75,-61.25,2018,0.7046
-10.0,-52.0,2018,0.2211
-2.25,-51.5,2018,0.6727
-8.0,-49.5,2018,0.5178
-1.75,-51.0,2018,0.87
-2.25,-47.25,2018,0.5452
-6.0,-57.25,2018,0.773
-9.25,-49.75,2018,0.1898
-10.25,-51.25,2018,0.5365
-3.0,-58.5,2018,0.2853
-13.0,-53.25,2018,0.6006
-9.75,-65.5,2018,1.4875
-10.25,-55.0,2018,0.5269
-6.5,-70.0,2018,0.1606
-4.25,-51.25,2018,9.6296
-0.5,-51.75,2018,1.1774
-2.0,-48.5,2018,2.5194
-10.0,-59.75,2018,10.3465
1.75,-60.5,2018,1.3696
-9.0,-70.5,2018,1.1401
-8.0,-61.75,2018,15.3785
-14.0,-56.75,2018,3.1664
-5.0,-47.75,2018,0.7938
2.5,-60.5,2018,0.9881
-2.75,-48.25,2018,1.0467
-12.0,-58.25,2018,0.1549
-10.25,-55.5,2018,0.3532
-7.0,-52.75,2018,4.3663
-2.0,-54.75,2018,0.6326
-10.5,-63.5,2018,4.2107
-9.75,-56.25,2018,0.6891
-5.75,-52.25,2018,1.3509
-0.75,-48.5,2018,0.2086
-6.75,-57.0,2018,0.6313
-3.25,-59.0,2018,0.1756
-1.5,-60.25,2018,1.5024
-6.5,-58.25,2018,1.588
-12.25,-63.25,2018,0.8569
-12.75,-54.75,2018,1.9974
-4.0,-62.75,2018,0.0728
-9.25,-63.75,2018,10.1974
-8.75,-50.0,2018,0.9679
-1.25,-45.75,2018,0.0734
-4.25,-47.25,2018,1.2651
-6.0,-49.75,2018,0.9016
-9.5,-51.25,2018,2.4704
-11.5,-62.5,2018,1.4562
-6.5,-56.0,2018,2.7652
-13.0,-54.75,2018,0.0762
-7.0,-65.0,2018,0.6904
-12.25,-64.25,2018,8.3159
-5.5,-45.25,2018,1.3904
-7.75,-55.25,2018,3.377
3.5,-61.5,2018,0.1248
-4.0,-46.5,2018,3.0324
-3.75,-49.0,2018,1.8171
-6.5,-56.25,2018,1.2508
-14.25,-59.5,2018,0.3239
-1.75,-45.75,2018,1.1386
-9.75,-57.25,2018,3.8681
-13.25,-61.0,2018,0.2022
-9.0,-60.5,2018,17.4481
-10.5,-50.75,2018,1.8831
-7.0,-56.0,2018,7.7611
-12.5,-52.5,2018,3.504
-3.5,-51.75,2018,3.0468
-8.0,-51.5,2018,0.3749
-3.0,-52.25,2018,0.909
-4.25,-46.0,2018,0.2744
-6.75,-70.25,2018,0.0655
-5.5,-50.25,2018,0.8468
-12.75,-54.5,2018,4.2152
-3.75,-58.0,2018,0.3482
-10.5,-62.75,2018,0.3576
-12.5,-57.5,2018,3.0098
-4.25,-67.5,2018,0.1442
-1.25,-61.5,2018,0.072
-8.25,-65.5,2018,0.1112
-8.75,-54.5,2018,2.9907
-2.5,-54.75,2018,0.3322
-5.25,-44.0,2018,7.1062
-8.75,-67.5,2018,1.0372
-2.75,-51.5,2018,4.7465
-6.5,-64.25,2018,0.0663
-2.0,-45.25,2018,0.1406
-12.25,-51.0,2018,0.6556
-2.0,-54.5,2018,1.6638
-6.25,-68.25,2018,0.0835
-13.0,-62.25,2018,2.0419
2.25,-61.0,2018,1.1905
-1.75,-54.5,2018,0.8077
-3.0,-51.5,2018,3.1127
2.75,-61.25,2018,0.2033
-8.25,-55.75,2018,0.3081
-3.25,-56.5,2018,0.2978
-7.5,-70.25,2018,1.1292
-1.5,-51.25,2018,0.1403
-7.75,-51.0,2018,1.1433
-1.75,-54.0,2018,1.1706
-13.5,-53.5,2018,0.4567
-9.75,-65.75,2018,1.9589
-8.75,-61.5,2018,4.7355
-9.0,-64.5,2018,3.2085
-4.75,-44.5,2018,0.256
-4.5,-49.5,2018,3.556
-11.5,-60.5,2018,1.0883
-6.75,-50.5,2018,0.6464
-12.0,-62.75,2018,1.6089
-9.5,-62.0,2018,2.2686
-1.0,-46.25,2018,0.086
-4.0,-59.75,2018,0.8861
-1.75,-50.75,2018,0.2497
-5.0,-49.0,2018,0.8869
-8.75,-71.75,2018,0.7548
-7.25,-73.25,2018,0.5271
-7.0,-52.0,2018,0.6225
-10.5,-57.5,2018,3.286
-3.0,-60.75,2018,0.523
-10.25,-51.75,2018,3.9691
-11.25,-52.25,2018,15.0832
-11.0,-61.0,2018,0.6572
-6.0,-63.5,2018,0.0701
-3.0,-44.25,2018,1.0929
-2.0,-51.5,2018,0.454
-9.75,-62.75,2018,1.0462
3.0,-51.5,2018,0.358
-7.0,-51.0,2018,3.2025
-5.0,-49.25,2018,1.3122
-2.0,-47.75,2018,0.8317
-7.25,-60.0,2018,3.8797
-9.5,-61.75,2018,1.121
-5.5,-51.25,2018,3.5108
-10.25,-56.25,2018,0.497
-2.25,-49.0,2018,2.242
-10.5,-58.25,2018,0.9598
-2.5,-49.0,2018,4.8735
-13.25,-55.0,2018,0.0786
-10.0,-62.0,2018,0.6518
-11.0,-62.5,2018,0.9432
-10.5,-56.0,2018,2.4266
-5.75,-51.0,2018,0.7752
-7.25,-70.0,2018,1.1632
-13.0,-54.25,2018,4.1465
-14.25,-57.25,2018,0.3774
-2.0,-52.5,2018,0.7064
0.5,-68.5,2018,0.073
-10.5,-63.25,2018,5.8565
-11.75,-63.5,2018,0.3143
-2.75,-53.25,2018,0.4484
-6.75,-57.75,2018,0.2001
-12.75,-60.75,2018,8.4314
-4.75,-48.5,2018,3.1076
-12.0,-62.25,2018,1.3274
-2.0,-54.25,2018,1.0079
-5.75,-63.25,2018,1.2196
-10.5,-55.0,2018,0.2684
-2.5,-50.5,2018,0.764
1.0,-59.25,2018,0.1396
-11.5,-59.25,2018,0.6112
-9.25,-62.75,2018,1.5263
-4.0,-65.0,2018,0.245
-9.5,-61.25,2018,2.1513
-2.0,-59.75,2018,0.1356
-9.0,-49.25,2018,0.4417
-5.5,-45.75,2018,1.0292
-10.25,-67.25,2018,4.8497
-6.75,-70.0,2018,0.2274
-7.0,-60.25,2018,0.7438
-5.75,-46.5,2018,0.9488
-10.0,-51.5,2018,0.1501
-1.5,-52.75,2018,0.3228
-6.5,-57.75,2018,0.3914
-10.75,-57.5,2018,1.0219
-4.0,-67.5,2018,0.0645
-12.25,-62.25,2018,1.3352
-10.5,-51.25,2018,1.0264
-9.5,-67.0,2018,0.0654
-11.75,-62.0,2018,0.4962
-6.0,-45.75,2018,2.2025
-7.25,-73.0,2018,2.0904
-1.0,-56.0,2018,0.0823
-1.25,-56.25,2018,0.1619
-15.5,-59.25,2018,0.1997
-11.5,-52.25,2018,1.0412
-9.5,-60.75,2018,5.2322
-1.0,-47.75,2018,0.2714
-4.0,-56.25,2018,1.3371
-6.75,-55.5,2018,8.3028
-1.25,-54.75,2018,0.3972
-12.75,-62.25,2018,1.7863
-1.25,-54.5,2018,1.6863
-11.25,-49.75,2018,0.9533
-7.25,-60.25,2018,2.61
-5.5,-44.75,2018,0.8426
0.75,-59.25,2018,1.6668
-11.5,-55.75,2018,3.7401
-3.75,-49.25,2018,0.2928
-6.0,-47.5,2018,0.5555
-11.5,-62.0,2018,0.6855
-9.25,-66.5,2018,5.0218
-7.5,-64.75,2018,0.1786
-2.5,-59.5,2018,0.2991
-1.25,-48.25,2018,0.6256
-7.75,-63.5,2018,2.624
3.25,-61.5,2018,0.6112
-9.5,-55.75,2018,0.195
-11.75,-62.5,2018,1.4445
-15.25,-57.5,2018,0.8038
-4.25,-54.0,2018,1.372
-2.75,-49.0,2018,1.481
-9.0,-61.0,2018,12.0851
-10.5,-56.75,2018,0.3069
-1.0,-57.0,2018,0.1951
-8.5,-49.25,2018,0.9779
-6.25,-61.75,2018,0.5533
-5.5,-52.0,2018,1.6037
-1.25,-48.5,2018,0.6722
-9.25,-51.75,2018,0.3003
-3.25,-45.25,2018,0.3054
-2.0,-56.5,2018,0.9037
-12.0,-64.25,2018,2.4024
-9.25,-57.25,2018,3.9925
-12.75,-57.5,2018,0.2583
-2.5,-53.0,2018,0.3129
-11.0,-63.0,2018,1.9746
-11.5,-61.25,2018,0.5551
-11.5,-58.75,2018,1.7488
-3.25,-53.5,2018,1.3374
-6.0,-49.25,2018,1.0402
-12.0,-63.25,2018,4.4828
-12.5,-60.25,2018,3.543
-16.0,-59.25,2018,0.2101
-11.75,-61.75,2018,1.4475
-11.5,-49.75,2018,1.151
-16.0,-59.5,2018,0.8404
-6.5,-53.0,2018,6.0467
-4.75,-48.0,2018,0.8916
-9.25,-61.5,2018,4.1379
-1.5,-52.5,2018,0.1778
-8.0,-55.25,2018,0.7662
-8.0,-67.25,2018,0.4686
-12.25,-54.25,2018,0.2766
-3.25,-54.25,2018,0.9483
-12.5,-64.25,2018,1.3452
-3.75,-65.0,2018,1.344
-14.5,-56.75,2018,0.5888
-12.0,-54.25,2018,18.5533
-8.75,-72.25,2018,0.1717
-2.25,-56.0,2018,0.9636
-3.0,-48.5,2018,0.8208
-8.0,-72.75,2018,0.7382
-6.75,-68.25,2018,0.0951
-14.5,-60.0,2018,2.0831
-6.25,-47.25,2018,0.1274
-2.25,-50.75,2018,0.656
-2.5,-66.0,2018,0.1451
2.0,-60.5,2018,1.6416
-13.5,-56.5,2018,0.132
-2.75,-65.5,2018,0.4046
3.25,-51.25,2018,0.1502
0.0,-51.75,2018,0.3967
-7.5,-72.5,2018,1.1112
-6.0,-57.5,2018,0.6116
-5.5,-57.0,2018,1.1644
-3.5,-59.25,2018,1.3457
-11.75,-51.75,2018,12.3864
-2.75,-59.75,2018,0.4296
-3.25,-48.0,2018,0.5921
-9.0,-50.25,2018,1.7267
-3.0,-56.75,2018,0.382
-9.75,-59.5,2018,0.2985
-7.5,-67.5,2018,0.6043
-3.25,-52.75,2018,2.0212
-5.5,-48.25,2018,0.4189
-1.0,-54.25,2018,0.2822
-7.75,-64.5,2018,0.2804
-10.75,-64.25,2018,1.1594
-13.0,-57.5,2018,1.3137
-9.25,-57.5,2018,3.2824
-9.0,-67.0,2018,7.451
-3.75,-65.25,2018,0.52
-11.75,-55.25,2018,0.693
-8.5,-63.0,2018,8.957
-6.5,-52.0,2018,1.2202
-10.25,-59.0,2018,1.6699
-14.25,-55.75,2018,0.1657
-10.0,-54.5,2018,0.1385
-10.75,-58.0,2018,0.1442
-7.25,-51.0,2018,0.1732
3.0,-61.5,2018,1.3605
-13.0,-54.0,2018,17.2825
-3.5,-49.0,2018,0.2464
-6.75,-55.75,2018,3.9721
-1.75,-47.5,2018,0.1565
-4.25,-70.0,2018,0.1654
-3.5,-48.75,2018,0.6723
-6.5,-50.25,2018,0.3017
-7.25,-57.25,2018,4.949
-10.75,-61.25,2018,21.3861
-8.0,-73.0,2018,1.2092
-9.25,-48.75,2018,0.3878
-1.5,-47.25,2018,0.7264
4.0,-62.0,2018,0.6689
-6.25,-58.0,2018,2.2961
-5.25,-45.5,2018,0.2086
-6.25,-47.5,2018,0.4277
-9.0,-50.5,2018,1.6518
-8.0,-73.25,2018,0.0782
-5.0,-57.0,2018,0.4125
-0.75,-58.0,2018,0.0854
-5.5,-51.75,2018,2.5802
-1.75,-65.75,2018,0.1094
1.75,-60.75,2018,0.6567
-9.25,-67.5,2018,6.7948
-2.75,-59.5,2018,0.792
-8.25,-69.75,2018,0.3424
-9.0,-67.75,2018,4.128
-2.75,-44.0,2018,0.5332
-14.25,-57.5,2018,0.4775
-10.5,-65.25,2018,0.6625
4.0,-64.25,2018,0.1434
-10.0,-56.75,2018,0.3792
-10.5,-58.0,2018,5.3393
-8.75,-71.5,2018,0.9349
-3.75,-64.0,2018,0.155
-7.75,-49.0,2018,0.1905
-3.5,-45.25,2018,0.0691
-11.25,-56.5,2018,0.9901
-5.25,-45.0,2018,2.0766
-4.0,-63.75,2018,0.0631
-3.5,-65.0,2018,1.9769
-3.25,-58.25,2018,0.1555
-5.25,-47.25,2018,0.2564
-4.0,-57.25,2018,0.3429
-10.25,-63.0,2018,1.2609
-13.75,-60.5,2018,0.0757
-11.25,-62.0,2018,0.4722
-7.5,-57.25,2018,0.49
2.75,-63.5,2018,0.155
-5.5,-46.75,2018,0.8397
-9.5,-61.0,2018,15.9972
-6.5,-51.25,2018,0.9093
-9.0,-72.5,2018,0.53
-14.25,-60.25,2018,2.1874
-5.75,-50.5,2018,1.6764
-1.75,-56.5,2018,0.9756
-7.5,-61.0,2018,0.2225
-8.5,-67.25,2018,4.9678
-1.0,-52.5,2018,0.5106
-10.25,-68.5,2018,2.5109
-2.0,-46.75,2018,1.1399
1.5,-53.0,2018,0.0638
-4.5,-48.0,2018,3.995
-1.25,-52.0,2018,0.1108
-10.75,-67.75,2018,0.5536
-3.5,-49.5,2018,1.1039
-11.25,-58.75,2018,0.5901
-8.25,-73.0,2018,1.3301
-1.5,-54.5,2018,0.7667
-6.5,-56.75,2018,0.4833
-7.5,-64.25,2018,2.224
-11.75,-57.25,2018,2.4701
-9.25,-58.5,2018,1.7343
-15.75,-58.25,2018,0.1022
-12.5,-61.5,2018,0.9587
-12.75,-56.5,2018,7.018
2.75,-63.25,2018,0.1574
-4.25,-50.0,2018,0.6959
-5.25,-47.5,2018,0.5172
-12.75,-56.75,2018,9.7173
-10.25,-68.75,2018,1.135
-6.0,-50.25,2018,0.6757
-9.0,-51.25,2018,1.7601
-11.5,-61.5,2018,0.36
-6.0,-56.75,2018,0.1609
-6.75,-58.5,2018,0.2625
-1.75,-48.5,2018,0.9919
-2.25,-50.0,2018,0.2083
-11.5,-56.75,2018,2.5072
-4.75,-56.5,2018,0.255
-10.25,-50.5,2018,0.2941
-7.0,-51.5,2018,0.8852
-3.75,-53.75,2018,1.4491
-12.5,-53.5,2018,0.2728
-9.25,-72.75,2018,0.3994
-12.75,-52.0,2018,1.5825
-15.5,-57.5,2018,2.0259
-3.5,-47.5,2018,0.9468
-2.75,-51.25,2018,0.3517
-3.75,-52.75,2018,0.335
-3.0,-57.5,2018,0.6092
-3.75,-64.5,2018,0.6533
-10.0,-51.0,2018,0.2147
-7.75,-51.5,2018,0.2067
-2.5,-44.0,2018,0.0822
-9.0,-66.0,2018,33.2081
-2.75,-55.0,2018,0.7656
-2.0,-49.0,2018,0.8655
-9.75,-51.5,2018,2.0251
-5.75,-56.25,2018,0.1429
1.0,-52.25,2018,0.5977
2.75,-51.25,2018,0.7051
-9.0,-72.25,2018,0.7329
-6.75,-53.25,2018,0.2164
-9.0,-54.75,2018,0.2653
-3.0,-48.25,2018,0.4065
-10.0,-49.25,2018,1.3162
2.25,-60.5,2018,0.5609
-11.5,-51.25,2018,0.5096
-2.5,-45.5,2018,0.2799
-2.5,-49.75,2018,0.4262
-11.0,-55.25,2018,1.5279
-1.0,-47.25,2018,0.9458
-6.25,-63.5,2018,0.162
-1.0,-48.5,2018,0.0654
-3.75,-50.75,2018,0.7511
-9.75,-59.75,2018,2.3645
-7.5,-61.25,2018,2.9782
-5.25,-44.5,2018,0.9944
-5.75,-47.75,2018,0.9189
-10.5,-51.5,2018,0.2355
-5.75,-60.75,2018,0.1426
-10.5,-62.0,2018,0.2609
-7.75,-61.0,2018,24.7939
-10.75,-55.0,2018,1.5453
-8.75,-49.5,2018,0.5797
-9.5,-56.0,2018,1.1888
-9.75,-62.0,2018,2.9593
-12.25,-52.5,2018,2.5985
-8.5,-49.5,2018,0.7256
-10.25,-69.25,2018,0.2194
-4.5,-48.75,2018,0.8435
-3.5,-66.5,2018,0.0696
-7.5,-63.0,2018,0.3759
-6.5,-52.25,2018,1.4234
-8.75,-62.25,2018,0.8573
-2.5,-50.0,2018,0.5243
3.5,-61.25,2018,0.0681
-2.25,-51.25,2018,0.4784
-5.0,-56.5,2018,0.1558
-5.75,-45.5,2018,0.0856
-9.0,-70.0,2018,0.6981
-7.0,-69.75,2018,0.729
-4.0,-47.25,2018,1.0221
-9.75,-56.0,2018,0.0814
-3.75,-66.0,2018,0.2358
-9.75,-52.25,2018,0.7954
-11.25,-57.25,2018,0.4455
-7.0,-49.75,2018,0.1068
-12.25,-54.0,2018,0.6418
-9.25,-56.5,2018,1.6079
-9.5,-54.75,2018,0.8347
-5.75,-46.75,2018,0.6919
-15.0,-58.0,2018,0.1207
-9.75,-55.5,2018,2.8336
-7.5,-60.5,2018,2.1364
-1.75,-60.25,2018,1.5125
-11.75,-63.25,2018,1.8586
-1.25,-52.25,2018,0.4139
-13.0,-60.75,2018,0.1877
-2.25,-54.25,2018,0.1529
-1.0,-53.5,2018,0.3147
-7.5,-67.75,2018,0.2791
-8.25,-63.75,2018,0.7723
-13.5,-60.25,2018,1.9836
-11.25,-51.25,2018,1.5905
-1.25,-47.5,2018,0.1369
-11.25,-55.5,2018,7.5384
-7.75,-70.5,2018,0.3452
-13.75,-60.25,2018,1.6256
-3.25,-47.75,2018,0.2431
-8.75,-70.0,2018,0.995
-9.0,-50.0,2018,4.9967
0.25,-51.75,2018,0.0703
-14.5,-58.0,2018,0.4157
-9.0,-62.75,2018,1.3839
-3.25,-69.25,2018,0.1735
-5.75,-48.0,2018,0.8312
-4.0,-63.0,2018,0.1556
-13.75,-59.75,2018,1.5891
1.25,-52.5,2018,0.2995
-3.0,-57.0,2018,0.3851
-12.25,-57.25,2018,8.6328
-7.0,-55.75,2018,3.401
-6.0,-48.25,2018,0.6312
-2.5,-50.25,2018,0.2786
-5.0,-47.5,2018,0.5846
-2.5,-53.5,2018,0.4875
-6.5,-69.0,2018,0.1394
-5.75,-61.5,2018,0.2153
-11.25,-65.0,2018,0.2587
-2.5,-58.0,2018,0.8634
-11.75,-55.5,2018,0.5446
-6.0,-48.0,2018,0.6697
3.75,-62.0,2018,1.6594
-10.0,-56.5,2018,0.1397
-6.25,-49.5,2018,0.3543
-3.25,-46.5,2018,1.5651
-8.5,-54.75,2018,2.5256
-8.25,-73.25,2018,0.4243
1.75,-69.5,2018,0.0637
-12.25,-58.0,2018,0.1095
-4.5,-45.75,2018,0.9635
-11.75,-51.5,2018,2.1012
-13.0,-55.25,2018,0.9743
-9.25,-56.75,2018,0.5206
-8.25,-51.5,2018,0.0752
-4.25,-54.25,2018,1.5874
-3.0,-59.0,2018,0.6549
3.75,-62.5,2018,0.072
-3.75,-47.75,2018,0.8422
-10.75,-62.75,2018,0.5742
-7.0,-60.5,2018,0.0788
-8.75,-70.25,2018,0.4921
-7.25,-71.0,2018,0.0659
1.0,-59.75,2018,0.5361
-14.0,-60.5,2018,1.4986
-12.25,-53.25,2018,0.4791
-4.75,-46.0,2018,0.4449
-11.75,-52.25,2018,2.4957
-1.25,-55.25,2018,0.7612
-6.5,-47.75,2018,0.3049
1.0,-60.0,2018,0.4808
-1.75,-49.5,2018,0.1803
-5.75,-46.0,2018,0.8533
-9.25,-69.25,2018,0.7562
-5.5,-47.5,2018,0.0194
-3.25,-62.75,2018,0.0925
-10.25,-52.25,2018,0.5126
-9.0,-71.0,2018,0.4156
-13.75,-57.0,2018,0.3777
-11.75,-60.75,2018,0.5132
-8.5,-67.0,2018,5.1034
-7.25,-56.0,2018,0.0764
-10.5,-59.25,2018,1.2272
-6.0,-50.5,2018,0.08
-8.5,-67.75,2018,0.1642
-14.75,-60.0,2018,0.5598
-1.5,-47.75,2018,0.7188
-11.5,-57.25,2018,0.0696
0.75,-54.25,2018,0.1013
-4.25,-52.0,2018,2.6824
-5.25,-45.25,2018,0.44
-4.0,-63.25,2018,0.2062
-5.25,-44.75,2018,1.3549
-11.0,-62.25,2018,0.2821
-2.5,-56.25,2018,2.8542
-5.75,-68.0,2018,0.0918
-14.75,-59.0,2018,0.7533
-12.25,-54.75,2018,17.1956
-1.5,-60.5,2018,0.4472
0.5,-70.0,2018,0.1773
-6.5,-69.5,2018,1.0995
-7.75,-67.25,2018,1.5848
-3.0,-53.5,2018,0.0723
-11.0,-62.75,2018,2.4617
-14.5,-51.0,2018,0.1226
-10.25,-59.75,2018,1.6019
-6.5,-58.5,2018,1.1035
1.5,-60.25,2018,0.7307
-6.0,-47.0,2018,0.1912
-1.75,-66.5,2018,0.5289
-2.5,-52.25,2018,0.2519
-2.75,-56.5,2018,0.636
-7.5,-56.5,2018,0.0853
-8.25,-70.0,2018,1.4025
-7.5,-60.75,2018,10.208
-6.25,-64.25,2018,0.3263
-10.5,-58.5,2018,0.7996
-8.0,-70.5,2018,0.8992
-6.0,-61.25,2018,0.3351
-11.25,-55.75,2018,2.9124
3.25,-62.5,2018,0.1483
-13.25,-53.25,2018,0.4021
-8.75,-60.5,2018,0.1142
-10.0,-54.25,2018,1.1208
0.75,-64.25,2018,0.0884
-5.75,-73.0,2018,0.0849
-7.25,-60.5,2018,3.4648
-1.25,-61.25,2018,0.0815
-2.75,-50.5,2018,0.3768
-2.5,-51.75,2018,1.6227
-7.0,-49.5,2018,0.8748
-3.25,-52.0,2018,1.3263
-6.25,-56.0,2018,2.2182
-9.25,-70.25,2018,0.5086
-7.5,-50.75,2018,0.6138
-9.25,-71.75,2018,0.9211
1.25,-60.5,2018,0.4046
-12.5,-53.25,2018,1.2327
-1.75,-56.0,2018,0.6204
-1.75,-46.0,2018,0.4686
-11.75,-57.0,2018,4.2084
-10.5,-62.5,2018,0.3616
-1.25,-49.5,2018,0.0798
-6.0,-54.0,2018,1.823
-6.25,-45.0,2018,0.0825
-10.5,-61.25,2018,1.078
-8.75,-50.5,2018,0.0663
-13.25,-60.5,2018,0.3926
-10.0,-62.75,2018,1.9052
-8.0,-55.5,2018,25.706
1.5,-68.25,2018,0.0637
-4.5,-49.0,2018,0.1517
-6.75,-70.75,2018,0.0673
-9.75,-55.0,2018,0.5386
-0.75,-48.0,2018,0.5597
-0.25,-63.0,2018,0.1556
-4.5,-54.25,2018,0.0638
-0.25,-53.0,2018,0.0658
-9.75,-60.25,2018,15.4626
-6.75,-56.75,2018,0.8023
-5.0,-48.25,2018,0.1891
-9.5,-60.5,2018,1.549
-11.0,-69.25,2018,2.0228
-12.75,-60.5,2018,1.193
-13.5,-54.5,2018,0.1497
-13.0,-57.0,2018,0.1356
0.75,-52.0,2018,0.477
-12.5,-62.25,2018,0.3682
-1.75,-56.25,2018,0.2627
-10.25,-62.5,2018,0.5516
-4.5,-44.25,2018,0.2301
-10.5,-57.25,2018,4.6537
0.75,-51.5,2018,0.6276
-10.5,-53.75,2018,0.6203
-5.75,-45.0,2018,2.3253
-9.25,-63.0,2018,0.3371
-3.25,-49.0,2018,3.9701
-9.5,-56.5,2018,1.4962
-1.25,-63.0,2018,0.0638
-2.25,-60.0,2018,0.0731
-14.0,-56.25,2018,0.1293
-6.75,-49.0,2018,0.6632
-6.75,-50.25,2018,0.3273
-9.0,-51.75,2018,1.1489
-4.0,-51.75,2018,4.0293
-9.5,-58.0,2018,1.3259
-4.25,-47.75,2018,0.4339
-6.75,-49.5,2018,0.363
-12.5,-60.75,2018,0.4453
-3.25,-60.25,2018,0.1844
-12.25,-52.75,2018,53.772
-6.25,-67.75,2018,0.156
-10.25,-56.5,2018,0.4547
-2.75,-50.25,2018,0.1522
-12.25,-55.5,2018,0.1704
-5.25,-51.5,2018,0.6919
-3.75,-58.5,2018,0.2877
-5.25,-49.25,2018,0.6111
-2.5,-46.5,2018,0.8504
-1.75,-57.0,2018,0.3194
-4.0,-58.75,2018,0.0652
-2.5,-44.25,2018,0.1817
-2.75,-67.5,2018,0.0925
-5.5,-60.5,2018,0.0718
-7.75,-56.5,2018,0.3077
-1.75,-47.0,2018,0.5371
-2.25,-52.25,2018,1.5118
-2.25,-47.5,2018,0.2334
-11.5,-59.0,2018,0.686
-11.5,-60.75,2018,0.4303
-9.75,-58.25,2018,1.3835
-11.25,-57.5,2018,0.1735
-3.5,-69.25,2018,0.1213
-5.75,-61.75,2018,0.3736
-12.5,-55.25,2018,0.0807
-3.25,-46.0,2018,0.6056
-6.0,-44.75,2018,0.2569
0.25,-69.5,2018,0.3029
-9.75,-51.75,2018,0.9154
-6.25,-50.0,2018,0.2681
-7.25,-63.25,2018,0.4798
-11.0,-58.0,2018,0.0726
-12.75,-52.25,2018,1.5706
-10.0,-52.75,2018,0.134
-9.0,-51.0,2018,1.6082
-6.0,-46.0,2018,0.2464
-6.5,-56.5,2018,0.6309
-2.5,-55.75,2018,0.2708
-5.5,-55.5,2018,0.4758
-10.75,-54.0,2018,0.7124
-4.25,-65.25,2018,0.4154
-10.0,-51.75,2018,1.2297
-3.75,-56.75,2018,0.3821
-13.25,-60.0,2018,1.2464
1.5,-68.75,2018,0.0773
-5.5,-60.25,2018,0.6947
-2.75,-58.25,2018,0.0718
-5.5,-49.25,2018,1.0712
-5.75,-48.5,2018,0.3149
-3.5,-57.5,2018,0.1329
-2.5,-51.5,2018,0.5225
-3.75,-44.75,2018,0.6199
4.0,-61.5,2018,0.3789
-15.25,-58.25,2018,0.1478
-10.5,-58.75,2018,0.9756
-3.0,-53.75,2018,4.2773
-3.5,-44.0,2018,0.2996
-5.25,-46.0,2018,0.536
-6.25,-49.25,2018,0.945
-9.25,-54.75,2018,0.1302
-7.25,-50.5,2018,2.1221
-1.75,-53.75,2018,0.8603
-4.0,-56.0,2018,0.5127
-0.25,-60.75,2018,0.3015
-3.5,-52.5,2018,0.7162
-1.0,-53.25,2018,1.0785
-10.5,-56.25,2018,0.3151
1.25,-60.75,2018,4.5905
-6.5,-47.5,2018,0.4914
-6.5,-48.5,2018,0.2867
-11.0,-70.0,2018,0.0718
-10.5,-50.5,2018,0.0701
-4.0,-49.75,2018,0.3705
-11.25,-56.75,2018,0.4287
-2.75,-47.0,2018,0.0872
-12.0,-57.5,2018,4.0224
-13.75,-56.75,2018,3.7574
-5.75,-65.5,2018,0.0783
-3.5,-59.75,2018,0.4526
-11.0,-65.25,2018,0.3164
-5.75,-70.5,2018,0.0696
-6.0,-48.75,2018,0.2605
-8.5,-68.25,2018,0.2909
-3.0,-47.5,2018,0.2166
-9.25,-72.5,2018,0.1423
-13.25,-56.25,2018,0.9168
-6.75,-57.5,2018,0.1404
-7.25,-50.75,2018,0.5895
-3.75,-58.75,2018,0.4488
-2.0,-58.25,2018,0.2671
-10.75,-62.5,2018,0.2208
-2.25,-54.0,2018,0.1273
-5.25,-57.0,2018,0.1698
-11.0,-59.25,2018,2.5095
-6.5,-68.75,2018,0.0633
-9.0,-58.5,2018,0.2695
-5.5,-63.25,2018,0.0693
-6.5,-47.0,2018,0.488
-15.0,-58.25,2018,0.6079
-9.0,-68.0,2018,2.6139
-9.75,-51.25,2018,0.6555
-6.25,-54.5,2018,1.0882
-7.25,-71.75,2018,0.724
-11.5,-57.75,2018,0.3321
-9.75,-55.75,2018,1.4905
-7.25,-72.0,2018,0.2253
-4.25,-59.75,2018,0.8692
1.75,-51.0,2018,0.0625
-8.75,-48.5,2018,0.0743
-9.5,-72.5,2018,0.0902
-4.5,-59.75,2018,0.2686
-7.75,-62.5,2018,1.1356
-6.75,-58.75,2018,1.2603
-11.0,-53.25,2018,0.176
-12.25,-63.0,2018,1.0076
-3.5,-60.25,2018,0.1429
-13.0,-60.0,2018,1.1745
-6.5,-50.5,2018,0.3222
-8.75,-62.75,2018,0.8949
-1.25,-47.0,2018,0.1235
-5.0,-46.25,2018,0.2641
-13.75,-60.75,2018,5.3567
-15.25,-57.75,2018,0.1481
-15.0,-58.5,2018,1.3152
-1.25,-47.25,2018,0.1385
-11.5,-51.75,2018,2.2954
-8.75,-67.75,2018,0.8365
-3.0,-59.25,2018,0.8924
-2.0,-55.25,2018,0.2029
-1.5,-57.75,2018,0.0972
-9.25,-48.0,2018,0.1942
-8.5,-55.25,2018,1.4003
-2.5,-47.25,2018,0.5103
-9.25,-71.0,2018,0.2497
2.75,-60.0,2018,0.0794
-3.75,-53.25,2018,0.2126
-12.25,-51.5,2018,0.1122
-3.75,-48.75,2018,0.451
-9.25,-66.25,2018,10.3851
-14.0,-59.5,2018,5.713
-3.5,-60.5,2018,0.1367
-3.25,-65.75,2018,0.0904
-1.25,-47.75,2018,0.2083
-14.25,-60.0,2018,1.4948
-11.75,-54.75,2018,5.3909
-8.0,-51.0,2018,0.6584
-2.75,-53.5,2018,0.3968
-7.25,-57.0,2018,0.758
-2.75,-60.25,2018,0.4041
-9.5,-56.25,2018,0.2879
-10.0,-55.75,2018,0.7451
-4.5,-65.5,2018,0.6187
-15.5,-58.0,2018,0.2658
-12.5,-60.0,2018,0.6903
-10.0,-56.25,2018,0.7156
-7.75,-70.75,2018,0.2686
-1.0,-63.0,2018,0.1619
-5.75,-46.25,2018,0.3516
-8.5,-63.75,2018,1.6392
-3.5,-58.75,2018,0.6848
-4.75,-47.5,2018,0.5589
-5.75,-47.5,2018,0.4281
-9.0,-72.0,2018,0.2799
-5.25,-57.75,2018,0.2339
2.5,-63.75,2018,0.2046
-8.0,-49.75,2018,0.2877
-0.25,-51.25,2018,0.0745
-6.25,-48.0,2018,1.4838
-4.5,-49.25,2018,0.2116
3.5,-61.0,2018,0.1799
-7.25,-70.25,2018,0.3154
-9.75,-57.5,2018,0.6666
-10.5,-53.5,2018,9.0655
-10.25,-56.0,2018,0.1859
-3.75,-61.0,2018,0.4623
-11.25,-58.5,2018,0.2383
-11.0,-60.75,2018,0.0813
-7.0,-48.75,2018,0.5643
-5.75,-64.75,2018,0.145
2.75,-64.0,2018,0.0707
-7.25,-57.5,2018,0.1346
-1.0,-57.5,2018,0.08
-5.75,-45.75,2018,0.4986
-10.5,-59.75,2018,0.0855
-6.0,-61.5,2018,0.2811
-6.75,-59.5,2018,12.9197
-12.25,-57.5,2018,0.6042
-5.25,-48.75,2018,0.5098
-6.25,-50.75,2018,0.1622
-11.75,-58.5,2018,1.2088
-1.25,-46.25,2018,0.0731
-6.75,-48.0,2018,0.179
-13.5,-59.25,2018,0.1456
-11.75,-55.0,2018,1.8779
-8.75,-50.25,2018,0.7777
-7.25,-58.0,2018,0.0657
-2.0,-66.25,2018,0.0843
-10.75,-68.0,2018,1.9097
-12.0,-54.75,2018,8.2684
-2.75,-49.5,2018,0.1088
-9.25,-50.25,2018,0.3821
-6.75,-53.5,2018,1.3555
-1.0,-47.5,2018,0.5547
-6.75,-62.0,2018,0.1774
-5.0,-47.0,2018,0.2246
-5.5,-45.5,2018,0.1699
-9.0,-59.5,2018,7.3767
-0.5,-52.25,2018,0.098
-7.25,-68.25,2018,0.071
-3.75,-62.25,2018,0.2191
-3.75,-47.25,2018,1.5182
-11.0,-58.5,2018,0.07
-8.0,-72.0,2018,0.4521
-4.0,-59.5,2018,0.4323
1.5,-51.25,2018,0.0627
2.25,-60.75,2018,0.6354
-7.75,-50.75,2018,0.2019
-11.0,-49.75,2018,1.5917
-2.25,-57.5,2018,0.2007
-2.75,-66.75,2018,0.1532
-11.5,-54.75,2018,0.4887
-1.5,-46.25,2018,0.0633
-5.5,-46.0,2018,0.875
-13.5,-57.0,2018,0.3704
-15.5,-60.0,2018,0.2395
-6.0,-55.75,2018,0.1357
-2.75,-47.25,2018,0.3248
-7.25,-69.5,2018,0.1707
-6.5,-49.75,2018,0.5917
-8.25,-71.75,2018,0.1386
-10.5,-51.75,2018,1.6415
-3.25,-64.75,2018,0.1793
-7.5,-50.5,2018,0.4019
1.75,-51.25,2018,0.1231
-11.5,-54.25,2018,1.9156
-4.5,-70.0,2018,0.139
-7.5,-49.75,2018,0.7682
-5.5,-56.0,2018,1.3974
-2.25,-55.75,2018,0.0835
-6.75,-53.0,2018,0.464
-11.75,-61.5,2018,0.2764
-12.75,-57.0,2018,4.8661
-3.75,-47.0,2018,0.428
-15.0,-57.75,2018,0.2609
-2.25,-59.0,2018,0.1155
-7.75,-65.0,2018,0.0772
-9.5,-72.0,2018,0.07
-12.0,-59.5,2018,0.5514
-12.25,-60.0,2018,0.3242
-11.75,-56.25,2018,7.0608
-2.0,-62.5,2018,0.1748
2.0,-61.75,2018,1.1599
-7.75,-50.25,2018,0.3038
-11.25,-52.75,2018,8.8111
-10.0,-57.25,2018,0.1856
-6.75,-61.75,2018,0.1664
-4.5,-47.75,2018,0.2678
-11.0,-57.0,2018,0.2303
2.75,-61.0,2018,0.268
-0.75,-47.25,2018,1.0303
-2.5,-55.0,2018,0.1544
-8.0,-50.75,2018,0.2972
-11.25,-54.0,2018,3.365
-1.0,-57.25,2018,0.2818
-15.5,-57.75,2018,0.8828
-5.5,-55.75,2018,0.1474
2.25,-61.25,2018,0.071
1.0,-60.75,2018,1.9916
-2.75,-51.0,2018,0.1005
-5.0,-47.25,2018,0.3022
-7.0,-57.0,2018,0.643
-12.0,-55.25,2018,0.0645
-11.5,-54.0,2018,2.0952
-2.5,-56.5,2018,0.0713
-2.25,-61.25,2018,0.0711
-11.75,-59.25,2018,0.2348
-8.25,-72.5,2018,0.1996
-9.5,-51.0,2018,0.2045
-6.0,-47.25,2018,0.3364
-5.25,-56.75,2018,0.1603
-12.0,-57.75,2018,1.0779
0.25,-68.5,2018,0.0655
-13.0,-54.5,2018,0.3466
-3.5,-55.25,2018,0.6768
-7.25,-56.5,2018,0.174
-4.25,-56.0,2018,0.3725
-10.75,-61.5,2018,2.1467
-11.75,-51.25,2018,0.8604
-7.0,-53.0,2018,0.4527
-6.5,-62.0,2018,0.1083
-15.5,-57.25,2018,0.3533
-14.25,-56.75,2018,0.2442
-10.75,-52.75,2018,0.1812
-3.5,-57.0,2018,0.0785
-15.75,-58.5,2018,0.1989
-3.5,-61.75,2018,0.067
-1.5,-48.0,2018,0.1392
-3.25,-60.5,2018,0.0931
-5.75,-47.25,2018,0.4473
-15.5,-59.5,2018,0.9221
-2.5,-59.75,2018,0.0654
-3.25,-52.5,2018,0.336
-3.75,-46.75,2018,0.0736
-5.5,-56.75,2018,0.0676
-7.25,-49.0,2018,0.0754
-2.5,-46.0,2018,0.0664
1.5,-60.5,2018,0.0809
-2.5,-52.0,2018,0.5602
-3.5,-57.75,2018,0.0897
-11.75,-63.75,2018,0.2795
-4.75,-47.75,2018,0.4621
-10.5,-60.25,2018,0.1109
-12.25,-55.0,2018,8.3146
3.75,-64.25,2018,0.0693
-6.5,-57.25,2018,0.3414
-6.0,-44.5,2018,0.1301
-6.25,-56.25,2018,0.898
-15.25,-59.0,2018,1.568
-12.75,-56.25,2018,0.5211
-1.0,-52.75,2018,0.1395
-7.25,-48.25,2018,0.0844
-9.5,-72.25,2018,0.0798
-6.5,-54.75,2018,6.4261
-7.75,-66.5,2018,0.0863
-9.75,-66.0,2018,1.7948
-4.75,-50.25,2018,0.2386
-2.75,-60.75,2018,0.0793
-10.0,-59.0,2018,0.3676
-11.5,-49.5,2018,0.063
-10.75,-65.25,2018,0.6343
-10.0,-66.5,2018,0.2935
-2.5,-55.5,2018,0.2709
-11.25,-50.75,2018,0.1932
-7.25,-60.75,2018,15.5628
-4.0,-69.25,2018,0.0626
-10.75,-63.0,2018,0.2058
-5.5,-57.5,2018,0.1988
-13.0,-61.0,2018,0.1996
0.0,-67.0,2018,0.1599
-8.75,-72.0,2018,0.1365
-12.0,-61.25,2018,0.9722
-0.75,-42.75,2018,0.0005
-4.25,-49.5,2018,0.2669
-3.5,-56.25,2018,0.0682
-13.5,-52.75,2018,0.1415
-2.75,-54.0,2018,0.2123
0.75,-51.75,2018,0.1609
-5.0,-44.75,2018,0.2548
-6.0,-45.0,2018,0.537
-14.75,-57.75,2018,0.2362
-11.25,-54.25,2018,0.5251
-11.5,-56.0,2018,0.1672
-3.0,-59.75,2018,0.1025
-7.0,-48.5,2018,0.1456
-5.25,-48.0,2018,0.1945
4.0,-64.5,2018,0.0668
-5.75,-48.75,2018,0.6578
-11.75,-61.25,2018,0.9541
-2.0,-49.75,2018,0.0822
-6.5,-48.25,2018,0.3713
-4.75,-44.25,2018,0.4035
-11.25,-63.0,2018,0.3739
-6.25,-62.75,2018,4.0472
-9.25,-52.0,2018,0.3904
-5.25,-57.25,2018,0.4379
-10.75,-58.75,2018,0.3616
-2.5,-65.0,2018,0.0927
-4.5,-44.0,2018,0.2387
-4.25,-59.5,2018,0.0807
2.25,-60.0,2018,0.1673
-3.5,-44.25,2018,1.0895
-5.75,-58.0,2018,0.4562
-11.75,-56.0,2018,0.6081
-10.75,-58.25,2018,0.0914
-3.75,-60.5,2018,0.1924
-3.0,-60.25,2018,0.1351
-11.25,-68.75,2018,0.0654
-8.25,-71.5,2018,0.2881
-12.5,-61.0,2018,0.2524
-10.75,-61.75,2018,0.0926
3.5,-63.25,2018,0.39
-6.5,-51.0,2018,0.0697
-6.25,-60.0,2018,0.897
-10.25,-62.75,2018,0.0808
-3.5,-44.5,2018,0.0941
-3.25,-57.5,2018,0.1338
-6.75,-69.25,2018,0.0697
-9.25,-57.75,2018,0.6999
-4.0,-55.0,2018,1.1833
-7.5,-55.75,2018,8.2098
-13.5,-53.75,2018,0.5464
-8.5,-69.25,2018,0.1579
-11.0,-53.75,2018,1.559
-14.75,-59.75,2018,0.0869
-4.75,-52.75,2018,0.0628
-2.25,-56.5,2018,0.068
-1.5,-56.75,2018,0.2128
-12.5,-52.25,2018,0.1547
-13.25,-53.5,2018,0.2072
-9.5,-65.0,2018,0.1372
-13.0,-56.75,2018,2.0072
-2.0,-47.0,2018,0.1916
-11.0,-57.75,2018,0.3472
-14.25,-56.25,2018,0.3894
-8.0,-56.5,2018,0.5653
-2.75,-47.5,2018,0.1766
-15.25,-60.25,2018,1.4046
-6.5,-47.25,2018,0.0865
1.0,-51.25,2018,0.2399
-10.75,-56.75,2018,1.1329
-7.0,-50.25,2018,0.4216
-10.0,-55.0,2018,0.3058
-6.75,-49.25,2018,0.268
-11.75,-56.5,2018,3.5595
-12.0,-49.75,2018,0.0888
-6.0,-71.0,2018,0.1476
-2.25,-56.25,2018,0.1412
-9.75,-53.5,2018,0.1018
-15.0,-58.75,2018,0.5406
-2.25,-53.5,2018,0.651
-8.0,-63.25,2018,0.1796
-12.0,-55.5,2018,0.8858
-6.75,-50.0,2018,0.3433
-10.5,-57.0,2018,0.4038
-9.25,-64.0,2018,0.1491
3.75,-64.5,2018,0.0704
-2.25,-55.0,2018,0.2516
-13.25,-54.5,2018,0.3174
-8.75,-64.5,2018,1.1779
-15.25,-59.25,2018,0.0861
-3.5,-58.25,2018,0.1359
-6.25,-61.5,2018,0.2004
-8.25,-61.25,2018,0.9929
-4.5,-59.5,2018,0.2066
-3.75,-44.25,2018,0.2763
-11.75,-57.5,2018,1.3338
-7.5,-62.25,2018,0.0789
-2.75,-57.0,2018,0.0627
-12.5,-54.75,2018,3.4523
-10.75,-64.75,2018,0.6889
-1.5,-46.75,2018,0.2933
-2.0,-50.5,2018,0.321
-7.25,-50.0,2018,0.104
-8.25,-67.25,2018,0.2709
-8.5,-51.25,2018,0.3325
-6.75,-51.75,2018,0.5258
-11.5,-57.5,2018,0.1152
-3.0,-57.25,2018,0.4413
-4.0,-52.5,2018,0.1372
-6.25,-57.25,2018,0.1798
-5.5,-57.25,2018,0.4273
1.75,-69.0,2018,0.0863
-1.75,-50.5,2018,0.146
-11.25,-60.5,2018,0.068
-10.5,-62.25,2018,0.3059
-2.25,-49.25,2018,0.3117
-4.0,-65.25,2018,0.2304
-12.0,-64.75,2018,0.0754
-8.75,-49.75,2018,0.1693
0.0,-65.0,2018,0.2264
-8.75,-54.75,2018,0.7059
-11.0,-52.25,2018,1.9073
-12.5,-60.5,2018,0.1759
-8.5,-61.25,2018,0.4432
-12.25,-54.5,2018,0.1462
-4.75,-66.0,2018,0.1086
-2.75,-58.75,2018,0.1863
-15.0,-59.75,2018,0.0839
-5.0,-62.5,2018,0.3555
2.5,-64.0,2018,0.1572
-12.0,-58.0,2018,0.4744
-3.25,-55.25,2018,0.1503
-1.75,-48.75,2018,0.253
-6.75,-64.25,2018,0.0917
-9.0,-65.75,2018,0.2372
2.0,-61.5,2018,0.1329
-13.25,-61.25,2018,0.1002
-11.5,-65.0,2018,0.15
-15.0,-57.25,2018,0.0722
-7.5,-62.75,2018,0.5983
-10.25,-56.75,2018,0.4127
-12.0,-52.25,2018,1.0961
-9.25,-65.25,2018,14.9093
0.75,-51.25,2018,0.1325
-2.0,-56.25,2018,0.0126
-7.75,-70.25,2018,0.178
-4.5,-67.25,2018,0.1608
3.0,-60.25,2018,0.1057
-4.0,-60.0,2018,0.0889
-11.5,-52.0,2018,0.5046
-2.5,-49.5,2018,0.0862
-5.75,-60.25,2018,0.1405
-11.25,-62.75,2018,0.2371
-1.75,-57.25,2018,0.0811
-13.0,-61.25,2018,0.1758
0.5,-60.75,2018,0.076
-12.0,-57.0,2018,1.7151
-0.75,-60.25,2018,0.0792
-4.75,-60.0,2018,0.08
-13.5,-60.0,2018,0.8322
-9.25,-58.25,2018,10.456
-0.5,-64.75,2018,0.0892
-7.75,-49.25,2018,0.329
-3.75,-69.5,2018,0.0636
-1.0,-47.0,2018,0.2747
-9.75,-58.5,2018,2.1587
-12.25,-62.5,2018,0.256
-9.0,-71.75,2018,0.0668
-11.0,-61.25,2018,0.2121
-7.25,-69.75,2018,0.2436
-5.5,-57.75,2018,0.2059
0.0,-57.0,2018,0.0923
-9.75,-54.5,2018,0.5656
-10.5,-53.0,2018,0.0738
-7.25,-63.0,2018,0.1055
-8.75,-51.75,2018,2.1929
-13.0,-60.5,2018,0.1961
-12.0,-62.0,2018,0.1266
-13.5,-60.75,2018,0.611
-13.75,-51.0,2018,0.2463
-11.75,-59.0,2018,0.2772
-1.75,-49.0,2018,0.0669
-7.5,-65.0,2018,0.1398
-4.0,-57.0,2018,0.0671
-8.5,-53.75,2018,0.3282
-7.0,-58.5,2018,0.6298
-9.25,-54.5,2018,0.4099
-14.75,-57.25,2018,0.11
-12.5,-56.25,2018,0.2887
-13.0,-58.0,2018,0.0898
-4.0,-46.25,2018,0.1967
-10.25,-69.5,2018,0.0912
-16.25,-55.0,2018,0.0769
-11.25,-57.75,2018,0.0459
-12.75,-61.75,2018,0.8301
-7.25,-65.0,2018,0.1593
-10.75,-51.75,2018,0.5954
-12.75,-60.0,2018,0.6753
0.0,-67.25,2018,0.0705
-14.0,-56.0,2018,0.2156
-12.5,-52.0,2018,0.1384
-5.25,-46.75,2018,0.2699
-4.75,-63.5,2018,0.0658
-8.0,-62.0,2018,0.1468
-5.75,-69.5,2018,0.1109
-3.75,-61.75,2018,0.0996
-4.0,-48.5,2018,0.092
-1.5,-61.0,2018,0.0705
-6.5,-64.5,2018,0.1617
-2.0,-49.5,2018,0.0822
3.25,-64.0,2018,0.105
-11.25,-64.75,2018,0.5489
-12.0,-58.75,2018,0.0761
-11.0,-52.5,2018,5.2664
0.5,-69.25,2018,0.1622
-4.75,-48.25,2018,0.2749
-11.25,-54.5,2018,0.0702
-8.0,-65.25,2018,0.1287
-9.5,-54.25,2018,0.0681
-12.0,-58.5,2018,0.2862
-1.0,-48.25,2018,0.1874
-12.25,-53.5,2018,0.7838
-6.0,-70.5,2018,0.1614
-2.0,-45.0,2018,0.0823
-7.5,-63.75,2018,0.1108
-12.0,-60.5,2018,0.175
-3.75,-46.5,2018,0.1492
-16.5,-56.75,2018,0.3531
-12.0,-65.0,2018,0.4122
-14.5,-57.0,2018,0.4024
-2.75,-52.25,2018,0.5958
-11.25,-62.25,2018,0.3715
-16.5,-56.0,2018,0.0651
-12.0,-56.0,2018,0.1847
-0.5,-58.0,2018,0.1465
-2.0,-50.25,2018,0.1219
-6.75,-69.5,2018,0.0679
-3.75,-48.0,2018,0.2102
-7.75,-51.25,2018,0.0802
-6.75,-48.25,2018,0.1099
-13.0,-56.5,2018,1.0982
-4.75,-51.25,2018,0.1003
-2.75,-45.25,2018,0.0774
-8.5,-48.5,2018,0.1228
-7.0,-61.25,2018,0.1119
-7.25,-71.5,2018,0.0742
-5.25,-59.75,2018,0.0736
-13.0,-57.75,2018,0.4697
-2.0,-47.5,2018,0.0823
-1.25,-60.25,2018,0.4969
-1.25,-62.25,2018,0.0643
-11.75,-62.25,2018,0.742
-10.5,-52.75,2018,0.1924
-16.0,-55.5,2018,0.0777
-10.0,-60.5,2018,0.4807
-11.25,-52.0,2018,0.2924
-16.25,-58.25,2018,0.4279
-2.25,-60.25,2018,0.0703
-4.25,-46.25,2018,0.093
-3.0,-56.0,2018,0.0652
-3.75,-60.25,2018,0.5414
-12.75,-57.25,2018,0.0659
-0.25,-53.25,2018,0.0706
-13.5,-61.5,2018,0.1212
-7.0,-66.25,2018,0.1741
3.25,-61.25,2018,0.082
-1.5,-50.5,2018,0.1426
-3.0,-46.5,2018,0.1467
-11.5,-51.0,2018,0.0213
-3.0,-61.25,2018,0.2802
2.0,-61.0,2018,0.1923
-16.25,-55.5,2018,0.077
-2.75,-50.0,2018,0.0815
-3.5,-44.75,2018,0.0713
-3.5,-61.5,2018,0.1039
-9.5,-50.25,2018,0.157
-6.5,-57.5,2018,0.3978
-11.5,-56.25,2018,0.3769
-7.25,-64.5,2018,0.0812
-8.0,-56.75,2018,0.1659
-0.25,-65.5,2018,0.1537
-9.5,-50.75,2018,0.5084
-12.0,-61.5,2018,0.0767
1.25,-59.25,2018,0.076
-1.75,-53.5,2018,0.3186
-2.25,-65.25,2018,0.1998
-4.25,-44.25,2018,0.2474
-13.25,-52.25,2018,0.1039
-13.0,-53.75,2018,0.0692
-6.0,-73.25,2018,0.1125
-10.5,-55.25,2018,0.4766
-10.5,-67.25,2018,0.0964
-4.0,-44.5,2018,0.0735
-3.0,-56.5,2018,0.2297
-5.0,-59.25,2018,0.0792
-2.25,-52.5,2018,0.1551
-4.0,-47.75,2018,0.1053
-6.5,-68.0,2018,0.1098
-10.5,-55.75,2018,0.0896
-9.5,-72.75,2018,0.065
-12.0,-56.25,2018,2.6603
-10.75,-57.75,2018,0.3728
-0.75,-57.25,2018,0.0725
-6.0,-54.75,2018,0.1721
-7.5,-66.5,2018,0.2222
-8.25,-65.75,2018,0.0692
-13.0,-61.5,2018,0.1794
-13.25,-54.75,2018,1.2269
-9.0,-66.25,2018,6.3156
-5.5,-67.5,2018,0.1752
-9.25,-55.75,2018,0.1008
0.5,-59.25,2018,0.078
-5.25,-60.5,2018,0.1303
-12.5,-56.5,2018,0.8743
-6.25,-48.75,2018,0.0639
-10.0,-53.75,2018,0.0871
-7.25,-56.25,2018,0.1622
-2.25,-45.5,2018,0.0946
-11.25,-51.75,2018,0.1308
-2.0,-59.5,2018,0.0791
3.0,-60.0,2018,0.0697
-4.5,-54.5,2018,1.3733
-6.5,-58.0,2018,0.0782
-3.75,-55.25,2018,0.2152
-3.0,-64.5,2018,0.1244
-9.5,-71.25,2018,0.1065
-7.5,-50.25,2018,0.1236
-8.25,-68.0,2018,0.0815
0.0,-58.0,2018,0.0868
-10.75,-55.5,2018,0.0673
-3.0,-67.0,2018,0.074
-7.25,-51.25,2018,0.0672
-11.0,-57.25,2018,0.1054
-10.75,-52.25,2018,0.1808
-12.0,-53.75,2018,0.0742
-8.0,-62.75,2018,0.1013
-13.75,-59.25,2018,0.2179
-1.25,-57.25,2018,0.1238
-1.5,-56.5,2018,2.2419
-5.0,-66.25,2018,0.1009
-0.25,-42.75,2018,0.0003
-16.25,-54.5,2018,0.111
-3.75,-57.5,2018,0.0641
-7.0,-55.0,2018,0.9886
-10.75,-59.5,2018,0.0772
-9.0,-70.25,2018,0.0634
-16.0,-54.5,2018,0.1471
-2.75,-55.5,2018,0.0694
-3.25,-46.25,2018,0.0883
3.75,-63.75,2018,0.0995
-9.0,-60.25,2018,1.6913
-6.75,-70.5,2018,0.1046
-7.5,-60.0,2018,0.1446
-10.75,-52.0,2018,0.3059
-9.0,-54.5,2018,0.1583
-6.5,-61.75,2018,0.0871
-0.75,-63.25,2018,0.0969
-15.25,-60.0,2018,0.0694
-4.0,-53.25,2018,0.4531
-0.75,-57.75,2018,0.0642
-10.75,-54.75,2018,0.2528
-11.5,-58.5,2018,0.1556
-9.5,-51.5,2018,0.5374
-1.75,-60.5,2018,0.4053
-9.25,-71.5,2018,0.0675
1.5,-68.0,2018,0.0647
-2.75,-53.75,2018,0.0956
-11.0,-53.0,2018,0.0733
-5.75,-65.75,2018,0.0736
-2.75,-46.5,2018,0.0838
-10.75,-53.75,2018,0.8589
-4.25,-59.25,2018,0.0666
-3.0,-60.0,2018,0.1486
-12.5,-58.5,2018,0.3005
1.25,-59.5,2018,0.1087
-9.0,-48.75,2018,0.0946
-1.0,-48.75,2018,0.2297
-9.75,-58.75,2018,0.9144
-5.75,-49.5,2018,0.1417
-7.25,-68.0,2018,0.1065
-9.0,-69.75,2018,0.4681
-6.75,-53.75,2018,0.3815
-0.5,-66.25,2018,0.0636
-16.25,-58.0,2018,0.0715
-7.0,-64.25,2018,0.2775
-11.0,-65.0,2018,0.0627
-4.5,-47.5,2018,0.1081
-5.25,-72.75,2018,0.0645
-9.75,-54.25,2018,0.1173
-3.75,-44.0,2018,0.0633
-3.5,-62.0,2018,0.0825
-4.5,-70.25,2018,0.0642
-8.0,-50.0,2018,0.1264
-6.75,-67.0,2018,0.0776
-11.0,-58.75,2018,0.2247
-3.25,-60.0,2018,0.0653
-4.25,-63.75,2018,0.0841
-8.75,-48.25,2018,0.093
-11.25,-53.75,2018,0.0873
-4.0,-44.25,2018,0.1016
-2.0,-67.25,2018,0.0659
-14.0,-55.75,2018,4.8432
-2.5,-60.0,2018,0.0748
-6.5,-68.25,2018,0.0665
-7.5,-73.5,2018,0.0879
-3.25,-57.25,2018,0.1252
-2.25,-49.5,2018,0.1308
-7.75,-71.0,2018,0.0979
-15.5,-59.75,2018,0.1384
-13.25,-56.5,2018,0.0652
-9.25,-69.75,2018,0.1788
-7.75,-73.25,2018,0.1536
-3.25,-56.0,2018,0.0738
-6.5,-50.0,2018,0.1322
-4.0,-51.5,2018,0.0292
-13.0,-53.0,2018,0.0877
-1.5,-52.0,2018,0.183
1.5,-69.0,2018,0.0643
-12.0,-55.0,2018,0.0979
-0.25,-67.0,2018,0.0678
3.25,-63.75,2018,0.0914
-8.75,-51.0,2018,0.2537
-3.25,-46.75,2018,0.0819
-9.5,-55.25,2018,0.1719
-5.5,-46.75,2019,2.1204
-9.25,-60.25,2019,8.1212
-3.25,-51.0,2019,41.9606
-3.75,-52.25,2019,46.9937
-3.0,-51.25,2019,24.3616
-5.75,-56.75,2019,3.0224
-11.0,-69.25,2019,6.3014
3.0,-51.5,2019,0.1508
3.75,-61.75,2019,6.1251
-2.0,-46.5,2019,11.7938
-9.25,-68.5,2019,6.8389
-3.75,-50.0,2019,11.0094
-4.0,-51.0,2019,21.6853
-9.25,-71.75,2019,2.7217
-4.75,-56.0,2019,12.9879
-1.5,-51.5,2019,1.3085
-3.5,-51.5,2019,42.1036
-7.75,-54.75,2019,5.0235
-2.0,-46.25,2019,4.0059
-3.5,-51.25,2019,14.7989
-2.5,-56.0,2019,1.4865
1.75,-60.75,2019,21.948
-9.5,-63.25,2019,14.239
-3.5,-51.75,2019,10.9347
-4.75,-48.75,2019,3.7411
-1.75,-50.0,2019,0.3849
-3.75,-52.5,2019,8.5532
-8.0,-63.75,2019,6.1607
2.5,-60.75,2019,3.9782
-8.0,-70.25,2019,8.7924
-9.75,-68.25,2019,5.9523
-3.75,-51.75,2019,66.3693
-2.25,-46.5,2019,8.3594
-3.0,-48.0,2019,2.603
2.5,-61.5,2019,11.7489
-10.0,-60.25,2019,42.7294
-5.0,-56.25,2019,20.1536
-5.5,-51.25,2019,18.4139
-12.5,-54.5,2019,5.569
4.0,-64.5,2019,1.4716
-3.75,-63.75,2019,0.1346
-10.25,-58.75,2019,0.9886
-6.25,-52.75,2019,25.1073
-9.75,-57.0,2019,10.1128
-6.25,-52.5,2019,20.4881
-10.5,-55.25,2019,0.6285
-4.0,-48.0,2019,3.17
-8.5,-70.25,2019,9.505
-10.5,-67.75,2019,10.0347
-5.25,-56.0,2019,17.8127
-3.5,-54.75,2019,10.5233
-4.25,-55.0,2019,20.6306
-2.75,-54.5,2019,5.2343
-3.75,-50.75,2019,6.8565
-2.75,-51.75,2019,29.6574
-12.75,-62.25,2019,9.4176
-12.0,-63.25,2019,36.518
-9.25,-61.5,2019,5.8305
-3.0,-51.5,2019,30.9039
2.75,-60.5,2019,6.6689
-3.25,-50.5,2019,42.1374
-12.25,-61.75,2019,2.6539
0.75,-50.75,2019,6.4166
-10.25,-68.75,2019,5.8839
-7.25,-50.5,2019,2.3385
0.75,-60.5,2019,31.2879
-4.0,-50.75,2019,11.8017
-4.0,-55.5,2019,10.5648
-2.0,-51.0,2019,3.1787
-5.75,-52.0,2019,11.7607
-7.25,-49.25,2019,2.9318
-6.5,-52.5,2019,5.97
-12.25,-62.0,2019,1.9561
-3.5,-53.0,2019,3.504
-3.0,-53.75,2019,16.8798
-6.75,-70.0,2019,0.2734
-9.25,-65.5,2019,55.9933
-6.0,-51.75,2019,32.0006
-1.25,-53.5,2019,7.3462
-1.5,-46.0,2019,5.1431
-4.0,-54.0,2019,11.3375
-13.5,-61.0,2019,1.6764
-4.25,-53.75,2019,10.0182
1.0,-50.25,2019,0.4719
-3.75,-51.25,2019,35.1926
-1.75,-60.0,2019,1.8727
-2.5,-45.5,2019,0.5885
-12.5,-54.25,2019,6.8482
-11.5,-55.5,2019,65.5309
0.25,-50.5,2019,0.1078
-9.5,-66.75,2019,28.5922
-10.5,-68.75,2019,9.2547
-3.75,-57.25,2019,1.335
-3.5,-44.5,2019,2.5625
-10.75,-69.5,2019,18.8908
-9.25,-60.75,2019,7.86
-3.25,-51.75,2019,2.9858
-10.5,-54.5,2019,6.6144
-8.75,-66.5,2019,12.572
-3.75,-44.25,2019,1.2262
2.0,-60.5,2019,17.2045
-9.5,-67.5,2019,12.0528
-3.75,-55.5,2019,5.8064
-1.5,-56.25,2019,0.4985
-3.75,-47.5,2019,4.13
-8.25,-73.25,2019,0.2984
-4.5,-55.0,2019,20.0505
0.75,-64.5,2019,0.3981
-9.0,-67.5,2019,16.0404
-9.25,-67.75,2019,16.2334
-3.5,-51.0,2019,18.8328
-8.75,-71.0,2019,8.5919
-3.0,-45.25,2019,0.2492
-9.25,-72.0,2019,4.497
-3.0,-51.75,2019,17.3227
-10.0,-68.5,2019,8.1139
0.5,-60.5,2019,8.2804
-4.75,-50.5,2019,5.8644
-3.5,-59.5,2019,7.2151
-10.75,-69.25,2019,14.5985
-3.5,-50.25,2019,27.392
-3.25,-50.75,2019,41.5419
-10.75,-56.25,2019,11.0746
-2.5,-50.75,2019,5.6948
1.75,-60.5,2019,17.9698
-4.5,-46.75,2019,3.0185
-10.5,-58.0,2019,7.6813
2.75,-60.25,2019,2.731
-6.75,-51.0,2019,4.185
-3.5,-52.0,2019,9.4963
-4.25,-55.25,2019,18.3281
3.25,-64.0,2019,1.6599
-6.0,-53.75,2019,12.0608
-10.0,-69.0,2019,4.9456
0.75,-59.25,2019,0.8534
-8.25,-63.75,2019,0.9013
-3.25,-53.0,2019,10.4697
-4.75,-49.25,2019,3.0346
-3.75,-53.5,2019,6.3183
-1.0,-47.5,2019,0.222
-3.5,-50.0,2019,12.9369
-10.25,-64.0,2019,2.6804
2.25,-61.5,2019,13.6753
-2.75,-50.75,2019,0.1378
-8.0,-71.25,2019,7.5126
-3.75,-52.0,2019,57.4968
-4.25,-46.75,2019,6.3052
-6.75,-63.0,2019,15.5886
-3.25,-51.5,2019,18.9035
-3.0,-54.5,2019,3.5994
-12.5,-62.25,2019,0.8759
2.75,-63.5,2019,1.0155
-6.75,-60.0,2019,34.9836
-4.0,-52.0,2019,92.0956
-3.75,-48.0,2019,1.07
-2.5,-51.5,2019,0.6989
-8.75,-67.25,2019,20.4927
-4.25,-48.5,2019,6.2632
-8.5,-70.0,2019,12.0508
-5.75,-51.5,2019,9.9453
-8.5,-71.25,2019,0.9672
-12.25,-64.0,2019,18.0136
-7.75,-61.25,2019,33.5782
-10.25,-68.0,2019,9.9986
-9.0,-65.5,2019,3.4367
-7.0,-51.25,2019,2.698
-2.5,-58.0,2019,1.467
-5.25,-50.75,2019,9.736
-2.25,-53.75,2019,14.7508
-9.0,-72.75,2019,7.733
-1.75,-46.0,2019,3.5549
-8.5,-71.5,2019,2.9478
-3.75,-50.25,2019,20.1144
-8.75,-50.75,2019,4.6996
-4.75,-45.75,2019,9.2283
1.25,-60.5,2019,3.5631
-7.75,-51.0,2019,5.9561
3.25,-61.5,2019,1.9347
2.25,-60.25,2019,8.304
2.75,-63.75,2019,1.7848
-0.75,-47.25,2019,2.8662
-6.25,-56.5,2019,1.2648
-8.25,-71.0,2019,7.2902
-2.5,-54.0,2019,2.8914
1.75,-51.0,2019,1.7141
-7.0,-59.25,2019,29.4197
-9.0,-70.75,2019,3.9856
-5.0,-45.75,2019,6.144
2.0,-60.75,2019,12.718
-3.25,-54.75,2019,9.3587
0.75,-60.25,2019,9.3884
2.5,-60.5,2019,8.0548
-8.25,-61.5,2019,10.3016
1.0,-67.25,2019,0.3343
-3.5,-52.25,2019,9.4233
-3.5,-50.75,2019,24.3698
-7.5,-73.25,2019,3.4262
-4.25,-50.0,2019,1.5574
-2.25,-48.5,2019,7.3935
-8.5,-49.5,2019,5.1113
-3.0,-59.5,2019,1.1771
-6.5,-50.25,2019,1.065
-9.0,-68.75,2019,9.135
-9.25,-67.25,2019,3.3175
-3.0,-49.75,2019,0.7137
-3.5,-47.5,2019,0.8067
-4.5,-55.5,2019,26.2868
-8.75,-70.75,2019,5.1454
-10.0,-54.75,2019,2.0846
-3.75,-59.25,2019,8.0625
-4.25,-50.5,2019,7.3131
-3.5,-49.75,2019,3.2851
-9.75,-63.75,2019,12.8127
2.25,-60.0,2019,0.5363
-1.75,-55.25,2019,13.8941
-3.75,-51.0,2019,19.5239
-4.75,-50.0,2019,0.3447
1.0,-59.75,2019,6.6707
-9.5,-68.0,2019,6.0399
1.0,-60.0,2019,2.0379
-1.0,-54.25,2019,2.4839
-5.25,-49.5,2019,3.3338
-8.75,-62.5,2019,35.5704
-11.75,-59.0,2019,2.0863
-8.0,-70.0,2019,1.7584
-5.25,-46.25,2019,4.4317
1.75,-63.5,2019,2.1167
-8.75,-66.75,2019,21.2717
-3.25,-50.25,2019,25.7372
-3.25,-51.25,2019,48.9189
-3.0,-59.25,2019,3.1572
-3.5,-52.75,2019,3.9013
-3.75,-53.75,2019,4.5115
-4.0,-51.75,2019,26.2959
-8.75,-49.75,2019,0.6621
0.0,-67.25,2019,0.3611
-4.5,-55.25,2019,8.562
-2.5,-56.25,2019,10.1018
-3.75,-54.75,2019,9.175
-7.0,-63.0,2019,27.8913
-4.0,-47.25,2019,5.0081
2.0,-61.25,2019,8.4314
-2.75,-48.5,2019,3.48
-10.5,-68.25,2019,8.1625
-11.5,-52.25,2019,1.2651
-1.25,-52.5,2019,0.7044
-10.0,-58.0,2019,13.9989
-1.75,-55.75,2019,2.4784
-3.25,-52.25,2019,3.243
1.25,-60.25,2019,2.0159
-2.5,-53.75,2019,11.3809
-5.25,-49.25,2019,3.6427
-2.0,-46.75,2019,2.5577
2.75,-61.75,2019,10.3603
-11.0,-59.25,2019,2.4094
-3.25,-47.75,2019,14.778
-2.5,-51.75,2019,5.304
-3.0,-65.0,2019,0.3795
-4.75,-49.5,2019,3.0779
-10.5,-69.75,2019,3.0705
-9.0,-69.25,2019,10.2029
-2.25,-50.25,2019,0.6353
-8.75,-69.75,2019,3.8128
-1.5,-53.5,2019,6.6648
3.0,-61.5,2019,7.1998
-2.5,-46.25,2019,1.3144
-12.0,-64.0,2019,5.3339
-9.75,-63.0,2019,1.9341
-14.5,-56.75,2019,0.4049
-3.75,-64.0,2019,0.2415
-9.25,-57.0,2019,14.4535
-10.0,-63.5,2019,6.8715
-8.25,-49.0,2019,0.1306
-10.5,-69.25,2019,9.1361
-10.0,-59.25,2019,7.6781
2.75,-61.5,2019,30.2768
1.0,-59.5,2019,21.8646
-2.25,-51.25,2019,2.2924
-10.0,-54.0,2019,6.7752
-7.25,-59.75,2019,10.5643
3.75,-51.75,2019,4.4689
-7.75,-63.25,2019,6.769
-2.25,-46.75,2019,2.22
2.25,-61.75,2019,17.1299
-5.5,-57.25,2019,0.5773
-10.25,-65.0,2019,17.9308
-9.0,-51.5,2019,10.8791
-9.0,-50.75,2019,8.4198
-12.75,-60.25,2019,6.5102
-3.0,-53.25,2019,18.9285
-4.5,-46.5,2019,7.3425
-2.75,-51.5,2019,4.8755
-12.5,-61.75,2019,0.7398
-13.0,-53.25,2019,2.9365
-6.0,-52.0,2019,7.9378
-9.25,-70.5,2019,0.8212
-8.0,-55.25,2019,6.4063
-2.25,-51.0,2019,3.7537
-5.75,-49.75,2019,2.4389
-13.25,-56.25,2019,0.4644
-4.0,-52.25,2019,20.4697
3.0,-61.25,2019,1.5799
-2.5,-50.5,2019,3.5804
-9.75,-60.5,2019,2.724
-8.75,-71.75,2019,0.9894
-9.5,-64.5,2019,26.8254
-3.75,-68.5,2019,0.8954
-1.75,-55.0,2019,8.8644
-2.25,-56.0,2019,0.9356
5.0,-60.25,2019,0.7252
-4.25,-48.75,2019,14.8069
-9.75,-68.0,2019,5.0096
-4.75,-50.75,2019,16.1822
-7.5,-55.0,2019,4.0371
-7.0,-51.75,2019,2.6957
-10.75,-69.0,2019,11.8953
-4.0,-50.5,2019,4.16
1.0,-60.75,2019,4.9355
-3.5,-53.5,2019,8.6931
-7.25,-49.5,2019,0.9362
-2.5,-48.5,2019,6.2168
-3.5,-54.25,2019,12.4377
0.0,-67.0,2019,0.632
-5.5,-49.0,2019,2.7041
-11.0,-69.5,2019,4.7875
-9.0,-62.5,2019,38.9746
-3.75,-59.5,2019,3.3675
-1.5,-55.25,2019,6.8183
-9.5,-68.5,2019,8.3234
3.0,-64.0,2019,0.5584
-1.0,-53.0,2019,2.6351
-9.75,-64.5,2019,17.8636
-14.75,-57.75,2019,2.0508
-4.0,-53.5,2019,17.6498
-3.0,-47.5,2019,0.1015
-9.0,-62.25,2019,23.3437
-2.75,-54.25,2019,5.0405
-10.0,-58.25,2019,3.0946
0.75,-60.75,2019,6.9266
-11.0,-59.0,2019,11.6586
-5.75,-53.75,2019,10.582
-9.75,-55.0,2019,3.3963
-10.5,-54.25,2019,2.4629
-3.25,-52.0,2019,1.5882
-7.25,-51.0,2019,0.9131
-6.0,-57.75,2019,26.4371
-7.75,-55.0,2019,5.7791
1.25,-51.25,2019,1.7038
-9.0,-66.0,2019,48.2552
-8.75,-67.0,2019,28.9517
-1.5,-53.75,2019,3.6956
-3.25,-53.25,2019,19.2921
2.25,-61.0,2019,5.88
-4.75,-55.75,2019,26.9248
-10.25,-54.0,2019,10.1604
-8.25,-70.25,2019,7.7521
2.0,-61.0,2019,10.7617
-4.25,-54.0,2019,6.7125
-5.5,-57.0,2019,3.7677
-11.25,-59.25,2019,2.486
-5.5,-44.0,2019,9.2393
-8.25,-51.0,2019,3.5587
-3.75,-55.75,2019,6.5929
-2.5,-49.0,2019,3.3641
-5.0,-48.5,2019,2.2751
-11.5,-55.25,2019,16.7455
-1.25,-53.25,2019,0.9259
-4.5,-46.25,2019,2.3535
-10.25,-63.5,2019,4.0932
-5.0,-46.75,2019,3.8125
1.0,-52.25,2019,1.3059
-15.0,-57.75,2019,1.6989
-9.25,-57.25,2019,29.7503
-4.0,-51.25,2019,13.0873
-5.5,-51.5,2019,20.4232
-2.5,-48.75,2019,2.0244
2.25,-60.5,2019,11.4843
-3.5,-50.5,2019,21.2094
-9.25,-57.5,2019,13.3944
-4.5,-44.0,2019,0.3334
-10.0,-65.0,2019,35.3798
-1.5,-55.0,2019,3.3296
-7.75,-73.0,2019,9.4173
-8.25,-70.75,2019,5.0826
-9.25,-62.25,2019,26.606
-11.75,-65.0,2019,10.6808
1.0,-60.5,2019,27.2293
4.0,-51.75,2019,0.9438
-7.25,-59.5,2019,11.4694
-8.75,-50.0,2019,8.1507
-4.25,-63.75,2019,0.1338
2.25,-61.25,2019,10.558
-3.0,-51.0,2019,27.5709
-7.0,-59.5,2019,34.1122
-9.0,-67.0,2019,5.3344
-4.25,-48.25,2019,9.0343
0.75,-59.75,2019,5.0114
-9.75,-58.5,2019,9.3516
-5.5,-51.0,2019,16.2676
-9.0,-68.25,2019,1.3319
-10.0,-67.75,2019,1.5084
-1.75,-54.75,2019,2.9743
-12.0,-62.0,2019,0.7132
-7.75,-49.5,2019,0.21
-11.75,-62.5,2019,2.7717
-6.25,-57.5,2019,3.5716
-1.25,-50.0,2019,0.4029
-10.0,-67.0,2019,8.1745
-3.5,-49.25,2019,3.6866
-8.75,-69.5,2019,11.2638
-2.0,-54.75,2019,0.3225
-4.25,-49.0,2019,2.4096
-3.25,-54.5,2019,5.9419
-11.25,-54.75,2019,9.1547
-12.25,-63.75,2019,8.8798
-3.75,-59.0,2019,2.7322
-11.75,-62.75,2019,1.8636
-10.75,-54.0,2019,29.6599
-4.25,-49.25,2019,2.0132
-2.25,-49.25,2019,0.3517
-4.25,-54.75,2019,15.9453
-9.75,-61.75,2019,1.9642
-9.5,-67.75,2019,8.2715
-7.0,-60.0,2019,20.047
-5.75,-46.25,2019,1.4125
-3.75,-51.5,2019,13.738
-10.25,-67.5,2019,1.4191
-5.25,-46.0,2019,5.885
-7.75,-61.5,2019,14.4711
-2.25,-50.5,2019,8.7722
1.75,-61.0,2019,8.2204
-1.75,-55.5,2019,1.7007
-9.5,-66.5,2019,10.9007
-5.0,-49.75,2019,7.291
-5.75,-57.25,2019,1.1098
-0.75,-48.0,2019,0.9575
-4.75,-46.5,2019,11.028
-9.25,-68.75,2019,10.618
-3.0,-50.5,2019,13.4465
-6.75,-59.75,2019,22.2763
2.0,-60.25,2019,3.6465
-2.0,-45.5,2019,2.6592
-5.75,-51.75,2019,28.5891
-9.75,-66.75,2019,3.2294
-7.75,-72.5,2019,7.0427
-9.0,-72.5,2019,1.485
-10.75,-68.25,2019,10.2564
2.75,-62.75,2019,0.8384
-3.25,-58.0,2019,0.4142
-6.25,-53.25,2019,13.6022
0.0,-60.75,2019,0.2634
-5.5,-44.25,2019,7.4913
-4.25,-47.0,2019,6.6447
-2.75,-61.0,2019,2.3611
-4.25,-49.5,2019,0.2345
-9.5,-57.75,2019,37.6732
-6.75,-63.25,2019,10.5155
-8.0,-70.75,2019,3.2369
-3.75,-58.5,2019,0.9609
-5.5,-49.5,2019,4.9435
-9.0,-69.75,2019,0.5096
-12.25,-54.5,2019,2.0046
-6.0,-54.0,2019,3.1895
-6.25,-49.0,2019,0.3022
-12.0,-62.5,2019,1.7383
-11.0,-62.5,2019,24.297
-9.75,-64.75,2019,13.6557
1.5,-63.5,2019,0.4327
-2.5,-55.25,2019,0.5207
-4.5,-45.75,2019,2.2177
-5.5,-56.0,2019,5.5394
-1.25,-53.75,2019,25.6609
-9.5,-58.0,2019,18.7956
-3.25,-49.5,2019,2.2411
-7.0,-51.0,2019,4.6784
-10.75,-57.75,2019,2.5347
-11.5,-61.75,2019,1.5462
-10.25,-64.25,2019,5.4079
-7.0,-70.0,2019,0.4369
-3.25,-59.75,2019,1.4495
-8.5,-64.0,2019,8.8293
-1.25,-54.25,2019,5.8452
-10.25,-55.0,2019,1.2161
0.0,-60.5,2019,3.6823
-3.25,-45.25,2019,0.8814
-9.5,-59.75,2019,5.3583
-8.25,-61.25,2019,10.3862
-10.0,-60.0,2019,11.1768
-5.0,-49.5,2019,4.3753
-5.75,-51.0,2019,1.4206
-9.0,-59.5,2019,4.4049
-8.0,-71.0,2019,11.0976
-9.0,-71.5,2019,4.9517
-8.0,-61.5,2019,10.7151
-10.0,-59.75,2019,8.0509
-6.0,-45.5,2019,0.8772
-9.25,-62.5,2019,23.8228
-9.25,-68.0,2019,8.2565
-9.0,-54.75,2019,1.1698
-1.75,-46.5,2019,0.7826
-9.75,-65.0,2019,11.2555
-3.0,-49.25,2019,4.0352
-4.25,-69.75,2019,0.2535
-5.0,-48.75,2019,1.7826
1.5,-63.75,2019,0.9572
-9.75,-57.5,2019,7.6896
-4.25,-55.5,2019,4.992
-7.5,-73.0,2019,4.4264
-10.75,-68.75,2019,7.9367
-0.75,-47.5,2019,1.647
-6.75,-53.5,2019,4.1395
-12.0,-61.75,2019,0.9051
-2.0,-53.25,2019,0.2728
-4.25,-53.5,2019,10.7001
-8.5,-70.75,2019,7.3456
-3.75,-54.25,2019,8.7925
-8.25,-55.0,2019,12.9443
-10.25,-58.0,2019,12.7695
-5.75,-51.25,2019,4.549
-9.25,-59.0,2019,9.5017
2.5,-61.25,2019,6.5098
2.75,-61.25,2019,4.895
-10.25,-57.0,2019,0.9497
5.25,-60.5,2019,0.1438
-10.25,-65.25,2019,5.6963
-10.5,-65.25,2019,1.064
-4.0,-68.0,2019,0.6889
0.5,-52.0,2019,0.0828
-16.25,-59.5,2019,2.8579
-9.75,-56.75,2019,6.6717
-3.75,-49.75,2019,1.9865
1.75,-60.25,2019,6.113
-5.75,-49.0,2019,3.6748
-4.0,-68.5,2019,1.4588
-4.25,-50.25,2019,1.916
-12.75,-56.5,2019,0.4716
-8.75,-55.0,2019,7.4948
-12.75,-60.75,2019,5.2962
-4.25,-52.25,2019,0.6503
-5.75,-48.25,2019,1.5145
-12.0,-62.25,2019,1.7232
-6.25,-53.0,2019,15.8924
-10.5,-57.75,2019,2.5481
-5.75,-73.0,2019,0.2405
-1.5,-56.0,2019,2.6029
2.25,-60.75,2019,2.4572
-9.25,-70.75,2019,1.0391
-6.25,-51.75,2019,4.9525
-9.25,-69.0,2019,3.2108
-2.0,-52.0,2019,12.2418
-6.75,-59.25,2019,26.8194
-6.5,-53.0,2019,22.0411
-3.0,-54.25,2019,5.883
-9.5,-64.0,2019,12.6124
-5.0,-56.0,2019,6.8507
-11.5,-55.75,2019,12.4388
-7.75,-62.5,2019,3.1008
-11.25,-61.75,2019,0.2299
1.25,-53.0,2019,0.4458
-9.75,-66.25,2019,7.2089
-3.75,-49.0,2019,3.221
-2.0,-50.75,2019,5.4445
-12.25,-60.5,2019,5.7843
-3.25,-50.0,2019,8.8636
-11.5,-59.25,2019,0.8145
-4.0,-49.0,2019,13.598
-6.75,-52.5,2019,3.9583
0.25,-69.5,2019,0.1276
-10.0,-50.5,2019,5.1759
-0.5,-52.5,2019,0.0659
-8.75,-63.5,2019,3.5343
-9.5,-59.0,2019,8.2527
3.25,-51.25,2019,0.7572
-4.25,-70.0,2019,0.1741
-1.5,-52.75,2019,2.117
-3.5,-59.75,2019,1.6201
-7.75,-70.5,2019,0.5233
-4.0,-53.75,2019,12.4212
-11.0,-54.0,2019,30.878
-2.0,-56.5,2019,3.1403
-9.25,-58.25,2019,13.1953
-2.75,-56.25,2019,0.3921
-2.25,-46.25,2019,2.7451
-9.25,-51.5,2019,9.4737
2.0,-51.0,2019,0.4301
-6.75,-55.75,2019,35.5209
-13.25,-52.75,2019,16.097
-9.75,-68.5,2019,20.5195
-8.75,-69.0,2019,5.7526
-8.75,-71.25,2019,5.8277
-6.75,-55.25,2019,9.5549
-2.0,-47.0,2019,0.251
-9.0,-63.75,2019,6.4157
-1.25,-55.75,2019,5.5369
-3.75,-50.5,2019,6.8661
-10.0,-63.75,2019,9.5175
-4.0,-46.5,2019,3.8412
-2.75,-49.0,2019,2.4792
-6.25,-48.25,2019,0.375
-2.5,-48.0,2019,0.5771
-10.0,-65.25,2019,18.9746
-10.0,-64.25,2019,20.9569
-5.75,-45.75,2019,0.7504
-2.0,-54.5,2019,1.5375
-5.0,-46.25,2019,2.4143
3.0,-63.75,2019,0.919
-3.5,-59.0,2019,5.0676
-7.0,-71.75,2019,5.2915
-10.0,-55.0,2019,2.4498
-7.5,-63.75,2019,1.3873
-5.25,-51.25,2019,3.3564
3.5,-61.5,2019,0.3306
-9.5,-65.5,2019,16.4324
-9.5,-68.25,2019,5.3456
-4.5,-47.0,2019,2.2427
-6.25,-57.75,2019,2.3078
2.0,-61.5,2019,3.2759
-9.75,-67.75,2019,4.0921
-9.75,-57.75,2019,3.4432
-10.25,-62.0,2019,24.3345
-3.0,-54.0,2019,11.2223
-2.75,-48.75,2019,4.121
0.5,-60.75,2019,4.005
-3.25,-56.75,2019,0.3181
-10.5,-69.5,2019,4.165
-3.0,-52.0,2019,1.4166
-9.75,-66.5,2019,4.2907
-7.25,-56.5,2019,4.7681
-1.5,-53.0,2019,2.8385
-9.25,-59.75,2019,12.5488
-3.75,-52.75,2019,2.5704
-3.5,-53.75,2019,10.044
-9.75,-68.75,2019,9.026
2.25,-63.0,2019,0.4925
-8.0,-50.75,2019,0.0637
-5.75,-50.0,2019,11.0243
-6.5,-53.5,2019,34.7136
-3.0,-58.5,2019,0.8394
-12.25,-64.25,2019,11.725
-10.25,-58.25,2019,14.3616
-10.75,-53.75,2019,4.207
-9.0,-59.0,2019,6.1617
-10.5,-70.0,2019,0.5739
-3.0,-47.0,2019,0.6498
-9.75,-54.75,2019,2.0008
-6.75,-53.25,2019,8.1301
-2.25,-47.75,2019,1.055
1.5,-69.0,2019,0.1373
-7.0,-57.0,2019,1.5209
-4.75,-56.25,2019,7.9337
-3.25,-59.5,2019,3.0093
-9.5,-59.25,2019,6.8063
-5.0,-46.0,2019,4.9102
-7.0,-50.5,2019,2.934
-5.0,-55.75,2019,5.4894
-4.25,-50.75,2019,17.7109
-8.75,-68.75,2019,5.2569
-3.0,-56.5,2019,0.657
-8.75,-70.5,2019,2.4817
1.5,-60.5,2019,1.3536
-9.25,-56.5,2019,3.1903
-6.75,-48.75,2019,0.8767
-1.25,-52.25,2019,0.1962
-9.5,-56.75,2019,3.6803
-4.0,-54.5,2019,6.9971
-7.0,-53.0,2019,0.637
0.25,-60.75,2019,2.4326
1.0,-60.25,2019,9.847
-5.5,-56.75,2019,1.7236
-4.75,-46.75,2019,8.9018
-3.5,-64.75,2019,1.093
-5.25,-50.5,2019,4.4617
-11.5,-62.0,2019,1.4384
-5.0,-44.0,2019,1.0381
-4.75,-46.25,2019,2.6401
-9.5,-68.75,2019,8.0058
-10.5,-68.5,2019,16.5722
-3.5,-69.25,2019,0.7531
-10.0,-68.75,2019,8.2979
-1.75,-46.25,2019,2.8223
-5.25,-44.75,2019,1.9405
-9.25,-68.25,2019,12.8115
-4.25,-46.0,2019,1.1249
-10.5,-64.0,2019,9.1361
-10.5,-58.5,2019,0.5419
-10.25,-69.5,2019,0.9692
-5.5,-49.25,2019,2.4337
-6.5,-56.0,2019,16.814
-12.0,-59.0,2019,1.2932
-12.5,-56.75,2019,0.3247
-4.0,-46.25,2019,0.986
-4.0,-49.25,2019,3.0044
-11.5,-54.5,2019,25.1236
-4.5,-50.5,2019,8.6155
-11.75,-61.0,2019,3.3246
-6.25,-52.25,2019,6.0565
-7.25,-55.5,2019,15.5536
-2.75,-55.25,2019,0.2844
-3.25,-63.75,2019,0.0807
-10.5,-68.0,2019,8.3981
1.25,-52.75,2019,0.4206
-9.25,-62.0,2019,4.6537
-8.25,-55.25,2019,25.6477
-7.0,-59.75,2019,58.7274
-9.75,-61.25,2019,2.788
-12.0,-63.0,2019,11.291
-8.5,-67.5,2019,0.6651
-8.75,-55.25,2019,2.8364
-8.25,-73.0,2019,1.9727
-6.25,-52.0,2019,4.3157
-3.25,-58.75,2019,0.5145
-6.25,-56.0,2019,3.5531
-2.0,-47.25,2019,0.2677
-12.0,-54.25,2019,8.0363
1.5,-61.0,2019,3.2796
-9.25,-71.0,2019,0.261
-3.75,-47.25,2019,2.5763
-1.75,-50.75,2019,0.5896
-10.5,-61.25,2019,4.6419
-9.5,-62.0,2019,2.6779
-6.25,-55.75,2019,6.8125
-10.75,-61.75,2019,0.7312
-9.75,-67.0,2019,4.2407
-11.5,-60.75,2019,0.4372
-2.25,-56.75,2019,0.4972
-6.75,-53.0,2019,20.3365
-3.25,-49.0,2019,4.6744
-10.5,-60.25,2019,0.3771
-4.25,-51.0,2019,19.1368
3.25,-63.75,2019,0.2935
-9.5,-63.75,2019,26.6788
-2.0,-52.75,2019,2.9837
-11.5,-54.25,2019,3.1983
-4.75,-49.75,2019,7.1679
-7.75,-50.75,2019,1.108
-1.75,-54.25,2019,5.0265
-4.0,-54.75,2019,7.3815
-10.25,-53.75,2019,3.5061
-12.75,-57.0,2019,2.1037
-4.0,-48.75,2019,2.727
-9.5,-67.25,2019,13.1826
-8.5,-49.0,2019,0.2808
-8.5,-69.5,2019,0.0836
-5.5,-47.75,2019,2.1246
-3.5,-58.5,2019,1.0956
-10.75,-58.75,2019,1.1542
-5.5,-50.0,2019,5.6025
-11.75,-58.25,2019,8.088
-7.0,-49.25,2019,2.7861
-4.5,-54.75,2019,5.419
-9.5,-54.25,2019,0.1146
-2.75,-53.25,2019,9.4823
-1.5,-51.75,2019,1.016
-3.0,-53.0,2019,15.607
-11.0,-54.75,2019,17.0579
-7.25,-72.75,2019,7.0319
0.75,-51.0,2019,0.7589
-5.5,-51.75,2019,9.9234
-8.75,-63.75,2019,0.6237
-2.25,-51.5,2019,1.3393
-3.5,-54.5,2019,14.6784
-2.75,-49.25,2019,0.8632
1.0,-64.0,2019,0.0648
-11.0,-68.75,2019,1.3229
-3.25,-52.75,2019,1.2195
-3.0,-57.5,2019,1.3819
-4.25,-56.0,2019,0.4369
-9.5,-64.25,2019,32.042
-6.75,-55.0,2019,21.5429
-8.5,-62.75,2019,52.149
-10.75,-55.25,2019,2.583
-10.75,-58.25,2019,1.1315
-3.0,-65.25,2019,0.9735
-5.0,-50.5,2019,10.6317
-5.5,-44.5,2019,1.1008
1.25,-51.0,2019,1.5543
-5.75,-57.0,2019,1.6963
-10.0,-55.5,2019,7.5849
-5.0,-49.25,2019,2.7787
-3.0,-52.75,2019,8.0536
-10.25,-59.5,2019,2.012
-9.75,-64.0,2019,15.9679
-10.5,-59.5,2019,2.4531
-7.0,-52.25,2019,8.101
-4.0,-63.0,2019,0.3628
-9.25,-63.25,2019,8.3491
-13.0,-54.25,2019,0.6604
-6.75,-64.5,2019,0.3548
-9.25,-64.5,2019,3.6725
-11.75,-63.0,2019,3.5427
1.5,-51.0,2019,1.9779
-7.5,-63.5,2019,2.9483
-7.25,-56.75,2019,2.4008
-8.25,-70.5,2019,4.6934
-9.0,-71.75,2019,0.9365
-5.75,-60.75,2019,0.1452
-4.0,-51.5,2019,0.3663
-11.5,-59.0,2019,1.8264
-11.0,-54.25,2019,5.8906
-8.5,-67.0,2019,9.521
-6.0,-56.75,2019,0.7084
-3.5,-45.0,2019,0.5466
-8.75,-64.25,2019,6.4995
2.5,-63.75,2019,1.4565
-10.75,-58.5,2019,3.0258
-2.75,-59.5,2019,1.2988
-9.5,-62.25,2019,6.158
-3.75,-64.5,2019,0.9868
-5.25,-50.25,2019,5.4755
-4.5,-50.75,2019,20.6926
-1.75,-56.25,2019,1.8563
-13.5,-52.75,2019,3.3922
-10.75,-55.0,2019,2.9028
-5.25,-51.0,2019,31.3623
-7.5,-56.75,2019,1.1991
-2.25,-48.25,2019,5.0376
-9.5,-60.5,2019,3.5261
-2.25,-49.0,2019,0.4454
-10.0,-55.25,2019,2.9648
-6.0,-52.25,2019,3.8438
-11.0,-63.0,2019,1.1714
-7.25,-70.0,2019,0.1581
-3.75,-61.0,2019,0.9177
-2.5,-54.25,2019,3.3149
-9.25,-67.0,2019,11.9572
-11.0,-56.0,2019,4.8296
1.25,-60.75,2019,6.7203
-10.5,-64.75,2019,5.8436
4.0,-61.75,2019,1.18
-3.25,-60.75,2019,0.6504
-9.75,-67.25,2019,3.675
-6.0,-51.5,2019,9.1337
-9.0,-64.0,2019,1.6141
-5.5,-50.75,2019,3.5099
-6.0,-52.5,2019,7.6705
-9.5,-69.0,2019,2.4722
-2.75,-53.0,2019,8.9972
3.5,-61.75,2019,2.2504
-3.25,-56.5,2019,0.5034
-8.5,-50.75,2019,2.0479
2.5,-61.75,2019,6.6459
-6.25,-49.5,2019,0.3482
-9.25,-67.5,2019,10.9689
-2.0,-50.0,2019,0.9159
-5.25,-45.5,2019,0.9275
-5.25,-49.0,2019,1.5005
-4.0,-54.25,2019,13.2717
-9.5,-60.25,2019,8.0319
-3.0,-55.75,2019,0.2469
-5.5,-45.25,2019,1.5975
-11.25,-57.75,2019,3.5489
-9.75,-67.5,2019,9.0706
-11.75,-57.0,2019,3.5088
-2.25,-51.75,2019,0.7083
-1.5,-55.5,2019,12.5264
-3.25,-61.25,2019,1.1948
-2.75,-50.5,2019,2.0711
-9.75,-59.25,2019,4.0022
-4.0,-47.0,2019,9.7813
-2.25,-57.0,2019,2.2327
-6.0,-47.0,2019,1.7882
-12.5,-57.75,2019,8.3594
-2.5,-51.0,2019,2.5009
-9.0,-61.5,2019,15.7834
0.75,-51.5,2019,1.7174
-2.0,-49.25,2019,0.1743
-7.25,-55.0,2019,16.0727
-9.0,-69.0,2019,7.0737
-10.75,-65.25,2019,1.0785
-8.25,-64.0,2019,5.5648
4.5,-61.0,2019,1.5067
-4.5,-50.25,2019,2.7726
-6.5,-57.5,2019,5.319
-6.75,-48.25,2019,1.5771
-3.25,-59.0,2019,2.1765
-8.0,-61.75,2019,9.8588
-4.5,-56.25,2019,2.5952
-1.25,-60.25,2019,1.5082
-4.25,-60.0,2019,4.8174
-10.75,-69.75,2019,4.2194
-11.75,-59.25,2019,1.8509
-10.75,-67.75,2019,1.4531
-10.25,-64.75,2019,15.0719
-4.5,-50.0,2019,0.7115
-3.5,-44.75,2019,0.308
-9.5,-57.25,2019,3.8572
-3.0,-52.25,2019,2.7484
1.25,-59.5,2019,0.7774
-7.5,-55.5,2019,12.1751
-1.0,-54.0,2019,0.3931
2.0,-61.75,2019,9.9327
-3.25,-52.5,2019,1.8075
-10.25,-64.5,2019,19.2687
-3.75,-49.5,2019,1.1909
-8.0,-71.5,2019,4.372
-4.25,-47.25,2019,2.1852
-5.75,-49.25,2019,5.3754
2.5,-51.0,2019,0.2835
-10.0,-66.75,2019,6.9551
-4.5,-49.75,2019,5.1818
-6.75,-52.25,2019,6.5968
-2.5,-46.75,2019,0.7796
-10.0,-63.0,2019,1.8178
-11.0,-68.25,2019,3.086
-4.0,-46.0,2019,0.0371
-8.5,-63.0,2019,10.594
-3.5,-54.0,2019,24.5055
-3.25,-54.0,2019,17.6917
-9.0,-64.25,2019,3.3192
-5.5,-47.0,2019,2.4395
-10.5,-63.75,2019,6.2697
-10.25,-68.5,2019,4.4028
-7.25,-73.25,2019,1.5565
-11.25,-60.75,2019,2.1348
-11.25,-62.5,2019,1.9841
-12.25,-56.75,2019,0.8073
-6.75,-57.5,2019,1.5199
-7.75,-61.0,2019,13.4205
-10.25,-57.75,2019,19.8153
-4.0,-69.5,2019,1.0832
-3.5,-52.5,2019,2.1492
-1.75,-45.75,2019,2.9383
-6.25,-51.25,2019,2.1236
-1.0,-49.5,2019,0.3204
-8.0,-63.5,2019,6.5101
-8.25,-69.75,2019,0.6743
-1.25,-54.75,2019,0.3511
-7.75,-61.75,2019,9.4925
-10.0,-68.25,2019,6.9598
-13.0,-60.5,2019,0.3569
-14.25,-57.25,2019,0.8525
-4.0,-60.75,2019,0.0651
-6.75,-52.75,2019,6.5032
-2.25,-50.75,2019,5.7274
-7.75,-67.0,2019,2.4706
3.5,-61.0,2019,0.0866
-7.75,-63.5,2019,9.1368
-11.0,-69.75,2019,2.2499
-1.75,-53.25,2019,2.0999
-3.5,-55.25,2019,0.2683
-8.75,-70.0,2019,1.4696
-5.25,-46.75,2019,0.6723
-4.5,-71.25,2019,0.224
-5.75,-50.5,2019,3.2425
-5.75,-57.5,2019,10.8689
-9.75,-62.25,2019,2.4817
-8.5,-70.5,2019,6.2948
-9.25,-65.75,2019,29.6435
-12.75,-62.0,2019,10.3919
-11.5,-60.5,2019,1.5458
-10.0,-54.25,2019,5.4991
-3.5,-53.25,2019,8.2184
-7.0,-56.5,2019,18.0769
-10.0,-63.25,2019,3.3278
-10.5,-67.5,2019,1.7079
-10.25,-67.75,2019,9.8022
-8.0,-56.5,2019,0.439
-4.25,-54.25,2019,3.4202
-2.5,-46.5,2019,0.8595
-7.75,-56.75,2019,2.0881
-8.5,-63.5,2019,6.7342
-7.75,-72.0,2019,1.9608
-7.0,-66.25,2019,0.8322
-7.0,-57.25,2019,2.4122
-3.25,-49.75,2019,1.4793
-7.5,-59.75,2019,2.8639
-7.25,-72.5,2019,2.264
-8.5,-55.0,2019,12.6792
-6.75,-56.5,2019,2.3011
-3.0,-47.75,2019,3.3956
-6.75,-59.0,2019,21.7603
-5.5,-50.5,2019,5.2735
-9.25,-59.5,2019,13.9061
-12.5,-55.5,2019,0.1297
2.75,-51.25,2019,0.6848
-4.0,-46.75,2019,2.0011
-2.25,-52.25,2019,1.7683
-9.75,-63.25,2019,10.1425
2.0,-63.5,2019,0.2511
-1.25,-54.5,2019,2.7544
-9.25,-50.75,2019,3.4043
-8.5,-67.25,2019,7.5654
-2.5,-52.0,2019,0.7787
-6.5,-53.25,2019,79.1045
-5.25,-44.25,2019,6.3498
-9.25,-64.25,2019,3.6643
-13.75,-59.75,2019,3.1635
-3.25,-46.0,2019,0.8867
-9.5,-52.0,2019,6.1632
-10.5,-56.75,2019,0.7779
-2.25,-48.75,2019,2.1601
-10.25,-59.25,2019,7.0171
-8.75,-63.0,2019,21.2215
-8.5,-63.25,2019,7.9056
-12.25,-60.0,2019,1.7902
-10.75,-57.0,2019,2.5786
-4.25,-49.75,2019,2.1459
-3.75,-54.5,2019,15.0272
-5.0,-50.75,2019,19.4193
-12.25,-60.75,2019,8.3128
2.75,-63.25,2019,0.4946
-1.75,-52.25,2019,2.9753
-8.5,-69.75,2019,2.1843
-9.25,-70.25,2019,0.3158
-6.5,-55.25,2019,10.8229
-9.75,-59.0,2019,10.5943
-9.0,-69.5,2019,3.9447
-9.25,-61.25,2019,7.0528
-8.75,-54.5,2019,14.1896
-1.25,-55.5,2019,1.0219
-3.5,-59.25,2019,3.7552
-9.5,-63.5,2019,12.6008
-4.0,-48.25,2019,0.2493
-12.5,-54.75,2019,3.4358
2.75,-63.0,2019,0.3993
-10.0,-53.75,2019,2.9549
-7.5,-60.75,2019,31.8595
-0.75,-52.25,2019,0.9993
-6.75,-49.75,2019,3.3701
-11.25,-58.5,2019,2.1087
-3.75,-58.75,2019,1.2681
-2.75,-59.75,2019,0.6408
-9.75,-55.75,2019,2.0984
-3.75,-49.25,2019,0.2948
-9.25,-50.25,2019,0.8682
-6.5,-49.0,2019,0.6055
-10.0,-51.25,2019,0.9982
-0.25,-67.0,2019,0.9513
3.0,-60.0,2019,0.412
-9.0,-63.25,2019,0.8945
3.0,-61.75,2019,0.9953
-2.25,-45.5,2019,0.2479
-4.0,-55.75,2019,5.7184
-10.0,-69.25,2019,1.9158
-12.0,-63.5,2019,3.5334
-12.0,-57.5,2019,3.7496
-9.0,-68.0,2019,1.5158
-15.5,-60.0,2019,0.6449
-13.25,-53.5,2019,0.9132
-1.25,-46.25,2019,0.4195
-4.25,-55.75,2019,3.2237
-12.5,-61.25,2019,3.3323
-14.0,-60.25,2019,7.2256
-10.0,-68.0,2019,5.7758
2.75,-60.0,2019,1.2135
-6.5,-52.0,2019,1.0912
-10.5,-63.5,2019,2.5158
-7.75,-72.25,2019,4.7604
-9.25,-62.75,2019,2.8967
-10.0,-60.75,2019,7.2954
3.75,-62.0,2019,1.9599
-3.75,-62.0,2019,2.0348
-11.75,-63.25,2019,2.4117
-4.75,-57.5,2019,0.4649
-1.5,-50.0,2019,1.2427
-8.5,-72.75,2019,2.5011
-10.0,-64.5,2019,6.7312
-5.5,-48.25,2019,0.9068
-7.5,-61.0,2019,6.3256
-6.25,-58.25,2019,4.0778
-7.0,-56.75,2019,2.6918
-9.5,-62.5,2019,7.2769
2.5,-61.0,2019,2.3547
-11.0,-62.75,2019,3.3685
-7.25,-57.25,2019,2.1434
-2.5,-47.25,2019,1.0044
-10.25,-63.25,2019,2.9423
-3.75,-44.5,2019,1.6864
-7.5,-64.0,2019,0.1064
-8.75,-54.75,2019,3.0004
-10.0,-57.5,2019,7.739
-8.5,-50.25,2019,1.5704
-10.5,-54.75,2019,2.4639
-7.5,-64.75,2019,0.2774
-7.75,-49.75,2019,0.666
-6.75,-56.75,2019,2.195
-2.75,-46.75,2019,0.605
-8.25,-50.75,2019,4.2365
3.5,-51.5,2019,0.2246
-9.25,-56.75,2019,7.8327
-2.0,-59.5,2019,0.4076
0.25,-69.75,2019,0.0822
-8.0,-51.0,2019,2.1679
-6.5,-63.0,2019,2.6929
-9.25,-61.0,2019,6.744
-2.5,-47.75,2019,1.3203
0.75,-59.5,2019,2.823
-9.0,-67.25,2019,4.7943
-7.5,-70.25,2019,2.6321
-10.75,-61.25,2019,6.5349
-9.25,-66.0,2019,18.0016
-5.75,-72.0,2019,0.2275
-10.5,-64.25,2019,12.0457
-1.75,-51.0,2019,1.5032
-9.5,-63.0,2019,4.601
-9.5,-70.5,2019,5.1262
-4.5,-59.75,2019,0.507
-12.75,-61.0,2019,0.3548
1.5,-68.25,2019,0.1268
-10.25,-62.25,2019,0.9189
-3.75,-47.75,2019,3.5364
-5.75,-56.5,2019,2.9634
-2.0,-52.5,2019,0.6826
3.25,-63.25,2019,0.2204
-8.5,-54.5,2019,8.7884
-4.75,-44.0,2019,1.7306
-10.5,-57.5,2019,1.4681
-11.75,-63.5,2019,0.309
-13.5,-60.75,2019,2.8561
-7.75,-71.75,2019,0.7019
-9.5,-59.5,2019,7.6956
-3.5,-69.5,2019,0.8954
-13.25,-60.75,2019,1.0578
-12.5,-56.5,2019,0.8762
-8.0,-72.25,2019,2.8315
-7.25,-55.25,2019,9.1394
1.0,-51.25,2019,0.2657
-4.0,-55.25,2019,8.9854
2.5,-63.5,2019,0.1688
-1.25,-57.25,2019,0.1014
-14.25,-60.0,2019,0.2193
-2.5,-45.25,2019,0.2724
-1.75,-51.75,2019,0.1485
-7.0,-52.5,2019,24.7038
-3.75,-54.0,2019,4.2991
-4.0,-50.0,2019,3.3212
-8.0,-72.0,2019,0.347
-9.5,-62.75,2019,5.3024
-11.25,-52.25,2019,0.8995
-2.5,-50.25,2019,0.4911
-5.0,-57.5,2019,3.3162
-9.25,-60.5,2019,14.5547
-3.5,-55.5,2019,2.1324
-9.0,-60.5,2019,26.4085
-9.75,-62.5,2019,9.7902
-7.25,-68.0,2019,0.1225
-5.25,-52.0,2019,1.3892
-2.25,-52.0,2019,7.372
-11.0,-55.0,2019,1.0176
-3.25,-48.75,2019,6.4087
-3.75,-65.25,2019,0.1772
-10.25,-51.5,2019,2.109
-10.25,-52.75,2019,4.1882
-7.75,-72.75,2019,4.3805
-2.75,-56.5,2019,1.2977
-12.25,-51.25,2019,0.9936
-2.5,-48.25,2019,3.5169
-8.0,-61.25,2019,13.5037
-9.75,-60.25,2019,6.6462
-10.5,-63.25,2019,8.1641
-1.75,-52.0,2019,5.0649
-6.0,-47.25,2019,0.9144
-13.25,-54.25,2019,3.2682
0.5,-60.0,2019,2.1356
-8.0,-72.5,2019,5.5594
-11.25,-57.25,2019,1.5918
-15.75,-59.5,2019,0.3722
-10.75,-68.5,2019,6.421
-6.25,-62.75,2019,1.4948
-4.5,-48.75,2019,0.993
-1.5,-60.5,2019,0.5295
-4.5,-48.5,2019,2.5264
-8.75,-63.25,2019,13.2514
-2.25,-56.25,2019,0.1922
-2.75,-50.0,2019,0.2451
-5.5,-60.25,2019,6.4037
-4.5,-55.75,2019,8.2889
-9.75,-54.25,2019,0.5252
-8.75,-69.25,2019,6.7044
-6.0,-50.0,2019,1.072
-5.0,-50.0,2019,2.6439
-4.5,-46.0,2019,2.0599
-4.0,-56.0,2019,2.0971
-6.75,-69.75,2019,0.55
-6.25,-51.5,2019,2.6668
-2.0,-51.75,2019,0.2323
-2.0,-60.0,2019,1.1948
-9.75,-54.5,2019,3.7317
-10.0,-57.75,2019,4.6917
-1.75,-56.5,2019,1.7631
-12.5,-62.0,2019,4.6819
-3.5,-56.5,2019,0.4508
-6.5,-47.25,2019,0.6713
-7.0,-59.0,2019,13.9636
-5.5,-49.75,2019,0.905
-4.0,-68.75,2019,0.1332
-1.5,-60.25,2019,2.7396
1.25,-59.25,2019,2.4364
-2.75,-47.75,2019,0.3355
-9.5,-65.75,2019,37.1404
-11.75,-58.0,2019,12.8483
-9.0,-50.0,2019,5.3522
-3.0,-52.5,2019,3.2252
-8.25,-55.5,2019,2.5131
-2.75,-51.0,2019,0.6547
-5.75,-60.0,2019,5.8294
-6.0,-50.25,2019,1.4464
-5.25,-44.5,2019,1.8928
-8.5,-73.0,2019,0.0803
-4.0,-69.75,2019,0.1636
-1.75,-50.5,2019,0.7019
-9.75,-64.25,2019,19.2937
4.0,-62.0,2019,0.2959
-9.5,-64.75,2019,15.3145
-7.5,-57.25,2019,1.0629
-5.5,-56.5,2019,0.7495
-10.5,-62.75,2019,1.2719
-4.25,-63.25,2019,0.7268
-3.0,-55.0,2019,1.4683
1.5,-60.75,2019,6.5008
-5.75,-57.75,2019,10.2547
-6.5,-68.25,2019,0.2249
-13.0,-57.0,2019,1.3043
-4.25,-59.75,2019,2.4026
-11.0,-61.75,2019,0.9548
2.75,-61.0,2019,0.6944
-2.5,-51.25,2019,1.3676
-9.5,-61.75,2019,4.2813
-2.25,-60.25,2019,1.1346
-7.5,-55.25,2019,7.2395
-6.0,-54.5,2019,3.3113
-3.75,-69.5,2019,0.5111
-7.0,-55.25,2019,5.6254
-2.5,-55.0,2019,0.3419
-11.0,-58.0,2019,2.5064
0.75,-52.25,2019,0.073
-2.25,-55.75,2019,0.3828
-5.25,-72.75,2019,0.4032
-7.5,-70.0,2019,5.5822
-10.5,-63.0,2019,1.6774
-4.5,-47.25,2019,3.5038
-1.75,-56.0,2019,1.3643
-2.0,-66.25,2019,0.0764
-2.5,-55.5,2019,1.5397
-7.5,-51.0,2019,0.4992
-9.5,-51.75,2019,1.9971
-2.75,-48.0,2019,1.7105
-7.0,-63.25,2019,10.0434
-2.25,-57.25,2019,0.554
-3.0,-69.0,2019,0.1461
-6.5,-57.75,2019,0.3414
-10.0,-62.25,2019,2.0804
-16.0,-55.5,2019,0.491
-10.5,-51.0,2019,0.2084
-6.75,-56.25,2019,3.5536
-2.5,-61.0,2019,0.185
-5.75,-46.75,2019,0.8198
-4.75,-50.25,2019,0.1342
-6.0,-57.5,2019,0.7232
-5.0,-48.0,2019,1.1596
-11.75,-57.25,2019,4.9871
-12.5,-55.0,2019,17.2469
-4.0,-68.25,2019,4.3495
-11.5,-58.75,2019,1.5272
-6.5,-52.25,2019,1.8843
-5.75,-44.25,2019,3.4553
-5.75,-56.25,2019,1.3639
1.75,-69.25,2019,0.3862
-5.25,-50.0,2019,5.847
-6.5,-55.5,2019,4.9511
-3.25,-49.25,2019,5.4037
-1.5,-54.5,2019,0.8971
-5.5,-48.75,2019,1.313
-13.25,-56.75,2019,5.4572
-0.5,-56.75,2019,0.3471
-12.0,-56.0,2019,0.1069
-9.75,-69.0,2019,4.3371
-10.5,-56.5,2019,5.3162
-8.75,-70.25,2019,0.3171
-6.25,-49.25,2019,0.8342
-9.5,-65.0,2019,0.3982
-3.25,-48.0,2019,4.0882
2.25,-51.75,2019,0.0842
-2.0,-54.25,2019,2.2223
-9.25,-59.25,2019,3.1662
-10.25,-55.25,2019,3.2668
-16.0,-59.5,2019,1.8144
0.5,-60.25,2019,3.4981
-5.25,-57.75,2019,0.4807
-4.25,-48.0,2019,1.8951
-7.0,-52.75,2019,11.7676
-9.75,-55.5,2019,3.2206
-6.5,-58.5,2019,4.0064
-9.5,-57.5,2019,4.1801
-10.75,-63.5,2019,0.8869
-6.0,-45.75,2019,0.8727
-8.0,-71.75,2019,0.9057
-12.25,-52.5,2019,0.3176
-8.25,-71.75,2019,0.4396
-9.0,-72.0,2019,0.5562
-6.75,-50.5,2019,0.9144
-12.25,-61.5,2019,2.1912
-10.25,-68.25,2019,3.7628
-9.0,-62.75,2019,1.4033
-10.75,-59.25,2019,5.9325
-4.5,-60.0,2019,1.8982
-9.0,-51.0,2019,3.6304
-1.75,-53.75,2019,0.9521
-13.0,-61.5,2019,0.4187
-12.0,-64.25,2019,1.9524
-9.0,-68.5,2019,5.8628
-7.5,-49.75,2019,1.2342
-11.5,-51.5,2019,2.4137
-11.75,-58.75,2019,6.2424
-5.0,-51.0,2019,4.3057
-3.5,-56.25,2019,0.5491
-6.25,-49.75,2019,0.9083
-13.5,-56.75,2019,0.6408
-8.25,-63.0,2019,7.071
-11.5,-49.75,2019,1.2095
-13.0,-62.25,2019,3.553
-9.25,-66.5,2019,5.2569
-3.75,-60.5,2019,0.9953
-5.5,-52.0,2019,8.1333
-3.25,-60.5,2019,0.9165
-7.5,-64.25,2019,13.3598
-3.75,-59.75,2019,0.7264
-6.0,-57.0,2019,0.6345
-4.0,-59.75,2019,5.1474
-3.25,-53.75,2019,9.2614
-12.75,-52.5,2019,0.2168
-6.0,-49.75,2019,1.0422
-6.0,-56.25,2019,2.7201
-10.0,-54.5,2019,3.8399
-12.0,-58.75,2019,0.3696
-4.25,-51.25,2019,2.6558
-1.5,-52.5,2019,0.489
-6.5,-56.5,2019,3.3891
-14.5,-57.5,2019,2.1236
-3.0,-50.25,2019,6.6089
-4.5,-47.75,2019,1.0271
-6.75,-51.5,2019,0.9125
-2.5,-50.0,2019,0.905
-4.5,-49.0,2019,0.3415
-6.0,-53.5,2019,53.7283
-8.0,-49.5,2019,1.0613
-4.5,-65.5,2019,0.1486
-9.0,-64.5,2019,4.0722
-9.75,-69.25,2019,0.9742
-2.0,-55.25,2019,0.1612
-9.0,-67.75,2019,10.7504
-9.75,-55.25,2019,0.965
-10.0,-57.0,2019,0.3299
-6.5,-60.0,2019,31.5128
-11.25,-61.5,2019,1.2561
-2.75,-52.0,2019,7.3889
-4.75,-44.5,2019,0.8735
-5.75,-49.5,2019,0.5612
-2.25,-60.0,2019,0.6767
-9.25,-57.75,2019,1.9729
-9.25,-58.75,2019,0.1108
-3.0,-54.75,2019,13.0948
-2.0,-48.75,2019,0.7244
-12.25,-64.5,2019,1.7709
-10.25,-54.25,2019,12.1946
-10.25,-55.75,2019,0.307
-5.5,-45.0,2019,6.6345
-9.0,-60.25,2019,0.9441
-11.75,-54.5,2019,17.4807
-11.75,-54.25,2019,4.645
-4.0,-50.25,2019,2.9059
-3.0,-49.5,2019,1.6874
-2.0,-51.25,2019,1.347
-12.5,-63.75,2019,0.9496
-3.0,-58.75,2019,0.753
-7.75,-62.25,2019,0.1517
-11.75,-52.5,2019,0.9908
-8.75,-51.0,2019,0.3814
-3.75,-56.0,2019,3.0648
-3.75,-58.25,2019,0.4246
0.5,-59.75,2019,2.2454
-6.25,-53.75,2019,10.0102
-5.0,-49.0,2019,0.601
3.5,-62.0,2019,1.6028
-4.25,-47.75,2019,2.0988
-3.75,-47.0,2019,0.5204
-11.0,-68.5,2019,3.1117
-6.0,-56.5,2019,2.7036
-7.0,-57.5,2019,5.9051
-1.75,-53.5,2019,0.8804
-8.5,-50.0,2019,0.811
-9.0,-51.25,2019,2.3717
-11.25,-59.0,2019,2.84
-5.75,-53.5,2019,20.2264
-9.25,-63.5,2019,14.3171
-5.5,-46.25,2019,0.2324
-13.25,-57.0,2019,0.8782
-2.5,-49.25,2019,0.5545
-5.75,-52.25,2019,6.4794
-4.5,-51.0,2019,15.2221
-1.25,-53.0,2019,2.7963
-7.25,-63.25,2019,1.3908
0.75,-53.25,2019,0.119
-13.5,-57.25,2019,5.726
-4.0,-59.25,2019,1.9939
-11.75,-60.5,2019,0.3983
-1.5,-47.0,2019,0.2108
1.0,-69.75,2019,0.1107
-1.25,-51.5,2019,0.5055
-2.75,-59.25,2019,1.3827
-9.0,-61.75,2019,5.6816
-8.0,-51.5,2019,3.1152
-8.75,-72.75,2019,1.9092
-5.0,-47.0,2019,0.4607
-3.25,-44.25,2019,1.8797
-10.25,-56.25,2019,1.1177
-10.25,-63.75,2019,1.9048
-4.0,-65.25,2019,0.1446
-3.0,-48.5,2019,3.9831
-8.25,-72.75,2019,3.8129
-9.0,-72.25,2019,1.4794
-9.75,-63.5,2019,8.0552
0.25,-60.5,2019,0.339
-9.75,-50.0,2019,1.0157
-12.0,-58.5,2019,2.1805
-9.5,-57.0,2019,21.4629
-10.25,-69.0,2019,2.7056
-7.0,-55.75,2019,3.5842
-5.25,-56.25,2019,4.8903
-5.25,-57.5,2019,3.1753
-5.0,-47.25,2019,0.6051
-15.5,-59.5,2019,1.7594
-6.25,-67.75,2019,0.2545
-8.5,-71.0,2019,2.9781
-1.5,-45.75,2019,0.8078
-4.0,-52.5,2019,0.8366
-1.25,-52.75,2019,0.7696
-3.5,-60.5,2019,0.7413
-5.5,-47.25,2019,1.7106
-8.25,-71.25,2019,1.4928
-11.75,-52.0,2019,0.5806
-3.5,-58.25,2019,0.6021
-6.75,-57.0,2019,0.568
4.0,-61.5,2019,1.9243
-7.75,-55.25,2019,3.512
-7.5,-72.75,2019,4.1961
-12.0,-57.25,2019,0.9598
-5.75,-44.0,2019,6.3152
-12.75,-58.5,2019,1.7899
-3.0,-46.5,2019,0.147
-2.75,-52.25,2019,1.1159
-7.0,-49.5,2019,1.7837
-9.25,-48.0,2019,2.4926
-6.0,-51.25,2019,6.7802
-13.0,-55.25,2019,0.2069
2.25,-51.0,2019,0.1604
-12.25,-54.25,2019,0.6471
-8.5,-62.5,2019,8.714
-11.25,-55.0,2019,27.2789
1.25,-60.0,2019,4.3911
-1.5,-54.75,2019,1.6199
-9.75,-53.75,2019,3.7424
1.25,-63.5,2019,0.1524
-7.5,-73.5,2019,0.9141
-7.75,-70.75,2019,0.8105
-6.5,-55.75,2019,25.8214
-5.5,-48.5,2019,3.3246
-2.5,-66.0,2019,0.4231
-8.0,-54.75,2019,1.7842
3.25,-61.0,2019,0.7906
-2.75,-57.0,2019,0.0659
-2.5,-55.75,2019,0.2474
-3.5,-64.5,2019,2.5609
-11.75,-61.5,2019,0.9021
-8.25,-62.75,2019,17.4898
-3.5,-57.75,2019,0.3678
-8.5,-72.5,2019,1.5986
-7.0,-50.75,2019,1.6114
-7.25,-57.0,2019,1.0927
-12.25,-63.5,2019,1.6818
0.75,-52.0,2019,1.112
-15.75,-55.75,2019,0.3282
-3.25,-60.0,2019,0.6196
-1.5,-55.75,2019,6.0203
-2.0,-49.0,2019,0.2619
-11.0,-61.5,2019,2.4047
-9.75,-65.25,2019,4.3017
-7.5,-64.5,2019,13.8759
-2.5,-57.75,2019,0.5117
-5.0,-44.75,2019,0.6404
-10.25,-57.25,2019,7.8331
-1.25,-54.0,2019,2.3267
-6.0,-52.75,2019,2.8032
-6.0,-55.25,2019,5.1543
0.5,-59.25,2019,0.3599
-3.75,-60.25,2019,0.5716
-5.75,-64.5,2019,0.4972
-6.5,-51.75,2019,1.0854
-7.5,-61.25,2019,4.4209
-5.0,-52.0,2019,0.8999
-11.75,-56.25,2019,3.6545
1.25,-54.75,2019,0.0687
-4.5,-44.5,2019,0.4292
-5.0,-62.25,2019,0.8643
-3.25,-45.5,2019,0.1888
-11.75,-52.25,2019,4.9178
-9.0,-71.25,2019,4.0394
-8.0,-73.25,2019,0.0733
-8.0,-72.75,2019,0.8982
-8.75,-67.5,2019,1.3896
-4.25,-63.5,2019,0.338
3.25,-62.5,2019,0.11
-10.75,-65.0,2019,3.0491
-8.25,-70.0,2019,0.9752
-5.25,-72.0,2019,0.1116
2.75,-64.0,2019,0.0401
-15.0,-60.0,2019,1.1135
-4.25,-56.5,2019,0.3318
-5.0,-47.75,2019,1.0693
-6.0,-62.5,2019,0.9183
-9.0,-50.25,2019,2.4594
-5.25,-48.5,2019,0.4996
-15.5,-57.75,2019,1.5323
-7.25,-52.5,2019,0.8091
-4.75,-46.0,2019,0.8629
-4.75,-47.75,2019,2.639
-0.75,-58.0,2019,0.555
-5.75,-63.25,2019,0.7917
-3.5,-57.5,2019,0.9362
-13.25,-53.75,2019,7.3769
-5.25,-45.25,2019,1.0786
-12.25,-57.75,2019,3.8221
-12.75,-60.5,2019,0.9758
-2.5,-54.75,2019,1.8299
1.0,-50.75,2019,0.5465
-12.25,-57.25,2019,3.3272
-10.0,-59.5,2019,4.3752
-0.25,-61.0,2019,5.4406
-9.75,-62.0,2019,2.2114
-2.5,-60.75,2019,0.1014
-10.25,-57.5,2019,4.7886
-8.75,-61.5,2019,24.5519
-7.25,-64.75,2019,1.9024
-12.5,-58.0,2019,0.449
-6.25,-55.25,2019,34.565
-3.75,-48.75,2019,0.2015
-0.5,-65.0,2019,0.3854
-3.0,-65.5,2019,0.9194
-8.0,-70.5,2019,1.7844
-12.25,-52.0,2019,0.1533
-2.5,-47.5,2019,0.2069
-1.25,-51.75,2019,0.7582
-3.0,-60.75,2019,0.704
-5.5,-46.0,2019,0.9884
-7.75,-70.0,2019,2.0528
-12.5,-61.5,2019,0.9431
-10.5,-58.25,2019,6.3435
-3.0,-59.0,2019,1.476
-4.0,-49.5,2019,2.2938
-6.0,-54.25,2019,0.5137
-6.75,-49.5,2019,1.3872
-14.5,-60.0,2019,0.1435
-10.0,-62.5,2019,4.6694
-1.75,-46.75,2019,0.844
-3.25,-44.0,2019,0.4884
-9.0,-63.5,2019,5.1149
-9.75,-56.5,2019,4.0061
-2.75,-46.0,2019,0.159
-5.0,-44.25,2019,2.4363
-8.5,-64.25,2019,2.5788
-5.5,-61.0,2019,0.1589
-8.25,-49.75,2019,0.0998
-2.0,-48.5,2019,1.7546
-12.5,-64.0,2019,3.4869
-13.5,-60.0,2019,1.2154
-2.5,-52.25,2019,0.4786
-10.5,-57.25,2019,13.7515
-4.0,-58.75,2019,0.5466
-6.5,-58.25,2019,3.9408
-6.0,-57.25,2019,0.8039
-12.5,-60.75,2019,0.838
-9.75,-57.25,2019,2.5476
-9.5,-67.0,2019,2.8486
-4.5,-49.5,2019,4.9315
4.5,-61.25,2019,0.2729
-8.5,-66.75,2019,11.2224
-2.25,-54.0,2019,2.7415
-9.75,-60.0,2019,3.6695
-4.5,-56.0,2019,8.0894
-12.5,-60.0,2019,2.8264
-10.75,-61.5,2019,2.7931
-7.75,-50.25,2019,1.3078
-6.5,-62.75,2019,0.7981
-9.5,-51.25,2019,3.7239
-4.5,-48.25,2019,0.2177
-15.5,-57.25,2019,0.4688
-6.0,-47.5,2019,0.0786
-13.0,-56.5,2019,0.5051
-6.0,-49.5,2019,0.5931
-1.75,-48.75,2019,0.1499
-13.5,-60.5,2019,3.0488
-0.5,-51.75,2019,0.9028
-3.5,-44.25,2019,1.9293
-11.25,-61.25,2019,3.0036
-12.0,-58.0,2019,4.5762
-5.75,-55.75,2019,4.0624
-4.5,-60.25,2019,0.1433
-10.5,-59.0,2019,1.1714
-6.75,-66.75,2019,0.2754
-3.75,-46.5,2019,0.2747
-5.75,-45.25,2019,0.788
-9.75,-51.0,2019,0.8304
-9.25,-71.5,2019,0.4741
3.5,-63.25,2019,0.2009
-11.25,-51.5,2019,1.5788
-4.75,-48.5,2019,4.5009
2.5,-63.0,2019,0.2086
-1.75,-57.0,2019,0.0814
-7.5,-62.75,2019,1.4897
-5.25,-56.75,2019,0.677
-2.25,-48.0,2019,1.4972
-12.25,-61.0,2019,0.9316
-5.25,-60.25,2019,7.6164
-10.0,-67.25,2019,2.8881
-9.0,-56.75,2019,2.2212
-5.5,-50.25,2019,2.6612
-8.0,-55.0,2019,21.4625
-7.0,-51.5,2019,1.7948
3.0,-60.5,2019,1.5228
0.25,-50.0,2019,0.0627
-1.75,-47.0,2019,0.5583
-13.75,-51.0,2019,2.1611
-1.75,-54.0,2019,3.1892
-11.0,-55.75,2019,6.3062
-4.5,-48.0,2019,0.8456
-6.25,-53.5,2019,7.141
-13.5,-55.75,2019,0.674
-9.0,-71.0,2019,0.8081
-9.0,-62.0,2019,6.065
-4.25,-46.5,2019,1.3961
1.75,-61.25,2019,0.6941
1.25,-52.5,2019,0.2043
-5.0,-45.5,2019,0.6884
-2.25,-54.5,2019,0.1416
-6.75,-55.5,2019,8.9941
2.5,-62.0,2019,0.1878
-3.5,-57.0,2019,0.6506
-10.25,-67.0,2019,1.8641
-8.0,-49.25,2019,0.4962
-12.5,-56.0,2019,0.1838
-3.25,-57.0,2019,1.0374
-7.5,-55.75,2019,5.0605
-10.0,-67.5,2019,1.7684
-12.0,-57.75,2019,11.9699
-9.0,-54.5,2019,1.1151
-14.75,-59.0,2019,1.8101
-6.5,-56.25,2019,1.3796
-4.25,-59.25,2019,0.2401
-10.75,-63.75,2019,1.2584
0.75,-60.0,2019,2.159
-4.0,-47.5,2019,1.4442
-6.0,-46.75,2019,0.1933
-4.25,-46.25,2019,0.0633
-5.25,-60.0,2019,8.6165
1.0,-62.75,2019,0.1042
-9.5,-49.75,2019,0.4756
-1.0,-48.0,2019,0.4449
-6.25,-54.0,2019,3.2655
-7.0,-55.5,2019,3.8564
-2.75,-49.75,2019,0.5891
-14.5,-59.75,2019,2.6268
-3.5,-58.0,2019,0.3513
-4.75,-44.25,2019,1.3693
-5.0,-67.0,2019,0.2405
-2.75,-58.0,2019,0.5745
-9.0,-66.25,2019,5.9808
-12.75,-55.25,2019,2.0684
-8.5,-54.75,2019,4.2706
-9.25,-50.0,2019,2.0726
-1.5,-50.5,2019,0.5757
-1.25,-56.0,2019,2.4739
-6.0,-44.0,2019,1.4129
5.25,-60.25,2019,0.0628
-15.25,-60.25,2019,2.9149
-1.75,-45.5,2019,1.0291
-1.25,-55.25,2019,0.7888
-2.75,-67.5,2019,0.1701
-2.0,-51.5,2019,0.3963
-4.5,-69.75,2019,0.1372
-9.0,-58.5,2019,0.0757
-4.25,-58.75,2019,0.1925
-3.0,-53.5,2019,1.2062
-12.25,-60.25,2019,5.3417
-10.0,-64.75,2019,23.5212
-12.0,-55.25,2019,2.2396
-11.25,-55.25,2019,8.1358
-2.5,-47.0,2019,1.8749
-2.0,-62.5,2019,0.1345
-8.0,-55.5,2019,1.5979
-11.25,-62.75,2019,0.7393
-2.25,-52.5,2019,0.1809
-2.75,-58.25,2019,0.8225
-10.0,-55.75,2019,0.7263
-6.0,-55.5,2019,0.4088
-5.75,-47.0,2019,0.9325
-13.25,-54.0,2019,1.5204
-10.5,-69.0,2019,3.6172
-3.75,-53.25,2019,1.0044
0.5,-64.5,2019,1.5855
-9.75,-58.0,2019,9.3964
-13.25,-57.25,2019,1.9023
-4.25,-56.25,2019,4.2289
-1.5,-56.5,2019,2.4497
-10.25,-59.0,2019,0.9153
-0.75,-51.5,2019,0.2935
-10.75,-64.0,2019,6.007
-0.5,-61.25,2019,0.0915
-9.25,-63.75,2019,10.5154
-9.5,-51.5,2019,0.8596
-3.25,-56.0,2019,0.1913
-5.25,-45.75,2019,0.5184
-8.25,-54.75,2019,6.9789
-11.75,-60.75,2019,0.7211
-4.5,-49.25,2019,0.1847
-10.5,-59.25,2019,14.2591
-11.0,-58.5,2019,0.2409
-11.25,-55.5,2019,23.4237
-11.25,-54.5,2019,0.4501
-7.25,-60.25,2019,2.3716
-7.5,-56.0,2019,0.261
-6.5,-48.0,2019,0.5519
-9.75,-62.75,2019,1.8853
-6.75,-49.0,2019,0.1473
2.5,-64.0,2019,0.8375
-6.25,-55.5,2019,4.6496
-5.0,-44.5,2019,1.2666
-4.25,-52.0,2019,9.9787
-15.25,-57.75,2019,0.1053
-3.25,-59.25,2019,1.0186
-2.5,-49.5,2019,0.0747
-3.25,-58.25,2019,0.5102
-3.75,-69.0,2019,0.1494
-9.5,-71.25,2019,0.0815
-6.25,-60.0,2019,3.1941
-11.25,-56.25,2019,1.5495
-6.0,-55.75,2019,0.2269
-7.0,-48.25,2019,2.022
-8.0,-63.25,2019,0.8258
-7.25,-73.0,2019,2.4862
-4.5,-52.75,2019,0.1449
-10.5,-51.25,2019,0.2437
-4.0,-56.25,2019,1.3821
-4.0,-48.5,2019,0.2256
-8.25,-48.75,2019,0.1466
-10.0,-64.0,2019,4.5123
-12.25,-53.5,2019,0.0718
-15.75,-58.0,2019,0.625
-12.25,-61.25,2019,3.3614
-2.75,-60.25,2019,1.555
-11.25,-50.0,2019,0.1379
-11.25,-58.75,2019,2.4031
-3.25,-46.75,2019,0.0936
-10.25,-67.25,2019,4.0067
1.0,-62.25,2019,0.2629
-12.25,-63.25,2019,5.7694
-3.0,-44.0,2019,0.1366
-2.5,-54.5,2019,0.2263
-10.5,-64.5,2019,7.6164
-3.5,-65.5,2019,0.0925
-2.75,-47.25,2019,0.0991
-6.5,-51.5,2019,11.3658
-2.0,-53.5,2019,0.13
-15.0,-58.0,2019,0.082
-5.5,-55.5,2019,0.971
2.25,-56.0,2019,0.1946
-7.75,-66.75,2019,1.2047
-3.5,-61.75,2019,0.192
-3.5,-49.5,2019,0.691
-10.75,-51.5,2019,0.067
-12.5,-60.25,2019,5.4496
-7.25,-60.5,2019,1.817
-7.5,-61.5,2019,13.0058
-10.5,-58.75,2019,2.4211
-7.5,-67.5,2019,0.2038
-2.75,-69.25,2019,0.0645
-6.5,-52.75,2019,22.592
-7.0,-71.5,2019,1.456
-5.75,-61.5,2019,0.3059
-9.25,-50.5,2019,1.9586
-10.75,-62.5,2019,0.6554
-9.75,-66.0,2019,0.7458
-0.25,-60.75,2019,0.9716
-10.75,-58.0,2019,0.8294
-2.25,-59.75,2019,0.5334
-4.75,-60.0,2019,0.4521
2.5,-51.25,2019,0.2969
-4.5,-44.25,2019,0.4873
-2.75,-48.25,2019,0.3885
0.0,-60.25,2019,0.0844
0.75,-51.75,2019,0.5291
-10.5,-52.0,2019,1.5523
-8.25,-71.5,2019,0.1741
-10.75,-60.75,2019,2.2711
-5.5,-45.5,2019,0.5524
-5.25,-44.0,2019,2.3662
-4.25,-68.5,2019,1.6647
-1.5,-49.75,2019,0.0914
-5.0,-60.25,2019,0.4493
1.75,-62.75,2019,0.0893
-12.0,-63.75,2019,4.269
-13.0,-53.5,2019,0.0688
-4.25,-54.5,2019,13.1697
-2.75,-47.5,2019,0.3516
-4.25,-69.5,2019,0.1357
1.25,-64.5,2019,0.5562
-11.5,-55.0,2019,4.9438
-11.0,-61.0,2019,0.6488
-15.25,-59.5,2019,1.1876
-1.0,-53.5,2019,0.9329
-6.75,-52.0,2019,1.2497
-0.25,-66.0,2019,0.0656
-7.5,-63.25,2019,6.8314
-3.75,-65.0,2019,0.7512
3.0,-60.25,2019,0.4765
-12.0,-60.75,2019,7.2745
-2.0,-48.25,2019,0.9228
-2.25,-53.0,2019,0.5503
-2.75,-52.75,2019,2.0896
-11.5,-62.5,2019,1.4195
-12.5,-59.75,2019,0.1148
0.5,-51.75,2019,0.2209
-5.5,-48.0,2019,0.3257
-9.5,-60.75,2019,0.7296
-5.5,-59.75,2019,2.4952
-7.75,-73.25,2019,0.4863
-10.5,-65.0,2019,2.0321
-6.25,-47.5,2019,0.2245
-6.25,-48.75,2019,0.2111
-15.5,-58.0,2019,0.9718
2.25,-63.25,2019,0.1123
-9.5,-55.25,2019,0.7309
-14.75,-58.0,2019,0.2491
-1.75,-60.25,2019,0.9094
-6.5,-55.0,2019,33.4731
-3.25,-61.5,2019,0.2998
-1.25,-47.0,2019,0.4224
-9.25,-63.0,2019,0.1813
-9.25,-66.25,2019,10.8972
1.0,-51.0,2019,0.2427
-9.25,-58.5,2019,0.8617
-9.5,-66.25,2019,3.9693
-6.0,-58.0,2019,3.8614
-2.0,-45.0,2019,0.0732
-1.0,-50.0,2019,0.0738
0.5,-54.0,2019,0.0692
-4.75,-48.25,2019,1.5881
-8.0,-73.0,2019,0.8566
-4.0,-64.0,2019,0.0745
-4.25,-61.0,2019,0.4424
-10.25,-52.25,2019,5.4204
-5.25,-51.5,2019,1.0844
-12.0,-51.5,2019,0.3627
-3.75,-63.25,2019,0.0876
-13.25,-55.25,2019,0.3139
-2.75,-52.5,2019,1.9231
-6.5,-49.75,2019,0.7408
-6.0,-49.0,2019,1.1403
-8.75,-64.0,2019,2.645
-3.0,-46.75,2019,0.1096
1.5,-60.25,2019,1.2723
-2.5,-57.25,2019,0.153
-2.25,-55.5,2019,0.3677
-7.5,-48.75,2019,0.0724
-1.75,-51.25,2019,1.895
3.75,-64.0,2019,0.1508
-4.5,-54.5,2019,1.2075
-7.25,-71.75,2019,0.274
-11.75,-61.25,2019,0.2282
-2.75,-54.75,2019,2.4249
-15.0,-58.5,2019,1.1757
-3.0,-44.25,2019,0.3388
-9.25,-54.5,2019,4.4391
-9.5,-61.0,2019,5.6592
-13.25,-60.25,2019,0.1878
-9.25,-64.0,2019,0.1407
-11.0,-69.0,2019,0.993
-6.25,-61.5,2019,0.2579
-10.75,-56.0,2019,0.7562
-15.0,-58.25,2019,1.4024
-3.0,-68.0,2019,0.0891
-1.75,-62.25,2019,0.1294
-9.75,-50.5,2019,0.549
-10.0,-52.0,2019,0.1804
-6.5,-48.75,2019,0.5907
-13.5,-53.5,2019,1.1726
-1.0,-47.0,2019,0.0869
-3.25,-53.5,2019,1.7246
-8.5,-51.0,2019,0.5199
0.0,-58.25,2019,0.2384
-7.25,-62.25,2019,0.3927
-10.5,-51.75,2019,2.7913
-2.0,-52.25,2019,2.2993
-11.75,-62.25,2019,1.9928
-12.25,-55.25,2019,0.6468
-7.25,-60.0,2019,7.9136
-3.5,-48.75,2019,0.1361
-7.5,-63.0,2019,0.4444
-12.25,-51.0,2019,0.5016
-3.0,-66.25,2019,0.1126
-5.0,-48.25,2019,4.745
-1.75,-65.5,2019,0.572
-11.0,-52.25,2019,4.0789
-12.5,-56.25,2019,0.2474
-11.75,-62.0,2019,1.4004
-6.0,-45.25,2019,0.0742
-5.75,-48.75,2019,0.5534
-7.75,-55.5,2019,9.9276
-5.75,-47.5,2019,0.7055
-1.5,-46.75,2019,0.068
-10.0,-56.0,2019,2.8101
-4.0,-63.25,2019,0.1459
3.25,-51.5,2019,0.279
-4.75,-47.0,2019,0.5939
-2.5,-44.25,2019,0.3655
2.75,-51.5,2019,0.1635
-11.75,-55.25,2019,0.4956
-3.25,-64.75,2019,0.0762
-3.0,-48.75,2019,0.4972
-8.5,-55.25,2019,7.8202
-8.0,-67.5,2019,0.1448
-12.0,-62.75,2019,1.747
0.5,-54.25,2019,0.3832
-9.75,-53.5,2019,0.3645
-14.75,-60.0,2019,2.3386
-11.25,-61.0,2019,2.0697
4.75,-60.25,2019,0.5227
-11.75,-56.0,2019,4.25
-3.75,-57.75,2019,0.0756
-1.5,-46.25,2019,1.405
-4.0,-59.0,2019,0.4157
-8.5,-48.75,2019,0.0674
-1.25,-48.25,2019,0.5688
-7.5,-60.5,2019,9.6301
-6.25,-54.5,2019,0.8174
-2.25,-58.0,2019,0.3474
-6.25,-50.5,2019,0.0947
-6.25,-46.0,2019,0.6719
-2.0,-56.75,2019,1.1727
1.5,-69.25,2019,0.005
-3.25,-48.5,2019,2.5537
0.5,-51.5,2019,0.465
-3.75,-44.0,2019,0.6283
-2.25,-61.25,2019,0.1544
-13.75,-60.25,2019,0.2324
-11.25,-51.25,2019,0.5758
0.0,-51.5,2019,0.8911
-4.0,-63.5,2019,0.0899
-6.75,-58.5,2019,0.4577
3.75,-61.5,2019,0.738
-6.75,-51.75,2019,1.0734
-1.5,-46.5,2019,0.2222
-12.5,-51.0,2019,0.8276
-10.25,-69.25,2019,0.9556
-5.25,-45.0,2019,2.0517
-9.0,-57.5,2019,0.2207
-4.0,-64.25,2019,0.1785
-8.75,-71.5,2019,1.7489
-10.25,-59.75,2019,2.2929
-9.75,-65.75,2019,2.3109
-6.75,-70.25,2019,0.4428
3.5,-51.75,2019,0.2125
-10.5,-52.25,2019,0.9737
-4.0,-63.75,2019,0.2432
-9.5,-54.5,2019,1.1973
-13.0,-60.25,2019,2.64
-10.5,-54.0,2019,3.5158
-13.25,-53.25,2019,0.522
-12.75,-61.5,2019,0.8396
-13.25,-60.5,2019,1.1301
-3.5,-63.5,2019,0.219
-13.0,-52.0,2019,9.9689
-3.0,-61.25,2019,0.2761
-10.25,-63.0,2019,0.8734
-12.0,-56.25,2019,0.2195
-10.0,-58.5,2019,4.2347
-12.0,-52.5,2019,4.0154
-6.25,-57.25,2019,1.1673
-9.75,-60.75,2019,4.3017
-2.0,-58.25,2019,0.2244
-9.25,-52.0,2019,0.5286
-6.5,-50.5,2019,0.1037
-3.75,-56.75,2019,0.339
-10.25,-50.5,2019,0.8357
0.0,-51.75,2019,0.2187
-1.5,-52.0,2019,0.1296
-11.25,-52.0,2019,0.5634
-5.75,-46.5,2019,1.0325
-1.0,-51.5,2019,0.0853
1.0,-65.0,2019,0.1078
-0.75,-60.5,2019,0.0709
-7.0,-52.0,2019,1.8805
-6.25,-46.25,2019,0.0638
-6.25,-64.25,2019,0.4263
0.75,-50.25,2019,0.3405
-12.0,-58.25,2019,4.0828
-7.25,-48.75,2019,0.2289
0.75,-67.25,2019,0.0708
-4.0,-47.75,2019,2.4017
-5.75,-58.0,2019,0.5561
3.25,-62.75,2019,0.138
-7.5,-72.5,2019,2.3303
-9.25,-69.25,2019,0.2923
-2.25,-58.75,2019,0.2509
-3.5,-65.0,2019,1.5237
-7.75,-67.25,2019,5.1705
-10.25,-51.75,2019,2.4707
-1.5,-48.0,2019,0.2473
-1.5,-50.25,2019,0.071
-11.5,-58.5,2019,2.12
-6.0,-70.75,2019,0.1422
-1.0,-47.75,2019,0.0879
-8.0,-56.75,2019,0.4429
-4.25,-44.25,2019,0.4139
-5.25,-48.25,2019,0.4757
2.5,-60.25,2019,0.6306
-10.25,-62.75,2019,2.2077
-2.5,-56.5,2019,0.5695
-2.25,-46.0,2019,0.0708
-14.0,-59.5,2019,1.0056
-1.5,-51.25,2019,0.1744
-8.5,-63.75,2019,0.1378
-5.25,-47.75,2019,0.3479
-7.5,-49.5,2019,0.6983
-3.5,-49.0,2019,0.1837
-1.75,-54.5,2019,1.0818
-12.5,-57.5,2019,9.0014
-3.5,-66.0,2019,0.0763
-9.5,-71.5,2019,0.0826
-7.25,-72.0,2019,0.0629
-9.25,-65.25,2019,0.3521
-11.5,-62.25,2019,1.4239
-11.0,-57.25,2019,2.3603
-10.75,-70.0,2019,0.1425
-2.0,-50.5,2019,0.7333
0.25,-67.25,2019,0.1652
-13.0,-60.75,2019,0.9296
-12.5,-52.0,2019,2.2463
3.75,-63.75,2019,0.2281
-15.5,-57.5,2019,0.5567
-15.25,-59.0,2019,1.1146
-9.25,-72.75,2019,1.1641
-13.0,-53.75,2019,0.2778
-2.5,-57.0,2019,0.1967
-6.0,-46.0,2019,1.0833
-6.0,-49.25,2019,0.4925
-11.25,-49.75,2019,0.3402
-14.0,-55.75,2019,22.2695
-6.75,-62.75,2019,0.8613
-9.75,-65.5,2019,1.423
-3.0,-60.25,2019,0.0852
-3.25,-65.25,2019,0.2394
-10.25,-54.75,2019,0.3561
-7.75,-73.5,2019,0.3403
-9.5,-61.5,2019,7.7403
-1.25,-51.25,2019,0.2653
-10.25,-56.5,2019,0.5085
-12.25,-58.25,2019,3.4742
-3.25,-57.5,2019,0.323
5.0,-60.0,2019,0.0741
-9.5,-56.25,2019,0.6197
-11.75,-55.5,2019,0.57
-12.75,-61.75,2019,0.2695
-11.25,-62.0,2019,1.6133
-8.0,-63.0,2019,3.5457
-11.25,-55.75,2019,0.5278
-3.25,-54.25,2019,5.6558
1.75,-69.5,2019,0.3097
-6.25,-47.25,2019,0.4128
-3.5,-45.25,2019,0.4179
-11.5,-61.0,2019,0.3724
-3.5,-68.75,2019,0.2807
-9.5,-55.0,2019,2.9992
-1.0,-62.75,2019,0.0964
-9.75,-58.75,2019,0.419
-10.5,-55.0,2019,1.5883
-10.0,-62.0,2019,1.3029
-0.25,-50.0,2019,0.0861
-7.5,-57.0,2019,0.1456
-15.75,-58.5,2019,0.2387
4.25,-64.25,2019,0.0696
-9.0,-57.25,2019,0.0719
-1.5,-53.25,2019,0.9744
-7.5,-72.0,2019,0.2392
-3.25,-60.25,2019,0.1493
-2.75,-55.0,2019,0.829
-3.75,-57.0,2019,0.3787
-2.0,-45.25,2019,0.7352
-3.75,-57.5,2019,0.5181
-2.75,-44.25,2019,0.5523
-10.25,-56.75,2019,1.3396
-6.5,-69.5,2019,1.1012
-8.75,-72.25,2019,0.2099
-2.0,-48.0,2019,0.2229
-11.75,-56.5,2019,11.1568
-5.5,-57.75,2019,0.5443
-6.0,-58.5,2019,0.1008
-9.75,-52.25,2019,0.5988
-8.25,-49.5,2019,0.54
-16.25,-59.25,2019,0.174
3.75,-64.25,2019,0.4448
-9.25,-61.75,2019,3.01
-10.0,-59.0,2019,8.7994
-10.0,-62.75,2019,0.8876
-3.5,-62.0,2019,0.1037
0.0,-69.25,2019,0.1085
-12.5,-52.75,2019,0.0694
-10.5,-56.25,2019,0.434
-13.25,-52.5,2019,0.2585
-4.0,-69.25,2019,0.2434
-9.0,-66.75,2019,1.7678
-13.75,-60.75,2019,7.3154
-9.25,-66.75,2019,0.4669
-14.5,-57.0,2019,0.2601
-12.5,-52.5,2019,1.4467
-15.5,-60.25,2019,0.3119
-14.25,-57.5,2019,0.182
1.75,-62.25,2019,0.1841
-5.25,-48.0,2019,0.2091
-12.0,-55.0,2019,6.9804
-1.75,-60.5,2019,0.0791
-5.25,-46.5,2019,0.1749
-4.0,-60.0,2019,0.6087
-7.25,-61.25,2019,0.1274
-12.5,-52.25,2019,0.4919
-2.25,-49.75,2019,0.5621
-11.5,-56.75,2019,1.4387
-1.0,-63.0,2019,0.2138
-15.25,-55.25,2019,0.183
0.75,-56.75,2019,0.0705
-9.25,-49.75,2019,0.1934
-6.25,-47.75,2019,1.4809
-9.5,-56.0,2019,0.4145
-6.75,-64.25,2019,0.2194
-11.0,-62.0,2019,0.2767
-9.75,-51.25,2019,0.6659
-1.0,-48.5,2019,0.3843
-12.25,-53.25,2019,0.4206
-7.5,-71.25,2019,0.3651
-9.25,-64.75,2019,0.6212
-2.25,-58.5,2019,0.1462
-10.75,-62.75,2019,1.08
-7.0,-60.25,2019,1.2689
-7.5,-70.5,2019,1.4601
-5.75,-47.75,2019,0.4552
-8.5,-71.75,2019,0.1468
2.5,-63.25,2019,0.1399
1.0,-52.0,2019,1.1528
-0.75,-52.5,2019,0.4737
-10.25,-61.5,2019,0.2782
-15.0,-59.75,2019,0.0657
-15.5,-55.0,2019,0.324
-6.75,-48.5,2019,0.1277
-10.5,-67.25,2019,0.0798
-11.5,-54.0,2019,6.002
-12.0,-61.0,2019,2.0912
-13.0,-60.0,2019,5.2102
-7.25,-49.0,2019,0.2304
3.25,-61.25,2019,0.2143
-8.75,-67.75,2019,2.5228
-1.25,-46.0,2019,0.2166
-6.5,-47.5,2019,1.9277
-7.25,-50.75,2019,1.2531
-6.0,-44.25,2019,0.1652
-4.75,-62.25,2019,0.0759
-8.25,-49.25,2019,0.4956
-3.0,-69.25,2019,0.072
-0.75,-48.5,2019,0.2605
0.5,-69.75,2019,0.2116
4.0,-64.25,2019,0.3954
-2.75,-49.5,2019,0.3202
-9.75,-56.0,2019,1.6126
-6.75,-51.25,2019,0.6225
-15.5,-59.25,2019,0.506
-10.25,-52.0,2019,0.2676
-14.0,-56.75,2019,0.253
-6.5,-69.75,2019,0.0681
-12.75,-52.0,2019,1.7738
-10.75,-63.0,2019,0.1471
-7.0,-69.75,2019,0.1426
-5.5,-56.25,2019,0.078
-2.5,-52.5,2019,0.3684
-9.75,-56.25,2019,0.9657
-8.25,-50.0,2019,0.63
-4.25,-63.0,2019,0.26
-1.75,-47.5,2019,0.1616
-1.0,-53.75,2019,3.3608
-5.25,-62.5,2019,0.1369
-10.75,-55.75,2019,0.7472
-12.25,-62.25,2019,1.5925
-7.75,-70.25,2019,0.1771
-13.0,-61.25,2019,0.5194
-6.5,-68.0,2019,0.3984
-5.75,-70.5,2019,0.1581
-11.75,-49.75,2019,0.7246
-12.25,-55.5,2019,0.6112
-0.75,-47.75,2019,0.1455
-6.75,-58.75,2019,1.8009
-9.5,-56.5,2019,0.3649
-5.75,-61.0,2019,0.5573
-10.0,-60.5,2019,2.1608
-7.75,-56.5,2019,0.3844
-7.0,-56.0,2019,0.7725
-13.0,-56.75,2019,1.0486
-13.25,-61.0,2019,0.1898
-7.75,-55.75,2019,0.5642
-11.25,-52.75,2019,7.3973
-6.5,-51.25,2019,0.2621
-0.25,-51.75,2019,0.107
-5.75,-44.5,2019,0.9743
-3.5,-44.0,2019,0.7114
-5.75,-69.5,2019,0.122
-8.0,-64.25,2019,0.1741
-0.25,-51.25,2019,0.067
-4.0,-57.0,2019,0.2057
-13.5,-56.0,2019,0.3342
-7.0,-50.25,2019,0.4989
-10.5,-55.5,2019,3.1171
-8.25,-72.5,2019,0.3062
-2.25,-47.0,2019,0.1712
-3.0,-56.75,2019,0.3848
-11.25,-54.25,2019,9.3735
-10.25,-53.5,2019,0.064
-5.25,-60.5,2019,0.0902
-8.75,-62.75,2019,3.6008
-6.25,-45.0,2019,0.1027
-3.25,-45.0,2019,0.2145
-5.25,-56.5,2019,0.156
-3.5,-60.25,2019,0.5439
-5.75,-44.75,2019,1.2245
-5.75,-52.5,2019,2.5979
-4.0,-61.25,2019,0.0655
-7.5,-50.5,2019,0.1279
0.75,-66.25,2019,0.0869
-10.25,-50.75,2019,2.1739
-2.25,-53.25,2019,0.2159
-7.5,-54.75,2019,0.0718
-2.75,-54.0,2019,0.7594
-6.75,-54.0,2019,0.2947
-3.0,-49.0,2019,1.8468
-11.75,-54.75,2019,9.2366
-12.0,-57.0,2019,0.7245
-11.0,-56.25,2019,0.1133
-9.25,-54.75,2019,0.5475
3.75,-62.5,2019,0.3218
-11.75,-55.0,2019,7.4133
-11.25,-56.5,2019,0.6715
-9.25,-51.25,2019,0.9423
-9.0,-70.0,2019,0.239
-12.75,-56.75,2019,2.2017
3.75,-63.5,2019,0.213
-11.5,-60.25,2019,0.2697
-2.5,-59.75,2019,0.6749
-5.25,-47.5,2019,0.4142
-7.25,-59.25,2019,0.3682
3.0,-51.25,2019,0.1729
-5.75,-50.25,2019,1.1525
-4.0,-57.25,2019,0.2468
-12.25,-58.0,2019,1.5531
-12.0,-60.5,2019,0.2394
-9.0,-70.5,2019,1.231
-2.0,-47.75,2019,0.4292
2.0,-51.5,2019,0.0625
-1.5,-57.75,2019,0.0729
-12.0,-54.75,2019,6.7841
-2.75,-69.5,2019,0.0746
-1.0,-52.25,2019,0.1508
-7.0,-64.5,2019,0.099
-6.5,-47.0,2019,0.239
-8.75,-49.5,2019,0.6595
-6.5,-54.0,2019,0.341
-9.5,-54.75,2019,1.8368
-3.5,-61.0,2019,0.0744
-6.75,-60.25,2019,0.2197
-3.5,-67.5,2019,0.0677
-12.75,-54.0,2019,3.8838
-1.5,-47.25,2019,0.2258
-7.25,-56.25,2019,0.5675
-3.0,-58.25,2019,0.1314
-14.75,-59.25,2019,0.6368
-14.75,-57.5,2019,0.4166
-2.25,-50.0,2019,0.0797
-3.75,-61.75,2019,0.1308
-3.25,-65.0,2019,0.4483
1.75,-63.75,2019,0.0863
-12.25,-57.0,2019,0.3597
-6.75,-50.0,2019,0.2791
-9.0,-61.25,2019,13.4255
-3.5,-58.75,2019,1.7393
-5.5,-55.75,2019,0.0865
-4.25,-59.5,2019,0.3589
-11.5,-56.5,2019,9.1551
-4.0,-65.0,2019,0.2144
-3.75,-64.25,2019,0.9503
-1.25,-48.5,2019,0.7173
-6.5,-64.25,2019,0.4825
-5.75,-48.0,2019,0.4449
-3.0,-67.0,2019,0.2167
-7.25,-63.0,2019,0.3047
-5.75,-59.5,2019,0.2969
-2.5,-64.75,2019,0.2263
-5.25,-48.75,2019,0.6721
-4.25,-65.25,2019,0.2079
-4.5,-61.25,2019,0.4098
-13.25,-60.0,2019,1.3272
-1.5,-48.5,2019,0.0664
-12.5,-51.25,2019,0.5643
-7.25,-60.75,2019,1.6908
-11.5,-56.25,2019,5.4899
-1.0,-60.5,2019,0.1125
-14.75,-57.25,2019,0.3157
-5.5,-45.75,2019,2.0761
0.75,-52.5,2019,0.2121
-2.0,-49.75,2019,0.2079
-12.5,-60.5,2019,0.3323
3.75,-63.25,2019,0.7746
-4.75,-51.0,2019,4.4736
-3.0,-57.25,2019,0.3487
-1.75,-65.75,2019,0.0689
-4.0,-55.0,2019,0.2225
1.25,-67.75,2019,0.2479
-12.25,-51.75,2019,0.2418
-7.75,-49.25,2019,0.1347
-2.25,-59.0,2019,0.0679
-4.0,-59.5,2019,1.0182
-0.5,-47.5,2019,0.155
-8.0,-64.0,2019,0.7715
-9.75,-59.75,2019,3.0272
-6.0,-60.25,2019,0.0799
0.25,-51.25,2019,0.1066
-6.75,-57.75,2019,0.1761
-13.0,-62.0,2019,0.7496
-7.0,-48.0,2019,0.0836
-4.75,-55.25,2019,0.0768
-11.25,-54.0,2019,0.3663
-6.75,-59.5,2019,9.7713
-8.5,-67.75,2019,0.2846
-15.75,-59.25,2019,0.1705
-10.25,-55.5,2019,0.5947
-5.25,-61.0,2019,0.1429
-2.5,-53.5,2019,0.4014
-4.25,-44.0,2019,0.3689
-5.0,-57.0,2019,0.5327
-1.0,-48.25,2019,0.0914
5.0,-60.5,2019,0.3982
-2.0,-56.25,2019,0.2437
-15.25,-60.0,2019,0.383
-7.0,-56.25,2019,0.3995
-9.75,-50.75,2019,3.8376
-4.75,-48.0,2019,0.1685
-16.75,-56.25,2019,0.2034
-10.0,-52.25,2019,0.2552
-3.25,-44.5,2019,0.41
-12.25,-59.5,2019,0.3908
-9.0,-61.0,2019,1.7729
-6.75,-48.0,2019,0.2693
-3.5,-64.25,2019,0.2418
-5.25,-47.25,2019,0.2109
-1.5,-54.0,2019,0.2119
-10.0,-50.75,2019,0.4128
-4.0,-44.0,2019,0.175
3.0,-63.5,2019,0.1304
-9.25,-51.75,2019,0.9089
0.25,-66.75,2019,0.1336
-5.0,-60.0,2019,0.07
-3.25,-46.25,2019,0.1948
-16.25,-58.5,2019,0.0818
1.75,-67.25,2019,0.072
-3.75,-68.75,2019,0.0626
3.25,-63.0,2019,0.4843
-10.75,-55.5,2019,1.9578
-9.75,-54.0,2019,1.4668
-14.5,-57.75,2019,1.0741
-2.25,-53.5,2019,0.9724
-9.5,-58.25,2019,0.204
-1.75,-48.25,2019,0.3978
-10.75,-68.0,2019,0.9557
-11.0,-55.5,2019,0.0765
-9.5,-72.0,2019,0.4029
-0.25,-61.25,2019,0.0957
-12.25,-55.0,2019,6.1793
-9.25,-72.5,2019,0.1734
-11.0,-65.25,2019,0.3207
-3.0,-47.25,2019,0.386
-8.75,-48.75,2019,0.873
-0.75,-60.75,2019,0.0977
-11.75,-61.75,2019,1.1262
-6.0,-65.0,2019,0.1496
-7.5,-62.25,2019,0.0647
-9.5,-70.75,2019,0.1806
-11.0,-57.5,2019,0.5482
-8.5,-69.25,2019,0.1646
-1.5,-51.0,2019,0.1503
1.75,-61.5,2019,0.3532
-0.75,-57.25,2019,0.1647
-11.5,-58.0,2019,0.9953
-7.0,-58.5,2019,0.1172
-11.0,-57.0,2019,0.2187
-7.5,-65.25,2019,0.1366
0.75,-65.0,2019,0.0739
-2.0,-67.0,2019,0.2151
-14.0,-51.0,2019,0.1174
-9.25,-73.0,2019,0.0681
-2.75,-45.25,2019,0.8397
-7.5,-73.75,2019,0.0744
-5.5,-52.25,2019,0.7581
-4.75,-55.5,2019,1.6387
-11.25,-53.25,2019,0.153
-11.25,-62.25,2019,0.1282
-6.0,-48.0,2019,0.1202
-7.0,-48.75,2019,0.0752
-7.5,-50.75,2019,0.3319
-3.75,-58.0,2019,0.122
-7.75,-52.25,2019,1.3929
-6.0,-48.25,2019,1.037
-11.75,-58.5,2019,0.362
-15.5,-52.0,2019,1.9028
-11.0,-58.75,2019,0.8874
-5.5,-55.25,2019,0.0525
-13.0,-57.75,2019,4.6307
-5.5,-44.75,2019,0.3655
-12.0,-60.0,2019,0.1181
-2.75,-55.75,2019,0.2083
-3.0,-56.0,2019,0.2466
-3.0,-57.0,2019,0.6008
-3.0,-58.0,2019,0.1044
-8.5,-61.25,2019,0.1271
-13.5,-53.75,2019,0.2583
-7.75,-71.5,2019,0.0666
-0.25,-66.25,2019,0.0745
-3.25,-57.75,2019,0.1666
-13.75,-56.0,2019,0.1929
-10.25,-54.5,2019,0.8733
-7.25,-66.75,2019,0.2318
-10.0,-56.75,2019,0.4826
-4.5,-68.5,2019,0.0714
-6.25,-63.25,2019,0.1399
-10.25,-51.0,2019,0.078
0.5,-67.25,2019,0.0697
2.25,-62.75,2019,0.1465
-8.5,-51.5,2019,0.0993
-2.0,-57.0,2019,0.275
-9.25,-51.0,2019,0.1334
-13.75,-55.25,2019,1.052
0.0,-69.0,2019,0.1084
-5.25,-59.75,2019,0.0666
-10.5,-53.5,2019,10.1078
-2.75,-51.25,2019,1.0148
0.25,-51.5,2019,0.1388
-14.25,-57.0,2019,0.1739
-2.75,-57.5,2019,0.146
-11.5,-57.25,2019,1.0357
-12.0,-52.0,2019,0.5015
-1.0,-47.25,2019,0.229
-11.0,-70.0,2019,0.0958
-14.25,-59.75,2019,0.161
-3.25,-69.25,2019,0.0746
-1.0,-57.5,2019,0.1122
-10.0,-58.75,2019,1.0849
-13.0,-57.25,2019,0.1023
0.25,-70.0,2019,0.1504
-12.0,-54.0,2019,3.5192
-12.0,-56.5,2019,0.827
-4.75,-45.5,2019,0.1029
-8.0,-48.75,2019,0.0704
-2.75,-55.5,2019,0.0684
-3.5,-60.75,2019,0.3295
-0.75,-68.0,2019,0.0918
-2.75,-56.75,2019,0.4598
-0.25,-65.0,2019,0.2185
-7.25,-72.25,2019,0.4431
-4.5,-59.5,2019,0.0952
-12.75,-54.75,2019,0.1687
-10.5,-55.75,2019,0.8339
-11.5,-61.25,2019,0.5181
-0.75,-52.75,2019,0.103
-6.75,-50.75,2019,0.2675
-4.0,-60.5,2019,0.5582
-13.75,-60.5,2019,0.7979
-0.75,-60.25,2019,0.0758
-6.0,-48.75,2019,0.6703
-11.0,-54.5,2019,1.1583
-7.75,-48.75,2019,0.0665
1.5,-60.0,2019,0.4481
-3.5,-47.25,2019,0.083
-10.0,-52.5,2019,0.0973
-7.0,-58.25,2019,0.0886
-8.5,-65.75,2019,0.1408
-6.5,-48.25,2019,0.509
-9.5,-66.0,2019,0.3937
-11.5,-58.25,2019,0.1972
-13.0,-55.0,2019,0.2174
-5.5,-46.5,2019,0.6557
4.5,-60.75,2019,0.3157
-9.0,-51.75,2019,0.1608
-6.0,-51.0,2019,0.2308
-7.0,-65.0,2019,0.0687
-3.75,-64.75,2019,0.2519
-5.5,-47.5,2019,0.3361
-0.5,-58.0,2019,0.8891
-9.0,-50.5,2019,0.7212
0.75,-51.25,2019,0.1887
-1.5,-47.5,2019,0.1345
-7.25,-48.5,2019,0.3756
1.0,-52.5,2019,0.1411
-9.75,-58.25,2019,0.0741
-3.5,-56.75,2019,0.1694
0.5,-66.75,2019,0.1485
-6.5,-56.75,2019,0.5693
-1.75,-57.25,2019,0.0954
-8.25,-50.25,2019,0.1306
-6.5,-57.25,2019,0.6425
-5.25,-58.25,2019,0.129
-3.0,-66.75,2019,0.0858
-12.0,-61.5,2019,0.2979
1.25,-67.25,2019,0.1047
-14.5,-57.25,2019,0.3359
-10.25,-62.5,2019,0.5644
-13.5,-56.5,2019,4.3732
-3.25,-55.0,2019,0.3251
-9.75,-59.5,2019,1.7073
-3.5,-45.5,2019,0.0745
-1.0,-56.0,2019,0.2763
-16.25,-58.0,2019,0.191
-11.0,-60.75,2019,0.5024
-12.5,-64.25,2019,0.4134
-8.75,-50.25,2019,1.5119
-9.75,-52.0,2019,0.6592
-3.5,-65.25,2019,0.1354
-7.5,-50.0,2019,0.2957
-15.25,-58.25,2019,0.0985
-11.5,-52.0,2019,0.5446
-1.5,-58.5,2019,0.0657
-11.75,-63.75,2019,1.2857
-5.5,-67.5,2019,0.17
-14.25,-60.25,2019,2.0581
-2.75,-67.0,2019,0.2869
-11.5,-57.0,2019,0.5919
-4.25,-52.75,2019,0.1683
-13.75,-55.75,2019,0.9866
-6.0,-64.75,2019,0.0675
-0.5,-64.75,2019,0.0663
-2.5,-67.5,2019,0.0659
-10.0,-51.5,2019,0.2265
-3.0,-60.0,2019,0.1127
-13.0,-54.0,2019,0.9882
-1.75,-49.0,2019,0.066
3.75,-51.5,2019,0.2601
-2.5,-49.75,2019,0.1324
4.25,-61.5,2019,0.142
-13.75,-57.0,2019,0.7162
-10.75,-57.25,2019,2.7174
-9.5,-53.5,2019,0.0649
-1.0,-57.25,2019,0.0792
-8.5,-50.5,2019,0.4236
-6.25,-56.25,2019,0.7303
-8.0,-56.0,2019,0.0879
-5.5,-52.75,2019,0.1427
-1.0,-57.0,2019,0.0887
-5.25,-55.75,2019,0.7763
-4.25,-47.5,2019,0.3885
-9.0,-65.25,2019,0.3949
-3.25,-63.0,2019,0.0699
-4.0,-66.5,2019,0.0693
-15.75,-57.75,2019,0.208
-4.25,-57.5,2019,0.0678
-13.0,-62.5,2019,0.1895
-9.5,-55.75,2019,0.1651
-10.75,-60.5,2019,0.4754
-6.25,-50.0,2019,0.4535
-6.0,-45.0,2019,0.2562
-13.25,-55.0,2019,9.4179
-2.25,-67.25,2019,0.0793
-0.5,-54.5,2019,0.0822
-10.5,-62.25,2019,0.2911
1.25,-64.25,2019,4.5241
-8.5,-49.25,2019,0.0678
2.25,-62.0,2019,2.7906
-3.75,-67.5,2019,0.083
-9.0,-60.75,2019,0.7449
-11.5,-51.0,2019,0.1002
-12.5,-55.25,2019,0.8783
-9.5,-50.25,2019,0.1521
-7.5,-67.25,2019,0.09
-12.25,-57.5,2019,6.9452
-1.25,-47.75,2019,0.1125
-2.5,-59.5,2019,0.0665
-2.0,-44.75,2019,0.0824
-8.75,-62.25,2019,0.2001
-6.0,-60.0,2019,5.2153
-4.5,-64.25,2019,0.0899
3.5,-63.75,2019,0.0737
0.75,-50.0,2019,0.2053
-6.75,-72.75,2019,0.1851
-1.5,-58.0,2019,0.1666
-11.75,-64.75,2019,1.301
-11.5,-51.75,2019,0.1555
-1.75,-48.5,2019,0.111
-11.5,-57.75,2019,0.5528
-5.75,-45.5,2019,1.142
4.25,-61.25,2019,0.1159
-7.75,-62.75,2019,0.0753
-6.75,-56.0,2019,2.2983
-10.25,-56.0,2019,0.2823
-13.75,-57.75,2019,3.044
-6.25,-50.75,2019,0.1952
-6.5,-70.0,2019,0.2616
-7.25,-71.5,2019,0.1678
-12.75,-55.0,2019,0.0714
-10.75,-54.25,2019,1.6131
-7.0,-55.0,2019,5.379
-5.25,-47.0,2019,0.4368
-15.5,-59.75,2019,0.1746
-6.5,-64.5,2019,0.1657
-3.75,-60.75,2019,0.1021
-1.75,-52.5,2019,0.263
-2.0,-65.25,2019,0.1113
-15.0,-57.5,2019,0.0716
-6.0,-44.5,2019,0.5547
-8.75,-72.0,2019,0.1545
-12.5,-61.0,2019,0.1549
-9.0,-66.5,2019,0.2496
-5.75,-48.5,2019,0.2428
-4.0,-67.5,2019,0.362
-6.25,-70.75,2019,0.0894
-6.75,-50.25,2019,0.2172
-1.0,-58.0,2019,0.0918
-11.5,-57.5,2019,0.1115
-1.5,-48.25,2019,0.1047
-7.5,-65.0,2019,0.2086
-15.25,-60.5,2019,0.3513
-11.75,-56.75,2019,2.387
-10.75,-54.75,2019,0.4173
-1.25,-58.0,2019,0.0818
-12.75,-57.5,2019,1.0652
-12.25,-62.5,2019,0.112
-11.0,-52.0,2019,0.4559
-7.75,-49.0,2019,0.2196
-5.0,-56.5,2019,1.3676
-13.5,-61.5,2019,0.5217
-1.0,-61.25,2019,0.0673
0.25,-50.25,2019,0.0775
-6.25,-48.0,2019,2.0224
-5.0,-62.5,2019,0.2674
-11.0,-56.5,2019,0.0628
-6.25,-68.25,2019,0.1079
-9.0,-65.75,2019,2.3607
-13.0,-57.5,2019,5.0424
-9.75,-49.75,2019,0.0655
-2.0,-45.75,2019,0.1774
-9.75,-51.75,2019,0.2551
0.5,-69.25,2019,0.0666
0.75,-57.0,2019,0.1521
-12.0,-61.25,2019,0.1082
-12.0,-52.25,2019,0.9666
-1.25,-45.75,2019,0.0861
-4.75,-49.0,2019,1.0136
0.0,-50.25,2019,0.0737
-5.25,-49.75,2019,0.3197
-2.25,-55.25,2019,0.0834
-0.5,-66.25,2019,0.1465
-9.5,-72.5,2019,0.0673
-13.5,-59.75,2019,0.1485
-6.25,-58.0,2019,1.598
-11.0,-62.25,2019,0.1834
-3.0,-50.75,2019,0.1096
-1.25,-55.0,2019,0.0685
-11.25,-63.0,2019,0.308
-5.75,-46.0,2019,0.1605
-12.5,-51.5,2019,0.4859
-9.75,-71.5,2019,0.0847
-1.25,-46.75,2019,0.156
-16.5,-58.25,2019,0.3168
-3.25,-57.25,2019,0.2069
-10.75,-53.5,2019,0.1008
-3.75,-61.25,2019,0.1495
-5.0,-56.75,2019,0.1905
-7.25,-64.25,2019,0.0873
-9.5,-54.0,2019,0.077
-16.75,-56.0,2019,0.0917
-14.75,-55.0,2019,0.1786
-4.5,-71.5,2019,0.2212
-10.5,-53.75,2019,0.1904
-7.5,-61.75,2019,0.1125
-13.0,-54.75,2019,0.4098
-3.25,-61.0,2019,0.419
-2.75,-57.25,2019,0.0683
-10.0,-57.25,2019,0.728
-1.0,-52.5,2019,0.2605
-6.0,-53.25,2019,10.4786
-10.0,-56.25,2019,0.2732
-8.25,-72.0,2019,0.2814
-1.75,-48.0,2019,0.0889
3.5,-61.25,2019,0.1689
-11.5,-51.25,2019,0.1087
-14.25,-56.5,2019,0.7179
-5.0,-47.5,2019,0.1756
-5.25,-66.5,2019,0.1092
-13.0,-61.0,2019,0.6316
-10.5,-61.75,2019,0.1378
-8.5,-68.25,2019,0.0629
-4.25,-44.5,2019,0.1457
-15.75,-58.25,2019,0.128
-10.75,-64.75,2019,0.1685
-12.25,-54.75,2019,0.2492
-15.25,-59.25,2019,0.1401
-16.25,-54.5,2019,0.0865
-2.0,-54.0,2019,0.1714
-6.0,-73.25,2019,0.1214
-10.75,-51.0,2019,0.3707
-12.25,-63.0,2019,5.8265
-0.5,-66.5,2019,0.0975
-14.5,-59.5,2019,0.4085
-0.75,-63.25,2019,0.0725
-5.75,-45.0,2019,0.2944
-0.75,-53.0,2019,0.3644
-10.0,-51.0,2019,0.2242
-4.5,-51.5,2019,0.0776
1.25,-63.25,2019,0.1357
-7.5,-67.75,2019,0.0749
-9.25,-56.25,2019,0.0822
-7.25,-58.0,2019,0.0707
1.75,-69.0,2019,0.2297
-4.0,-58.5,2019,0.1354
-4.75,-56.5,2019,0.8684
-1.75,-63.0,2019,0.1152
-9.25,-56.0,2019,0.0709
-11.25,-57.5,2019,0.2915
-10.75,-52.25,2019,0.093
0.0,-51.25,2019,0.1695
1.5,-68.5,2019,0.0743
1.5,-63.0,2019,0.0638
-4.5,-64.5,2019,0.0679
-1.0,-53.25,2019,0.2369
-6.75,-54.25,2019,0.0909
-3.25,-63.5,2019,0.0917
-8.75,-51.75,2019,0.3702
-10.5,-56.0,2019,0.0899
-2.75,-60.0,2019,0.158
-5.5,-72.25,2019,0.2714
-7.25,-49.75,2019,0.0818
-1.75,-47.25,2019,0.114
-12.75,-51.5,2019,0.3232
-4.25,-67.75,2019,0.065
-10.5,-62.0,2019,0.0695
-7.5,-65.5,2019,0.064
-12.0,-54.5,2019,3.9318
-7.25,-69.75,2019,0.0842
-1.5,-59.5,2019,0.1239
-4.75,-47.5,2019,0.6026
-11.25,-58.0,2019,0.6348
-5.75,-71.0,2019,0.0698
-10.75,-52.75,2019,0.315
-16.0,-59.25,2019,0.1132
-10.75,-54.5,2019,0.9803
-3.75,-62.5,2019,0.0627
-10.25,-58.5,2019,0.0939
-8.25,-67.25,2019,0.3246
3.5,-64.0,2019,0.0681
-7.0,-62.75,2019,0.1431
-7.75,-51.5,2019,0.2132
-8.5,-51.25,2019,0.104
-1.75,-61.5,2019,0.0668
-7.75,-52.0,2019,0.2845
-14.25,-56.25,2019,0.204
-1.75,-61.0,2019,0.0915
1.0,-51.5,2019,0.0775
-2.25,-52.75,2019,0.081
-5.75,-61.75,2019,0.2024
0.5,-50.75,2019,0.089
-4.5,-67.25,2019,0.0787
-5.75,-53.25,2019,7.545
-13.0,-51.75,2019,0.5782
-14.75,-56.25,2019,0.1546
-7.75,-66.5,2019,0.1595
-5.25,-57.0,2019,0.0705
-5.5,-69.5,2019,0.0816
-3.0,-61.5,2019,0.082
-11.0,-52.5,2019,0.1224
-2.25,-58.25,2019,0.0833
-10.75,-52.0,2019,4.9872
-6.25,-56.75,2019,0.0702
-4.25,-66.5,2019,0.0916
-15.0,-57.25,2019,0.6832
-6.0,-53.0,2019,0.2504
-2.75,-64.5,2019,0.068
-2.0,-55.5,2019,0.0964
-6.5,-50.0,2019,0.9025
-5.75,-53.0,2019,0.1263
-0.5,-61.0,2019,0.0677
-10.75,-56.5,2019,0.1174
0.5,-65.0,2019,0.0688
-11.75,-51.75,2019,0.3425
-5.5,-57.5,2019,0.1876
-14.0,-56.25,2019,0.9205
-12.5,-53.5,2019,0.0791
-12.75,-52.75,2019,0.09
1.5,-63.25,2019,0.0712
-10.75,-59.0,2019,0.2042
-11.5,-54.75,2019,0.334
-0.75,-65.5,2019,0.0765
-7.75,-67.5,2019,0.0699
-5.75,-63.5,2019,0.1299
-3.75,-44.75,2019,0.1315
-5.5,-67.25,2019,0.0643
-2.75,-66.0,2019,0.1426
2.0,-55.25,2019,0.078
-0.25,-66.75,2019,0.1519
-6.0,-61.5,2019,0.0802
-6.25,-45.25,2019,0.1124
-5.25,-57.25,2019,0.1359
0.5,-65.75,2019,0.1902
-6.0,-48.5,2019,0.2852
-0.5,-64.5,2019,0.0887
-3.0,-55.25,2019,0.1311
-10.5,-51.5,2019,0.0697
-6.0,-44.75,2019,0.2563
-12.5,-58.5,2019,1.5963
-14.25,-55.75,2019,0.0735
3.5,-62.25,2019,0.0995
-11.5,-65.0,2019,0.0957
-15.0,-59.0,2019,0.2199
-1.25,-50.5,2019,0.0676
-10.75,-52.5,2019,0.1721
-1.75,-62.75,2019,0.0867
-6.5,-47.75,2019,0.0972
-0.25,-65.5,2019,0.1431
-14.0,-59.0,2019,4.3321
-7.25,-55.75,2019,1.7327
1.75,-51.25,2019,0.0408
-10.25,-60.5,2019,0.6514
-11.75,-64.0,2019,0.1569
-13.25,-61.25,2019,0.121
-11.75,-55.75,2019,0.5496
-12.25,-56.25,2019,0.0878
-6.75,-73.0,2019,0.0907
-4.0,-44.25,2019,0.1719
-12.25,-51.5,2019,0.2151
-12.5,-53.0,2019,0.0933
-0.75,-53.25,2019,0.0781
0.75,-54.75,2019,0.0725
0.5,-69.5,2019,0.1126
-0.5,-61.75,2019,0.0701
-8.0,-62.75,2019,0.0903
0.75,-58.25,2019,0.0813
-3.5,-48.5,2019,0.1609
-4.5,-70.0,2019,0.1291
-15.5,-58.5,2019,0.6252
-2.5,-58.25,2019,0.1349
-5.25,-60.75,2019,0.093
-7.75,-63.75,2019,1.4507
-2.25,-54.75,2019,0.1095
-4.0,-49.75,2019,0.0632
-1.5,-67.75,2019,0.2003
-4.25,-65.0,2019,0.0636
3.75,-62.75,2019,0.0839
-1.5,-61.0,2019,0.0662
-13.25,-56.5,2019,0.318
-14.75,-57.0,2019,0.0854
-12.25,-59.75,2019,0.1146
-14.75,-52.0,2019,0.2475
-14.0,-57.0,2019,0.1188
-12.75,-52.25,2019,1.3289
-15.5,-55.75,2019,0.0647
-4.5,-61.0,2019,0.1023
0.0,-58.0,2019,0.2815
-7.75,-65.0,2019,0.1358
-12.25,-59.25,2019,0.0819
-3.75,-63.0,2019,0.109
-10.25,-51.25,2019,0.1311
-15.5,-58.75,2019,0.0729
0.25,-51.0,2019,0.0654
-8.5,-68.0,2019,0.067
-1.5,-50.75,2019,0.0666
-5.25,-67.25,2019,0.0996
-8.25,-62.5,2019,0.3173
-2.0,-60.25,2019,0.1418
-3.25,-62.75,2019,0.0664
-1.75,-57.5,2019,0.074
-12.75,-54.25,2019,3.8553
-1.75,-47.75,2019,0.0943
-10.5,-50.75,2019,0.3991
-7.5,-56.5,2019,1.1988
-4.25,-67.25,2019,0.0653
-2.5,-60.25,2019,0.0642
-16.0,-58.25,2019,0.1219
-5.75,-59.25,2019,0.4536
-6.75,-49.25,2019,0.1035
-10.0,-56.5,2019,0.0758
-6.5,-48.5,2019,0.0645
-12.75,-60.0,2019,0.0654
-3.0,-61.0,2019,0.0705
-12.75,-57.25,2019,0.0913
-1.5,-61.75,2019,0.0672
-15.0,-58.75,2019,0.1495
-10.75,-57.5,2019,0.1133
-2.25,-55.0,2019,0.0655
-6.0,-47.75,2019,0.2789
3.0,-52.25,2019,0.089
-10.5,-53.0,2019,0.0831
-3.5,-57.25,2019,0.097
-1.75,-58.5,2019,0.0731
0.75,-65.25,2019,0.1492
-1.5,-48.75,2019,0.0651
-1.25,-61.25,2019,0.069
-2.25,-47.25,2019,0.0826
-4.75,-47.25,2019,0.1889
-2.0,-49.5,2019,0.0776
-12.5,-53.75,2019,0.0665
-8.5,-47.25,2019,0.1697
-11.25,-57.0,2019,0.0663
-6.25,-54.75,2019,0.2954
-5.75,-57.5,2020,4.8249
-3.5,-50.0,2020,13.3776
-14.0,-60.25,2020,4.9113
-2.75,-48.75,2020,2.9078
-2.75,-52.5,2020,1.4423
-12.0,-61.0,2020,1.9927
2.25,-60.0,2020,0.7114
-1.75,-46.25,2020,4.3461
-4.25,-54.75,2020,11.2298
-1.75,-46.5,2020,2.7344
-1.5,-55.0,2020,4.8752
-7.5,-55.5,2020,42.6453
-8.75,-69.0,2020,7.5323
1.0,-60.5,2020,5.6221
-3.5,-54.25,2020,17.8255
-8.0,-73.0,2020,2.4617
3.0,-61.75,2020,14.2396
-10.75,-61.5,2020,1.0813
-5.5,-56.75,2020,2.4509
-6.75,-63.25,2020,9.3425
-5.5,-44.5,2020,1.4362
-12.25,-56.75,2020,2.2174
-9.0,-61.0,2020,5.7457
-10.0,-66.75,2020,7.035
-9.75,-68.5,2020,12.6453
-3.75,-51.0,2020,13.1532
-8.5,-72.75,2020,3.5801
-5.0,-62.25,2020,1.0016
-5.5,-47.5,2020,0.2137
-7.75,-72.25,2020,7.5019
-10.25,-68.75,2020,5.7678
-2.5,-52.25,2020,0.1307
-5.5,-49.5,2020,3.0043
-5.75,-44.0,2020,3.9383
-9.5,-64.25,2020,43.5704
-5.75,-57.75,2020,9.251
-14.75,-57.5,2020,0.6691
-8.25,-55.25,2020,24.8879
-1.25,-53.25,2020,1.0395
-8.0,-70.0,2020,3.6716
-12.25,-63.75,2020,3.1899
-7.25,-57.25,2020,1.6197
-3.75,-59.5,2020,3.7779
-7.5,-55.25,2020,18.7316
-6.5,-55.5,2020,22.4555
-9.75,-59.0,2020,11.4521
-9.5,-68.5,2020,11.2523
-12.75,-56.75,2020,0.097
-3.75,-55.5,2020,4.8298
-9.5,-57.0,2020,5.671
-9.75,-60.5,2020,5.0403
-11.0,-52.25,2020,0.2034
-5.5,-51.0,2020,13.3744
-10.25,-58.0,2020,7.6754
-0.25,-67.5,2020,0.0755
-10.0,-63.5,2020,10.4027
-0.75,-52.25,2020,0.4934
-6.5,-55.75,2020,2.6075
-3.0,-54.25,2020,3.6867
-5.5,-50.5,2020,11.1582
-8.75,-54.75,2020,11.6512
-4.25,-48.5,2020,9.6858
-4.0,-50.75,2020,9.8291
-9.0,-66.0,2020,26.1384
-2.5,-54.25,2020,3.7824
-9.25,-59.75,2020,7.6133
3.25,-61.75,2020,8.9495
-3.25,-54.5,2020,3.7627
-12.0,-63.25,2020,23.6282
-10.5,-63.25,2020,4.9427
-6.25,-52.75,2020,36.3975
-2.75,-46.75,2020,1.3364
-1.75,-56.25,2020,1.269
-5.0,-56.25,2020,15.4269
-9.25,-66.0,2020,62.5163
-5.75,-56.75,2020,3.0351
-1.75,-53.25,2020,0.88
-3.75,-54.5,2020,8.0182
-9.25,-60.25,2020,17.3014
-1.0,-56.0,2020,0.3564
-2.0,-46.5,2020,14.3
-10.0,-65.0,2020,21.3049
-12.25,-56.5,2020,2.6333
-3.75,-57.0,2020,0.7123
-3.75,-50.5,2020,9.5502
-1.5,-53.0,2020,0.7329
-10.75,-64.0,2020,1.1755
-7.0,-59.5,2020,39.2316
-3.0,-49.5,2020,3.6212
-12.0,-62.0,2020,0.9427
-10.25,-54.25,2020,5.8084
-3.5,-51.5,2020,17.355
-10.0,-51.5,2020,0.4697
-9.5,-63.0,2020,3.9097
-2.25,-45.5,2020,9.3418
-9.75,-60.0,2020,1.6455
-1.75,-55.75,2020,3.7295
-2.75,-54.75,2020,1.2029
-9.25,-62.25,2020,16.078
-1.75,-55.25,2020,11.9112
-6.75,-57.5,2020,5.5511
-11.5,-55.25,2020,6.4908
-8.75,-70.5,2020,1.4762
-8.0,-70.25,2020,6.6187
-9.5,-67.75,2020,7.3071
-8.0,-72.75,2020,1.1729
-5.25,-49.5,2020,2.8836
-6.25,-56.5,2020,3.4776
-5.0,-47.75,2020,1.2721
-10.25,-63.75,2020,2.3402
-10.75,-51.25,2020,9.8589
-9.25,-68.75,2020,7.0307
-4.0,-49.25,2020,3.7615
-9.75,-66.25,2020,5.774
-7.0,-55.25,2020,9.3427
-10.25,-51.75,2020,8.5825
-5.25,-44.75,2020,2.7044
-3.0,-50.25,2020,5.1543
-6.75,-51.75,2020,1.9029
-3.75,-51.75,2020,29.928
-5.75,-50.0,2020,5.7198
-3.5,-51.25,2020,6.7901
-3.75,-51.25,2020,21.36
-3.5,-50.25,2020,26.5684
-4.25,-53.5,2020,15.3373
-11.0,-69.5,2020,3.9123
-7.25,-55.5,2020,29.1844
-10.5,-67.75,2020,6.4134
-6.5,-47.0,2020,0.4818
-8.75,-61.5,2020,0.7947
-8.75,-63.25,2020,22.1093
-11.5,-57.25,2020,0.4507
-5.25,-46.25,2020,3.8062
-9.75,-66.75,2020,5.5873
-9.25,-67.5,2020,11.4985
-10.5,-68.75,2020,3.4938
-7.75,-61.25,2020,25.4523
-11.25,-57.75,2020,2.7447
-4.0,-54.5,2020,7.0107
-8.75,-69.25,2020,10.2429
-10.25,-68.5,2020,3.5059
-9.0,-67.25,2020,2.1519
-1.75,-61.25,2020,0.0752
-1.25,-53.75,2020,13.1745
1.0,-59.5,2020,21.1369
-5.5,-56.5,2020,0.6537
-3.75,-64.5,2020,1.8121
-9.0,-50.75,2020,22.6287
-9.5,-59.5,2020,18.144
-9.0,-69.25,2020,10.9298
-11.5,-58.75,2020,1.3265
-3.0,-65.5,2020,0.9726
-7.0,-57.5,2020,5.0598
-4.5,-46.0,2020,2.9633
-12.0,-63.75,2020,5.6962
-9.5,-67.5,2020,11.7727
-7.0,-57.0,2020,1.4446
0.75,-60.5,2020,12.5569
-3.25,-44.0,2020,1.2458
-2.5,-51.75,2020,4.0184
-3.5,-44.75,2020,1.226
-11.5,-62.5,2020,3.9367
-8.0,-55.0,2020,141.0023
-10.0,-64.5,2020,4.5418
-13.0,-56.75,2020,2.1295
-4.5,-48.5,2020,4.0176
-4.25,-46.75,2020,6.6042
-5.25,-50.5,2020,4.527
-1.75,-56.0,2020,1.4867
-3.5,-58.75,2020,1.6081
-3.0,-69.0,2020,1.9133
-4.5,-50.25,2020,3.8576
-9.75,-64.0,2020,16.1201
-8.5,-70.0,2020,11.9079
-1.75,-55.0,2020,6.635
-6.75,-55.0,2020,12.2848
-9.5,-66.5,2020,16.247
-9.5,-63.75,2020,21.7764
-9.25,-65.5,2020,47.3593
-10.0,-57.25,2020,4.0404
-4.25,-53.75,2020,15.8885
-13.5,-61.0,2020,1.421
-10.0,-63.25,2020,3.0138
-10.25,-64.25,2020,5.8797
-12.0,-52.5,2020,2.4438
-5.75,-57.25,2020,0.8847
-6.75,-59.75,2020,16.273
-9.5,-64.5,2020,19.8263
-4.0,-49.0,2020,17.2964
-5.5,-51.25,2020,8.8129
-1.5,-54.75,2020,7.0388
-3.5,-53.5,2020,7.5123
-10.0,-67.0,2020,4.4011
-4.25,-46.25,2020,0.6157
-6.25,-52.25,2020,21.7329
-3.25,-49.5,2020,2.5442
-5.0,-49.75,2020,6.7201
-5.25,-56.0,2020,4.7504
-6.5,-55.25,2020,55.4065
-5.5,-47.0,2020,1.6466
-10.75,-69.0,2020,6.9882
-8.5,-62.75,2020,52.3174
-3.25,-44.25,2020,4.4867
-10.0,-65.25,2020,10.8373
-3.75,-58.0,2020,0.1664
-8.75,-72.75,2020,5.3305
-2.25,-46.75,2020,3.4514
-6.75,-57.75,2020,1.3499
-3.75,-53.75,2020,3.5475
-10.5,-56.0,2020,0.4436
-9.25,-51.25,2020,1.5802
2.25,-61.75,2020,11.7835
-8.0,-63.5,2020,9.4538
-2.5,-48.0,2020,7.2449
-5.0,-50.5,2020,10.4747
1.75,-60.75,2020,4.5986
-8.0,-70.75,2020,2.4058
-2.0,-45.5,2020,0.6614
-9.0,-57.25,2020,0.0887
-10.25,-65.0,2020,6.1191
-2.25,-53.75,2020,15.4297
-9.5,-59.25,2020,9.1079
-3.75,-50.75,2020,6.8953
-5.75,-52.25,2020,5.7673
-6.75,-56.75,2020,2.3875
-9.0,-69.0,2020,9.2267
-7.75,-55.0,2020,36.5456
-9.0,-62.5,2020,32.2514
-9.25,-54.75,2020,0.1606
-9.5,-67.25,2020,8.2335
-4.0,-47.25,2020,3.6172
-10.25,-69.5,2020,0.3612
-5.75,-51.75,2020,12.8918
-4.0,-59.0,2020,0.2783
-0.75,-48.0,2020,0.931
-1.25,-54.25,2020,9.9036
-9.0,-63.5,2020,5.7544
-8.75,-50.0,2020,8.7226
-1.75,-48.75,2020,0.6318
-8.75,-69.5,2020,25.6078
-3.0,-52.75,2020,5.5842
-4.5,-54.5,2020,2.3202
-3.5,-50.5,2020,30.7566
-4.5,-56.25,2020,1.7695
-16.0,-58.25,2020,0.0987
-2.25,-50.5,2020,2.6761
-10.25,-68.0,2020,5.1386
-5.25,-57.5,2020,3.5366
-12.25,-64.25,2020,11.1423
-3.0,-51.5,2020,6.7865
-10.0,-67.25,2020,4.4837
-3.0,-47.0,2020,1.6147
-3.5,-54.0,2020,13.0471
-7.75,-67.25,2020,4.3735
-12.25,-64.5,2020,3.4046
-11.0,-69.0,2020,0.7541
-11.5,-55.5,2020,1.1722
-4.75,-46.75,2020,6.2759
-3.75,-47.5,2020,22.9326
-10.5,-63.5,2020,4.2384
-5.25,-50.0,2020,5.4509
-9.75,-63.75,2020,12.5583
-11.0,-62.75,2020,3.8421
-10.0,-58.0,2020,3.7573
-9.75,-66.0,2020,5.1098
-6.75,-58.5,2020,2.9358
-7.0,-55.75,2020,18.3429
-3.25,-51.25,2020,15.9584
-6.25,-57.75,2020,4.6075
-10.75,-57.5,2020,6.473
2.25,-51.0,2020,0.5713
-2.5,-45.5,2020,12.6235
-16.0,-59.25,2020,0.4535
-12.75,-60.25,2020,2.927
-5.75,-53.5,2020,16.1618
-9.75,-64.5,2020,8.815
-5.0,-46.0,2020,2.4087
-2.0,-56.5,2020,1.7103
-4.0,-54.25,2020,12.0032
-6.0,-56.5,2020,3.2867
-11.25,-54.75,2020,5.4364
-3.5,-53.0,2020,5.3002
-3.75,-54.0,2020,3.2891
-1.5,-56.0,2020,2.8241
-5.5,-48.75,2020,1.0952
2.75,-63.75,2020,1.4915
-4.75,-49.5,2020,3.253
-11.0,-69.25,2020,5.4605
-2.75,-45.25,2020,2.7587
-2.25,-46.5,2020,8.382
-12.0,-63.0,2020,13.577
-11.25,-52.25,2020,3.8015
-2.25,-53.5,2020,3.7314
-10.5,-54.0,2020,2.6988
-7.75,-54.75,2020,7.7415
-3.5,-54.75,2020,8.5263
-8.25,-70.25,2020,9.7652
2.5,-61.75,2020,7.0656
-3.75,-53.5,2020,4.6663
-13.0,-62.25,2020,3.2232
-8.25,-67.25,2020,0.6098
-4.25,-55.0,2020,13.8685
-8.75,-70.0,2020,2.9326
-9.0,-72.75,2020,11.9572
-2.5,-44.0,2020,0.6087
-10.75,-69.75,2020,4.6114
-12.25,-52.0,2020,0.7765
-5.25,-51.0,2020,21.4046
-8.75,-55.0,2020,8.0985
-2.75,-59.5,2020,0.987
-5.0,-49.5,2020,5.8017
-5.0,-50.0,2020,4.9904
-10.0,-60.25,2020,22.9194
-7.0,-52.5,2020,19.46
-1.0,-48.0,2020,1.8635
-1.25,-54.75,2020,2.5728
-13.25,-57.25,2020,0.2891
-3.5,-50.75,2020,22.3073
-1.75,-46.0,2020,1.9339
-3.75,-64.75,2020,0.42
-10.5,-68.5,2020,10.4801
-11.0,-69.75,2020,1.0351
2.25,-61.0,2020,2.1429
-2.25,-57.25,2020,0.1967
-6.25,-56.0,2020,12.087
-10.25,-56.25,2020,1.5486
-13.75,-60.5,2020,1.6304
-4.25,-48.25,2020,8.5988
0.0,-67.0,2020,2.0319
-14.5,-57.25,2020,0.8315
-10.75,-69.5,2020,18.4988
-6.0,-50.0,2020,0.9318
-1.25,-48.0,2020,0.3481
-3.0,-49.25,2020,6.6208
-8.0,-71.25,2020,5.6667
-7.25,-72.75,2020,5.9576
-10.0,-60.0,2020,7.5823
-6.0,-57.75,2020,15.8269
-3.25,-60.5,2020,2.3276
-3.0,-49.75,2020,0.6562
-4.0,-49.5,2020,4.4396
-7.0,-56.5,2020,13.0355
-4.0,-55.75,2020,3.2423
-9.5,-59.0,2020,12.1637
-3.0,-46.0,2020,9.274
-10.0,-55.5,2020,5.8786
-11.0,-54.25,2020,8.618
-10.25,-55.75,2020,1.4771
-6.0,-53.75,2020,7.2188
-9.25,-59.5,2020,11.8598
-2.75,-50.5,2020,1.3551
-7.5,-55.0,2020,19.8183
2.5,-61.25,2020,1.4703
-8.5,-70.25,2020,12.2712
-2.25,-50.75,2020,2.3401
-5.5,-50.0,2020,1.9475
-5.25,-51.5,2020,2.8047
-6.5,-53.5,2020,21.8482
-11.5,-62.0,2020,1.2728
-7.75,-55.25,2020,8.0039
-4.0,-52.25,2020,20.1876
-4.25,-50.75,2020,25.2387
-4.5,-50.75,2020,11.7631
-3.5,-69.0,2020,2.4776
-3.75,-52.25,2020,23.2488
-2.0,-50.75,2020,3.5984
-10.25,-64.75,2020,6.0816
-7.0,-59.75,2020,26.5611
-8.0,-54.75,2020,12.9427
-6.25,-55.5,2020,31.6788
3.25,-61.5,2020,5.3059
-9.0,-51.5,2020,20.5804
-11.75,-54.25,2020,8.7538
-3.5,-53.25,2020,4.4913
-9.75,-54.5,2020,2.9437
-2.75,-48.5,2020,4.5504
-4.0,-44.5,2020,0.0662
-2.5,-56.0,2020,1.1822
5.0,-60.5,2020,0.4489
-6.25,-54.0,2020,4.6267
-3.75,-51.5,2020,10.2154
-9.5,-66.25,2020,4.2482
-2.5,-46.75,2020,3.5671
-9.75,-65.5,2020,2.0959
-1.5,-54.5,2020,2.2772
-4.25,-55.25,2020,12.912
-5.5,-51.5,2020,12.1636
-9.0,-70.75,2020,2.4672
-6.25,-52.0,2020,4.8565
-1.75,-55.5,2020,2.717
-6.25,-51.75,2020,14.1618
-4.75,-49.75,2020,5.2111
-9.25,-68.0,2020,8.0427
-2.75,-48.0,2020,6.2399
-5.25,-46.75,2020,0.5019
-2.75,-53.5,2020,0.3347
-9.0,-68.25,2020,2.4261
-2.25,-49.25,2020,0.555
-10.5,-54.25,2020,4.6434
-9.75,-59.25,2020,6.3411
-1.75,-52.5,2020,0.4502
-3.5,-45.0,2020,3.0709
-5.0,-52.0,2020,1.7305
0.5,-59.75,2020,1.6336
-6.5,-57.75,2020,1.6343
-3.0,-52.5,2020,6.8727
-11.5,-52.0,2020,2.2706
-9.0,-67.0,2020,11.1256
2.25,-61.25,2020,2.1284
-2.5,-49.0,2020,5.0419
-11.0,-68.75,2020,1.5128
-5.75,-52.0,2020,8.1318
-12.25,-60.5,2020,4.1099
-8.5,-71.0,2020,4.9863
-4.75,-49.25,2020,3.3678
-4.0,-50.5,2020,4.7634
-12.25,-64.0,2020,5.6142
-12.25,-62.0,2020,1.0161
-3.25,-45.25,2020,3.0186
-2.5,-51.0,2020,1.2931
-3.75,-58.25,2020,0.7872
-4.0,-51.0,2020,14.8221
-10.5,-64.25,2020,19.9417
-7.75,-67.0,2020,7.0625
-12.5,-52.5,2020,7.8984
2.5,-61.5,2020,6.0347
-6.75,-59.5,2020,2.8234
-7.5,-51.0,2020,1.0363
-10.25,-67.25,2020,4.258
-9.5,-63.25,2020,13.8833
-9.25,-67.75,2020,8.7216
-16.25,-55.75,2020,0.7076
-5.0,-56.0,2020,9.652
1.25,-60.0,2020,4.0186
-9.25,-72.0,2020,4.6908
-12.25,-55.5,2020,1.3515
2.75,-61.75,2020,11.2245
-9.25,-56.5,2020,3.6761
-9.75,-66.5,2020,4.2103
-9.25,-60.75,2020,15.1142
-4.5,-49.5,2020,6.2688
-5.0,-48.5,2020,6.0835
-6.25,-51.5,2020,3.386
2.75,-61.5,2020,7.3505
-10.0,-57.5,2020,7.6118
-7.5,-70.0,2020,2.7831
-7.0,-63.0,2020,35.4411
-5.25,-44.25,2020,5.3532
-10.25,-57.75,2020,7.8098
-7.75,-61.75,2020,4.7864
-3.25,-51.5,2020,8.9285
-4.5,-50.5,2020,6.0542
-3.5,-59.5,2020,5.2175
-4.0,-55.5,2020,8.4555
-6.25,-53.5,2020,16.5432
-5.5,-45.25,2020,1.7339
-9.75,-67.5,2020,10.9208
-15.75,-58.0,2020,0.3013
-9.75,-68.75,2020,7.5492
-0.25,-60.25,2020,0.3732
-8.0,-71.5,2020,3.7096
-3.25,-52.25,2020,1.1352
-3.5,-60.5,2020,1.0667
-1.5,-48.0,2020,0.2932
-3.0,-54.0,2020,19.4714
-9.0,-51.25,2020,9.41
-5.75,-65.25,2020,0.1712
-3.0,-53.0,2020,12.7079
-4.25,-50.25,2020,3.0027
-10.25,-54.0,2020,7.0248
-4.25,-47.75,2020,9.0124
-6.5,-64.25,2020,0.0628
-9.5,-68.75,2020,8.6321
-8.75,-73.0,2020,0.2214
-7.25,-64.75,2020,1.5701
-9.75,-64.75,2020,8.3079
-5.5,-52.0,2020,6.1638
-3.75,-49.5,2020,1.3262
-4.25,-50.5,2020,6.9417
0.75,-59.75,2020,5.1146
-9.25,-59.0,2020,15.0713
-1.5,-55.25,2020,11.2956
-7.25,-59.75,2020,10.2602
-9.5,-61.75,2020,2.1975
-8.75,-69.75,2020,5.7227
-6.75,-52.25,2020,9.7917
-5.75,-56.5,2020,2.2551
-12.25,-60.25,2020,5.9992
-3.75,-52.5,2020,6.2497
-2.5,-50.25,2020,1.3677
-3.75,-52.0,2020,29.1327
-4.5,-54.75,2020,3.8516
-10.75,-58.5,2020,3.9718
-3.0,-48.0,2020,8.4097
-7.5,-67.5,2020,1.058
-9.25,-51.5,2020,20.9856
3.5,-61.75,2020,4.4323
-7.75,-61.5,2020,12.0458
-3.0,-51.25,2020,7.7179
-9.25,-63.5,2020,6.0955
-9.25,-59.25,2020,6.698
-6.5,-58.5,2020,5.6367
-8.25,-62.75,2020,28.5858
-8.25,-64.0,2020,7.1461
-3.25,-50.25,2020,29.135
-11.25,-58.75,2020,0.8828
3.5,-62.0,2020,3.5722
-2.5,-47.0,2020,4.0968
-13.75,-59.75,2020,16.5993
-1.5,-51.25,2020,0.3998
-1.5,-51.75,2020,1.093
-4.5,-56.0,2020,8.0182
-12.5,-54.5,2020,7.2753
-3.0,-58.5,2020,0.7557
-7.5,-61.5,2020,11.7648
-8.75,-51.75,2020,3.5024
-12.0,-55.0,2020,5.2852
-6.5,-52.75,2020,18.4272
-9.5,-68.0,2020,3.2784
-10.75,-69.25,2020,6.9163
-6.0,-62.5,2020,0.4969
-7.5,-59.75,2020,4.0952
-3.25,-52.0,2020,1.7006
-11.25,-64.75,2020,0.0627
-9.75,-63.25,2020,7.663
-7.0,-51.0,2020,5.4562
-6.0,-51.5,2020,9.0966
-7.0,-55.5,2020,10.9539
-5.25,-60.25,2020,5.9491
-5.25,-45.0,2020,1.046
-3.5,-54.5,2020,12.2252
-3.75,-59.0,2020,2.3535
-5.25,-50.25,2020,3.5576
-9.75,-69.0,2020,5.1172
-3.5,-44.0,2020,1.5418
-6.75,-59.0,2020,14.7668
-10.5,-63.75,2020,3.8859
-3.5,-46.25,2020,0.0986
-8.0,-61.75,2020,8.7245
-11.25,-55.5,2020,1.9098
-9.0,-59.0,2020,14.171
-4.0,-48.75,2020,7.2454
-3.25,-53.0,2020,8.8274
-12.5,-54.25,2020,4.1729
-9.5,-57.75,2020,11.4655
-9.0,-57.5,2020,0.4811
-6.75,-63.0,2020,9.0172
-2.75,-52.0,2020,6.2736
-4.5,-55.75,2020,11.0276
-9.25,-64.25,2020,5.3667
-8.0,-72.0,2020,0.9268
-10.25,-55.25,2020,1.1941
-10.0,-63.75,2020,12.2712
-11.75,-62.75,2020,2.4169
-3.75,-56.0,2020,0.888
-4.75,-50.75,2020,14.1978
-6.25,-52.5,2020,25.5354
-5.5,-49.25,2020,1.1976
-7.75,-55.75,2020,0.6747
-2.0,-49.0,2020,0.9487
-3.0,-51.0,2020,23.2467
-3.75,-50.25,2020,19.3125
-5.5,-50.25,2020,2.3558
-3.5,-55.5,2020,2.6431
-8.75,-50.75,2020,3.503
-10.25,-59.25,2020,7.1261
-3.0,-47.75,2020,6.0726
-10.5,-64.5,2020,3.9263
-10.25,-64.0,2020,2.836
-15.75,-58.25,2020,0.7819
-4.0,-54.0,2020,8.8454
-8.75,-68.5,2020,0.1541
-11.25,-54.5,2020,0.1559
-8.75,-72.25,2020,1.2987
-10.5,-68.25,2020,5.9429
-9.25,-65.75,2020,30.7047
-3.25,-50.75,2020,24.8398
-8.5,-70.5,2020,6.5094
-3.0,-53.25,2020,3.9402
-4.5,-55.0,2020,18.7234
-10.5,-59.5,2020,5.6629
-3.25,-61.25,2020,3.4611
-3.25,-61.5,2020,0.4812
-11.0,-62.5,2020,11.4719
-12.25,-53.5,2020,0.7679
-6.0,-53.5,2020,10.7193
-1.25,-55.75,2020,7.7169
-7.75,-56.75,2020,2.2589
-6.75,-56.5,2020,2.8845
-15.0,-57.75,2020,1.1961
-9.0,-59.5,2020,4.6466
-7.75,-73.0,2020,13.2485
-7.75,-55.5,2020,9.685
-9.25,-58.25,2020,6.8869
-7.25,-50.75,2020,2.2018
-7.5,-56.75,2020,0.6296
-11.25,-61.25,2020,2.3715
-9.25,-62.5,2020,15.4494
-1.25,-53.0,2020,1.7573
-1.75,-48.5,2020,1.1769
-5.75,-51.5,2020,5.5692
-7.25,-55.0,2020,12.5639
-6.75,-50.5,2020,1.4716
-6.5,-58.25,2020,1.2946
1.5,-60.25,2020,2.0246
-9.0,-64.25,2020,2.9872
-2.25,-51.75,2020,0.704
-8.75,-66.5,2020,12.7969
-4.75,-47.75,2020,6.2564
-4.25,-52.0,2020,8.6326
-5.25,-56.75,2020,0.9099
-9.75,-68.0,2020,2.3449
-9.75,-63.5,2020,8.2543
-5.75,-48.75,2020,1.2505
-6.0,-61.25,2020,1.1898
-8.5,-51.0,2020,0.6303
-10.5,-56.5,2020,1.2666
-3.25,-45.5,2020,4.3292
-9.0,-71.0,2020,0.5062
-3.75,-62.0,2020,0.9229
-3.25,-54.75,2020,5.6955
-10.25,-65.25,2020,3.1897
-8.75,-66.75,2020,22.9425
-6.5,-48.5,2020,0.4521
-9.5,-51.75,2020,9.1259
-12.5,-62.0,2020,6.1871
-10.25,-62.0,2020,9.9957
-10.25,-54.5,2020,0.9169
-3.25,-49.25,2020,2.3265
-5.5,-44.25,2020,4.0202
-8.25,-70.0,2020,2.0657
-4.25,-49.75,2020,2.554
-10.75,-63.0,2020,0.584
-3.0,-52.25,2020,1.7186
-4.0,-52.0,2020,40.7117
-3.5,-59.0,2020,2.9362
-5.0,-71.75,2020,0.0846
-4.5,-55.5,2020,31.0025
-2.75,-54.5,2020,5.4356
-6.0,-56.25,2020,4.3025
-2.0,-45.75,2020,0.175
-7.5,-73.0,2020,2.4138
-3.5,-51.0,2020,14.7294
-12.0,-57.0,2020,15.7277
-2.75,-58.25,2020,0.8112
-13.5,-61.5,2020,0.7543
-5.0,-62.5,2020,0.9706
-2.25,-52.75,2020,1.6771
-12.75,-62.25,2020,9.6691
-16.5,-56.25,2020,2.0359
-8.0,-72.5,2020,12.7374
-7.25,-68.5,2020,0.0717
-9.5,-62.5,2020,8.1112
-4.25,-55.5,2020,7.9013
-10.75,-68.75,2020,5.2819
-2.5,-55.25,2020,0.251
-8.25,-71.0,2020,3.6515
-8.0,-51.0,2020,2.3947
-3.25,-57.0,2020,0.0626
-7.75,-70.75,2020,1.2187
-3.75,-54.75,2020,12.6662
0.75,-60.25,2020,9.0974
-9.75,-50.5,2020,4.4587
-9.0,-63.75,2020,5.3976
-10.75,-59.25,2020,4.2845
-5.25,-45.25,2020,0.8494
-5.0,-56.5,2020,0.7229
-10.75,-58.0,2020,7.1662
-6.25,-57.5,2020,2.2981
-8.75,-63.0,2020,37.971
-1.5,-55.5,2020,15.1212
-11.0,-61.5,2020,1.889
-9.5,-66.75,2020,24.7164
-8.5,-54.5,2020,12.408
-1.5,-48.75,2020,1.8787
-5.5,-52.25,2020,2.0652
-2.75,-60.25,2020,2.1693
-2.5,-48.5,2020,4.3787
-7.75,-51.0,2020,4.214
2.0,-60.75,2020,2.7004
0.0,-60.5,2020,7.0696
-9.25,-50.0,2020,1.1884
-11.0,-63.0,2020,2.1777
-8.25,-70.5,2020,6.8306
-6.5,-57.5,2020,3.0914
-9.25,-68.25,2020,14.2123
-8.75,-67.5,2020,4.1653
-9.75,-64.25,2020,26.2835
-9.0,-71.25,2020,2.7262
-1.75,-60.25,2020,3.097
-7.75,-51.25,2020,0.7919
-3.25,-48.75,2020,16.0625
-9.5,-63.5,2020,11.8986
-3.0,-67.25,2020,0.227
-12.5,-60.25,2020,4.5627
-12.25,-53.25,2020,1.3718
-6.0,-53.25,2020,14.1896
-8.0,-71.0,2020,6.1454
-9.0,-69.5,2020,7.1072
-8.5,-70.75,2020,4.5196
-4.75,-50.5,2020,7.3713
-3.5,-58.5,2020,2.9642
-11.75,-52.25,2020,1.0187
-2.25,-45.75,2020,3.1952
0.25,-60.75,2020,3.4309
-6.0,-51.75,2020,12.5512
-1.5,-47.25,2020,0.8426
-7.75,-72.5,2020,4.6937
-5.75,-49.25,2020,3.7058
-8.0,-72.25,2020,6.4213
-2.25,-51.25,2020,0.5652
-7.25,-59.5,2020,10.9845
-9.5,-56.75,2020,1.1402
-12.0,-56.0,2020,0.3528
-10.5,-69.0,2020,3.2553
-4.0,-59.75,2020,2.1092
-9.25,-61.0,2020,12.1865
-12.75,-62.0,2020,7.3294
-13.0,-54.25,2020,0.5321
-9.75,-62.5,2020,10.4249
-10.5,-69.75,2020,2.516
-11.5,-51.5,2020,0.8748
-6.75,-59.25,2020,29.873
-8.25,-67.5,2020,0.0744
-12.75,-61.5,2020,1.1776
-4.25,-54.0,2020,6.0399
-8.5,-66.75,2020,7.4246
1.75,-60.5,2020,3.548
-2.25,-53.0,2020,0.9681
-3.5,-66.0,2020,0.2441
0.5,-60.25,2020,7.5232
-16.5,-57.5,2020,0.2644
-2.75,-59.75,2020,0.6634
-13.25,-54.25,2020,49.0831
-5.0,-49.25,2020,3.3479
-4.25,-56.25,2020,4.3988
-9.5,-65.75,2020,35.8848
-2.75,-49.25,2020,1.6676
-10.0,-51.25,2020,2.2464
-5.5,-51.75,2020,7.0886
-10.0,-68.5,2020,6.2338
-3.0,-48.5,2020,6.7869
-5.0,-48.75,2020,8.7145
-11.75,-57.75,2020,4.1542
-10.25,-55.0,2020,0.8682
-9.5,-65.5,2020,13.1585
-15.75,-59.5,2020,0.6192
0.0,-67.5,2020,0.1297
-8.0,-71.75,2020,1.3006
-7.75,-72.0,2020,2.8055
-11.0,-68.5,2020,2.7087
-9.5,-69.0,2020,2.0082
-16.75,-56.0,2020,1.8004
-6.75,-60.0,2020,14.9534
0.75,-60.75,2020,3.5809
-8.5,-48.75,2020,0.1664
-11.0,-68.25,2020,3.5643
-6.5,-52.25,2020,2.8424
-7.0,-52.25,2020,12.614
-7.25,-70.75,2020,0.23
-3.5,-52.75,2020,4.096
-4.0,-54.75,2020,7.4637
-5.25,-50.75,2020,9.4717
-11.75,-57.5,2020,3.1724
-4.0,-53.5,2020,25.3194
-1.5,-47.5,2020,0.192
-2.25,-52.0,2020,6.3184
-11.75,-54.5,2020,5.8528
-11.75,-61.5,2020,0.393
0.25,-69.75,2020,0.3018
-2.75,-49.0,2020,4.1273
-9.0,-72.5,2020,4.0554
-9.5,-64.0,2020,12.3132
-4.25,-48.75,2020,11.6666
-8.25,-54.75,2020,40.2945
-11.5,-51.75,2020,1.2681
-3.0,-59.5,2020,1.2713
-6.75,-56.25,2020,9.1283
-8.5,-55.0,2020,20.4548
-5.75,-63.5,2020,0.1843
-8.5,-54.75,2020,38.3377
-12.25,-63.5,2020,2.4511
-4.75,-45.75,2020,16.141
-2.0,-54.5,2020,2.8395
-3.0,-60.75,2020,1.2628
-2.75,-51.25,2020,4.6557
-12.5,-54.75,2020,9.0661
-12.75,-60.5,2020,0.4831
1.75,-51.0,2020,0.7907
-3.5,-51.75,2020,5.0943
-5.75,-49.75,2020,2.8368
-3.75,-55.75,2020,3.7013
-11.75,-63.0,2020,1.581
-9.25,-57.0,2020,8.9505
-1.75,-52.0,2020,3.8334
-3.5,-64.75,2020,1.9489
-10.75,-52.75,2020,0.0707
-7.0,-56.0,2020,2.6395
-3.5,-52.0,2020,3.6208
-9.0,-68.0,2020,1.1921
-2.25,-50.25,2020,0.3092
-8.25,-73.0,2020,4.6988
-10.75,-68.25,2020,5.6716
-8.0,-61.25,2020,11.3867
0.5,-60.5,2020,16.9816
-6.25,-53.75,2020,3.318
-4.75,-55.75,2020,23.5005
-9.75,-65.75,2020,4.4868
-14.75,-59.25,2020,0.185
-5.0,-44.0,2020,1.6111
-10.25,-53.75,2020,6.8691
-10.0,-54.25,2020,1.9583
-9.5,-58.0,2020,1.9453
-9.0,-67.75,2020,3.3699
-7.5,-72.75,2020,5.6288
-9.25,-58.5,2020,1.0279
-8.75,-71.25,2020,3.694
-9.75,-62.0,2020,2.0542
-8.25,-63.0,2020,12.3773
-8.25,-72.75,2020,10.5617
-11.5,-60.75,2020,1.1496
-3.75,-49.0,2020,5.2629
-3.0,-50.5,2020,11.8704
-10.0,-68.25,2020,2.5333
-9.25,-60.5,2020,18.1787
-11.5,-55.75,2020,1.5683
-10.25,-67.5,2020,1.2261
-1.5,-53.75,2020,2.9641
-9.75,-55.25,2020,2.3902
-7.75,-50.25,2020,1.7048
-4.25,-51.0,2020,36.1131
-10.0,-58.5,2020,3.1259
-2.75,-48.25,2020,1.2889
-9.75,-57.5,2020,0.5417
-6.0,-61.5,2020,1.1503
-3.75,-47.0,2020,2.7146
-4.0,-56.25,2020,4.3656
3.0,-61.5,2020,2.8177
-6.5,-56.0,2020,13.4416
-5.75,-51.25,2020,4.9676
-6.75,-49.5,2020,0.4451
-16.0,-56.0,2020,0.6962
-9.0,-71.5,2020,4.3271
-4.5,-49.75,2020,6.8347
-10.25,-63.5,2020,4.7254
-8.25,-49.5,2020,0.3921
-4.75,-48.25,2020,2.1848
-9.0,-51.0,2020,9.5966
-8.5,-72.5,2020,5.174
-4.0,-48.0,2020,5.0408
-10.0,-64.25,2020,19.8677
-2.5,-45.25,2020,4.632
-3.25,-57.5,2020,0.1277
-3.75,-49.25,2020,1.3901
-6.5,-52.0,2020,2.5959
-9.25,-61.75,2020,2.5812
-9.25,-63.25,2020,6.9265
-6.0,-51.25,2020,5.9823
-10.75,-62.5,2020,0.5685
1.5,-68.25,2020,0.1321
-3.25,-53.25,2020,13.9199
-12.5,-58.0,2020,0.771
-5.0,-46.75,2020,3.2401
-0.25,-67.0,2020,0.544
-6.5,-52.5,2020,4.9276
-9.0,-62.0,2020,5.1957
-7.5,-67.25,2020,0.2528
-7.0,-51.75,2020,1.3557
-3.25,-51.75,2020,3.5827
-12.5,-57.75,2020,6.0887
-2.5,-49.75,2020,0.5302
-3.25,-60.75,2020,1.2982
-8.75,-62.5,2020,70.0718
-5.5,-57.25,2020,0.6313
2.25,-61.5,2020,7.6933
-5.75,-49.0,2020,3.8838
0.75,-51.5,2020,0.4572
-9.25,-68.5,2020,9.5404
-3.5,-53.75,2020,5.6409
-5.25,-57.25,2020,1.2637
-4.0,-53.75,2020,12.4093
-8.25,-73.5,2020,0.2701
-6.25,-58.0,2020,5.4585
-5.0,-45.75,2020,4.3799
-11.0,-54.5,2020,0.1376
-10.5,-68.0,2020,6.1707
-2.0,-52.75,2020,1.6476
-4.5,-46.5,2020,3.6365
-8.25,-50.75,2020,9.3165
-1.5,-53.5,2020,4.0723
-3.75,-44.25,2020,2.9438
-2.75,-56.75,2020,0.3566
-6.0,-58.0,2020,4.6901
-10.75,-65.25,2020,1.5456
-6.25,-53.25,2020,33.7609
-12.5,-64.0,2020,4.5642
2.75,-62.75,2020,0.252
-10.0,-64.75,2020,29.0651
-6.25,-60.0,2020,1.8836
-3.5,-44.25,2020,1.7626
-1.75,-49.5,2020,0.248
-1.75,-60.0,2020,1.5186
-10.75,-68.0,2020,0.423
-10.5,-51.0,2020,1.6235
-6.75,-55.25,2020,38.1718
-10.5,-57.5,2020,2.8718
-1.25,-54.5,2020,5.3892
-3.25,-51.0,2020,15.0156
-5.0,-50.75,2020,14.6896
-2.25,-48.25,2020,2.4086
-9.75,-68.25,2020,3.9027
-9.5,-68.25,2020,5.529
-10.0,-51.0,2020,0.1693
-8.5,-63.5,2020,11.0356
-2.25,-46.25,2020,1.7651
-0.75,-47.75,2020,1.9771
-11.0,-54.0,2020,72.2979
-4.75,-56.0,2020,17.4391
-3.75,-53.25,2020,1.4668
-2.0,-48.25,2020,2.8742
-6.75,-58.75,2020,1.1077
-7.0,-51.25,2020,2.5763
-5.25,-44.0,2020,4.062
-10.75,-61.75,2020,0.5016
-12.25,-61.75,2020,2.6321
-3.25,-46.5,2020,4.4901
-8.5,-67.0,2020,12.2558
-3.75,-65.0,2020,1.571
-6.0,-52.5,2020,5.3652
-11.5,-59.0,2020,0.5341
-2.75,-60.0,2020,1.5329
1.25,-59.25,2020,3.6498
-2.5,-47.25,2020,1.0796
-3.0,-65.0,2020,0.8504
-9.0,-51.75,2020,4.7691
-4.0,-47.5,2020,3.5766
-12.75,-51.5,2020,0.1529
-11.5,-54.5,2020,27.6871
-4.75,-46.5,2020,6.3533
-8.0,-55.5,2020,11.6236
-10.5,-64.75,2020,4.149
4.0,-61.75,2020,0.614
-9.0,-68.75,2020,11.2832
-7.0,-59.25,2020,35.7186
-3.25,-49.0,2020,5.0082
-7.5,-60.75,2020,10.7286
-4.75,-47.0,2020,1.3742
-3.25,-60.0,2020,0.9274
-10.25,-67.75,2020,7.1532
-4.75,-45.5,2020,0.2713
-10.5,-52.0,2020,8.1519
-11.25,-56.25,2020,2.8287
-4.25,-59.75,2020,2.1882
-12.0,-51.5,2020,2.5496
-2.25,-51.0,2020,3.3478
-9.5,-62.25,2020,3.6271
-12.25,-57.25,2020,5.4814
-6.0,-54.5,2020,2.2671
-5.25,-60.0,2020,4.1757
-6.5,-68.0,2020,0.4293
-12.25,-62.25,2020,1.5558
-4.25,-48.0,2020,1.3027
-3.25,-65.25,2020,0.8949
-2.0,-48.75,2020,1.1017
-1.25,-54.0,2020,4.9288
1.25,-52.5,2020,0.3312
-3.25,-50.0,2020,8.9698
-6.0,-45.5,2020,0.7418
-1.75,-50.75,2020,0.1726
-7.75,-70.0,2020,3.007
-2.25,-56.5,2020,0.2417
-9.25,-71.0,2020,0.5773
-2.75,-50.0,2020,1.0628
-7.0,-57.25,2020,1.4051
-4.25,-47.25,2020,2.6037
-2.0,-46.75,2020,2.2816
-10.25,-68.25,2020,2.6889
-3.5,-49.25,2020,2.9364
-7.75,-50.75,2020,0.4298
-5.5,-50.75,2020,5.4038
-1.75,-54.75,2020,3.1873
-8.75,-71.0,2020,5.9689
-11.75,-58.0,2020,2.7321
-10.0,-64.0,2020,8.2212
-2.5,-48.75,2020,1.0732
-10.75,-68.5,2020,4.4799
-8.5,-50.75,2020,5.5767
-8.25,-55.0,2020,16.7574
-11.25,-62.75,2020,1.0107
-3.5,-64.5,2020,1.9656
-1.5,-55.75,2020,9.1746
-8.5,-64.0,2020,6.065
-3.75,-59.25,2020,2.6648
-10.25,-62.5,2020,0.4104
-7.0,-53.0,2020,0.5542
-3.0,-48.75,2020,5.4857
-12.5,-55.0,2020,8.7175
-7.5,-49.75,2020,0.9334
-13.25,-60.5,2020,0.4587
-3.25,-65.0,2020,0.7516
2.0,-61.25,2020,1.8566
-9.0,-71.75,2020,0.3019
-10.25,-56.75,2020,7.1983
-4.0,-46.75,2020,1.6329
-9.25,-70.5,2020,0.3058
-2.0,-52.0,2020,5.4417
-3.0,-52.0,2020,1.7991
-4.25,-49.0,2020,2.6837
-3.75,-50.0,2020,11.2808
-3.0,-44.0,2020,0.4514
-4.0,-55.25,2020,4.9952
-10.75,-60.75,2020,2.6372
-2.0,-46.25,2020,3.9883
-4.0,-51.25,2020,8.2003
-4.25,-54.25,2020,2.6755
-7.25,-56.0,2020,0.88
-6.5,-53.0,2020,13.4673
-8.0,-48.75,2020,0.1823
-5.5,-44.0,2020,5.3224
-4.25,-63.25,2020,0.9571
-7.5,-64.75,2020,1.2067
-10.75,-67.75,2020,1.5844
-12.5,-57.5,2020,13.8859
-2.5,-50.75,2020,1.5278
-7.75,-61.0,2020,4.3242
-12.0,-63.5,2020,4.6485
-10.5,-54.5,2020,7.2246
-7.0,-52.75,2020,31.7416
-5.25,-46.0,2020,3.9576
-10.0,-54.5,2020,2.3836
-12.5,-61.25,2020,1.4888
-3.25,-54.25,2020,12.1684
-9.25,-50.5,2020,6.5128
-4.25,-49.25,2020,1.163
-3.75,-44.0,2020,0.4177
-2.25,-48.5,2020,3.3589
-8.25,-72.0,2020,0.8206
-4.0,-50.0,2020,3.893
-4.5,-46.75,2020,1.1429
-8.75,-70.75,2020,4.6057
-7.75,-72.75,2020,3.9522
-11.5,-54.25,2020,15.3328
-6.25,-53.0,2020,10.6859
-12.25,-57.75,2020,2.9155
0.75,-59.25,2020,1.1248
-2.25,-49.0,2020,0.8322
-4.0,-47.75,2020,7.766
-2.0,-47.75,2020,0.6403
-11.75,-59.25,2020,0.5424
-10.0,-52.0,2020,0.1516
-10.75,-65.0,2020,1.8464
-9.5,-64.75,2020,5.575
-3.5,-60.0,2020,1.95
-11.25,-60.75,2020,0.4671
-4.25,-65.25,2020,0.9864
-8.75,-64.0,2020,3.6178
-6.75,-55.5,2020,19.236
-7.5,-63.75,2020,3.7648
-11.25,-57.5,2020,0.7289
-8.5,-63.25,2020,11.5654
-11.75,-65.0,2020,19.5132
-1.5,-52.5,2020,0.3275
-12.75,-60.75,2020,7.4227
-13.0,-60.5,2020,0.4742
-5.75,-48.25,2020,1.3507
-4.5,-49.25,2020,1.0674
-0.75,-53.25,2020,0.4822
-10.5,-64.0,2020,6.7647
-3.25,-52.5,2020,2.4638
-11.75,-62.5,2020,3.8787
-5.5,-60.5,2020,0.1529
0.75,-50.75,2020,1.2012
-4.25,-55.75,2020,3.3916
-6.0,-48.25,2020,0.5283
2.0,-60.5,2020,3.2001
-3.0,-44.25,2020,2.537
-3.0,-49.0,2020,1.8967
-1.75,-47.75,2020,1.0821
-10.5,-56.75,2020,0.1718
-4.0,-52.5,2020,1.6493
4.25,-61.25,2020,0.101
-8.75,-72.0,2020,0.3142
-2.5,-50.5,2020,1.635
-1.25,-50.5,2020,0.3056
3.0,-60.25,2020,1.6072
-0.5,-65.0,2020,0.2674
-3.25,-49.75,2020,1.6589
-2.25,-45.25,2020,0.4176
-2.5,-44.25,2020,0.94
-9.25,-65.25,2020,8.7392
-8.5,-64.5,2020,0.0962
-9.25,-50.75,2020,10.2483
-7.75,-63.25,2020,8.5256
-12.0,-62.5,2020,1.0494
-3.0,-51.75,2020,5.4959
-3.75,-61.75,2020,0.5195
-6.0,-50.25,2020,1.7337
-4.5,-59.5,2020,0.5017
-6.75,-52.5,2020,8.2637
-4.5,-47.0,2020,2.5483
-1.75,-46.75,2020,2.5309
2.5,-64.0,2020,1.0085
-1.0,-56.25,2020,0.33
-8.5,-69.25,2020,0.1844
-9.25,-61.25,2020,6.1503
-9.75,-63.0,2020,3.0173
-11.0,-59.0,2020,2.4902
-6.5,-63.0,2020,5.7346
-5.5,-45.75,2020,0.928
-3.5,-52.25,2020,3.7695
-0.25,-65.5,2020,0.0662
0.25,-60.5,2020,10.01
-9.0,-68.5,2020,5.0667
-5.75,-57.0,2020,2.1605
-3.5,-47.5,2020,1.9428
-4.5,-55.25,2020,4.3886
-8.75,-67.0,2020,15.4257
-5.75,-44.5,2020,0.9109
-6.0,-52.75,2020,13.0294
-7.0,-65.0,2020,0.0817
-4.75,-48.75,2020,4.174
-1.75,-51.25,2020,1.8167
3.0,-63.5,2020,0.0823
-1.5,-46.0,2020,3.4824
-2.0,-48.5,2020,1.8493
-12.25,-60.75,2020,6.4895
-3.25,-46.25,2020,0.49
-6.5,-59.0,2020,27.279
-6.75,-66.5,2020,0.2236
-4.25,-56.5,2020,1.0223
-13.25,-54.5,2020,6.2663
-12.5,-63.75,2020,3.7989
-2.5,-46.25,2020,1.1696
-5.5,-49.0,2020,2.7256
5.0,-60.25,2020,0.254
-5.25,-60.5,2020,0.269
-2.75,-51.75,2020,20.8602
-4.75,-56.25,2020,6.298
-6.25,-55.75,2020,14.52
-10.0,-62.0,2020,0.6878
-1.25,-53.5,2020,8.7919
-2.75,-44.25,2020,1.5142
3.0,-63.75,2020,0.9079
-7.0,-60.0,2020,11.4405
-3.25,-53.5,2020,2.3563
-12.25,-61.5,2020,1.8098
-10.0,-68.75,2020,4.8336
-3.5,-60.75,2020,0.7314
-7.5,-64.5,2020,7.7513
-2.5,-55.5,2020,0.3045
-9.5,-56.5,2020,3.9161
-9.0,-67.5,2020,25.0833
-1.25,-46.75,2020,0.2139
-1.5,-45.75,2020,0.8869
-10.5,-59.25,2020,4.545
-2.5,-45.75,2020,0.9851
-11.5,-56.75,2020,1.5505
-2.0,-56.75,2020,1.7222
-3.0,-67.0,2020,0.4773
-10.5,-69.25,2020,5.5155
-8.5,-50.25,2020,1.0334
-9.5,-52.0,2020,12.6261
-8.25,-65.25,2020,0.0646
-8.25,-51.0,2020,5.438
-10.25,-59.5,2020,3.4774
-7.25,-49.25,2020,5.4931
-12.0,-64.25,2020,1.7274
-11.25,-51.75,2020,0.1251
-12.25,-54.25,2020,1.53
-12.0,-56.75,2020,12.759
-6.0,-52.0,2020,4.7666
-3.5,-52.5,2020,3.1829
-2.5,-60.0,2020,0.3843
-8.0,-61.5,2020,12.8777
-1.75,-52.25,2020,3.2499
-8.0,-70.5,2020,1.1275
-9.5,-55.75,2020,1.1854
-9.5,-59.75,2020,6.1292
-2.25,-48.0,2020,3.7146
-3.25,-52.75,2020,3.2895
-7.0,-50.75,2020,1.9558
-9.0,-55.0,2020,0.8349
-8.25,-71.25,2020,1.9378
-7.0,-56.75,2020,3.5302
-2.75,-54.25,2020,6.563
-10.0,-58.25,2020,4.7493
-1.75,-51.0,2020,1.5664
-7.75,-63.5,2020,19.3894
-7.25,-70.25,2020,0.0889
-10.25,-58.5,2020,0.4998
-8.5,-62.5,2020,20.1674
0.75,-59.5,2020,7.1196
-10.75,-55.0,2020,0.676
-9.5,-57.25,2020,2.1103
-9.75,-65.0,2020,4.4341
-3.75,-48.0,2020,0.6949
-8.75,-71.75,2020,0.9496
-4.25,-44.0,2020,0.3333
-1.75,-49.0,2020,0.5737
-10.25,-64.5,2020,18.8939
-3.75,-64.0,2020,0.3175
-2.5,-48.25,2020,3.6312
-9.75,-54.0,2020,3.0551
-10.75,-56.0,2020,0.1506
-6.75,-55.75,2020,10.836
-7.5,-63.5,2020,8.3383
-12.0,-62.25,2020,1.4028
-7.25,-56.25,2020,2.5553
-12.25,-57.0,2020,1.4856
-2.0,-67.0,2020,0.1394
-10.5,-63.0,2020,2.7002
-7.25,-72.25,2020,0.1933
-12.75,-52.25,2020,0.2286
-3.0,-56.75,2020,0.5044
-10.25,-67.0,2020,1.6191
-3.0,-45.25,2020,0.2764
-3.0,-65.25,2020,1.0605
-7.5,-62.75,2020,1.1827
-8.75,-62.75,2020,9.8148
-9.75,-67.75,2020,1.9277
-6.25,-55.25,2020,63.4453
-6.5,-60.0,2020,9.8727
-3.5,-60.25,2020,0.3965
-5.0,-57.5,2020,2.1805
1.5,-51.0,2020,0.3923
-9.5,-72.0,2020,0.8865
-3.5,-59.75,2020,1.4485
-15.5,-60.25,2020,0.7978
-5.25,-51.25,2020,2.6268
-5.5,-60.75,2020,0.298
-11.25,-59.25,2020,0.8112
-7.25,-56.75,2020,3.3313
-2.25,-57.0,2020,1.7058
-0.75,-47.25,2020,0.5664
-9.75,-60.75,2020,9.6067
-1.0,-57.5,2020,0.39
-5.25,-49.75,2020,0.3776
-12.5,-64.25,2020,3.3576
-3.5,-44.5,2020,3.5019
-6.5,-49.75,2020,3.4145
-1.5,-48.25,2020,0.6083
-8.5,-49.5,2020,0.2656
-3.25,-45.0,2020,0.8765
-13.25,-61.0,2020,0.278
-7.0,-71.5,2020,1.2313
-9.75,-53.75,2020,13.0546
-8.5,-68.0,2020,0.3761
-9.25,-51.75,2020,6.0823
-3.0,-56.5,2020,0.5321
-8.0,-63.0,2020,4.6396
-3.0,-61.25,2020,0.8048
0.25,-53.75,2020,0.1388
-4.75,-44.0,2020,0.5811
-9.25,-57.5,2020,13.5613
-1.5,-58.0,2020,0.1418
-4.0,-47.0,2020,13.5991
-10.0,-52.25,2020,0.2492
-10.75,-57.0,2020,1.909
-4.25,-67.5,2020,0.2684
1.25,-60.5,2020,4.7631
-7.25,-72.5,2020,4.0357
-3.5,-61.25,2020,0.4395
-2.5,-55.75,2020,0.3916
-15.0,-58.5,2020,7.5315
-5.0,-44.25,2020,2.47
-1.0,-52.75,2020,0.1846
-3.0,-48.25,2020,0.8038
-9.25,-61.5,2020,4.0004
-8.5,-47.25,2020,0.7883
0.25,-70.0,2020,0.0733
-9.0,-66.75,2020,9.0617
-10.25,-50.75,2020,0.0949
-6.5,-51.5,2020,1.1757
-10.25,-63.25,2020,4.0839
1.75,-60.25,2020,9.8523
-15.5,-57.5,2020,2.8768
-10.5,-57.25,2020,3.2795
-10.0,-59.75,2020,4.2827
-4.25,-46.5,2020,3.4481
-6.25,-51.25,2020,0.6899
-10.0,-63.0,2020,1.8697
-10.75,-53.0,2020,0.1633
-6.75,-51.25,2020,0.0663
-4.25,-54.5,2020,4.7309
-8.5,-55.25,2020,31.7798
-10.25,-57.5,2020,1.2499
-7.5,-71.25,2020,0.064
-9.0,-54.5,2020,8.4326
-13.25,-61.25,2020,0.1739
-7.25,-70.0,2020,0.3619
-7.25,-55.25,2020,13.2898
-9.75,-69.25,2020,0.3132
-1.75,-67.5,2020,0.0707
-2.25,-49.75,2020,0.2573
-9.75,-60.25,2020,9.2075
-10.25,-69.0,2020,1.1995
-6.5,-61.5,2020,0.1436
-4.75,-50.0,2020,1.443
-5.5,-59.0,2020,0.1384
-10.5,-58.0,2020,5.1844
-5.75,-44.25,2020,3.8775
-9.25,-57.25,2020,12.4843
1.0,-60.25,2020,4.2012
-7.5,-70.5,2020,0.215
-7.0,-52.0,2020,0.512
-8.5,-71.5,2020,1.2116
-9.0,-70.0,2020,0.6463
-8.5,-63.0,2020,10.251
-3.5,-49.5,2020,1.4025
-3.75,-58.5,2020,1.9416
-8.75,-67.75,2020,4.4621
-0.25,-67.25,2020,0.181
-8.75,-54.5,2020,12.1319
-3.75,-54.25,2020,3.4773
-2.75,-53.25,2020,0.7711
-6.5,-47.75,2020,0.6759
-12.0,-55.25,2020,0.4393
-11.75,-52.5,2020,1.5394
-12.0,-52.75,2020,5.3654
-2.75,-67.75,2020,0.2695
-3.0,-53.5,2020,0.295
-4.75,-48.5,2020,4.849
-2.5,-56.25,2020,6.2255
-15.5,-58.0,2020,1.1065
-6.75,-52.0,2020,1.3405
-6.0,-49.25,2020,0.7336
-11.25,-62.0,2020,0.7202
-6.75,-51.0,2020,3.6143
-9.75,-57.75,2020,2.1426
-9.5,-61.0,2020,0.468
-6.0,-55.75,2020,1.7083
-9.0,-61.75,2020,2.3943
-8.5,-63.75,2020,1.453
-3.75,-47.75,2020,12.8779
-0.75,-47.5,2020,0.4476
-3.5,-59.25,2020,4.3156
-9.75,-55.0,2020,1.3366
-11.75,-63.25,2020,2.5672
-6.75,-69.75,2020,0.8705
-3.0,-61.5,2020,0.8388
-15.5,-60.0,2020,2.6672
-5.75,-45.25,2020,0.4329
-10.0,-55.25,2020,2.2238
-9.25,-72.75,2020,1.9717
-9.75,-51.25,2020,0.5517
-3.0,-61.0,2020,1.347
-9.75,-62.25,2020,1.8767
-2.25,-51.5,2020,1.2482
-1.75,-54.0,2020,2.1434
-9.5,-62.75,2020,3.4415
-11.0,-53.5,2020,0.0849
-9.75,-52.25,2020,0.5975
-4.75,-46.25,2020,1.268
-5.75,-47.75,2020,0.3962
-10.0,-50.5,2020,3.784
-7.25,-60.0,2020,1.9284
2.5,-60.75,2020,0.6786
-10.5,-61.25,2020,11.8348
-3.5,-65.0,2020,1.8001
3.25,-61.0,2020,0.167
-6.0,-54.0,2020,2.9561
-2.25,-68.75,2020,0.7025
-8.75,-60.5,2020,0.662
-5.25,-52.0,2020,3.7101
-10.5,-59.0,2020,2.733
-6.0,-57.25,2020,0.9052
-10.0,-68.0,2020,1.9973
-15.75,-55.75,2020,0.7338
-5.5,-60.25,2020,7.7049
-5.5,-45.0,2020,1.8932
-7.5,-57.0,2020,0.4119
-10.25,-62.75,2020,2.0956
-4.5,-47.75,2020,2.931
-11.5,-62.25,2020,0.5815
-4.25,-52.25,2020,2.3454
-8.25,-55.5,2020,10.0796
-10.0,-62.5,2020,3.3801
-2.0,-51.0,2020,1.8117
-5.5,-55.75,2020,0.2893
-1.25,-56.0,2020,2.2277
-8.5,-69.75,2020,5.5381
-10.0,-67.75,2020,1.0947
-2.75,-53.0,2020,3.0036
-10.5,-57.75,2020,4.0413
-11.75,-58.75,2020,4.6909
-9.5,-67.0,2020,2.088
0.0,-51.25,2020,0.3477
-6.0,-48.5,2020,0.5178
-10.0,-69.0,2020,4.2542
-3.0,-44.5,2020,0.0672
-9.5,-62.0,2020,1.4481
-11.5,-56.25,2020,3.2138
-11.0,-62.25,2020,0.486
-12.25,-63.25,2020,4.1079
-3.5,-49.0,2020,1.1997
-9.25,-67.25,2020,3.9126
-9.0,-61.5,2020,10.9077
-3.0,-53.75,2020,5.2058
-5.5,-47.75,2020,0.8126
-2.5,-56.5,2020,0.4535
3.0,-60.0,2020,0.7026
-13.0,-60.25,2020,2.0146
-6.0,-44.0,2020,2.2135
0.25,-67.25,2020,0.247
-7.25,-71.5,2020,0.5981
-3.75,-64.25,2020,1.1224
-5.0,-60.0,2020,0.1498
-9.25,-63.0,2020,0.6631
-10.0,-59.5,2020,6.6461
-5.25,-45.75,2020,0.6353
-4.5,-47.25,2020,5.2844
-4.25,-50.0,2020,1.2562
-10.25,-57.25,2020,1.7414
-9.25,-63.75,2020,4.7255
-12.75,-54.75,2020,12.1907
-6.0,-55.5,2020,1.8748
-6.75,-56.0,2020,9.1744
-3.75,-60.25,2020,0.8249
-3.5,-57.75,2020,0.2272
-3.25,-48.25,2020,0.4699
-12.0,-54.5,2020,8.7003
-1.75,-48.25,2020,2.4557
-12.5,-61.5,2020,5.5788
-6.75,-69.5,2020,0.2577
-3.25,-53.75,2020,16.8817
1.25,-69.25,2020,0.0692
-2.75,-54.0,2020,1.2105
-4.5,-46.25,2020,1.317
-3.0,-54.75,2020,2.4233
-0.25,-49.75,2020,0.0633
-2.5,-52.0,2020,2.5137
-9.0,-50.25,2020,2.2934
-2.0,-53.5,2020,0.4379
-13.25,-54.0,2020,27.4475
-10.0,-54.75,2020,0.8937
-9.75,-57.25,2020,1.5284
-9.0,-64.5,2020,2.2149
-1.75,-45.75,2020,1.0208
-12.0,-60.75,2020,5.6999
4.0,-64.5,2020,0.4868
-8.25,-73.25,2020,1.0095
-12.0,-60.5,2020,0.8454
-5.75,-56.25,2020,1.2267
-6.0,-52.25,2020,9.3022
-10.75,-61.25,2020,13.3206
-9.25,-71.75,2020,2.4206
-8.25,-61.25,2020,7.3083
-8.25,-70.75,2020,2.1284
-8.0,-55.25,2020,14.3221
-9.0,-63.25,2020,1.5736
-4.75,-46.0,2020,0.3287
-3.75,-57.25,2020,2.1154
-5.75,-53.75,2020,7.9603
-7.0,-59.0,2020,14.2231
-14.75,-57.0,2020,0.2853
-10.0,-61.25,2020,3.9637
-11.25,-58.5,2020,0.7381
-4.0,-50.25,2020,2.7016
-9.25,-69.0,2020,3.5269
-3.0,-46.75,2020,0.3311
-15.5,-57.25,2020,0.2721
-2.25,-56.75,2020,0.4038
-2.0,-48.0,2020,0.8305
-6.5,-51.75,2020,5.5048
-10.5,-70.0,2020,0.3558
-10.25,-69.25,2020,0.6475
-6.5,-62.75,2020,1.4323
-3.25,-59.5,2020,1.3543
-1.0,-54.0,2020,2.7406
-4.5,-48.0,2020,1.1402
-5.75,-50.25,2020,0.8541
-1.75,-51.75,2020,0.5386
-11.5,-51.25,2020,0.3526
-12.5,-60.5,2020,0.2036
-10.0,-53.75,2020,27.3183
-10.25,-58.25,2020,3.0938
-2.5,-47.5,2020,0.382
-9.75,-56.25,2020,1.6911
-4.5,-51.0,2020,9.6761
-10.0,-67.5,2020,1.9212
-2.0,-53.25,2020,0.9113
-3.5,-45.25,2020,1.6738
-7.25,-73.0,2020,2.0631
-6.75,-60.25,2020,4.4053
-11.25,-59.0,2020,4.6791
-9.75,-54.75,2020,1.4817
-3.25,-54.0,2020,7.3384
-9.75,-65.25,2020,5.1821
0.75,-53.0,2020,0.069
-13.5,-59.75,2020,0.3231
-4.5,-50.0,2020,2.2464
-2.25,-47.75,2020,1.0414
-2.5,-53.0,2020,0.1463
-14.5,-59.75,2020,1.8392
-10.5,-58.75,2020,1.88
-5.0,-45.5,2020,1.2551
-5.0,-51.0,2020,9.796
-8.5,-67.5,2020,1.9554
-7.5,-63.0,2020,1.11
-8.0,-64.0,2020,2.1506
-3.0,-57.5,2020,0.5015
-13.25,-60.0,2020,1.4846
-5.75,-48.5,2020,0.3119
-4.25,-47.0,2020,9.5587
-6.5,-56.5,2020,5.5924
-14.25,-60.25,2020,0.3266
-3.75,-44.5,2020,2.0556
-4.0,-56.0,2020,3.7034
-7.25,-71.0,2020,0.2701
-13.25,-56.75,2020,0.552
-10.5,-65.25,2020,1.5073
-2.0,-54.75,2020,0.0781
1.0,-51.25,2020,0.4615
-3.25,-50.5,2020,29.9483
-12.0,-56.5,2020,5.1561
-9.5,-50.75,2020,0.8498
-0.25,-60.75,2020,1.8404
-5.0,-44.75,2020,0.3118
-9.5,-56.25,2020,1.4637
3.5,-61.5,2020,0.0778
-11.0,-56.25,2020,0.3738
-9.0,-61.25,2020,2.4792
-1.5,-50.0,2020,0.9324
-10.5,-67.5,2020,1.4888
-8.75,-67.25,2020,7.0993
-5.5,-57.5,2020,0.2233
-4.0,-49.75,2020,0.3659
-11.25,-58.25,2020,1.2102
-6.5,-51.25,2020,0.6816
-2.0,-62.5,2020,0.1961
-4.25,-46.0,2020,1.1829
-9.75,-58.25,2020,0.6718
-4.25,-68.5,2020,0.4948
-7.5,-72.5,2020,2.4074
-2.25,-56.25,2020,0.1315
-3.25,-59.25,2020,0.7592
-7.0,-49.25,2020,6.5624
-8.0,-67.5,2020,0.1556
-12.0,-65.0,2020,0.3534
-2.75,-49.75,2020,0.6591
-11.0,-61.0,2020,0.4545
2.25,-60.75,2020,0.8511
-7.5,-60.0,2020,4.2059
-4.5,-49.0,2020,0.0636
-7.5,-57.75,2020,0.2961
-9.5,-70.5,2020,3.286
-5.25,-48.25,2020,0.225
-7.5,-63.25,2020,1.2983
-3.75,-65.25,2020,0.4877
-11.25,-54.0,2020,75.6896
-3.75,-60.5,2020,0.3375
-10.75,-55.5,2020,0.7529
-9.0,-50.0,2020,1.1772
-14.75,-54.75,2020,0.081
-10.5,-55.5,2020,2.7208
2.25,-60.25,2020,1.599
-8.5,-66.5,2020,0.792
-13.0,-60.0,2020,2.3484
-9.5,-57.5,2020,5.2104
-9.5,-66.0,2020,8.515
-1.5,-46.75,2020,0.1909
-11.75,-55.75,2020,2.8256
-10.5,-50.75,2020,0.6653
-12.5,-53.5,2020,0.4003
-8.75,-50.25,2020,0.584
-7.25,-60.25,2020,1.7579
-0.5,-66.25,2020,0.138
-10.0,-57.0,2020,0.1885
-3.75,-52.75,2020,1.886
-1.25,-47.25,2020,0.3421
-9.0,-48.75,2020,0.428
-5.0,-44.5,2020,0.3586
2.75,-61.25,2020,0.9802
-1.25,-55.5,2020,2.2075
-14.0,-56.75,2020,5.5508
-11.25,-54.25,2020,2.2236
-6.75,-48.75,2020,1.5519
-15.75,-57.5,2020,0.8905
-6.0,-49.75,2020,0.353
2.25,-62.0,2020,2.2286
-12.25,-59.75,2020,0.9256
-2.5,-57.25,2020,0.3073
-7.75,-66.75,2020,1.3797
-2.75,-67.0,2020,0.1475
-4.5,-45.75,2020,3.076
-8.25,-72.25,2020,0.118
-2.75,-47.0,2020,0.4694
-11.0,-51.5,2020,0.57
4.5,-61.0,2020,0.4613
-8.0,-73.25,2020,0.6009
3.75,-61.75,2020,1.5491
-4.75,-47.25,2020,3.683
-7.75,-71.75,2020,1.2603
0.75,-60.0,2020,3.4987
-5.5,-55.5,2020,1.0665
-9.75,-56.5,2020,0.8359
0.0,-66.25,2020,0.0705
-9.75,-55.5,2020,3.909
-4.0,-58.75,2020,0.3559
-12.0,-57.75,2020,0.9173
-10.5,-51.5,2020,2.0388
1.25,-60.75,2020,0.6205
2.0,-60.25,2020,1.9665
-3.25,-61.0,2020,1.0974
-13.5,-61.25,2020,0.1526
-7.0,-71.75,2020,4.5121
2.25,-60.5,2020,1.8704
-8.75,-68.75,2020,4.1434
-2.75,-46.0,2020,0.1579
2.75,-51.25,2020,0.139
-1.25,-60.25,2020,0.6581
-9.5,-55.25,2020,0.7219
-7.25,-59.25,2020,1.6414
-6.5,-48.0,2020,1.9577
-5.5,-47.25,2020,1.6919
-10.5,-65.0,2020,1.1151
-2.25,-52.5,2020,0.5973
-12.25,-55.0,2020,9.1935
-4.25,-60.0,2020,2.6702
-15.75,-57.75,2020,1.0047
1.0,-60.0,2020,0.6349
-11.25,-61.0,2020,0.388
-1.5,-52.75,2020,0.5475
-6.0,-56.75,2020,1.1456
-10.25,-52.0,2020,2.2911
-9.75,-57.0,2020,3.3363
-12.25,-51.0,2020,0.0895
-7.25,-71.75,2020,0.6171
-7.25,-51.0,2020,0.6095
-6.75,-52.75,2020,21.1731
-1.25,-62.0,2020,0.1925
-11.75,-63.75,2020,1.1095
2.5,-60.5,2020,2.37
-15.5,-59.25,2020,0.7916
-9.75,-58.75,2020,3.4039
-3.0,-54.5,2020,1.738
-7.0,-49.5,2020,2.0146
-13.25,-53.75,2020,6.4117
-13.75,-57.0,2020,1.6368
-8.5,-73.0,2020,0.7085
-5.75,-64.5,2020,0.2127
-3.0,-59.75,2020,0.1319
-9.0,-60.25,2020,1.7476
-3.25,-48.5,2020,3.2613
-3.5,-65.25,2020,0.676
-2.5,-53.75,2020,2.9682
-4.25,-63.5,2020,0.0656
-6.0,-49.0,2020,1.2819
-2.75,-51.0,2020,0.1841
-8.5,-67.25,2020,15.8042
-16.0,-59.5,2020,2.3752
-7.75,-62.75,2020,0.8781
-4.0,-46.5,2020,3.0445
-3.0,-59.0,2020,1.85
-12.75,-61.75,2020,0.7978
-3.5,-45.5,2020,0.8264
-7.25,-57.0,2020,0.4325
-5.0,-48.25,2020,1.2114
-10.25,-51.5,2020,2.0915
-4.0,-69.5,2020,0.3617
-11.0,-56.5,2020,5.944
-2.25,-69.25,2020,0.0695
-3.5,-48.75,2020,0.618
-13.5,-57.0,2020,0.7575
-10.25,-59.0,2020,5.5281
1.5,-60.75,2020,1.1904
-13.75,-53.25,2020,0.2603
-1.0,-49.5,2020,0.2081
-6.75,-49.75,2020,2.8414
-12.5,-61.0,2020,0.5608
-10.75,-56.25,2020,2.0422
-6.5,-55.0,2020,51.2075
-10.5,-69.5,2020,3.8127
-9.5,-60.25,2020,3.9859
-5.5,-49.75,2020,0.6377
0.75,-52.5,2020,0.3199
-12.25,-61.25,2020,1.9797
2.25,-63.25,2020,0.2064
-2.25,-47.25,2020,0.4729
-11.5,-61.5,2020,0.1548
-11.25,-58.0,2020,0.3479
-3.75,-55.25,2020,0.4516
-3.0,-59.25,2020,1.5017
-3.75,-44.75,2020,0.2278
-2.5,-45.0,2020,1.36
-9.0,-72.25,2020,4.8395
-6.25,-63.5,2020,0.283
-2.0,-47.5,2020,0.2062
-8.0,-63.75,2020,5.0107
-3.0,-60.0,2020,0.7645
-3.75,-47.25,2020,6.846
-4.75,-50.25,2020,0.2295
-6.5,-54.75,2020,14.8668
-1.75,-57.25,2020,0.2464
-10.5,-54.75,2020,1.1365
-11.5,-55.0,2020,15.0143
-8.0,-62.75,2020,0.1747
-4.25,-45.75,2020,0.0627
-13.25,-52.25,2020,1.0859
-7.75,-51.5,2020,0.0693
-15.0,-59.75,2020,0.3275
-10.75,-51.75,2020,0.2957
-12.75,-54.0,2020,3.9006
-11.0,-58.0,2020,0.3491
-3.75,-68.5,2020,0.3491
-7.0,-63.25,2020,7.292
-10.0,-58.75,2020,1.9985
2.75,-60.5,2020,3.0844
-6.25,-68.75,2020,0.1166
-8.75,-63.5,2020,2.1435
-6.25,-55.0,2020,0.2507
-11.75,-61.0,2020,3.0019
-9.25,-70.75,2020,0.9058
-9.0,-65.5,2020,2.9867
-9.25,-56.25,2020,1.7247
-10.5,-58.5,2020,0.7091
-9.75,-55.75,2020,2.3393
-6.25,-56.25,2020,2.1435
-5.75,-45.0,2020,0.7603
-10.0,-69.25,2020,1.2481
-9.25,-49.75,2020,0.4705
-8.75,-49.75,2020,0.1539
-14.75,-58.0,2020,0.3662
-3.75,-68.75,2020,0.0788
-2.5,-58.0,2020,1.054
-10.0,-55.0,2020,1.5924
-7.0,-56.25,2020,0.5421
-5.75,-52.5,2020,0.3903
-5.75,-49.5,2020,0.1588
-6.25,-58.25,2020,1.6926
-0.75,-63.25,2020,0.1061
-9.75,-67.25,2020,3.1197
-7.5,-61.25,2020,6.6557
-1.5,-51.5,2020,1.4278
-6.5,-56.25,2020,2.5951
-2.75,-56.5,2020,1.7161
-6.5,-47.5,2020,0.4479
-2.75,-50.25,2020,0.1415
-8.25,-72.5,2020,1.5675
-5.25,-45.5,2020,0.4253
-1.25,-47.75,2020,0.97
-1.0,-47.5,2020,1.0092
-7.0,-50.25,2020,0.2566
-13.5,-60.75,2020,1.3001
-9.25,-57.75,2020,6.2304
-10.25,-63.0,2020,1.9723
-6.75,-53.25,2020,4.8754
-1.0,-50.0,2020,0.5167
-6.0,-44.25,2020,0.7168
-11.75,-59.0,2020,1.7124
-11.25,-55.0,2020,5.2222
-2.0,-50.25,2020,0.7079
-7.5,-56.5,2020,0.2286
-2.5,-64.75,2020,0.6481
-16.25,-56.0,2020,0.4381
-9.0,-64.0,2020,1.2676
-7.25,-58.25,2020,0.1705
-14.5,-60.0,2020,0.4851
1.0,-52.0,2020,0.0799
2.75,-63.5,2020,0.3058
-3.5,-58.25,2020,0.6341
-12.5,-51.0,2020,0.2386
0.5,-69.75,2020,0.1467
-4.0,-44.0,2020,0.606
-14.25,-52.0,2020,0.2085
-4.5,-60.0,2020,0.2254
-10.25,-56.5,2020,3.672
-10.5,-51.25,2020,4.7656
-6.25,-47.0,2020,0.2998
-13.0,-53.25,2020,3.2847
-2.0,-51.25,2020,0.8433
-1.0,-63.0,2020,0.2238
-4.0,-65.0,2020,0.9048
1.5,-60.5,2020,0.1859
-4.0,-59.5,2020,0.6629
-7.0,-55.0,2020,1.196
-11.0,-58.5,2020,0.836
-11.0,-54.75,2020,2.7979
-3.75,-59.75,2020,1.0849
-6.0,-63.25,2020,0.2225
-6.0,-71.0,2020,0.3054
-4.0,-55.0,2020,0.4975
-9.0,-69.75,2020,1.0583
-11.5,-49.75,2020,0.7337
-7.5,-56.0,2020,0.1969
-3.25,-60.25,2020,1.2363
-0.5,-58.0,2020,0.2127
-14.5,-57.5,2020,1.0661
-2.0,-52.25,2020,1.0867
-8.75,-48.5,2020,0.5008
-5.5,-46.0,2020,0.9428
0.5,-60.0,2020,0.6998
-10.75,-54.75,2020,1.8266
-0.75,-53.0,2020,1.7325
-7.0,-70.0,2020,0.3053
-5.25,-47.0,2020,0.4434
-6.5,-69.75,2020,0.4096
-7.5,-49.5,2020,0.667
-5.0,-55.75,2020,4.351
-7.75,-62.5,2020,1.7875
-10.75,-54.0,2020,18.5919
-2.75,-52.75,2020,1.2154
-5.75,-44.75,2020,0.3697
-1.0,-53.0,2020,2.3003
-5.5,-48.5,2020,2.5976
-9.25,-62.0,2020,1.7969
-9.5,-54.5,2020,1.0081
-2.0,-60.0,2020,0.5455
-2.5,-47.75,2020,1.4498
-4.75,-49.0,2020,0.6123
-2.5,-49.25,2020,0.5386
-12.0,-64.0,2020,4.914
-11.0,-57.75,2020,0.5006
-15.25,-59.5,2020,0.224
-10.5,-51.75,2020,2.0606
-11.5,-60.5,2020,1.6873
1.0,-59.75,2020,6.0829
-0.5,-60.75,2020,0.08
-2.25,-53.25,2020,1.1585
-8.5,-72.25,2020,0.4738
-6.75,-64.25,2020,0.159
-2.0,-54.25,2020,0.4506
-4.75,-60.0,2020,0.1464
-3.0,-68.0,2020,0.6769
-12.25,-54.5,2020,0.3299
-11.5,-57.0,2020,0.464
-9.0,-56.75,2020,6.9109
-1.75,-54.25,2020,2.7995
-7.5,-55.75,2020,12.8446
-2.25,-60.25,2020,0.3914
2.0,-62.25,2020,0.0953
-4.75,-51.0,2020,3.6618
-8.25,-61.5,2020,8.2616
-4.75,-55.5,2020,0.2539
-8.75,-64.25,2020,5.7993
-9.75,-58.5,2020,1.3093
-12.75,-51.0,2020,0.0835
1.0,-59.25,2020,0.138
2.75,-60.25,2020,1.5133
-10.0,-56.0,2020,0.5447
-16.0,-55.5,2020,0.4935
-6.0,-46.0,2020,0.5341
-11.5,-57.75,2020,1.2659
-9.25,-56.75,2020,0.7857
-11.75,-55.25,2020,1.6413
-9.75,-51.0,2020,0.3002
-1.0,-52.25,2020,0.6316
2.5,-61.0,2020,0.7733
-8.5,-64.25,2020,2.5802
-7.0,-50.5,2020,2.0291
-9.75,-56.75,2020,2.4102
-11.0,-62.0,2020,0.1959
-4.0,-68.0,2020,0.3009
-5.0,-67.0,2020,0.6161
-2.5,-50.0,2020,0.9741
-9.75,-53.5,2020,0.3799
-1.75,-53.75,2020,1.028
-5.75,-46.5,2020,0.6153
-5.75,-45.5,2020,1.4264
-8.5,-71.25,2020,0.7294
-15.25,-58.75,2020,1.6875
0.0,-60.75,2020,3.2386
2.0,-61.75,2020,0.7868
-13.5,-54.5,2020,0.3062
-12.5,-55.25,2020,0.609
-5.5,-44.75,2020,0.8272
-11.0,-52.5,2020,0.3314
-2.75,-60.5,2020,0.1408
-7.25,-49.5,2020,0.2541
-11.25,-56.5,2020,0.464
-5.5,-61.0,2020,0.0627
-13.0,-60.75,2020,1.236
2.25,-59.75,2020,0.3025
-4.5,-44.25,2020,1.4063
-11.0,-57.0,2020,0.064
-5.0,-48.0,2020,1.541
-0.5,-51.75,2020,0.3596
-12.75,-57.0,2020,1.514
-6.5,-53.25,2020,73.7337
-1.5,-47.0,2020,0.0768
-9.25,-69.25,2020,0.9343
-6.75,-54.0,2020,0.0924
-6.0,-47.0,2020,0.2419
-2.0,-52.5,2020,0.4012
-11.75,-57.25,2020,0.0887
-10.0,-62.25,2020,1.6084
-11.25,-52.75,2020,8.3672
-6.5,-56.75,2020,1.0177
3.75,-63.25,2020,0.1123
-1.5,-52.0,2020,0.0692
-5.25,-63.0,2020,0.0639
-6.5,-50.5,2020,0.1616
-9.5,-51.0,2020,0.1473
-12.75,-52.0,2020,0.9895
-3.5,-68.25,2020,0.1557
-4.5,-65.5,2020,0.0945
-9.0,-70.5,2020,0.5983
-13.0,-53.5,2020,1.7799
-3.5,-46.5,2020,0.7933
-10.5,-56.25,2020,0.3201
-2.75,-66.75,2020,0.7838
-4.5,-44.0,2020,1.0119
-5.75,-55.75,2020,5.6741
-3.5,-66.25,2020,0.0675
-9.5,-61.5,2020,18.1383
-7.25,-62.25,2020,0.0754
-7.5,-60.5,2020,3.7479
-8.0,-67.25,2020,1.1332
-7.5,-72.0,2020,0.6011
-2.25,-48.75,2020,1.644
-5.25,-57.0,2020,1.0385
-2.75,-68.0,2020,0.2919
-5.0,-67.25,2020,0.6006
1.75,-68.25,2020,0.0888
-3.5,-57.0,2020,0.275
-4.75,-44.5,2020,0.1359
-10.25,-55.5,2020,0.4732
-8.75,-63.75,2020,0.8684
-2.0,-51.5,2020,0.4107
-11.0,-60.75,2020,0.1642
-5.75,-53.25,2020,0.9057
-2.0,-49.25,2020,0.0663
-5.25,-48.75,2020,1.7366
-13.0,-58.0,2020,0.7469
-7.0,-51.5,2020,1.1073
-17.0,-56.5,2020,0.1863
-3.0,-58.0,2020,0.1378
0.5,-51.25,2020,0.3397
-4.0,-57.25,2020,0.3178
-8.0,-51.5,2020,1.4521
-10.0,-54.0,2020,2.5277
-8.25,-63.75,2020,0.4295
-8.75,-62.25,2020,2.9342
-8.0,-63.25,2020,0.1175
-9.0,-54.75,2020,0.5294
-4.0,-68.5,2020,0.9272
-7.25,-55.75,2020,3.2046
3.25,-64.0,2020,0.6565
-2.25,-58.0,2020,0.1497
-2.5,-46.5,2020,0.65
-9.0,-60.5,2020,30.85
-4.75,-44.25,2020,0.1531
-12.25,-57.5,2020,0.9433
-11.5,-54.0,2020,0.8984
-5.25,-49.25,2020,1.1417
-4.25,-56.0,2020,1.4488
-10.0,-56.75,2020,0.5526
-2.25,-54.0,2020,2.2338
-5.25,-59.5,2020,0.2811
-6.0,-45.0,2020,0.4118
-4.25,-57.5,2020,0.2224
-0.5,-60.25,2020,0.1595
-5.75,-50.5,2020,1.7174
-2.75,-47.5,2020,0.2912
-6.0,-55.25,2020,0.904
-2.75,-58.5,2020,0.0741
-9.75,-59.75,2020,5.3132
-3.25,-59.75,2020,1.3414
-4.0,-65.25,2020,0.4761
-1.0,-53.25,2020,0.5224
-10.0,-51.75,2020,0.3359
-12.25,-61.0,2020,0.741
-7.25,-50.5,2020,1.624
-12.75,-55.0,2020,4.4151
-7.25,-68.25,2020,0.0685
-8.75,-70.25,2020,1.229
-11.0,-53.25,2020,0.2591
-9.5,-49.75,2020,0.3632
-10.0,-56.25,2020,0.0795
-6.75,-70.0,2020,0.2549
-5.5,-61.25,2020,0.2097
2.5,-51.75,2020,0.1363
-5.0,-50.25,2020,0.2958
-8.25,-69.75,2020,0.322
-13.75,-51.0,2020,0.5566
-4.5,-59.75,2020,0.0938
-5.75,-63.25,2020,2.3672
-10.5,-62.25,2020,0.0951
-1.75,-63.0,2020,0.137
-12.25,-63.0,2020,1.4221
-3.5,-47.0,2020,0.1112
-9.25,-64.5,2020,0.8592
-5.5,-54.0,2020,0.1044
-9.75,-67.0,2020,1.8865
-8.75,-71.5,2020,0.6945
-4.25,-49.5,2020,0.3771
-13.5,-56.5,2020,0.0659
-3.25,-67.25,2020,0.1862
-14.25,-57.25,2020,0.4713
-2.0,-49.5,2020,0.152
-6.75,-48.5,2020,0.238
-5.75,-60.5,2020,0.2389
-1.5,-60.25,2020,1.632
-2.5,-54.75,2020,0.3229
-10.25,-52.25,2020,2.3554
-1.0,-47.75,2020,0.2872
-13.0,-54.75,2020,1.0799
-9.75,-61.75,2020,1.4297
-11.0,-56.0,2020,4.4682
-10.0,-57.75,2020,1.2837
0.25,-60.25,2020,0.0642
-10.5,-52.25,2020,1.3645
3.75,-51.75,2020,0.3211
-6.25,-46.0,2020,0.3826
-15.5,-55.0,2020,0.4119
-1.75,-56.5,2020,1.8538
-11.0,-57.5,2020,0.4377
-9.5,-60.5,2020,16.3646
-11.0,-52.0,2020,0.5124
-1.75,-50.5,2020,0.5672
-9.25,-62.75,2020,0.5107
1.25,-60.25,2020,1.0998
-10.0,-52.75,2020,7.125
-3.0,-55.0,2020,0.8358
0.0,-67.25,2020,0.7666
-4.0,-59.25,2020,0.7658
-7.75,-62.25,2020,0.3556
2.0,-61.0,2020,0.9847
-6.25,-54.5,2020,0.9563
-3.75,-56.75,2020,0.172
2.25,-63.0,2020,0.0743
-1.75,-54.5,2020,1.2442
-3.75,-49.75,2020,1.418
-6.75,-48.0,2020,0.785
-15.0,-58.25,2020,0.2562
-2.5,-54.0,2020,1.9783
-5.75,-61.75,2020,0.3827
-14.75,-60.0,2020,1.4429
-3.0,-57.0,2020,0.2849
-7.75,-49.5,2020,0.3566
-16.75,-56.5,2020,0.0691
-10.75,-57.75,2020,2.4259
-12.5,-60.0,2020,0.8654
-5.25,-48.5,2020,0.2527
-12.0,-55.5,2020,0.7105
-12.5,-60.75,2020,1.0625
-4.0,-63.0,2020,0.6065
-10.25,-51.0,2020,0.3587
-5.0,-57.0,2020,1.322
-5.0,-60.25,2020,0.9328
-9.5,-56.0,2020,1.613
-11.75,-54.75,2020,2.1868
-13.0,-61.5,2020,0.6435
-5.25,-47.75,2020,0.9564
-6.25,-62.5,2020,0.393
-3.25,-59.0,2020,0.3304
-1.5,-50.75,2020,0.0792
-8.25,-51.5,2020,0.1119
2.5,-63.75,2020,0.3275
-3.25,-47.75,2020,1.2345
-3.5,-49.75,2020,1.3591
-2.0,-55.25,2020,0.7481
-10.25,-62.25,2020,1.3757
-15.0,-57.5,2020,0.5635
-3.25,-58.5,2020,0.1954
-7.5,-70.25,2020,2.6066
-10.0,-62.75,2020,0.5286
-15.0,-60.0,2020,0.6124
-15.25,-59.25,2020,0.4602
-1.0,-57.25,2020,0.1524
-1.5,-51.0,2020,0.0678
-11.25,-51.25,2020,0.4321
-1.75,-47.25,2020,0.3285
-3.5,-65.5,2020,0.0803
-11.5,-58.25,2020,0.1156
-13.25,-53.5,2020,0.0659
-9.0,-50.5,2020,1.8904
-1.0,-47.0,2020,0.5561
-2.75,-47.75,2020,0.6419
-6.75,-50.75,2020,2.6798
1.75,-61.0,2020,2.7099
-9.25,-66.5,2020,2.7836
-5.0,-46.25,2020,0.641
-6.5,-65.25,2020,0.0794
-3.0,-60.25,2020,0.1693
-4.0,-48.25,2020,0.9173
-1.5,-53.25,2020,0.2475
-9.5,-54.75,2020,0.612
-11.5,-52.25,2020,0.4953
-3.75,-61.25,2020,1.0168
-8.5,-53.75,2020,1.0309
-5.5,-57.75,2020,0.4077
-3.5,-61.0,2020,0.4554
-9.75,-51.5,2020,0.1812
-17.0,-55.0,2020,0.0651
-11.75,-62.0,2020,0.8082
-7.5,-73.25,2020,1.5642
-11.25,-63.0,2020,0.137
2.75,-60.0,2020,0.8343
-4.25,-51.25,2020,0.8126
-11.75,-60.25,2020,0.3884
-11.25,-61.75,2020,0.7285
-13.5,-60.0,2020,0.7805
-11.5,-61.25,2020,0.7292
-4.0,-63.75,2020,0.3427
-14.25,-56.25,2020,0.1671
-10.75,-51.0,2020,0.0772
-10.25,-57.0,2020,0.1427
-1.0,-47.25,2020,0.6504
1.25,-59.5,2020,0.9287
-11.25,-55.25,2020,7.2547
-10.0,-59.25,2020,1.0677
-3.25,-58.25,2020,0.3134
-12.0,-62.75,2020,0.2647
-12.25,-62.5,2020,0.43
-3.25,-67.0,2020,0.0671
-10.0,-50.75,2020,0.2397
-12.75,-56.5,2020,1.628
-11.75,-57.0,2020,34.7691
-6.0,-49.5,2020,0.3248
-5.75,-59.25,2020,0.334
-3.0,-68.25,2020,0.0912
3.0,-60.5,2020,1.8112
-10.25,-58.75,2020,2.5848
-8.0,-69.75,2020,0.1372
-2.25,-69.0,2020,0.4206
-9.25,-67.0,2020,4.1669
-5.75,-46.25,2020,3.5333
-3.5,-55.0,2020,0.2494
-7.75,-71.5,2020,0.1434
-5.0,-63.75,2020,0.0849
-15.25,-60.25,2020,3.8975
-4.0,-68.25,2020,1.6591
-4.75,-68.25,2020,0.1723
-11.75,-62.25,2020,1.5494
-5.75,-61.25,2020,1.2473
-7.25,-60.75,2020,2.7946
-3.75,-61.0,2020,0.3669
-6.0,-47.5,2020,0.2352
-4.75,-47.5,2020,0.4779
-6.5,-48.25,2020,0.3031
-7.25,-63.0,2020,0.5895
-13.5,-53.75,2020,4.2249
-5.25,-56.25,2020,1.213
-7.25,-64.5,2020,0.253
-6.0,-51.0,2020,0.6221
-12.0,-61.75,2020,0.4199
-2.0,-56.25,2020,0.3118
-10.0,-60.5,2020,8.018
-8.25,-71.5,2020,0.1552
-2.0,-59.75,2020,0.0953
-1.25,-47.0,2020,0.077
1.0,-52.5,2020,0.0635
-5.25,-71.75,2020,0.1452
-11.0,-65.0,2020,0.1604
-12.5,-61.75,2020,0.6248
-0.25,-61.0,2020,0.37
-6.0,-54.25,2020,0.1024
-7.25,-73.25,2020,0.5114
2.0,-61.5,2020,0.4827
-0.25,-66.75,2020,0.215
-11.5,-59.25,2020,0.0887
-5.25,-49.0,2020,1.1313
-6.5,-72.0,2020,0.0801
-5.75,-61.0,2020,1.1614
-3.25,-55.0,2020,1.3604
-12.25,-54.75,2020,15.1087
-6.25,-49.25,2020,0.264
-3.25,-58.0,2020,0.1831
-0.5,-66.5,2020,0.1338
-6.75,-50.0,2020,0.4419
-0.25,-65.0,2020,0.2528
-1.75,-47.5,2020,0.616
-9.75,-51.75,2020,2.5755
-9.0,-72.0,2020,0.9481
-2.75,-52.25,2020,1.0934
-2.75,-55.0,2020,0.4373
-6.5,-57.25,2020,0.7018
-5.5,-46.75,2020,0.2056
-9.25,-70.25,2020,0.332
-4.5,-44.5,2020,0.504
-7.5,-64.25,2020,6.8291
-2.75,-44.0,2020,0.2856
-9.25,-56.0,2020,1.6697
-2.25,-50.0,2020,0.079
-1.0,-52.0,2020,0.3015
-3.5,-68.75,2020,0.3466
-9.0,-62.75,2020,0.1798
-11.75,-60.75,2020,0.7683
-3.25,-55.75,2020,0.1416
-2.25,-56.0,2020,0.1064
-8.0,-49.5,2020,0.7672
3.75,-64.0,2020,0.1781
-1.5,-47.75,2020,0.2671
-15.0,-59.0,2020,0.3999
-5.25,-55.75,2020,0.4771
-9.25,-64.75,2020,1.3209
-12.0,-58.0,2020,0.0812
-14.75,-59.0,2020,0.1211
3.5,-62.5,2020,0.1103
-3.25,-55.25,2020,0.1431
-13.25,-53.25,2020,5.7641
-9.25,-54.5,2020,0.1667
2.25,-62.5,2020,0.3027
-15.0,-58.75,2020,3.7156
-9.5,-65.25,2020,1.3259
-9.0,-62.25,2020,3.2883
-6.0,-57.0,2020,0.5373
-5.25,-48.0,2020,0.0735
-7.5,-57.25,2020,0.6602
-11.5,-65.0,2020,0.248
-12.5,-58.5,2020,0.1779
-8.75,-49.5,2020,0.1706
-5.25,-47.25,2020,2.0372
-4.0,-51.5,2020,0.1662
-9.75,-59.5,2020,1.1612
-14.5,-57.75,2020,0.0668
-15.25,-60.0,2020,0.4971
-5.75,-60.75,2020,0.1859
-13.0,-57.25,2020,0.2753
-6.25,-48.0,2020,5.1294
-11.25,-55.75,2020,1.4765
-2.0,-57.0,2020,0.5084
-11.75,-53.0,2020,0.2695
-11.75,-64.75,2020,8.4722
-4.5,-68.0,2020,0.0673
-8.0,-56.75,2020,0.406
-12.0,-61.5,2020,0.0882
-3.5,-63.75,2020,0.0651
-13.0,-56.5,2020,5.8753
-9.5,-54.0,2020,0.4873
-4.25,-61.0,2020,0.1341
-7.5,-50.5,2020,0.1476
-7.25,-56.5,2020,2.6689
-1.75,-48.0,2020,1.1077
-10.75,-52.0,2020,6.4221
-13.0,-62.0,2020,1.0893
-6.75,-53.0,2020,8.3752
-2.25,-46.0,2020,0.3231
-9.0,-49.75,2020,0.1262
-10.0,-60.75,2020,11.4715
-5.5,-46.5,2020,0.3078
-14.0,-56.0,2020,1.4656
-5.5,-54.5,2020,0.599
-8.75,-55.25,2020,3.5776
-0.25,-66.25,2020,0.1579
-9.25,-52.0,2020,0.6762
-9.75,-58.0,2020,5.7657
-6.5,-58.0,2020,2.9775
-13.0,-61.0,2020,0.8986
-5.5,-59.75,2020,0.0655
-12.25,-58.25,2020,0.8049
-5.0,-47.25,2020,0.55
-16.25,-58.0,2020,0.0654
1.25,-51.25,2020,0.4073
-2.75,-57.25,2020,0.3532
-4.5,-70.0,2020,0.0987
-7.0,-60.25,2020,0.7088
-3.75,-58.75,2020,0.8005
-12.0,-54.25,2020,0.2409
-1.25,-56.25,2020,0.1376
-3.5,-55.25,2020,0.0706
-2.75,-47.25,2020,0.2421
-6.25,-49.75,2020,0.3079
-7.5,-60.25,2020,1.3115
-12.75,-60.0,2020,0.3184
-6.25,-64.25,2020,0.5384
-3.75,-48.75,2020,0.6949
-7.25,-50.0,2020,0.2437
-2.75,-51.5,2020,4.4442
-2.5,-57.75,2020,0.3073
-2.5,-57.0,2020,0.0637
3.5,-63.25,2020,0.3475
-6.5,-48.75,2020,0.2928
-2.25,-57.5,2020,0.0701
-1.25,-51.5,2020,0.0855
-2.75,-61.0,2020,0.3299
-15.5,-59.5,2020,0.8321
-7.5,-71.0,2020,0.0654
-1.5,-49.0,2020,0.067
-11.75,-55.0,2020,6.1052
-11.25,-62.25,2020,0.6783
-2.25,-57.75,2020,0.0762
-2.0,-60.25,2020,0.081
-5.0,-47.0,2020,0.5109
-12.5,-56.25,2020,2.3121
-12.5,-56.5,2020,1.1461
3.25,-63.25,2020,0.2301
-10.0,-59.0,2020,2.9444
-1.25,-52.5,2020,1.5841
3.75,-62.0,2020,0.3263
0.75,-51.0,2020,0.2082
-1.25,-55.25,2020,0.2973
-6.5,-70.0,2020,0.4122
-7.5,-72.25,2020,0.1529
-15.25,-59.0,2020,2.486
3.25,-51.5,2020,0.1148
-0.75,-48.25,2020,0.249
1.5,-52.0,2020,0.2045
1.0,-52.25,2020,0.1432
-2.25,-52.25,2020,0.8328
-9.0,-60.75,2020,3.0888
-6.75,-68.25,2020,0.3568
-16.5,-58.25,2020,0.7153
1.25,-63.25,2020,0.178
-3.5,-67.25,2020,0.1809
-14.25,-56.5,2020,0.2958
-7.5,-61.0,2020,2.7756
-10.5,-53.75,2020,1.3286
-6.25,-50.75,2020,0.7493
-17.0,-56.25,2020,0.0847
-9.5,-58.25,2020,4.0593
-15.0,-57.0,2020,0.1284
-6.25,-62.75,2020,1.8702
-7.5,-50.0,2020,0.1254
-5.5,-45.5,2020,0.7579
-4.75,-55.25,2020,0.086
-9.0,-65.75,2020,6.8836
-7.0,-58.25,2020,0.0844
-9.0,-58.5,2020,0.063
2.75,-64.0,2020,0.2412
1.25,-68.75,2020,0.1566
-9.25,-72.25,2020,0.0662
-11.25,-57.25,2020,0.3431
-1.25,-51.75,2020,0.2
-3.0,-57.25,2020,0.3121
-2.75,-67.5,2020,0.3685
-1.5,-50.25,2020,0.0842
-4.0,-68.75,2020,0.0667
-1.5,-46.25,2020,0.5173
-11.5,-54.75,2020,9.0828
-7.5,-50.75,2020,0.5757
-6.0,-45.25,2020,0.0826
-5.25,-44.5,2020,0.932
-4.0,-64.25,2020,0.0788
-7.0,-60.5,2020,0.1346
2.25,-50.75,2020,0.0638
-5.5,-57.0,2020,1.7987
-11.5,-52.75,2020,0.2128
-6.75,-70.5,2020,0.1393
-7.5,-65.25,2020,0.0762
-3.5,-62.75,2020,0.0662
-1.25,-55.0,2020,0.2254
-5.75,-69.5,2020,0.2552
-6.25,-47.5,2020,0.2026
1.0,-51.0,2020,0.0653
-5.5,-48.25,2020,1.2748
-6.5,-68.25,2020,0.0723
-13.25,-53.0,2020,2.9331
-6.75,-48.25,2020,0.694
-3.5,-64.25,2020,0.19
-1.0,-54.25,2020,2.4071
2.75,-61.0,2020,0.3506
-12.0,-54.75,2020,5.7264
-15.5,-58.75,2020,0.2278
-2.75,-49.5,2020,0.0643
-9.5,-52.25,2020,1.0749
1.25,-50.5,2020,0.0969
-6.5,-53.75,2020,11.1253
-12.5,-51.25,2020,0.4986
-7.25,-52.25,2020,0.5959
-2.5,-59.75,2020,0.2356
-7.0,-69.75,2020,0.1714
-15.5,-55.75,2020,0.0688
-4.5,-67.75,2020,0.0671
-4.0,-51.75,2020,4.5992
-1.75,-53.5,2020,0.1639
-15.0,-59.5,2020,0.1664
-6.25,-48.25,2020,0.369
-11.25,-49.75,2020,0.2048
3.5,-63.75,2020,0.1294
-0.75,-51.0,2020,0.0942
1.75,-67.25,2020,0.0785
-14.75,-57.25,2020,0.0861
-11.75,-56.5,2020,3.5781
-9.75,-54.25,2020,0.1601
5.25,-60.5,2020,0.0638
-10.75,-62.75,2020,1.9206
-3.25,-46.75,2020,0.0924
-6.25,-68.25,2020,0.0735
-7.5,-64.0,2020,4.3437
-1.75,-47.0,2020,0.1705
-6.25,-48.5,2020,0.0664
-12.5,-55.5,2020,0.0888
-6.75,-49.0,2020,0.1742
-2.0,-53.0,2020,0.0997
-7.0,-48.0,2020,0.1403
-2.0,-68.0,2020,0.1443
-11.75,-58.25,2020,6.2444
-4.0,-53.25,2020,0.0729
-7.25,-57.5,2020,0.0629
-11.75,-55.5,2020,0.3986
-7.75,-50.5,2020,0.5465
-12.75,-52.5,2020,0.9862
-13.75,-59.25,2020,0.0915
-12.75,-57.25,2020,8.0232
-2.75,-53.75,2020,0.3942
-14.75,-57.75,2020,0.2583
-1.0,-49.75,2020,0.0792
-4.75,-57.5,2020,0.3413
-5.75,-47.25,2020,0.122
3.75,-64.25,2020,0.0743
-12.0,-57.5,2020,0.4696
-7.0,-48.25,2020,0.1488
-13.75,-60.0,2020,0.2506
-1.25,-48.5,2020,0.2269
-16.5,-56.0,2020,0.2404
-8.75,-68.25,2020,0.0853
-16.0,-58.0,2020,0.0959
-6.25,-61.5,2020,0.2474
-15.5,-57.75,2020,0.8545
-14.5,-56.75,2020,1.1707
-2.75,-58.0,2020,0.0645
-11.25,-65.0,2020,0.8084
1.25,-51.0,2020,0.2015
-7.25,-60.5,2020,1.3945
-2.25,-59.75,2020,0.2047
-6.75,-67.0,2020,0.3605
-13.25,-60.75,2020,0.3492
-7.5,-50.25,2020,0.781
-9.5,-55.0,2020,0.2331
-8.0,-56.25,2020,0.0875
-13.25,-56.25,2020,0.0831
-8.75,-72.5,2020,0.0802
-8.0,-50.75,2020,0.1645
-5.25,-62.75,2020,0.2076
-10.75,-55.25,2020,1.7044
-11.0,-55.25,2020,4.9001
-3.5,-56.75,2020,0.0656
-1.25,-45.75,2020,0.1454
-7.0,-61.0,2020,0.064
-6.75,-50.25,2020,0.2292
-0.5,-52.0,2020,0.1408
-8.0,-62.0,2020,0.2883
-4.25,-64.0,2020,0.1831
-4.75,-67.0,2020,0.1518
-8.75,-51.5,2020,0.2701
-13.5,-60.5,2020,1.9661
-4.25,-59.25,2020,0.2453
-1.5,-56.5,2020,3.53
-2.75,-55.5,2020,0.2069
-2.5,-53.5,2020,0.3854
-1.25,-52.75,2020,0.6193
-3.25,-57.25,2020,0.0964
-7.75,-67.5,2020,0.2798
-3.0,-66.0,2020,0.0793
-1.0,-53.5,2020,1.57
-7.75,-56.5,2020,0.4148
-0.5,-47.75,2020,0.1242
-5.25,-54.75,2020,0.0684
-7.75,-56.25,2020,0.2776
-12.75,-55.25,2020,1.5217
-10.75,-59.0,2020,1.5908
-1.75,-57.0,2020,0.3099
-7.0,-48.75,2020,0.4492
-11.5,-57.5,2020,0.3663
-13.75,-60.25,2020,0.3152
-6.5,-50.25,2020,0.717
1.0,-60.75,2020,0.1852
-3.5,-57.5,2020,0.2096
-6.5,-49.0,2020,0.5732
2.5,-60.25,2020,0.9833
-7.0,-60.75,2020,0.2568
-12.25,-58.0,2020,0.5626
-9.5,-65.0,2020,0.2433
-7.25,-72.0,2020,0.0689
-6.0,-44.5,2020,0.3294
-3.75,-46.5,2020,0.3031
0.0,-58.0,2020,0.0722
-7.5,-67.75,2020,0.924
-3.25,-62.5,2020,0.0839
2.75,-63.0,2020,0.1611
-5.75,-51.0,2020,0.8814
-1.5,-57.75,2020,0.0833
-12.0,-49.75,2020,0.233
-9.25,-64.0,2020,0.6229
-11.5,-61.0,2020,0.3546
-5.5,-56.0,2020,0.1407
-15.75,-54.25,2020,0.12
-6.25,-49.5,2020,0.0922
-9.5,-51.5,2020,1.8027
-5.75,-60.25,2020,0.3879
-7.75,-70.25,2020,0.1552
-1.25,-50.0,2020,0.0641
-6.0,-44.75,2020,0.301
-17.0,-56.75,2020,0.0989
-11.5,-61.75,2020,0.5926
-8.25,-71.75,2020,0.3651
-11.25,-62.5,2020,0.8095
-6.0,-60.0,2020,2.1579
1.25,-53.0,2020,0.0709
-2.5,-58.25,2020,0.0665
3.25,-61.25,2020,0.0836
-10.25,-59.75,2020,1.3169
-3.0,-58.75,2020,0.2029
-9.25,-50.25,2020,0.1678
0.75,-51.25,2020,0.0785
-6.75,-57.0,2020,0.1952
-10.75,-70.25,2020,0.1143
-12.0,-51.75,2020,0.2942
-12.0,-59.0,2020,0.232
-1.5,-56.25,2020,0.3771
3.0,-63.25,2020,0.1382
-13.75,-53.5,2020,0.455
-1.0,-53.75,2020,1.1856
-10.5,-62.0,2020,0.7001
-2.5,-51.25,2020,1.3817
-1.25,-50.25,2020,0.1532
-2.25,-54.5,2020,0.2416
-9.0,-66.25,2020,4.3649
-3.25,-64.75,2020,0.3397
-12.25,-60.0,2020,0.1119
-12.5,-54.0,2020,2.7928
-3.75,-69.5,2020,0.0676
-11.25,-61.5,2020,0.4721
-0.5,-61.0,2020,0.1563
-10.0,-55.75,2020,0.1553
-2.0,-47.0,2020,0.343
-3.5,-69.25,2020,0.317
-0.25,-51.75,2020,0.077
-2.75,-59.25,2020,0.2532
-13.5,-57.5,2020,0.0689
-11.25,-52.0,2020,0.4437
3.75,-64.5,2020,0.0784
4.0,-64.25,2020,0.1316
-4.5,-48.75,2020,0.467
-7.25,-58.0,2020,0.0737
-5.75,-45.75,2020,0.2503
-5.25,-46.5,2020,0.1516
-13.0,-56.25,2020,0.2527
3.25,-62.5,2020,0.1555
-6.75,-51.5,2020,0.6659
-11.0,-55.5,2020,2.6077
3.75,-63.75,2020,0.2073
-1.5,-54.0,2020,0.51
-12.25,-52.5,2020,0.4839
-3.25,-44.5,2020,0.3587
-16.5,-55.0,2020,0.4344
-2.0,-59.5,2020,0.0987
3.0,-51.25,2020,0.0764
-1.5,-46.5,2020,0.0744
-1.25,-49.75,2020,0.1794
-10.5,-61.75,2020,0.2778
2.5,-63.0,2020,0.1398
-3.75,-57.5,2020,0.4548
-6.0,-59.25,2020,2.0696
-7.75,-70.5,2020,0.3933
-10.5,-53.0,2020,0.1077
-11.75,-61.75,2020,0.3832
-1.25,-57.25,2020,0.1542
-0.5,-65.25,2020,0.0923
-12.0,-52.0,2020,1.1954
-6.0,-57.5,2020,1.9924
-3.75,-57.75,2020,0.0875
-1.5,-50.5,2020,0.3477
-9.5,-51.25,2020,1.0615
-1.5,-57.5,2020,0.1727
-5.75,-58.0,2020,0.3014
-1.5,-60.5,2020,1.2056
-2.25,-60.0,2020,0.5474
4.0,-62.0,2020,0.7956
-16.25,-59.5,2020,2.7654
-7.5,-51.75,2020,0.0869
-1.0,-52.5,2020,0.1403
-4.25,-69.5,2020,0.2141
-12.75,-58.5,2020,1.6329
-3.5,-63.5,2020,0.0896
-7.25,-63.25,2020,2.4812
-6.25,-49.0,2020,0.2607
-8.0,-56.5,2020,0.3448
-10.75,-58.75,2020,1.7822
4.75,-60.25,2020,0.2231
-12.75,-55.5,2020,0.1465
-8.25,-49.75,2020,0.1629
-9.25,-73.0,2020,0.206
-6.75,-64.5,2020,0.3102
-4.25,-59.5,2020,0.2459
-6.25,-57.25,2020,0.3262
-3.5,-61.75,2020,0.3911
-0.5,-67.75,2020,0.1325
-14.5,-59.5,2020,0.0959
-7.25,-53.75,2020,0.1596
-5.0,-49.0,2020,0.637
-10.75,-63.5,2020,2.6475
-4.5,-60.25,2020,0.0755
-10.25,-51.25,2020,0.5152
-9.0,-59.25,2020,12.3887
-11.25,-53.75,2020,0.3078
3.0,-63.0,2020,0.0642
-3.0,-69.25,2020,0.1714
-8.0,-67.0,2020,0.072
-6.25,-51.0,2020,0.2081
-9.75,-62.75,2020,0.0895
-7.25,-69.5,2020,0.0665
-11.0,-61.25,2020,0.207
-3.5,-48.5,2020,0.2639
-12.0,-61.25,2020,0.1138
-10.25,-61.25,2020,1.2123
-4.5,-61.25,2020,0.5305
-7.5,-68.25,2020,0.0639
-7.25,-68.0,2020,0.0865
-11.25,-60.5,2020,0.2149
-0.5,-64.75,2020,0.1482
1.0,-67.25,2020,0.1495
-9.5,-54.25,2020,0.4069
-12.5,-52.25,2020,0.4624
-3.5,-69.5,2020,0.2633
-6.0,-48.75,2020,0.0905
-13.25,-50.5,2020,0.0712
-12.0,-54.0,2020,14.3824
-2.25,-59.0,2020,0.1023
-9.5,-72.25,2020,0.1506
-2.0,-50.5,2020,0.5047
0.0,-51.75,2020,0.0666
-12.0,-57.25,2020,3.5525
-12.75,-52.75,2020,0.1167
-10.5,-55.75,2020,0.6201
-12.5,-62.25,2020,0.414
-11.75,-61.25,2020,0.0662
-10.5,-59.75,2020,0.1398
-4.0,-67.5,2020,0.0627
-16.25,-58.25,2020,0.1623
-12.5,-51.5,2020,0.2308
-12.25,-59.5,2020,0.085
-1.25,-61.25,2020,0.0737
-10.75,-63.75,2020,0.3484
-13.75,-58.5,2020,0.1859
-4.0,-57.0,2020,0.1477
-7.75,-73.25,2020,0.1619
-6.75,-54.25,2020,0.0851
-5.5,-72.25,2020,0.076
-7.75,-49.75,2020,0.213
0.0,-69.0,2020,0.064
-3.25,-48.0,2020,0.371
-13.25,-61.5,2020,0.138
-4.25,-47.5,2020,2.245
-5.5,-67.5,2020,0.0755
-13.0,-54.0,2020,0.2175
-7.5,-73.5,2020,0.1539
-5.0,-51.5,2020,0.0827
4.0,-61.5,2020,1.8556
-6.5,-58.75,2020,2.2291
-11.5,-60.25,2020,0.0843
-7.25,-48.5,2020,0.1541
-2.0,-54.0,2020,0.1471
-0.25,-66.0,2020,0.1303
-11.0,-55.75,2020,0.0798
-9.25,-58.75,2020,3.8048
-13.0,-61.25,2020,0.204
-2.5,-55.0,2020,0.1589
-0.75,-50.25,2020,0.0911
-10.5,-55.0,2020,0.0706
1.75,-69.5,2020,0.0687
-9.25,-48.0,2020,1.5282
-5.75,-47.0,2020,0.0953
-10.5,-57.0,2020,0.0657
-4.5,-63.25,2020,0.3815
-10.0,-49.25,2020,0.2109
-10.75,-53.75,2020,0.0735
-10.75,-70.0,2020,0.0709
-9.75,-50.75,2020,0.5
-9.0,-58.75,2020,0.8581
-4.0,-63.5,2020,0.0698
0.0,-65.0,2020,0.0643
-0.75,-48.5,2020,0.081
-14.25,-57.5,2020,0.0877
-9.75,-52.0,2020,2.0734
-2.5,-52.5,2020,0.1868
-0.75,-65.5,2020,0.1235
-1.75,-57.5,2020,0.0658
-6.5,-69.5,2020,0.0827
-1.5,-45.0,2020,0.0699
-12.75,-51.75,2020,0.5406
-6.75,-66.75,2020,0.1243
-7.5,-49.0,2020,0.0704
-3.5,-62.0,2020,0.1639
-11.75,-58.5,2020,0.1001
-2.25,-69.5,2020,0.4624
-4.25,-63.0,2020,0.3906
-14.0,-51.75,2020,0.081
-8.25,-50.0,2020,0.1434
-7.25,-49.75,2020,0.1078
-7.0,-64.25,2020,0.1607
-11.0,-61.75,2020,0.4208
-2.25,-47.0,2020,0.2061
-1.25,-49.5,2020,0.0891
-15.5,-58.5,2020,0.3029
-6.5,-62.5,2020,0.0698
-7.75,-73.5,2020,0.0706
1.5,-61.0,2020,0.2347
-6.5,-72.75,2020,0.0992
1.75,-62.25,2020,0.0728
-11.0,-59.25,2020,1.6056
-11.0,-65.25,2020,0.1849
-5.75,-61.5,2020,0.1987
-3.25,-47.5,2020,0.0736
-2.5,-65.0,2020,0.0655
-5.25,-57.75,2020,0.2637
3.25,-60.5,2020,0.8586
3.75,-62.5,2020,0.072
-1.25,-50.75,2020,0.0924
-2.25,-47.5,2020,0.1494
-15.75,-58.5,2020,0.0886
-13.0,-53.75,2020,0.4362
-4.0,-60.5,2020,0.2845
-4.0,-60.75,2020,0.1598
-10.5,-62.75,2020,0.3152
-1.5,-49.5,2020,0.0931
-11.25,-53.25,2020,0.2465
-8.5,-50.0,2020,0.2433
-13.75,-50.75,2020,0.0681
3.5,-64.25,2020,0.1104
-6.75,-53.5,2020,1.2755
-6.75,-71.0,2020,0.0661
-1.75,-50.25,2020,0.0787
-4.0,-69.75,2020,0.0636
-6.5,-63.25,2020,0.0755
-5.5,-48.0,2020,0.112
-4.5,-64.25,2020,0.0647
-0.75,-63.0,2020,0.0687
-12.5,-52.0,2020,0.157
-3.75,-66.0,2020,0.316
-0.75,-60.25,2020,0.0819
-13.5,-60.25,2020,0.2788
-2.5,-61.0,2020,0.1523
-8.0,-68.25,2020,0.1924
-6.75,-49.25,2020,0.231
-8.25,-51.25,2020,0.3446
-6.5,-49.25,2020,0.0795
-1.75,-61.0,2020,0.0882
-7.75,-49.25,2020,0.0866
-13.0,-55.25,2020,2.1986
-6.25,-48.75,2020,0.3907
-3.0,-60.5,2020,0.121
-1.75,-65.75,2020,0.0711
-3.75,-69.25,2020,0.0754
-11.75,-63.5,2020,0.6922
-10.75,-64.75,2020,0.1851
-2.25,-49.5,2020,0.0897
-6.25,-47.25,2020,0.1851
-4.75,-56.5,2020,1.4726
-6.0,-53.0,2020,3.4883
-6.25,-67.75,2020,0.1152
-10.75,-62.25,2020,0.172
-2.75,-50.75,2020,0.0693
-1.25,-48.25,2020,0.5547
-8.0,-65.5,2020,0.0686
-2.0,-47.25,2020,0.1123
-7.5,-54.75,2020,0.2055
0.5,-53.75,2020,0.0949
-6.0,-45.75,2020,0.3366
-6.5,-64.5,2020,0.154
-11.25,-56.75,2020,0.0883
-12.0,-64.75,2020,0.0655
-2.5,-51.5,2020,0.2169
-11.75,-60.5,2020,0.1495
-2.25,-55.75,2020,0.0834
-3.25,-46.0,2020,0.1125
0.75,-57.0,2020,0.0979
-6.5,-47.25,2020,0.0715
-4.0,-66.5,2020,0.068
-13.25,-59.75,2020,0.0698
-6.0,-47.75,2020,0.0781
-11.0,-58.75,2020,0.1848
-7.5,-48.75,2020,0.1549
0.5,-51.75,2020,0.0654
-10.25,-52.5,2020,2.1336
-7.25,-51.75,2020,0.0768
2.25,-62.25,2020,0.0943
-7.5,-61.75,2020,0.1632
-15.5,-59.75,2020,0.0647
-6.75,-70.25,2020,0.0965
-11.75,-51.75,2020,1.024
-8.0,-57.75,2020,0.0667
-2.5,-59.5,2020,0.1769
-4.5,-47.5,2020,0.0892
-5.75,-46.75,2020,0.0662
-13.0,-52.75,2020,1.9707
2.75,28.5,2020,0.0
-5.75,-65.75,2020,0.07
-5.75,-66.0,2020,0.0762
-16.25,-56.5,2020,0.2488
-4.75,-71.5,2020,0.0971
-0.25,-51.5,2020,0.0666
3.0,-51.5,2020,0.0833
-6.0,-47.25,2020,0.5229
-12.0,-58.25,2020,0.3381
-4.5,-61.0,2020,0.0692
-8.75,-51.0,2020,0.1972
-9.5,-72.75,2020,0.0787
-1.0,-48.25,2020,0.0642
-11.75,-49.75,2020,1.0313
-6.25,-54.75,2020,0.1391
-8.0,-61.0,2020,0.0859
-16.5,-54.75,2020,0.1284
-13.75,-55.75,2020,0.3225
-5.5,-63.5,2020,0.0711
-7.75,-66.0,2020,0.0755
-9.75,-49.75,2020,0.1581
-8.25,-65.5,2020,0.1267
-2.0,-67.25,2020,0.0648
1.0,-50.75,2020,0.064
-10.5,-62.5,2020,0.1089
3.5,-51.75,2020,0.0841
-0.5,-56.75,2020,0.0665
-10.25,-50.5,2020,0.0851
-2.0,-51.75,2020,0.0965
-9.25,-69.75,2020,0.0874
-5.75,-59.5,2020,0.085
-6.75,-58.25,2020,0.1502
-8.75,-54.25,2020,0.0819
-7.25,-49.0,2020,0.1161
-2.25,-54.75,2020,0.1115
-6.5,-51.0,2020,0.1035
-3.5,-47.25,2020,1.3778
-3.5,-58.0,2020,0.13
-1.75,-65.5,2020,0.0752
-6.75,-62.75,2020,4.5422
-9.75,-56.0,2020,0.0707
-7.75,-64.75,2020,0.0855
-9.5,-50.5,2020,0.2243
-3.0,-67.75,2020,0.1228
-3.75,-63.25,2020,0.0806
4.25,-61.75,2020,0.0979
-1.5,-49.75,2020,0.088
-0.5,-61.25,2020,0.0817
-12.0,-52.25,2020,0.5675
-8.0,-49.25,2020,0.1041
-4.25,-44.5,2020,0.0717
-5.75,-46.0,2020,0.6388
-11.75,-64.0,2020,0.0628
0.75,-52.0,2020,0.0884
-12.5,-55.75,2020,0.1612
-9.25,-71.5,2020,0.1601
-8.25,-49.25,2020,0.0817
-7.25,-64.0,2020,0.0725
-1.75,-62.75,2020,0.095
-14.0,-55.75,2020,0.2534
-7.5,-56.25,2020,0.078
-4.25,-58.5,2020,0.0641
2.0,-59.75,2020,0.0689
-1.75,-69.0,2020,0.0675
-4.25,-60.75,2020,0.1431
-13.5,-56.75,2020,0.2098
-7.5,-53.75,2020,0.0649
-5.0,-47.5,2020,0.1211
-6.25,-46.25,2020,0.1099
-9.25,-72.5,2020,0.1326
-9.25,-55.75,2020,0.3905
-6.5,-49.5,2020,0.1692
-6.0,-65.0,2020,0.077
-11.25,-56.0,2020,0.1074
-1.0,-50.5,2020,0.076
26.75,-128.0,2020,0.0
-3.25,-68.0,2020,0.0888
-1.75,-66.75,2020,0.0666
-11.0,-49.75,2020,0.189
-6.75,-72.75,2020,0.1085
-3.25,-69.25,2020,0.0896
0.0,-70.0,2020,0.1209
-12.25,-51.25,2020,0.1122
-3.75,-63.0,2020,0.0633
-2.0,-58.25,2020,0.0988
-7.5,-66.25,2020,0.0747
1.5,-63.5,2020,0.0637
-6.0,-61.75,2020,0.0962
0.25,-51.5,2020,0.0698
-1.0,-57.75,2020,0.083
-4.25,-65.0,2020,0.0664
-2.0,-50.0,2020,0.1445
-9.25,-51.0,2020,0.0646
-5.5,-53.75,2020,0.3379
-13.25,-52.75,2020,0.7328
-6.25,-55.5,2021,10.7099
-0.25,-53.0,2021,0.1632
-10.25,-68.5,2021,3.5005
-3.25,-54.75,2021,17.2191
-2.5,-54.75,2021,0.5683
-5.75,-44.25,2021,4.4723
-8.0,-70.5,2021,1.726
-1.25,-60.25,2021,1.2041
-4.25,-55.0,2021,21.8368
-3.5,-50.0,2021,15.5097
-2.0,-54.25,2021,2.1232
-10.0,-67.5,2021,5.9827
-4.5,-48.75,2021,0.8846
-3.75,-50.75,2021,4.9168
-10.75,-68.75,2021,13.4754
-5.75,-50.0,2021,10.6697
-6.25,-62.75,2021,1.466
-5.75,-44.5,2021,2.3297
-3.25,-56.75,2021,0.2906
-6.0,-49.25,2021,1.2314
-4.5,-46.25,2021,1.872
-4.75,-49.75,2021,6.6649
-4.5,-50.75,2021,21.6564
-4.5,-55.25,2021,16.9137
-7.75,-70.0,2021,2.2
-4.0,-49.5,2021,4.7254
-10.25,-53.75,2021,19.4673
-11.25,-54.25,2021,1.3663
-9.0,-61.5,2021,11.4947
-10.5,-63.75,2021,4.0795
2.75,-61.5,2021,18.8864
-12.5,-61.5,2021,1.6445
-6.25,-56.5,2021,3.9286
-7.75,-73.0,2021,10.2412
-9.0,-67.25,2021,13.4656
-11.0,-69.5,2021,3.1127
-2.75,-48.25,2021,2.2139
-9.75,-59.0,2021,12.1555
-11.5,-54.0,2021,7.9152
-8.25,-55.0,2021,13.1381
-4.0,-54.75,2021,11.5974
-5.75,-57.0,2021,4.1224
-1.5,-50.0,2021,1.1624
-11.5,-65.0,2021,0.3089
-7.75,-49.5,2021,0.4946
-8.75,-62.5,2021,97.8378
-3.0,-50.25,2021,17.9767
-8.75,-63.5,2021,8.8152
-9.0,-71.5,2021,7.1803
-10.75,-69.5,2021,19.0569
3.5,-61.75,2021,1.2186
-3.0,-52.75,2021,4.4206
-3.75,-52.25,2021,24.6933
-4.0,-54.25,2021,16.754
-6.0,-47.0,2021,0.7032
-1.75,-52.0,2021,3.7148
-7.5,-60.5,2021,7.8954
-3.5,-50.5,2021,33.2347
-6.25,-55.25,2021,42.7836
-4.25,-56.5,2021,1.2911
-3.75,-53.75,2021,4.3157
-5.75,-57.5,2021,6.7224
-10.0,-60.5,2021,4.3361
-10.0,-68.5,2021,10.045
-4.0,-50.5,2021,6.5729
-9.25,-61.0,2021,23.5369
-5.75,-52.25,2021,7.5912
-3.0,-49.25,2021,8.8541
-7.0,-59.75,2021,30.09
-10.0,-65.0,2021,16.7047
0.25,-60.5,2021,3.3995
-9.25,-67.75,2021,14.4336
-9.5,-67.0,2021,5.641
-8.0,-72.5,2021,7.619
-7.5,-73.5,2021,0.4578
-9.0,-62.5,2021,31.4983
-3.25,-52.5,2021,2.5129
-5.75,-44.0,2021,5.3271
-12.25,-57.75,2021,3.4127
-1.75,-62.75,2021,0.1975
-7.0,-51.0,2021,2.2788
-7.75,-55.0,2021,60.9635
3.75,-63.75,2021,0.4416
-9.75,-68.5,2021,17.548
-9.5,-59.0,2021,5.8495
-10.75,-62.75,2021,0.5568
-1.25,-54.5,2021,3.2777
-10.25,-69.0,2021,2.957
-4.0,-47.5,2021,3.2885
-10.25,-64.25,2021,5.7276
2.5,-60.75,2021,1.7789
-6.5,-56.5,2021,4.9148
-4.0,-50.75,2021,14.3916
-8.0,-55.0,2021,25.5269
-3.5,-53.0,2021,7.3391
-9.5,-51.25,2021,13.808
-3.25,-54.5,2021,10.0628
-7.25,-59.75,2021,14.8041
-2.25,-50.5,2021,1.8163
-11.0,-61.5,2021,5.9837
-4.0,-54.0,2021,11.4012
-3.75,-52.0,2021,27.6342
-2.0,-46.75,2021,1.4249
-9.25,-56.75,2021,2.533
-11.25,-56.25,2021,3.6677
-8.25,-63.0,2021,34.7234
-6.25,-53.25,2021,18.9303
-10.5,-57.75,2021,5.1948
-4.75,-56.0,2021,23.2449
-7.0,-56.5,2021,14.8521
-3.5,-64.75,2021,2.1502
-4.25,-56.25,2021,5.6305
-5.75,-53.5,2021,35.4262
-10.75,-69.75,2021,4.229
-10.5,-54.5,2021,19.2304
-4.0,-47.0,2021,11.3477
-8.0,-71.75,2021,2.8334
-5.5,-51.75,2021,6.7925
-9.25,-63.25,2021,11.5016
-7.75,-63.5,2021,27.4192
-7.0,-55.25,2021,5.2149
-8.0,-71.25,2021,11.4917
-12.0,-64.0,2021,6.4201
-11.75,-58.75,2021,10.1879
-13.5,-60.0,2021,0.8317
-7.25,-70.0,2021,1.5117
-9.5,-63.0,2021,5.0555
-6.0,-57.25,2021,2.585
-11.75,-65.0,2021,20.1671
-9.5,-62.0,2021,1.4352
-9.5,-57.75,2021,17.4668
-12.0,-51.5,2021,3.5489
2.5,-61.0,2021,2.2432
-15.5,-59.75,2021,0.4647
-3.0,-61.25,2021,0.6989
-8.75,-54.75,2021,7.8258
-4.5,-55.5,2021,50.784
-12.5,-60.25,2021,7.5473
-5.5,-50.0,2021,7.563
1.0,-52.5,2021,0.6322
2.0,-60.5,2021,3.2987
-9.0,-64.0,2021,9.058
-8.0,-72.25,2021,3.5895
-2.0,-52.0,2021,19.319
-9.5,-56.75,2021,5.2085
-12.25,-64.25,2021,6.9682
-4.0,-46.75,2021,2.9821
-3.75,-50.25,2021,23.9131
-6.0,-51.5,2021,8.2075
-5.5,-44.25,2021,6.1594
-10.0,-64.25,2021,13.4334
-5.5,-51.5,2021,14.9926
-6.75,-55.0,2021,28.4936
-4.25,-46.75,2021,6.2586
-3.25,-61.5,2021,0.7777
-4.0,-51.25,2021,7.0464
-5.75,-47.5,2021,0.4895
-7.0,-57.75,2021,0.0925
-9.75,-63.75,2021,14.6243
-8.75,-63.25,2021,30.8246
2.5,-63.75,2021,3.6687
-9.25,-68.0,2021,8.5454
-10.75,-69.25,2021,13.0812
-4.0,-51.0,2021,23.834
-1.0,-49.5,2021,0.5377
-4.0,-59.0,2021,0.9559
-11.75,-59.0,2021,4.9044
-10.25,-64.75,2021,5.5427
-9.5,-66.5,2021,15.0098
-5.0,-56.25,2021,23.4588
-1.75,-55.75,2021,3.2628
-12.25,-56.75,2021,1.6021
-2.5,-50.0,2021,1.9202
-9.75,-64.25,2021,44.7966
-3.25,-51.0,2021,16.3776
2.5,-61.75,2021,7.8011
-1.25,-55.75,2021,5.3067
-8.25,-70.25,2021,12.8338
-12.25,-57.0,2021,6.8619
-4.75,-46.25,2021,10.0637
-15.0,-59.0,2021,3.9303
-9.25,-50.0,2021,1.2853
-2.25,-52.0,2021,13.357
-8.25,-55.5,2021,61.1451
-2.5,-45.5,2021,1.7154
-15.25,-60.25,2021,0.5704
-3.5,-50.75,2021,19.2187
-10.25,-59.0,2021,6.9167
-6.75,-55.5,2021,10.783
-5.5,-46.75,2021,1.6607
-6.5,-55.25,2021,58.8187
-4.0,-65.0,2021,1.4842
-8.75,-69.5,2021,15.5429
-10.5,-68.75,2021,7.408
-7.25,-55.0,2021,17.3441
-11.5,-62.0,2021,1.1713
-4.75,-50.5,2021,7.4289
-3.75,-50.0,2021,16.4158
-8.5,-63.5,2021,8.6711
-4.0,-53.75,2021,9.0622
-4.5,-46.5,2021,4.199
-10.0,-68.25,2021,7.2823
-2.75,-48.75,2021,3.5896
-4.25,-50.5,2021,8.2005
-9.25,-64.5,2021,7.7032
-3.75,-55.5,2021,6.8106
-6.75,-49.5,2021,0.2354
-2.75,-53.0,2021,19.6667
-3.5,-54.75,2021,24.1566
-7.0,-52.25,2021,16.0637
-10.5,-62.75,2021,1.0237
-9.5,-63.75,2021,15.6821
-3.5,-53.75,2021,11.9926
-12.75,-60.0,2021,1.6638
-2.5,-66.0,2021,0.6041
-9.75,-69.0,2021,4.9602
-3.0,-49.5,2021,10.8547
-3.5,-51.0,2021,11.3487
-8.5,-70.0,2021,9.3344
-10.25,-59.5,2021,2.9619
-7.5,-55.5,2021,15.2233
-4.25,-60.0,2021,5.9203
-11.5,-56.25,2021,5.3122
-6.75,-69.75,2021,1.3307
-10.5,-68.25,2021,7.3442
-1.5,-60.25,2021,1.9621
-8.25,-55.25,2021,17.836
-3.25,-52.75,2021,2.2118
0.0,-60.5,2021,7.0013
-9.5,-68.0,2021,4.497
-4.25,-48.75,2021,11.998
-11.5,-55.75,2021,2.4351
-4.75,-56.25,2021,13.0165
-4.0,-55.75,2021,7.0996
-2.0,-50.5,2021,1.5681
-2.75,-54.75,2021,3.3489
-12.75,-62.0,2021,8.6177
-6.25,-53.0,2021,8.1403
-9.75,-53.5,2021,22.5499
-9.5,-68.5,2021,17.1689
-9.5,-63.25,2021,13.2084
-7.75,-61.25,2021,23.1515
-8.0,-51.0,2021,3.5823
-6.25,-56.0,2021,8.1583
-6.25,-52.75,2021,17.0644
-5.0,-50.5,2021,17.2115
-5.0,-44.25,2021,4.3542
-10.5,-58.0,2021,8.8214
-3.75,-47.5,2021,15.4669
-3.75,-51.5,2021,7.7811
-11.5,-54.75,2021,1.7643
-6.0,-57.75,2021,25.7764
-1.75,-60.25,2021,3.1094
-4.0,-54.5,2021,12.4281
-1.75,-53.75,2021,1.6084
-5.25,-51.0,2021,26.3072
-10.25,-69.25,2021,2.4211
-3.75,-58.5,2021,0.835
-6.25,-54.5,2021,2.8138
-4.25,-50.75,2021,29.8553
-7.0,-59.5,2021,64.2768
-6.25,-58.25,2021,10.999
-8.5,-70.5,2021,13.2818
-9.75,-55.25,2021,2.5798
-3.5,-59.5,2021,14.2471
-2.75,-50.0,2021,1.2402
-8.5,-72.75,2021,2.0705
-12.25,-63.75,2021,5.6361
-8.0,-55.25,2021,21.7704
-4.75,-48.75,2021,2.9749
-5.5,-60.25,2021,15.2228
-9.5,-57.0,2021,2.3739
-3.75,-51.25,2021,18.7608
-5.75,-45.75,2021,0.7331
-2.25,-53.75,2021,13.0922
-7.75,-54.75,2021,13.9046
-13.5,-55.75,2021,1.1784
-9.0,-49.75,2021,0.1271
-10.5,-61.75,2021,0.1019
-9.0,-51.0,2021,4.6352
-9.75,-58.0,2021,14.6824
-9.5,-66.75,2021,21.7605
-3.25,-50.0,2021,10.8215
-8.75,-67.0,2021,16.9998
-8.25,-64.0,2021,14.9148
-11.75,-62.5,2021,2.0092
-11.0,-62.75,2021,3.0082
-10.0,-69.0,2021,7.3143
-4.0,-49.0,2021,7.2184
-8.5,-70.25,2021,10.0284
-2.0,-48.75,2021,2.4744
-2.75,-44.25,2021,1.2198
-3.75,-51.75,2021,30.6735
-1.25,-53.25,2021,1.9076
1.0,-59.5,2021,11.1658
-9.75,-67.25,2021,6.9024
-13.25,-56.75,2021,4.1824
-2.75,-59.25,2021,1.2633
-4.25,-55.25,2021,26.2764
-3.25,-57.0,2021,0.3968
-6.0,-52.75,2021,3.1365
-2.0,-46.5,2021,8.3496
-7.75,-71.75,2021,2.4955
-3.75,-60.0,2021,0.1838
-10.0,-64.5,2021,4.61
-2.5,-49.0,2021,7.8298
-2.5,-53.75,2021,1.9134
-6.25,-54.0,2021,8.999
-8.5,-55.25,2021,60.806
-5.75,-57.25,2021,3.364
-7.75,-56.25,2021,1.3608
2.25,-61.75,2021,11.0005
-3.0,-47.75,2021,7.9087
1.0,-60.25,2021,5.8737
-8.75,-61.5,2021,5.0663
-5.0,-50.75,2021,17.6386
-6.5,-58.5,2021,18.7057
-3.5,-54.5,2021,21.4043
-10.75,-56.25,2021,2.6281
-9.0,-67.5,2021,12.6356
-5.25,-44.25,2021,8.0557
-4.25,-59.5,2021,0.9378
-3.25,-59.0,2021,1.2965
-5.75,-56.75,2021,7.4275
-5.75,-54.0,2021,9.0064
-6.5,-48.5,2021,1.206
-5.75,-51.0,2021,1.8882
-10.25,-65.0,2021,4.7142
-7.25,-73.0,2021,4.5855
-9.25,-60.75,2021,20.7469
-6.25,-54.75,2021,0.8272
-3.0,-65.25,2021,1.9911
-3.75,-59.5,2021,5.1385
-1.5,-55.0,2021,2.8867
-13.75,-57.0,2021,1.4276
-11.0,-69.25,2021,7.0493
-10.25,-62.75,2021,1.7794
-9.0,-68.75,2021,19.4762
-10.0,-59.75,2021,6.1635
2.25,-60.5,2021,5.5468
-8.75,-63.75,2021,3.5874
2.0,-60.25,2021,0.6993
-1.5,-53.25,2021,2.3052
-1.75,-60.0,2021,1.8928
-9.25,-68.75,2021,15.8112
-7.0,-59.25,2021,27.9941
-5.5,-46.0,2021,1.2401
-12.25,-58.25,2021,0.8112
2.25,-61.5,2021,17.6483
-9.75,-65.75,2021,5.7614
-4.75,-45.75,2021,6.8976
-10.0,-68.0,2021,4.3939
-10.0,-68.75,2021,8.6301
-10.25,-57.75,2021,10.5129
0.5,-59.25,2021,0.551
-2.75,-58.0,2021,0.7885
-9.5,-57.25,2021,3.9829
-10.0,-64.75,2021,27.3476
-1.5,-55.25,2021,8.9853
-7.5,-50.5,2021,1.9739
-9.0,-61.25,2021,20.5139
-7.5,-55.75,2021,5.9509
-9.5,-71.25,2021,0.1525
-9.0,-65.5,2021,6.116
-8.5,-63.0,2021,11.6809
-9.5,-67.5,2021,19.5512
-1.5,-48.75,2021,1.5333
-5.0,-50.0,2021,7.6032
-7.75,-56.75,2021,2.8156
-9.25,-66.0,2021,68.176
-12.0,-61.75,2021,0.7022
-9.5,-69.0,2021,4.4503
-5.75,-51.75,2021,9.9275
-4.0,-59.75,2021,5.5431
-4.5,-50.25,2021,3.4175
-5.75,-60.25,2021,0.4019
-9.75,-56.0,2021,0.6862
-3.25,-53.75,2021,7.5723
-8.5,-64.0,2021,16.6821
-12.25,-64.5,2021,3.1066
-3.25,-50.5,2021,42.4013
-4.5,-49.75,2021,7.8339
-3.25,-50.25,2021,35.9608
-3.0,-51.5,2021,12.6013
-2.25,-48.75,2021,1.0883
-7.75,-72.5,2021,7.4937
-10.0,-67.0,2021,16.2195
-4.25,-48.25,2021,11.4472
-3.75,-59.25,2021,8.5764
-10.0,-60.25,2021,18.5565
-8.5,-63.25,2021,29.3415
-6.75,-59.0,2021,20.9617
-8.5,-63.75,2021,2.8995
-10.75,-67.75,2021,1.9282
-9.25,-51.5,2021,7.4459
-4.0,-50.0,2021,6.4419
-3.5,-65.0,2021,2.7436
-2.0,-49.0,2021,2.1184
-7.25,-72.75,2021,7.007
2.75,-61.25,2021,2.1887
-2.0,-52.75,2021,3.4463
-9.0,-62.25,2021,8.2507
-2.25,-53.5,2021,1.7266
-1.75,-55.25,2021,6.9647
-12.0,-63.5,2021,6.8802
-1.75,-49.0,2021,1.4104
-5.5,-60.5,2021,1.5237
-5.25,-50.75,2021,14.4881
-7.25,-49.25,2021,2.126
-9.75,-67.5,2021,13.3753
-9.5,-67.75,2021,13.5395
-10.75,-62.25,2021,0.3933
-5.5,-51.0,2021,29.6287
-3.5,-54.25,2021,24.525
-10.5,-68.5,2021,11.5686
-4.75,-49.25,2021,1.6049
-2.5,-45.25,2021,1.8519
-9.25,-62.5,2021,16.0689
-13.5,-60.75,2021,2.2048
-3.25,-53.25,2021,15.9415
-5.0,-57.25,2021,0.2734
-9.25,-71.75,2021,2.1885
-8.0,-70.25,2021,10.2282
-2.5,-48.5,2021,2.1768
-11.5,-58.75,2021,4.1013
-6.5,-60.0,2021,14.794
-9.0,-60.5,2021,25.4074
-4.0,-64.25,2021,0.1867
-9.25,-56.5,2021,2.5859
-7.0,-48.25,2021,0.9071
-6.0,-50.0,2021,4.0387
-9.75,-57.0,2021,10.0246
-10.5,-59.5,2021,4.7041
-14.75,-59.25,2021,2.2637
-3.5,-54.0,2021,13.9658
-3.5,-51.75,2021,4.249
-7.5,-73.25,2021,2.5612
-3.5,-53.5,2021,11.3167
-11.5,-59.25,2021,1.3355
-10.25,-54.0,2021,11.8259
-7.5,-70.25,2021,3.5168
-1.5,-55.5,2021,11.3693
-0.75,-52.0,2021,0.4163
-10.25,-64.5,2021,13.6849
-11.0,-54.25,2021,4.1494
-7.0,-55.5,2021,10.3338
-10.5,-53.5,2021,8.5986
-6.5,-53.5,2021,67.6423
-1.75,-51.0,2021,2.0302
-9.0,-64.5,2021,3.8479
-6.75,-52.75,2021,9.9605
-7.5,-64.5,2021,25.8023
-3.25,-49.5,2021,4.2612
-9.25,-72.0,2021,4.3638
-7.25,-59.5,2021,17.0849
-3.25,-51.75,2021,3.0661
-4.5,-56.0,2021,19.6465
-10.25,-68.25,2021,8.8893
-11.0,-62.5,2021,9.9686
-7.75,-61.5,2021,20.878
-10.5,-56.25,2021,1.6017
-8.0,-54.75,2021,48.178
-4.5,-51.0,2021,7.6395
-6.5,-56.25,2021,11.5419
-4.75,-50.75,2021,18.2835
-10.0,-67.25,2021,11.6457
-9.5,-61.0,2021,23.1825
-6.25,-49.75,2021,0.7886
-7.75,-61.75,2021,1.9988
-1.5,-53.75,2021,3.1335
-2.5,-52.0,2021,2.2637
-6.5,-63.0,2021,10.7404
-8.25,-61.5,2021,13.5884
-4.25,-47.25,2021,1.7404
-2.75,-59.5,2021,2.248
-7.25,-56.5,2021,14.0027
-8.75,-69.25,2021,7.0342
2.5,-61.5,2021,12.7073
-5.5,-50.75,2021,7.8043
-10.25,-53.0,2021,0.4976
-9.25,-69.0,2021,5.2261
-7.75,-63.25,2021,20.3063
-3.5,-69.0,2021,0.4089
-6.25,-57.75,2021,6.9607
-10.75,-69.0,2021,13.3395
-9.0,-68.25,2021,4.1422
-12.0,-63.0,2021,10.7196
-4.0,-53.5,2021,8.8938
-9.5,-54.5,2021,3.5198
-7.25,-64.75,2021,4.5043
-9.25,-71.0,2021,1.1348
-4.75,-47.0,2021,1.8638
-6.75,-51.75,2021,3.5191
-7.75,-51.0,2021,4.9954
-10.0,-65.25,2021,8.1383
-2.75,-53.25,2021,2.7388
-1.75,-55.5,2021,2.2969
-2.25,-45.5,2021,2.8696
-2.5,-54.0,2021,1.1332
-8.5,-71.0,2021,9.1106
-7.5,-63.5,2021,25.7905
-13.0,-56.75,2021,1.7159
-9.0,-50.75,2021,6.1178
-7.75,-72.25,2021,9.2194
-10.5,-63.5,2021,11.2383
-3.25,-55.0,2021,6.7843
-5.0,-46.75,2021,2.5397
-5.75,-51.5,2021,5.4424
-11.5,-57.75,2021,3.4555
-8.75,-71.25,2021,5.4235
-12.0,-57.75,2021,1.7785
-9.25,-57.25,2021,11.3717
-4.25,-54.75,2021,13.9723
-5.75,-48.25,2021,1.6017
-7.0,-71.75,2021,7.4188
-7.0,-57.5,2021,0.8402
-6.0,-52.25,2021,13.0419
-9.0,-68.5,2021,14.5264
-10.25,-51.5,2021,1.3301
2.5,-60.5,2021,2.332
1.25,-51.25,2021,0.2743
-5.25,-51.5,2021,1.7783
-2.0,-46.25,2021,3.782
-3.0,-51.25,2021,16.1005
0.75,-59.5,2021,4.734
-3.5,-58.0,2021,0.4478
-8.0,-61.25,2021,39.7769
-1.75,-56.5,2021,1.8215
-2.5,-54.25,2021,3.8621
0.5,-60.5,2021,1.8561
0.75,-60.75,2021,2.8608
-6.5,-53.0,2021,25.5167
-12.25,-63.5,2021,5.4375
-2.5,-57.75,2021,0.3548
-5.0,-49.75,2021,13.0945
-9.75,-60.25,2021,7.9775
-3.5,-50.25,2021,29.7857
-5.75,-55.75,2021,2.3911
-7.0,-51.25,2021,1.4288
-0.75,-47.75,2021,2.4741
-1.5,-47.25,2021,0.4992
-4.0,-55.5,2021,13.5137
-6.0,-44.0,2021,3.5851
-3.5,-68.25,2021,0.5308
-8.0,-70.75,2021,7.1141
-11.0,-54.75,2021,0.9971
-4.25,-55.5,2021,15.6057
-4.75,-50.0,2021,2.8124
-9.25,-52.0,2021,1.3492
-10.25,-67.25,2021,5.1413
-9.5,-62.5,2021,4.6317
-3.75,-61.0,2021,1.9169
-1.25,-50.5,2021,0.0818
-4.25,-50.25,2021,4.1855
-7.0,-63.0,2021,78.8646
-11.25,-59.0,2021,2.7024
-8.5,-64.25,2021,2.5706
-7.75,-70.25,2021,0.9554
-6.0,-62.5,2021,4.4449
-9.25,-50.5,2021,8.0661
2.75,-61.75,2021,10.7224
-13.75,-59.75,2021,1.8017
-5.25,-44.75,2021,4.701
-7.0,-70.0,2021,0.6696
-3.75,-51.0,2021,12.1384
-10.75,-58.5,2021,2.7949
-4.0,-52.0,2021,4.8632
-4.25,-53.75,2021,5.76
-3.5,-51.5,2021,22.5141
-3.5,-55.0,2021,0.6528
-9.75,-63.0,2021,3.1557
-8.75,-63.0,2021,64.3801
-9.25,-64.25,2021,9.1397
-8.5,-70.75,2021,10.9698
-11.25,-55.5,2021,6.6211
-12.0,-60.75,2021,4.2695
-3.25,-59.5,2021,5.827
-3.0,-50.5,2021,17.6015
-3.5,-60.75,2021,0.1418
-9.5,-59.5,2021,4.7542
-8.5,-54.5,2021,1.595
1.0,-59.75,2021,4.4993
-2.75,-57.25,2021,0.3471
-5.5,-48.75,2021,1.5218
-1.25,-47.0,2021,0.3535
-8.0,-63.75,2021,10.3288
-9.75,-63.5,2021,7.4621
-8.75,-50.75,2021,2.9735
-3.5,-65.5,2021,0.4785
-10.0,-62.0,2021,0.9631
-10.0,-58.0,2021,7.4168
-10.0,-66.75,2021,13.7337
-8.25,-71.25,2021,3.9768
-6.75,-57.75,2021,2.3688
-4.5,-47.75,2021,6.3153
-3.25,-64.75,2021,0.6842
-9.25,-60.5,2021,30.9971
-1.75,-55.0,2021,5.1174
-11.5,-61.25,2021,3.4432
-3.75,-55.75,2021,4.8042
-8.5,-54.75,2021,40.3603
-2.5,-49.75,2021,3.056
-8.0,-71.5,2021,4.6828
-4.5,-55.75,2021,28.7255
-5.25,-44.0,2021,4.6033
-8.75,-70.25,2021,6.6149
-5.25,-57.5,2021,3.339
-6.25,-53.5,2021,18.0982
-13.0,-60.25,2021,1.6479
-1.5,-49.75,2021,0.3669
-6.25,-52.25,2021,7.5966
-3.25,-59.75,2021,0.3792
-9.25,-62.25,2021,15.3053
-10.5,-64.5,2021,19.2335
-10.25,-57.25,2021,8.8707
-2.75,-54.5,2021,6.4314
-12.0,-55.5,2021,0.2042
3.75,-61.75,2021,2.5425
-7.75,-67.0,2021,11.6596
-11.5,-57.5,2021,0.175
-9.0,-71.75,2021,0.3166
-5.25,-50.25,2021,5.4392
-9.5,-62.25,2021,6.1959
-3.0,-54.0,2021,16.9083
-7.75,-61.0,2021,11.9371
-0.5,-51.75,2021,1.4264
-10.25,-56.75,2021,2.7271
-10.75,-55.0,2021,0.7958
-4.75,-44.5,2021,0.6918
-9.5,-63.5,2021,9.2857
-8.25,-62.75,2021,40.2929
-5.25,-57.25,2021,1.3336
-9.5,-52.0,2021,5.8392
-10.0,-62.25,2021,4.0086
-5.25,-51.25,2021,2.4173
-1.5,-52.5,2021,1.2242
-8.0,-63.25,2021,0.418
-9.25,-67.25,2021,5.7973
0.75,-60.0,2021,10.1342
-6.0,-57.0,2021,1.2553
-11.75,-54.5,2021,5.4777
-9.5,-64.25,2021,37.89
-10.5,-69.0,2021,4.2824
-12.75,-60.75,2021,4.4494
-9.25,-60.25,2021,9.7888
-9.0,-70.5,2021,3.7886
-5.25,-56.0,2021,15.4396
-2.0,-51.25,2021,0.735
-6.5,-55.0,2021,52.7876
-4.0,-48.0,2021,10.0304
-3.75,-50.5,2021,8.9412
-8.25,-54.75,2021,27.135
-2.0,-51.0,2021,1.7063
-9.75,-68.75,2021,8.628
-11.25,-61.5,2021,3.1441
-11.0,-68.5,2021,8.2728
-8.25,-61.25,2021,5.2972
-7.5,-57.25,2021,0.2528
-9.5,-60.5,2021,18.8
-1.75,-53.25,2021,1.7293
-8.25,-71.0,2021,9.9565
-5.75,-57.75,2021,7.1737
-8.0,-51.5,2021,3.2195
-10.5,-69.25,2021,8.5645
-12.75,-57.25,2021,1.144
-5.0,-56.5,2021,1.3676
0.5,-60.0,2021,3.5215
-7.25,-50.75,2021,1.7778
-12.0,-63.75,2021,6.2396
-3.0,-51.0,2021,10.1853
-1.0,-48.0,2021,0.8153
-3.0,-48.75,2021,4.3048
-5.25,-49.5,2021,3.5607
-10.25,-58.0,2021,13.1831
-9.25,-61.25,2021,9.3267
-10.25,-59.25,2021,7.1367
-7.25,-55.25,2021,7.8567
-8.25,-51.0,2021,1.0432
-2.75,-67.5,2021,0.4234
-4.5,-44.25,2021,8.0763
3.0,-61.25,2021,0.4907
-3.5,-49.5,2021,2.5932
-16.0,-54.25,2021,0.0779
-8.25,-70.75,2021,8.0123
-2.5,-56.0,2021,2.4624
-6.5,-64.25,2021,0.3613
-1.5,-55.75,2021,4.256
-11.25,-54.75,2021,6.2303
-3.25,-51.5,2021,10.2578
-12.0,-56.75,2021,3.3245
-16.0,-55.5,2021,0.7341
-3.25,-49.75,2021,2.1094
-9.5,-60.25,2021,6.0959
-15.5,-57.5,2021,4.879
-1.75,-56.0,2021,1.091
-8.5,-62.5,2021,45.5596
-12.5,-64.25,2021,1.4422
-8.5,-49.5,2021,1.8588
-9.75,-52.25,2021,3.6695
-9.0,-72.75,2021,2.3221
-9.25,-50.75,2021,4.0918
1.25,-51.0,2021,0.2813
-6.25,-52.5,2021,6.3426
-11.25,-55.0,2021,2.8507
-2.25,-49.25,2021,0.8052
-9.0,-51.25,2021,2.6396
-5.0,-49.5,2021,6.2261
-7.0,-55.75,2021,18.1943
-6.75,-70.0,2021,1.2263
-10.0,-58.75,2021,3.847
-0.25,-53.25,2021,0.1135
-11.75,-62.75,2021,1.8867
-6.75,-56.75,2021,6.9322
-6.25,-62.5,2021,8.2154
-6.0,-52.0,2021,5.9603
-6.75,-56.25,2021,5.3105
-3.75,-63.0,2021,0.1438
-8.0,-61.5,2021,17.0246
-9.25,-71.5,2021,0.4149
-3.5,-51.25,2021,7.198
-3.0,-49.0,2021,2.8012
-10.25,-54.25,2021,6.092
-8.0,-70.0,2021,3.5242
0.5,-56.0,2021,0.1078
-2.75,-64.5,2021,0.0662
-1.5,-53.0,2021,3.5913
-15.0,-59.5,2021,1.4093
-3.75,-56.0,2021,3.2139
-3.5,-52.5,2021,2.4229
-4.25,-49.0,2021,1.5876
-6.0,-58.0,2021,14.1055
-5.5,-50.5,2021,5.9943
-9.0,-51.5,2021,8.3829
-11.0,-58.0,2021,1.6402
-6.75,-63.0,2021,55.9942
-3.5,-52.0,2021,4.8998
-9.75,-64.75,2021,10.2935
-11.0,-68.25,2021,4.8713
-11.5,-60.5,2021,3.01
-8.75,-64.0,2021,5.8517
-8.75,-67.75,2021,3.5418
-9.5,-51.75,2021,7.1305
-2.5,-51.0,2021,0.8017
-5.75,-52.0,2021,8.3617
-6.0,-51.0,2021,0.1897
-1.25,-54.25,2021,9.5205
-12.0,-56.5,2021,1.3606
-2.25,-60.25,2021,1.0885
-2.75,-48.5,2021,6.7627
-8.75,-71.0,2021,11.394
-3.25,-53.5,2021,4.5241
-10.75,-53.75,2021,44.6756
-1.75,-50.5,2021,0.7494
-7.0,-56.0,2021,6.7036
-11.25,-57.75,2021,2.3447
-2.25,-48.5,2021,3.8196
-11.25,-54.0,2021,17.7566
-6.0,-51.25,2021,4.9658
-5.5,-47.0,2021,2.7537
-11.75,-54.25,2021,7.1124
-3.5,-45.0,2021,1.8439
-10.25,-68.0,2021,17.2163
-4.75,-46.75,2021,12.9674
-7.0,-71.25,2021,0.1398
-4.25,-55.75,2021,6.6077
-5.75,-51.25,2021,3.5523
-12.25,-61.75,2021,4.4125
-4.5,-56.25,2021,7.6227
-5.0,-46.25,2021,1.3066
-1.25,-63.0,2021,0.1888
-3.75,-55.25,2021,0.7998
-5.75,-58.0,2021,0.782
-4.0,-56.25,2021,5.351
-4.75,-52.75,2021,0.1523
-2.5,-48.75,2021,1.7631
-7.75,-51.25,2021,2.4769
-5.25,-60.25,2021,16.2525
-2.75,-58.25,2021,1.0373
-11.25,-58.75,2021,0.9923
0.75,-60.5,2021,17.6234
-8.75,-70.5,2021,6.2405
3.0,-61.75,2021,1.4681
-9.75,-67.0,2021,7.4348
-6.75,-53.0,2021,28.7002
3.25,-61.5,2021,3.5487
-3.75,-48.25,2021,5.1288
-16.0,-54.75,2021,0.1675
-4.25,-44.25,2021,0.9549
-10.5,-64.25,2021,4.8622
-12.25,-60.75,2021,16.8751
-6.0,-53.25,2021,30.3059
-6.5,-52.0,2021,3.1272
-4.25,-51.0,2021,25.5303
3.0,-61.5,2021,4.9241
-6.75,-55.75,2021,25.7533
-6.75,-55.25,2021,13.1864
-4.25,-53.5,2021,5.6244
-10.75,-52.0,2021,13.8671
-11.0,-52.25,2021,0.542
-9.0,-63.75,2021,7.8552
-3.75,-54.75,2021,22.9333
-12.25,-54.5,2021,2.0322
-9.5,-70.5,2021,3.7859
-7.5,-49.5,2021,0.5666
-5.75,-45.0,2021,0.4694
-2.75,-51.75,2021,22.836
-11.25,-60.75,2021,2.3765
-7.25,-60.5,2021,11.7296
-4.0,-46.5,2021,4.3422
-11.25,-49.75,2021,1.614
-2.25,-46.5,2021,2.8329
-3.0,-49.75,2021,1.2134
-10.5,-63.0,2021,2.8779
-13.25,-57.25,2021,1.4564
-9.75,-51.75,2021,11.5108
-5.75,-46.25,2021,2.1722
0.75,-60.25,2021,8.739
-5.75,-53.25,2021,1.7241
-11.75,-61.25,2021,1.9005
-1.75,-54.25,2021,4.8116
-12.5,-57.75,2021,3.6472
2.25,-61.0,2021,1.4886
-10.0,-63.75,2021,9.3167
-9.75,-66.75,2021,7.3066
-7.25,-71.5,2021,0.3341
-8.75,-68.75,2021,9.8903
-7.75,-50.25,2021,3.6919
-9.0,-69.0,2021,9.9224
-10.75,-68.25,2021,8.2545
-9.5,-64.75,2021,9.4592
-5.5,-72.25,2021,0.0757
-4.5,-54.75,2021,5.5386
-1.5,-46.25,2021,0.815
-9.0,-68.0,2021,2.3617
-3.25,-51.25,2021,20.8186
-9.0,-56.75,2021,5.7277
-11.0,-65.0,2021,0.0603
-6.75,-52.25,2021,11.4352
-12.0,-63.25,2021,22.136
-11.5,-55.0,2021,10.8688
-5.5,-51.25,2021,7.1859
-3.0,-53.75,2021,3.1977
-7.0,-52.5,2021,16.0293
-9.0,-50.25,2021,2.1885
-9.25,-61.75,2021,6.2847
-3.75,-44.0,2021,1.6055
-2.5,-47.25,2021,2.481
-8.75,-69.75,2021,9.8375
-13.0,-60.0,2021,2.8619
-5.0,-47.25,2021,1.1951
-2.25,-51.5,2021,1.3705
-4.25,-48.0,2021,9.0451
-7.0,-55.0,2021,6.3725
-8.0,-71.0,2021,15.1197
-9.75,-68.25,2021,7.0326
-9.25,-65.5,2021,53.9564
-10.5,-51.75,2021,0.3948
-3.75,-52.5,2021,4.4103
-9.25,-57.0,2021,10.0128
-1.75,-56.25,2021,1.1416
-6.25,-51.75,2021,11.2779
-5.75,-49.25,2021,3.5912
0.0,-60.75,2021,0.0756
-2.5,-56.25,2021,1.2951
-9.75,-55.0,2021,2.1127
-1.25,-56.0,2021,2.0042
-2.0,-52.25,2021,3.4169
-4.5,-70.0,2021,0.6355
-11.75,-60.75,2021,5.6074
-5.75,-56.5,2021,3.431
-8.25,-72.75,2021,1.7238
-9.75,-56.75,2021,4.9217
-12.5,-60.75,2021,0.8495
-7.5,-72.75,2021,4.468
-6.75,-58.75,2021,18.1831
-7.25,-59.25,2021,1.4591
-9.75,-54.5,2021,2.414
-13.5,-61.25,2021,0.2635
-9.25,-62.75,2021,2.0718
-6.0,-63.5,2021,0.1448
-11.5,-54.5,2021,22.3336
-9.25,-57.5,2021,24.8815
-6.75,-50.75,2021,0.2104
1.0,-60.5,2021,3.9225
-3.0,-54.5,2021,4.6833
-9.75,-53.75,2021,0.6461
-16.25,-59.5,2021,0.5002
-6.25,-58.0,2021,3.4936
-11.75,-63.0,2021,2.4093
-1.0,-54.25,2021,1.8694
-14.5,-59.75,2021,1.4932
-10.25,-51.75,2021,19.3693
-0.75,-60.75,2021,0.1933
-10.0,-54.75,2021,1.7939
0.0,-53.25,2021,0.1874
-10.0,-55.25,2021,2.6841
-6.5,-49.75,2021,1.3923
-1.75,-53.5,2021,1.8273
-9.5,-62.75,2021,1.3252
-3.0,-45.25,2021,0.5725
-12.0,-61.0,2021,1.9312
-3.0,-55.0,2021,3.1023
-4.0,-60.75,2021,0.5974
-1.75,-48.0,2021,0.3059
-2.25,-52.75,2021,1.2722
-14.0,-56.0,2021,2.2598
-1.25,-54.75,2021,4.1554
-3.0,-44.25,2021,0.9935
-2.25,-50.25,2021,0.4743
-3.25,-53.0,2021,15.9688
-11.5,-61.75,2021,0.4079
-8.5,-67.25,2021,18.2528
-2.5,-50.25,2021,2.9193
-1.5,-54.75,2021,4.2997
-9.5,-68.75,2021,11.4607
-8.75,-64.25,2021,7.6265
-10.5,-69.5,2021,4.1412
-2.0,-48.25,2021,0.9553
3.25,-51.5,2021,0.1756
-9.5,-66.25,2021,2.6811
-4.75,-51.0,2021,8.0319
-7.25,-48.5,2021,0.921
-9.0,-62.0,2021,4.1966
-11.25,-52.0,2021,0.5777
-9.75,-65.25,2021,11.7868
-9.75,-67.75,2021,4.8139
-11.25,-58.25,2021,0.0958
-3.75,-57.25,2021,1.9365
-9.25,-65.25,2021,4.4911
-9.25,-68.25,2021,28.841
-10.25,-64.0,2021,1.3472
-5.5,-49.25,2021,1.052
-10.75,-64.75,2021,0.2005
2.5,-63.0,2021,0.2534
-5.25,-45.25,2021,0.9043
-8.25,-70.5,2021,7.1868
-9.75,-59.75,2021,7.0268
-11.0,-52.0,2021,0.9519
-7.0,-63.25,2021,14.8706
0.25,-60.75,2021,4.9091
-9.75,-60.75,2021,10.2833
-10.0,-54.5,2021,2.8856
-4.0,-61.25,2021,0.3799
-1.25,-48.5,2021,0.3987
0.5,-51.75,2021,1.0157
-12.5,-54.25,2021,3.8325
-3.5,-61.75,2021,0.6809
-5.0,-55.75,2021,7.2146
-6.0,-53.75,2021,10.2263
-6.25,-55.75,2021,15.8622
-3.5,-53.25,2021,9.6031
-6.75,-60.0,2021,23.2288
-2.75,-56.5,2021,0.6387
-3.0,-59.5,2021,2.6534
-12.25,-64.0,2021,6.688
-8.0,-61.75,2021,17.3619
-3.25,-45.5,2021,0.2552
-9.5,-67.25,2021,14.1392
-2.75,-45.0,2021,0.0878
-7.5,-49.75,2021,1.0563
-1.5,-49.25,2021,0.1888
-2.5,-47.0,2021,1.3551
-9.5,-64.5,2021,15.0783
-3.0,-48.25,2021,1.1862
-1.5,-56.0,2021,2.4178
-9.5,-64.0,2021,18.5311
-5.0,-47.5,2021,0.3888
-7.5,-60.75,2021,14.2988
-4.0,-48.75,2021,3.4049
-9.25,-72.75,2021,1.0774
-8.25,-69.75,2021,0.6291
-11.5,-54.25,2021,12.607
-12.25,-61.25,2021,0.966
-6.75,-53.25,2021,6.4205
-4.0,-65.25,2021,1.5826
-6.75,-57.5,2021,5.2357
-8.5,-62.75,2021,50.9628
-2.0,-47.25,2021,0.5262
-10.5,-52.25,2021,4.1258
-3.0,-65.5,2021,1.8404
-5.5,-48.5,2021,2.7127
-3.0,-53.25,2021,9.8691
-6.5,-70.0,2021,0.6164
-0.5,-47.25,2021,0.0723
-7.75,-55.25,2021,6.3798
-11.75,-52.25,2021,1.0506
-9.75,-68.0,2021,3.1965
-3.0,-59.25,2021,5.714
-11.25,-61.25,2021,8.7163
-5.5,-47.75,2021,2.4028
-2.5,-50.5,2021,1.594
-4.0,-49.25,2021,3.8694
-3.75,-47.75,2021,2.6482
-1.75,-46.5,2021,1.5654
-10.25,-63.75,2021,1.844
-13.0,-62.25,2021,6.7658
-3.5,-59.25,2021,9.583
-12.5,-64.0,2021,4.2928
-10.0,-60.0,2021,8.2629
-11.5,-59.0,2021,2.2964
1.5,-61.0,2021,0.7863
-9.75,-64.5,2021,10.5832
-11.0,-69.0,2021,3.8592
-5.25,-46.25,2021,5.4091
-5.25,-49.0,2021,1.1131
-7.75,-72.75,2021,4.0416
-3.5,-69.25,2021,0.1744
-1.5,-53.5,2021,9.9535
-7.5,-72.0,2021,0.2462
-5.75,-49.0,2021,4.1077
-9.0,-66.0,2021,40.1883
-10.25,-56.5,2021,0.5038
-10.5,-62.0,2021,0.5627
-0.75,-48.0,2021,0.6941
-11.5,-60.75,2021,3.5893
-11.75,-56.25,2021,2.7898
-4.0,-59.5,2021,1.8372
-7.5,-70.0,2021,4.673
-12.5,-62.0,2021,4.5894
-9.0,-70.75,2021,5.2308
-3.75,-49.75,2021,3.7386
-8.5,-55.0,2021,9.941
-6.5,-57.5,2021,0.9802
-9.5,-54.75,2021,2.3556
-9.5,-65.5,2021,22.9754
1.75,-69.75,2021,0.3216
-5.0,-48.5,2021,3.9224
-5.0,-44.0,2021,2.1295
-10.5,-64.0,2021,4.7342
-10.25,-62.0,2021,8.2597
-4.0,-47.75,2021,3.0351
-2.0,-60.0,2021,2.6693
-3.75,-54.5,2021,16.4944
-4.25,-59.25,2021,0.5395
-11.25,-61.0,2021,1.5345
-11.75,-60.5,2021,1.456
-10.0,-55.5,2021,6.2578
-7.0,-50.5,2021,1.4923
-4.0,-59.25,2021,1.2032
-2.75,-54.25,2021,4.0603
-2.5,-57.5,2021,0.0698
-12.75,-55.25,2021,18.1281
-9.0,-64.25,2021,3.4076
5.0,-60.5,2021,0.1969
-5.25,-46.75,2021,0.8496
-9.25,-59.5,2021,5.9232
-8.75,-62.75,2021,34.3619
-2.75,-49.25,2021,1.3322
-8.75,-66.75,2021,21.8772
-7.75,-70.5,2021,0.881
-9.75,-65.0,2021,46.3051
-9.0,-69.25,2021,8.3854
-3.5,-58.5,2021,2.9334
-10.5,-52.0,2021,3.8347
-5.75,-48.75,2021,0.702
-9.25,-68.5,2021,13.9859
0.0,-67.25,2021,0.2964
-15.5,-59.25,2021,0.3591
-4.0,-56.0,2021,5.4209
-2.75,-59.75,2021,0.5819
-3.5,-65.25,2021,0.7411
-11.75,-53.0,2021,8.8962
-8.25,-71.5,2021,0.355
-2.75,-49.75,2021,3.0184
-6.0,-61.25,2021,0.4127
-9.0,-66.75,2021,42.6873
-12.0,-58.75,2021,3.1004
-12.5,-52.5,2021,4.2398
-10.5,-58.75,2021,1.7421
-8.0,-69.75,2021,0.2555
-1.75,-46.0,2021,0.9519
-2.75,-51.0,2021,0.9901
-2.5,-64.75,2021,0.8056
-12.5,-54.5,2021,11.6263
-8.0,-63.5,2021,17.1524
-5.5,-52.0,2021,8.3287
-6.5,-52.75,2021,11.211
-12.25,-60.25,2021,2.6906
-1.75,-54.5,2021,1.5415
-5.5,-45.75,2021,2.6085
-1.75,-65.5,2021,0.6681
-4.5,-60.0,2021,1.1245
-9.25,-59.75,2021,19.4442
-9.5,-68.25,2021,5.7791
1.5,-68.25,2021,0.0659
-3.0,-54.75,2021,5.9511
-10.0,-61.25,2021,9.0719
-2.5,-48.25,2021,3.987
-2.75,-55.0,2021,0.9431
-11.0,-61.25,2021,1.0477
-3.75,-64.5,2021,1.2198
-15.0,-60.0,2021,0.4447
-12.5,-51.0,2021,2.839
-2.5,-50.75,2021,1.4193
-9.75,-66.5,2021,14.5308
-11.5,-57.25,2021,0.2291
-10.25,-63.5,2021,7.1637
-3.25,-54.0,2021,11.1555
-2.75,-52.25,2021,0.2961
-1.25,-47.75,2021,0.5208
-2.5,-49.25,2021,0.8617
-4.0,-51.75,2021,1.9326
-3.5,-58.75,2021,2.3557
-6.0,-51.75,2021,5.0495
-5.75,-46.0,2021,3.5428
-2.75,-44.0,2021,0.5436
-4.75,-47.25,2021,1.1756
-5.5,-52.25,2021,1.6735
-1.75,-50.25,2021,0.2206
-5.5,-49.5,2021,4.5142
-9.75,-56.5,2021,0.9859
-6.0,-53.5,2021,36.8931
-8.75,-70.75,2021,8.1548
-11.0,-61.0,2021,5.6356
-9.75,-57.75,2021,2.6193
-11.75,-58.5,2021,1.1231
-2.75,-52.0,2021,6.8633
-2.0,-68.25,2021,0.4811
-2.0,-47.5,2021,0.4261
-4.5,-45.75,2021,1.8978
-4.25,-50.0,2021,3.4832
-9.0,-63.5,2021,8.5383
-7.75,-72.0,2021,2.5854
-4.75,-48.0,2021,1.7008
-8.0,-51.25,2021,1.1885
-6.5,-55.5,2021,24.7392
-2.5,-51.75,2021,4.5157
-8.25,-63.75,2021,1.4872
-8.75,-66.5,2021,9.4902
-2.5,-51.5,2021,0.3444
-4.75,-65.25,2021,0.0681
-7.25,-49.75,2021,0.8313
-10.5,-68.0,2021,14.7689
-9.75,-59.5,2021,1.9531
-10.0,-63.0,2021,1.1605
-0.5,-56.75,2021,0.1702
-3.75,-58.75,2021,2.1972
-1.75,-54.75,2021,5.4178
-7.5,-61.5,2021,15.1859
-10.75,-68.5,2021,6.6928
-9.25,-59.0,2021,9.2236
-3.25,-60.25,2021,0.1719
-7.5,-72.5,2021,2.3332
-3.75,-58.0,2021,0.4575
-3.0,-48.0,2021,6.449
-3.25,-49.0,2021,3.8664
-10.75,-63.75,2021,0.5969
-2.0,-54.5,2021,4.7886
0.5,-53.75,2021,0.3597
-7.0,-71.5,2021,2.4964
-7.25,-60.0,2021,19.4587
-2.25,-56.75,2021,0.7513
-1.5,-46.0,2021,4.4129
-10.0,-62.5,2021,2.5516
-2.0,-59.75,2021,0.1675
-10.25,-61.25,2021,2.2095
-5.5,-57.75,2021,0.6055
-9.25,-57.75,2021,37.3373
-3.0,-48.5,2021,6.5765
-3.75,-65.0,2021,2.2509
-5.5,-56.75,2021,3.1654
-5.25,-46.0,2021,2.0201
-6.75,-51.0,2021,1.4417
-9.5,-59.25,2021,3.7945
-2.0,-49.25,2021,0.9357
-5.75,-45.25,2021,1.3363
-7.5,-60.0,2021,11.0945
-3.5,-57.75,2021,0.2424
1.75,-60.25,2021,3.3511
-7.5,-71.25,2021,0.2215
-12.25,-57.25,2021,4.9981
2.25,-61.25,2021,1.9832
-4.5,-48.5,2021,3.0693
-4.0,-50.25,2021,4.4386
-9.0,-59.0,2021,5.4822
-9.75,-54.25,2021,1.6058
-1.75,-54.0,2021,3.5844
3.5,-62.0,2021,1.5635
-4.0,-63.5,2021,0.4076
1.5,-60.25,2021,1.3123
-6.75,-59.75,2021,18.7602
-5.75,-50.25,2021,1.9045
-5.5,-45.0,2021,6.8026
-2.0,-48.5,2021,1.9918
-9.75,-64.0,2021,12.6608
-10.25,-55.75,2021,1.5242
-3.25,-48.75,2021,17.8255
-6.75,-72.75,2021,0.0742
-3.25,-44.25,2021,2.4736
-12.5,-51.25,2021,3.8561
-4.5,-46.0,2021,1.6897
-13.25,-53.0,2021,2.3774
1.25,-67.75,2021,0.069
-1.75,-48.5,2021,1.3838
-10.0,-64.0,2021,8.1009
-1.25,-54.0,2021,3.4996
-5.0,-46.0,2021,2.0628
-10.0,-54.0,2021,4.0772
-9.0,-61.75,2021,5.448
0.25,-65.25,2021,0.1098
-11.25,-59.25,2021,4.6705
-3.0,-47.0,2021,2.7506
-3.75,-49.0,2021,3.9172
1.25,-60.0,2021,2.3001
-6.75,-48.25,2021,1.3002
-1.25,-53.75,2021,18.0823
-9.25,-58.25,2021,21.8988
-15.0,-57.75,2021,0.6993
2.75,-60.5,2021,1.4263
-3.5,-44.5,2021,1.8355
-12.5,-52.25,2021,1.4796
-1.0,-53.75,2021,3.3671
-10.75,-61.25,2021,9.5082
-3.5,-55.5,2021,3.5702
-6.75,-70.25,2021,0.427
-6.75,-48.75,2021,1.1485
-10.5,-63.25,2021,6.5262
-10.25,-67.5,2021,5.2226
-12.0,-62.25,2021,0.9518
-6.0,-48.5,2021,0.5843
-5.25,-48.75,2021,1.1098
-3.0,-53.0,2021,15.0995
-12.25,-51.25,2021,2.9283
-11.75,-55.25,2021,1.4968
-4.75,-47.75,2021,6.0649
-3.5,-57.0,2021,0.4823
-3.5,-47.5,2021,6.444
-9.75,-65.5,2021,2.1571
-3.5,-44.0,2021,1.0581
-10.0,-63.25,2021,3.6484
-11.75,-59.25,2021,3.4056
-1.5,-54.5,2021,3.722
-9.5,-57.5,2021,2.7891
-12.75,-62.25,2021,4.9442
-3.5,-52.25,2021,3.3619
-13.25,-60.0,2021,1.8896
-1.0,-56.5,2021,0.0699
-4.5,-59.5,2021,0.6425
-7.5,-62.75,2021,2.2257
-2.5,-48.0,2021,4.4716
-3.75,-44.5,2021,0.0734
-9.75,-62.75,2021,3.4471
-4.75,-55.75,2021,26.9539
-5.25,-49.75,2021,1.1635
-13.5,-57.0,2021,12.195
-4.5,-52.75,2021,0.1186
-8.5,-67.0,2021,19.9422
-8.5,-72.5,2021,0.8387
-10.25,-52.75,2021,2.1876
-6.25,-57.25,2021,0.8827
-3.0,-65.0,2021,0.5865
3.75,-63.5,2021,0.4212
-9.0,-69.5,2021,6.8631
1.75,-61.0,2021,0.5361
-8.0,-73.0,2021,1.4146
-7.25,-69.5,2021,0.116
-2.0,-50.0,2021,1.3602
-8.75,-51.75,2021,2.3209
-6.75,-62.75,2021,3.5696
-7.25,-72.5,2021,5.0647
-10.75,-61.5,2021,3.3577
-7.5,-73.0,2021,4.8803
-5.25,-45.0,2021,3.3724
-4.5,-44.0,2021,2.5882
-4.0,-52.25,2021,11.8046
-9.0,-71.25,2021,5.1525
-10.75,-55.25,2021,2.03
-4.5,-55.0,2021,22.2279
-11.5,-57.0,2021,1.425
-10.25,-57.5,2021,3.9281
-6.0,-55.75,2021,7.5764
-5.5,-61.0,2021,0.4709
-0.75,-47.25,2021,1.8223
-7.5,-55.0,2021,12.8449
-7.5,-58.25,2021,0.6482
-11.0,-69.75,2021,0.8572
-10.5,-61.25,2021,27.1633
-2.25,-47.5,2021,0.3256
-4.5,-50.5,2021,6.805
-2.0,-56.75,2021,2.5437
-10.5,-69.75,2021,2.0007
-3.5,-59.0,2021,4.4631
-8.0,-66.25,2021,0.3795
-14.75,-60.0,2021,1.2065
-12.5,-54.75,2021,3.4991
-10.5,-53.75,2021,6.5121
0.75,-52.25,2021,0.6219
-7.5,-55.25,2021,17.0874
-11.25,-55.25,2021,0.6467
-10.25,-58.25,2021,7.0675
-2.25,-52.25,2021,1.1273
3.25,-60.5,2021,0.1557
-10.0,-63.5,2021,5.9374
-2.25,-56.25,2021,0.0692
-5.75,-61.0,2021,0.422
2.0,-60.75,2021,0.7921
1.5,-63.25,2021,0.064
-0.75,-48.5,2021,0.2243
-10.75,-65.0,2021,0.4125
-10.0,-57.75,2021,7.3851
-9.75,-57.25,2021,3.6794
-5.5,-67.25,2021,0.3585
0.75,-59.75,2021,6.6151
-3.75,-60.25,2021,1.0808
-10.5,-54.25,2021,4.788
-12.0,-56.0,2021,0.7852
-1.5,-47.75,2021,0.398
-13.0,-60.75,2021,1.4971
-13.5,-61.0,2021,1.4622
-9.5,-49.75,2021,0.0972
-4.25,-51.25,2021,1.9254
-4.25,-70.25,2021,0.2902
1.0,-69.75,2021,0.1409
-3.0,-52.5,2021,2.7482
-6.0,-56.5,2021,4.0982
-5.75,-49.75,2021,3.6547
-6.25,-56.25,2021,4.0049
-2.25,-50.75,2021,2.3701
2.25,-60.75,2021,1.2458
-4.0,-49.75,2021,0.8806
-12.25,-61.0,2021,1.4751
-3.75,-61.25,2021,2.0623
-7.0,-52.75,2021,23.7481
2.0,-61.5,2021,0.2882
-3.75,-53.5,2021,4.0823
-8.75,-48.75,2021,0.272
-14.75,-59.0,2021,0.4918
-2.5,-58.0,2021,1.4677
-9.5,-66.0,2021,26.3754
0.5,-60.25,2021,3.4884
-3.25,-62.75,2021,0.0935
-5.75,-47.25,2021,0.0944
-7.75,-49.75,2021,0.0661
-3.25,-50.75,2021,35.1952
-6.0,-60.0,2021,7.0161
-6.25,-53.75,2021,3.4771
-6.5,-53.75,2021,13.555
-11.0,-56.0,2021,7.1218
-9.75,-66.25,2021,5.0305
-5.0,-49.25,2021,1.9752
-12.25,-60.5,2021,12.4558
1.0,-52.25,2021,0.4207
-5.5,-47.5,2021,0.5194
-6.0,-56.25,2021,2.3888
-13.25,-53.75,2021,3.6298
-7.75,-55.5,2021,9.9519
-8.75,-60.5,2021,1.0299
-4.75,-48.5,2021,4.6519
-6.25,-64.0,2021,1.3303
-3.0,-59.0,2021,1.7468
-8.5,-50.75,2021,0.5368
-9.25,-54.5,2021,1.497
-7.5,-64.75,2021,1.7344
0.75,-59.25,2021,2.2816
-9.75,-52.0,2021,2.9167
-10.25,-68.75,2021,9.5742
-7.5,-51.0,2021,1.0895
-11.0,-59.0,2021,4.6204
-5.0,-56.0,2021,7.8585
-2.75,-45.25,2021,1.4232
-5.5,-48.0,2021,0.0748
-3.5,-59.75,2021,2.7886
-5.5,-55.5,2021,0.4973
-3.5,-49.75,2021,4.116
2.25,-60.25,2021,1.5674
-6.5,-62.75,2021,5.8133
-8.5,-71.25,2021,2.2094
-1.0,-52.5,2021,0.7794
-5.25,-50.0,2021,6.0538
-6.0,-65.0,2021,0.3255
-9.0,-67.75,2021,8.0334
-4.75,-57.5,2021,0.4329
-4.0,-47.25,2021,7.9727
-3.75,-64.25,2021,1.0545
-10.5,-57.5,2021,1.9927
-9.0,-63.0,2021,6.5854
-5.5,-55.75,2021,0.3666
3.75,-51.75,2021,0.3808
-1.75,-60.5,2021,0.671
-15.5,-59.5,2021,0.4444
-5.25,-60.5,2021,1.9945
-14.0,-60.25,2021,8.484
-2.75,-55.25,2021,0.2011
-3.25,-57.5,2021,0.1425
-10.0,-53.75,2021,0.877
-5.0,-57.5,2021,2.1735
-10.0,-57.5,2021,8.0891
-3.75,-60.5,2021,0.9564
-10.0,-52.0,2021,3.4922
-2.75,-46.75,2021,1.8071
-6.5,-51.5,2021,1.4729
-14.75,-59.5,2021,0.2627
-7.0,-62.75,2021,0.0641
-2.75,-49.0,2021,4.4648
-1.25,-45.75,2021,0.2932
-2.0,-53.5,2021,1.2009
-1.75,-66.75,2021,0.2117
-2.25,-56.0,2021,0.3393
0.5,-51.5,2021,0.5292
-1.75,-57.0,2021,0.29
-5.5,-57.0,2021,5.7937
-4.75,-46.5,2021,9.9723
-3.0,-54.25,2021,6.4725
-10.25,-56.25,2021,0.748
-3.5,-52.75,2021,6.2328
-7.75,-56.5,2021,0.8692
-3.75,-57.5,2021,0.4067
-6.5,-53.25,2021,101.0996
-6.5,-52.5,2021,4.6121
-2.0,-49.75,2021,0.2497
-9.5,-58.25,2021,2.9186
-6.0,-49.0,2021,0.6666
-5.75,-52.5,2021,1.9044
2.5,-51.0,2021,0.2718
4.5,-61.25,2021,0.7782
-4.25,-63.0,2021,0.9123
-4.25,-49.75,2021,2.8166
-3.25,-48.5,2021,8.4854
-10.75,-64.0,2021,3.7472
-12.5,-55.0,2021,13.9315
-5.0,-45.75,2021,1.9122
-10.5,-67.75,2021,7.7183
-10.0,-60.75,2021,2.4696
-7.75,-67.25,2021,7.154
-12.25,-62.0,2021,2.2598
-3.5,-60.25,2021,0.8278
-10.25,-58.5,2021,0.7033
1.0,-60.0,2021,0.9817
-3.0,-51.75,2021,7.1229
-6.75,-63.25,2021,9.9948
-5.0,-62.5,2021,0.8856
-1.75,-48.25,2021,1.041
-12.75,-54.75,2021,8.5895
-5.75,-47.0,2021,0.7533
-10.75,-63.0,2021,0.2326
-12.25,-54.0,2021,3.0851
-6.0,-44.75,2021,0.2434
-9.0,-72.5,2021,0.9284
-1.25,-53.5,2021,9.0593
-11.0,-68.75,2021,2.2745
-2.75,-51.5,2021,7.0488
-5.0,-62.25,2021,1.4257
-5.25,-60.0,2021,2.0199
-9.5,-61.75,2021,1.7119
-5.25,-72.75,2021,0.2075
-3.5,-44.25,2021,1.4927
-5.25,-44.5,2021,1.788
-6.0,-45.0,2021,0.44
-3.75,-49.25,2021,0.9667
-8.5,-71.5,2021,3.7415
-8.5,-65.25,2021,0.0649
-7.0,-59.0,2021,20.7064
0.0,-67.0,2021,0.5906
-4.0,-60.5,2021,1.0891
-11.5,-61.0,2021,3.3458
-10.75,-63.5,2021,14.9635
-8.75,-54.5,2021,3.2046
-7.5,-63.0,2021,1.2953
-8.5,-66.75,2021,2.3929
-10.5,-64.75,2021,6.3637
-3.25,-61.25,2021,1.1509
-2.5,-44.25,2021,0.639
-2.25,-51.0,2021,1.6963
-12.0,-55.25,2021,1.0761
-11.75,-57.75,2021,5.7073
-4.25,-48.5,2021,6.8754
-12.5,-61.25,2021,1.1094
-14.75,-58.25,2021,1.6497
-7.25,-71.0,2021,0.3642
-13.0,-56.5,2021,0.9843
-1.25,-69.5,2021,0.3698
-4.25,-47.75,2021,5.8069
-6.75,-56.5,2021,2.471
-12.75,-60.25,2021,2.9136
-6.25,-49.25,2021,0.946
-4.25,-69.5,2021,1.2314
-4.75,-49.5,2021,3.6758
-5.5,-44.0,2021,14.9539
-7.0,-56.75,2021,7.1545
-6.25,-63.25,2021,0.558
-7.0,-53.0,2021,1.4655
-10.5,-51.25,2021,0.6335
-10.0,-56.25,2021,0.4175
-11.0,-58.5,2021,0.2023
-9.25,-70.75,2021,1.2311
-10.0,-51.5,2021,0.6662
-14.0,-51.75,2021,0.2934
-6.0,-61.5,2021,0.4475
-9.75,-62.0,2021,2.8879
-9.75,-61.5,2021,2.4641
-12.0,-57.25,2021,4.6219
-9.75,-63.25,2021,3.824
-10.75,-54.75,2021,3.5437
-6.0,-52.5,2021,4.2938
-10.25,-51.25,2021,0.6514
-9.5,-72.75,2021,0.3645
-12.0,-57.5,2021,10.1117
-2.25,-57.0,2021,2.3878
-4.0,-55.25,2021,9.1022
-5.75,-59.75,2021,1.2205
-6.75,-52.0,2021,3.039
-2.0,-56.5,2021,3.476
-10.0,-59.25,2021,1.097
-11.5,-56.75,2021,0.5664
-9.75,-62.5,2021,5.9161
-5.75,-48.0,2021,2.0109
-9.25,-66.5,2021,6.4471
-8.25,-70.0,2021,0.5226
-6.0,-55.5,2021,8.3301
-9.5,-58.0,2021,2.6431
-2.0,-54.0,2021,0.8486
-8.75,-51.0,2021,0.2692
-9.25,-67.0,2021,1.5398
-6.0,-46.75,2021,0.0925
-2.25,-68.25,2021,0.9662
-2.0,-52.5,2021,1.5314
-15.5,-57.25,2021,0.1542
-6.75,-59.25,2021,26.8597
-9.5,-65.75,2021,21.1424
-3.75,-54.25,2021,10.2906
-9.25,-54.75,2021,0.1737
-3.75,-61.75,2021,1.0566
-5.5,-50.25,2021,2.6675
-6.0,-57.5,2021,1.6475
-6.5,-56.0,2021,37.1497
-3.75,-54.0,2021,4.4036
-1.5,-61.5,2021,0.0678
-12.25,-54.25,2021,9.8327
-11.0,-60.75,2021,2.767
-5.75,-63.25,2021,2.1666
-4.5,-49.25,2021,1.0422
-12.0,-51.75,2021,4.9884
-13.25,-54.25,2021,11.1015
-6.25,-49.5,2021,0.6371
-12.0,-60.5,2021,2.6144
-3.0,-46.5,2021,0.2254
-2.75,-47.75,2021,0.7719
-4.25,-69.75,2021,0.9536
-11.25,-53.75,2021,0.0666
-10.75,-68.0,2021,0.7986
-3.75,-59.75,2021,2.0422
-3.75,-53.25,2021,1.6473
-9.75,-51.25,2021,2.0778
-10.5,-62.25,2021,0.1548
-7.75,-50.5,2021,0.1854
-7.25,-64.5,2021,0.9498
-8.75,-70.0,2021,1.7344
-10.25,-67.0,2021,2.6462
-5.0,-47.0,2021,0.3573
-2.0,-61.25,2021,0.0894
-3.75,-47.25,2021,44.7105
-11.75,-52.0,2021,1.066
-4.5,-47.25,2021,3.2535
-2.5,-47.5,2021,4.3334
-7.0,-60.0,2021,11.342
-10.25,-67.75,2021,4.4036
2.75,-51.25,2021,0.0632
-7.25,-49.5,2021,0.6447
-10.75,-57.75,2021,7.7093
2.75,-60.25,2021,0.1595
-12.5,-60.0,2021,1.8222
-10.0,-69.25,2021,2.1017
-13.25,-54.0,2021,2.1073
-1.75,-49.75,2021,0.7637
-3.25,-47.75,2021,4.3454
-7.25,-55.75,2021,32.7377
-5.75,-61.25,2021,0.9102
-6.25,-51.25,2021,2.07
2.5,-51.25,2021,0.13
-6.75,-54.0,2021,0.4316
-0.75,-47.5,2021,1.4321
-6.25,-55.0,2021,1.9719
-10.5,-67.5,2021,2.2085
-14.5,-57.5,2021,2.685
-8.75,-67.25,2021,17.6505
-4.25,-46.5,2021,1.7078
-1.75,-51.25,2021,0.9289
-5.75,-56.25,2021,0.4412
-8.25,-49.0,2021,0.0662
-11.5,-51.75,2021,4.7467
-9.5,-52.25,2021,0.3069
-3.0,-47.25,2021,0.5485
-2.0,-67.0,2021,0.0625
1.25,-60.5,2021,5.0339
-0.5,-69.75,2021,0.0796
-10.25,-59.75,2021,3.1939
-4.25,-54.25,2021,1.5748
-12.75,-52.25,2021,0.1774
-7.0,-60.25,2021,2.6752
-4.0,-69.5,2021,1.2145
-6.25,-52.0,2021,5.0126
-13.25,-61.0,2021,2.7815
-8.0,-67.25,2021,1.1258
-11.75,-56.75,2021,0.9688
-5.75,-46.5,2021,1.0888
-3.75,-46.75,2021,0.1817
-5.25,-47.75,2021,0.3093
-8.5,-69.75,2021,4.0146
-10.25,-52.5,2021,0.7731
-11.75,-61.5,2021,1.9189
0.5,-56.75,2021,0.0698
-9.25,-63.75,2021,13.6837
-1.5,-50.5,2021,1.0867
-9.75,-58.5,2021,0.9309
-12.5,-63.75,2021,8.3699
-12.75,-55.0,2021,3.2628
-10.75,-59.25,2021,1.7102
-3.25,-49.25,2021,4.8525
-9.75,-59.25,2021,2.5951
-2.5,-44.0,2021,0.1525
-6.75,-59.5,2021,3.4306
-4.5,-47.0,2021,0.1745
-8.75,-69.0,2021,7.3944
-5.25,-57.75,2021,0.5091
-3.0,-57.0,2021,0.6051
0.5,-59.75,2021,7.5429
1.5,-60.75,2021,0.6904
-9.0,-67.0,2021,12.2967
-3.5,-64.5,2021,1.6936
-3.75,-52.75,2021,1.7437
-6.0,-49.75,2021,1.6234
-1.25,-62.5,2021,0.4723
-2.25,-48.0,2021,2.8346
-10.0,-59.5,2021,25.9956
-8.75,-50.0,2021,2.1029
-8.75,-72.75,2021,1.6553
-4.0,-44.0,2021,0.2477
-2.75,-52.5,2021,1.2473
-7.5,-63.25,2021,6.7995
-7.25,-55.5,2021,13.9225
-7.25,-58.25,2021,0.5459
-10.0,-67.75,2021,1.5773
-7.75,-50.75,2021,0.7801
-1.75,-45.75,2021,1.536
-6.0,-71.5,2021,0.0771
-0.25,-60.75,2021,0.5097
-6.5,-50.25,2021,1.0309
-6.5,-58.75,2021,3.2321
-2.75,-50.5,2021,1.0781
-9.75,-60.0,2021,3.9751
-7.25,-54.75,2021,0.4297
-0.25,-67.0,2021,0.2229
-7.0,-57.25,2021,1.6613
-5.5,-45.25,2021,4.5769
-8.75,-71.5,2021,2.4795
-12.5,-61.75,2021,0.8891
-10.0,-56.75,2021,0.2796
-8.0,-72.0,2021,0.8115
-5.0,-51.0,2021,9.2625
0.25,-53.75,2021,0.144
-5.5,-49.0,2021,2.2599
-3.5,-49.25,2021,3.0298
-4.25,-54.0,2021,2.6328
-8.25,-49.75,2021,0.1554
-2.75,-51.25,2021,9.8802
-5.25,-50.5,2021,3.488
-7.0,-56.25,2021,1.4011
-5.0,-60.25,2021,1.2194
-5.25,-57.0,2021,1.3736
-12.25,-63.25,2021,4.5846
-9.0,-63.25,2021,1.3921
-10.5,-55.75,2021,0.1594
-9.25,-67.5,2021,7.5328
-3.5,-56.25,2021,0.3176
-1.25,-46.75,2021,0.1542
-7.0,-49.5,2021,0.6845
-1.75,-46.25,2021,1.0776
-6.25,-56.75,2021,0.8025
-4.75,-48.25,2021,1.7896
-4.5,-61.0,2021,1.711
-2.0,-59.5,2021,0.3416
-4.25,-47.0,2021,8.9409
-10.25,-63.0,2021,2.8925
-10.75,-58.75,2021,0.3331
-3.25,-54.25,2021,11.539
1.0,-60.75,2021,0.0665
-4.5,-61.25,2021,0.8089
-7.5,-61.75,2021,0.5747
-9.25,-65.75,2021,67.7867
-8.75,-67.5,2021,2.5855
-6.0,-44.5,2021,0.1122
-14.75,-60.25,2021,0.2644
-10.0,-58.25,2021,4.7939
-6.0,-44.25,2021,0.3879
-6.25,-46.25,2021,1.537
-6.0,-54.5,2021,2.1927
-1.0,-53.0,2021,1.33
-8.25,-63.5,2021,0.071
-6.5,-58.25,2021,8.6293
-3.5,-49.0,2021,7.5151
-4.5,-49.5,2021,4.4317
-1.0,-57.0,2021,0.0674
-7.75,-70.75,2021,0.9862
-2.25,-51.75,2021,0.4058
-12.0,-52.5,2021,4.6845
-12.0,-62.5,2021,1.4129
-2.75,-53.5,2021,4.5308
-7.5,-63.75,2021,4.9058
-11.5,-51.5,2021,0.7356
-5.5,-57.25,2021,3.0688
-2.25,-47.75,2021,1.0415
-11.75,-62.25,2021,0.3964
-11.0,-63.0,2021,1.6539
-9.25,-61.5,2021,7.5183
-9.75,-58.75,2021,0.5079
-5.0,-57.0,2021,1.3332
-11.5,-49.5,2021,0.1057
-12.5,-61.0,2021,0.1779
-2.25,-58.25,2021,0.2701
-6.25,-60.0,2021,5.1533
-7.0,-58.5,2021,0.3082
-4.0,-63.75,2021,0.6171
-2.25,-57.25,2021,0.9114
-6.0,-54.0,2021,2.8452
-3.25,-65.0,2021,1.334
-11.75,-51.75,2021,8.071
-12.0,-59.0,2021,1.9871
-6.5,-68.25,2021,0.2885
-1.5,-56.25,2021,0.7487
-4.75,-60.0,2021,0.0982
-6.0,-48.0,2021,0.4924
-1.25,-48.0,2021,0.9449
-5.75,-45.5,2021,5.2978
-1.25,-52.75,2021,1.1042
-14.5,-60.0,2021,0.4492
1.75,-69.0,2021,0.1103
-4.5,-64.25,2021,0.0653
-2.25,-48.25,2021,2.4068
0.25,-66.75,2021,0.1111
-10.0,-58.5,2021,2.0141
-9.0,-62.75,2021,1.92
-5.75,-61.5,2021,0.242
-10.25,-54.75,2021,1.089
-2.25,-49.0,2021,2.7759
-7.0,-69.75,2021,0.7336
-5.25,-55.75,2021,0.8066
-1.5,-48.5,2021,0.5423
-12.75,-52.0,2021,1.9596
-5.0,-60.5,2021,0.333
-1.5,-52.75,2021,1.0267
-6.5,-57.75,2021,2.8544
-14.25,-57.5,2021,0.4819
-3.0,-44.0,2021,0.6382
-9.5,-59.75,2021,7.6549
-5.5,-49.75,2021,1.7739
-1.0,-62.75,2021,0.0676
-8.0,-55.5,2021,8.962
-13.0,-53.5,2021,2.2868
-1.75,-60.75,2021,0.09
-3.75,-49.5,2021,1.8818
-3.0,-55.25,2021,0.0804
-0.75,-52.25,2021,0.9005
-8.75,-62.25,2021,10.1305
-9.5,-72.0,2021,0.0803
-8.5,-68.25,2021,1.1848
-3.25,-58.75,2021,0.67
-11.75,-55.5,2021,1.5941
-9.75,-69.25,2021,0.5622
1.25,-59.25,2021,0.8622
-8.25,-73.0,2021,1.0879
-6.25,-57.5,2021,1.1724
-12.0,-62.0,2021,0.8994
-4.0,-48.5,2021,2.2738
-3.0,-58.75,2021,0.3345
-7.5,-56.75,2021,0.9855
-5.25,-47.25,2021,0.4942
-4.5,-46.75,2021,1.6532
-6.25,-46.0,2021,0.8987
-9.25,-63.5,2021,12.5547
-6.5,-58.0,2021,1.411
-5.75,-54.5,2021,0.0788
0.75,-51.75,2021,0.487
-7.25,-56.75,2021,4.2229
-9.5,-51.5,2021,0.8164
-5.0,-44.5,2021,1.6529
-4.25,-70.0,2021,1.1051
-12.25,-63.0,2021,1.9095
-2.5,-52.25,2021,1.195
-11.0,-57.25,2021,0.3134
1.25,-69.0,2021,0.0702
-9.75,-54.75,2021,3.2984
-3.0,-52.25,2021,2.6664
-11.0,-59.25,2021,0.3918
-10.25,-63.25,2021,6.8316
-7.5,-50.75,2021,1.0835
-12.5,-58.5,2021,3.2251
-13.25,-60.75,2021,1.0201
-11.75,-63.75,2021,0.2835
-10.25,-50.75,2021,7.6689
-5.5,-56.0,2021,0.2941
-12.25,-55.5,2021,3.1435
-5.0,-55.0,2021,0.12
0.75,-67.25,2021,0.0961
-12.75,-60.5,2021,0.4563
-9.75,-61.75,2021,1.4992
-5.0,-48.75,2021,1.1602
-3.25,-47.5,2021,0.2264
2.75,-51.5,2021,0.2793
1.5,-51.0,2021,0.2063
-3.25,-46.5,2021,1.442
-6.25,-51.0,2021,2.8235
-6.5,-51.0,2021,0.2833
-12.25,-56.5,2021,2.3526
-12.75,-54.5,2021,1.2766
4.0,-61.75,2021,0.5483
-10.5,-54.75,2021,2.6115
-11.75,-55.75,2021,0.9797
-5.75,-48.5,2021,0.718
-6.75,-52.5,2021,4.4173
-3.25,-58.25,2021,0.096
-9.0,-48.0,2021,0.4217
-3.25,-44.0,2021,0.0719
-3.0,-52.0,2021,0.3635
-7.25,-50.5,2021,1.9205
-13.25,-53.25,2021,2.6079
-10.5,-59.25,2021,5.3037
-10.0,-52.5,2021,0.1604
-4.25,-63.25,2021,1.0842
-2.75,-54.0,2021,2.0507
-11.75,-63.25,2021,1.6813
-0.75,-60.0,2021,0.3202
-11.5,-62.25,2021,0.8831
-4.5,-69.75,2021,0.6976
-4.25,-56.0,2021,1.9833
-9.75,-49.75,2021,0.141
-2.5,-68.5,2021,0.425
-8.75,-50.25,2021,0.7674
-8.75,-71.75,2021,0.339
-0.25,-65.0,2021,0.5178
-12.0,-64.25,2021,1.6443
-2.0,-53.0,2021,0.2739
-7.5,-65.5,2021,0.0914
0.25,-69.75,2021,0.8426
-6.75,-64.75,2021,0.143
-6.5,-56.75,2021,1.1995
-2.25,-59.75,2021,0.2214
-6.5,-64.5,2021,0.1801
-1.25,-53.0,2021,1.796
-9.0,-72.0,2021,0.2173
-8.25,-49.5,2021,1.0117
-4.25,-47.5,2021,0.8675
-1.25,-52.5,2021,1.4474
-7.25,-57.25,2021,0.7934
1.75,-69.5,2021,0.2359
-5.0,-48.0,2021,2.3437
-7.75,-73.5,2021,0.5356
-2.25,-46.75,2021,0.3442
-3.5,-48.75,2021,1.9079
-3.5,-56.75,2021,0.646
0.0,-65.0,2021,0.234
-8.5,-69.25,2021,0.3828
-5.25,-45.75,2021,0.1229
-3.75,-63.25,2021,0.0888
-13.5,-61.5,2021,1.6719
1.75,-61.25,2021,0.0706
-10.75,-51.75,2021,0.7844
-6.75,-53.5,2021,5.5088
-4.5,-50.0,2021,1.4011
-12.5,-62.25,2021,0.8567
-5.25,-52.0,2021,4.8607
-12.25,-51.0,2021,0.487
-2.75,-58.5,2021,0.3207
-6.25,-51.5,2021,3.0159
-2.75,-60.0,2021,0.5866
-5.0,-47.75,2021,3.5752
-14.75,-57.25,2021,0.065
-9.25,-62.0,2021,3.325
1.25,-60.25,2021,0.9313
2.5,-64.0,2021,0.1362
-3.75,-65.25,2021,1.1124
-7.5,-61.25,2021,11.5213
-9.25,-58.5,2021,1.6032
-3.5,-60.0,2021,1.4842
-12.25,-57.5,2021,3.3365
-6.5,-55.75,2021,25.6929
-5.0,-67.0,2021,0.2321
-3.75,-59.0,2021,2.1528
-8.75,-55.25,2021,0.6006
-10.75,-54.0,2021,24.1311
-10.25,-55.0,2021,0.4637
-6.5,-54.75,2021,3.3962
-12.75,-56.0,2021,0.491
-9.75,-60.5,2021,10.7879
-13.5,-59.75,2021,0.1715
-8.25,-72.5,2021,0.1495
-11.25,-57.25,2021,0.6539
-3.25,-65.25,2021,1.3053
-8.25,-73.25,2021,0.4469
-7.0,-66.25,2021,0.5312
-2.5,-46.25,2021,0.3889
-8.0,-55.75,2021,0.0916
-9.25,-48.0,2021,0.2087
-7.25,-60.25,2021,7.6265
-12.75,-52.75,2021,0.1889
-5.25,-62.5,2021,0.2177
-10.0,-62.75,2021,2.745
-5.0,-48.25,2021,0.3271
-7.5,-50.0,2021,0.3509
-8.0,-63.0,2021,2.4813
-1.75,-46.75,2021,0.7827
-1.5,-50.25,2021,0.1582
-8.5,-50.25,2021,1.1226
-6.0,-50.25,2021,1.1178
-12.25,-62.75,2021,0.1722
-7.25,-58.0,2021,0.3698
-7.0,-50.25,2021,0.3005
-11.0,-57.0,2021,0.6998
-5.0,-59.25,2021,0.1074
-8.25,-73.5,2021,0.0784
-10.5,-65.25,2021,0.3814
-7.75,-63.75,2021,1.3281
-4.25,-49.5,2021,0.5755
-10.25,-58.75,2021,0.6864
-5.5,-48.25,2021,1.2084
-4.25,-49.25,2021,2.1583
-10.75,-62.0,2021,0.1621
-9.75,-55.75,2021,2.3145
1.75,-52.25,2021,0.3464
1.75,-60.5,2021,2.6548
-2.0,-50.75,2021,1.1535
-3.25,-52.25,2021,1.1157
-12.5,-56.75,2021,0.2262
1.25,-59.5,2021,7.0731
-2.5,-44.75,2021,0.0804
-9.75,-62.25,2021,1.1915
-2.5,-55.75,2021,0.5978
-7.25,-71.75,2021,0.6209
-4.75,-47.5,2021,0.3943
-8.75,-55.0,2021,1.6392
-6.0,-48.25,2021,0.6994
-5.75,-60.75,2021,0.3518
-15.25,-57.5,2021,5.1631
-7.25,-51.0,2021,0.6928
-8.75,-49.5,2021,0.0799
0.75,-57.5,2021,0.1548
-9.75,-55.5,2021,2.6334
-6.0,-45.75,2021,1.3134
-3.75,-66.0,2021,0.4776
2.5,-61.25,2021,1.5703
-10.5,-57.25,2021,15.7632
-2.25,-49.75,2021,0.6087
-15.0,-58.75,2021,4.0386
-1.0,-52.25,2021,1.4978
-1.75,-52.25,2021,1.1765
-8.0,-49.5,2021,0.3566
-13.75,-60.25,2021,1.0478
-2.25,-53.25,2021,0.3943
-4.75,-44.25,2021,0.9241
-6.0,-58.5,2021,0.9339
-10.5,-50.75,2021,0.5254
-3.75,-56.75,2021,0.9635
-13.5,-60.5,2021,1.589
-4.25,-59.75,2021,1.757
-2.5,-47.75,2021,2.3983
-1.5,-61.25,2021,0.1562
-5.75,-47.75,2021,0.378
-4.25,-46.0,2021,0.439
-9.25,-59.25,2021,3.2114
-3.0,-57.25,2021,0.9955
-2.75,-50.25,2021,0.4612
-4.25,-65.25,2021,1.1048
-10.25,-65.25,2021,1.2205
-13.25,-52.5,2021,0.582
-10.25,-55.25,2021,1.3535
-12.0,-61.25,2021,0.8707
-9.0,-60.25,2021,0.8237
-1.75,-48.75,2021,0.6254
2.5,-60.25,2021,0.6927
-7.75,-65.25,2021,0.0768
-9.25,-73.0,2021,0.0632
-10.75,-65.25,2021,0.8932
-3.75,-48.0,2021,4.271
-3.5,-66.0,2021,0.6673
-5.5,-52.5,2021,0.0678
-5.5,-44.75,2021,0.8173
-2.0,-50.25,2021,1.0866
-8.5,-49.25,2021,0.0748
-11.0,-62.25,2021,0.1621
-3.75,-64.0,2021,0.2389
-7.75,-64.5,2021,0.5067
-7.25,-50.0,2021,0.1182
-6.5,-63.25,2021,0.2241
-7.0,-49.25,2021,3.1939
-10.25,-57.0,2021,0.4662
-3.0,-57.5,2021,0.6139
-12.75,-52.5,2021,1.4569
-12.75,-61.5,2021,4.4926
-5.75,-53.75,2021,9.2462
-6.75,-60.25,2021,1.6308
-10.0,-55.0,2021,0.4964
-6.75,-58.5,2021,4.4915
1.5,-68.0,2021,0.1377
-12.5,-51.5,2021,0.0626
-4.25,-60.75,2021,0.535
-11.25,-62.0,2021,0.7706
-7.5,-64.0,2021,1.1767
-3.25,-59.25,2021,0.7185
-6.75,-51.25,2021,0.1212
-0.5,-52.25,2021,0.1991
-11.5,-55.25,2021,2.7837
-11.5,-61.5,2021,0.7035
-10.0,-55.75,2021,0.1459
-3.0,-60.0,2021,0.3259
-12.0,-54.5,2021,7.8921
-10.75,-57.25,2021,3.33
-9.5,-65.0,2021,0.7287
-8.0,-56.5,2021,0.2714
-5.5,-58.0,2021,0.2669
-5.25,-62.75,2021,0.2487
-1.75,-51.75,2021,0.2373
-12.0,-61.5,2021,0.0916
-11.25,-56.0,2021,3.4948
-6.0,-45.5,2021,0.9027
-10.0,-56.0,2021,0.7855
-13.75,-56.75,2021,6.7601
-11.75,-63.5,2021,0.7791
-14.75,-57.75,2021,0.3396
-2.5,-59.75,2021,0.2084
-7.5,-67.5,2021,0.8168
-6.75,-49.0,2021,0.6626
-3.0,-69.0,2021,0.6102
-10.0,-50.5,2021,10.1839
-7.25,-63.25,2021,2.4564
-9.75,-66.0,2021,1.644
-9.5,-55.75,2021,0.4488
1.75,-60.75,2021,1.6636
-9.0,-58.75,2021,1.742
-3.75,-62.25,2021,0.0718
-2.0,-49.5,2021,0.206
-16.25,-59.25,2021,0.221
-15.25,-59.75,2021,0.1694
-9.5,-72.25,2021,0.1646
-2.5,-51.25,2021,2.5658
-0.75,-52.5,2021,1.0373
-5.0,-45.5,2021,1.1073
-10.75,-57.0,2021,2.2833
-1.0,-52.75,2021,0.3791
-3.25,-60.75,2021,0.3057
-3.75,-48.5,2021,0.2698
-1.75,-49.5,2021,0.1021
-7.75,-52.25,2021,1.2446
-2.5,-59.5,2021,0.2842
-10.25,-52.0,2021,8.8059
-4.0,-48.25,2021,3.6634
-7.0,-57.0,2021,0.7845
-8.75,-50.5,2021,0.1149
-9.0,-65.75,2021,14.4549
-2.25,-49.5,2021,0.0811
-2.0,-59.25,2021,0.1173
-5.5,-44.5,2021,0.9617
0.5,-66.25,2021,0.0754
-8.0,-50.75,2021,0.0932
-2.75,-66.75,2021,0.4088
-10.0,-52.75,2021,4.5885
-2.5,-60.25,2021,0.0682
4.0,-64.5,2021,0.4103
5.25,-60.5,2021,0.3374
-9.0,-59.5,2021,10.9489
-7.5,-57.75,2021,1.5848
-6.25,-48.0,2021,0.565
-6.75,-48.0,2021,2.5366
-5.75,-64.5,2021,0.4186
-6.5,-50.5,2021,0.1785
-9.25,-51.75,2021,2.0482
-12.0,-57.0,2021,1.157
-3.5,-68.75,2021,0.1197
-7.75,-62.5,2021,1.9094
2.0,-61.25,2021,1.4544
-13.25,-57.0,2021,0.6169
-1.0,-48.5,2021,0.1284
-11.25,-62.5,2021,0.8856
-3.0,-61.5,2021,0.5292
-4.0,-64.75,2021,0.1421
-10.25,-69.5,2021,0.3174
-10.5,-70.0,2021,0.4677
-1.5,-51.5,2021,0.7827
-7.25,-49.0,2021,0.1311
-5.25,-56.25,2021,2.6315
-12.25,-61.5,2021,1.359
-11.0,-55.25,2021,5.5422
-4.5,-60.5,2021,0.16
-4.0,-58.5,2021,0.4278
-7.0,-51.5,2021,0.5255
-3.25,-52.0,2021,0.5423
-8.5,-67.5,2021,2.2007
-11.75,-56.5,2021,8.1545
-9.75,-54.0,2021,0.3297
1.0,-67.25,2021,0.1928
-13.75,-51.5,2021,0.4625
-5.25,-45.5,2021,0.3803
-7.25,-72.25,2021,0.4855
-9.5,-55.25,2021,0.6223
-10.0,-66.5,2021,0.0689
-12.5,-60.5,2021,0.6727
-5.0,-56.75,2021,0.0753
-8.5,-60.5,2021,3.8401
-1.25,-52.25,2021,0.2306
-11.0,-54.0,2021,25.7856
-5.25,-47.0,2021,1.8748
-3.25,-58.0,2021,0.8689
-7.25,-69.75,2021,0.6329
-10.5,-56.5,2021,0.3779
-2.75,-48.0,2021,3.3645
-11.0,-55.5,2021,0.3761
-13.25,-60.5,2021,0.3952
-7.0,-60.75,2021,0.0812
-15.25,-59.0,2021,4.1737
-1.25,-47.25,2021,0.5213
0.5,-50.75,2021,0.0752
-8.25,-50.5,2021,0.1509
-6.25,-47.75,2021,0.5105
-6.5,-51.25,2021,0.3221
-14.75,-57.5,2021,1.2069
-12.5,-57.5,2021,2.1742
-14.0,-56.75,2021,4.3481
-13.0,-60.5,2021,0.3403
-1.75,-57.5,2021,0.0635
-7.5,-64.25,2021,11.8671
-2.25,-50.0,2021,0.8406
-10.25,-62.5,2021,0.8737
-2.25,-55.25,2021,0.1654
-5.0,-52.0,2021,2.4772
-10.25,-62.25,2021,0.7088
-4.0,-58.75,2021,0.0949
-11.75,-58.0,2021,0.7839
-4.75,-46.0,2021,0.5561
-1.75,-61.5,2021,0.0646
-4.75,-44.0,2021,1.0275
-7.0,-50.75,2021,0.7747
2.25,-51.75,2021,0.1596
-2.0,-47.75,2021,0.1868
-6.25,-64.25,2021,1.2056
-5.0,-49.0,2021,0.9083
-6.25,-68.25,2021,0.2703
-16.0,-59.5,2021,0.3628
-5.5,-47.25,2021,0.7867
0.5,-67.25,2021,0.1101
-10.5,-59.0,2021,1.1957
-9.5,-55.0,2021,0.203
-2.25,-52.5,2021,0.3905
-3.0,-60.75,2021,0.4529
3.0,-60.5,2021,0.8337
0.75,-51.5,2021,0.3075
-10.0,-54.25,2021,1.0959
-5.0,-58.5,2021,0.6815
-4.25,-54.5,2021,2.4362
-12.25,-53.25,2021,0.59
-6.75,-50.25,2021,0.6473
-12.5,-53.0,2021,0.2066
-5.5,-46.5,2021,0.1565
-10.75,-57.5,2021,6.7456
3.75,-63.25,2021,0.0638
-9.5,-56.5,2021,0.4148
-14.25,-60.25,2021,0.5591
-6.75,-68.25,2021,0.109
-10.5,-54.0,2021,6.1162
-1.5,-56.5,2021,1.6222
-8.0,-64.0,2021,1.79
-1.0,-52.0,2021,0.5985
1.0,-59.25,2021,0.1959
-6.75,-56.0,2021,0.5831
-3.75,-44.25,2021,1.3271
-6.25,-48.75,2021,0.0665
-6.0,-53.0,2021,5.2031
-1.0,-56.0,2021,0.2846
-3.0,-69.25,2021,0.0696
2.25,-63.25,2021,0.1978
-1.75,-61.0,2021,0.0739
-11.25,-62.25,2021,0.6725
-13.0,-53.25,2021,4.5095
-9.0,-50.5,2021,0.4103
-3.5,-61.25,2021,1.2442
-2.0,-45.25,2021,0.1486
-3.25,-61.0,2021,0.6453
-1.5,-47.5,2021,0.6363
-2.25,-46.25,2021,0.5542
-3.5,-61.5,2021,0.3722
-11.75,-52.5,2021,0.6699
-4.25,-44.0,2021,1.6281
-3.0,-68.0,2021,0.9657
-11.75,-62.0,2021,0.7182
-3.25,-44.5,2021,0.1174
-15.5,-58.0,2021,0.5842
-9.75,-50.5,2021,1.9707
-1.0,-57.5,2021,0.278
-5.75,-46.75,2021,0.315
-10.5,-65.0,2021,0.2654
-13.25,-52.25,2021,1.9228
-1.0,-47.25,2021,0.7889
3.5,-63.75,2021,0.4935
-10.0,-51.25,2021,1.0339
-3.0,-56.75,2021,0.2035
4.5,-61.0,2021,0.2474
-5.75,-50.5,2021,0.4653
-7.25,-63.0,2021,2.7466
-10.5,-61.0,2021,0.0763
-2.5,-58.25,2021,0.2286
-11.25,-61.75,2021,0.7732
-1.75,-47.5,2021,0.494
0.0,-57.0,2021,0.0714
-7.25,-68.0,2021,0.1267
-8.0,-72.75,2021,0.5627
-6.5,-69.5,2021,0.2988
-9.75,-58.25,2021,10.2454
-1.75,-59.75,2021,0.0812
-11.25,-56.5,2021,1.09
-15.5,-57.75,2021,1.0722
-11.75,-57.0,2021,0.5854
-4.0,-61.5,2021,0.0644
-7.0,-58.25,2021,0.1521
-9.0,-71.0,2021,1.3462
0.5,-60.75,2021,0.362
-9.25,-64.0,2021,0.2791
0.0,-69.75,2021,0.0669
-12.25,-58.0,2021,1.4022
-11.25,-58.0,2021,0.1893
-11.5,-55.5,2021,0.3502
-1.25,-46.25,2021,0.1671
-9.0,-66.25,2021,4.1269
-6.25,-50.0,2021,0.151
1.5,-55.75,2021,0.0855
-4.75,-51.25,2021,0.3528
-1.0,-53.25,2021,0.2549
-1.75,-57.25,2021,0.3305
-2.5,-55.0,2021,0.2964
-3.5,-55.25,2021,0.3397
-2.25,-54.0,2021,0.91
-6.0,-54.25,2021,0.4387
-9.25,-51.25,2021,0.7456
-10.0,-52.25,2021,3.9885
-2.0,-53.25,2021,0.6723
-10.75,-61.75,2021,0.8825
-3.75,-62.0,2021,0.6314
-4.25,-63.5,2021,0.163
-6.5,-47.0,2021,0.5376
-10.5,-60.5,2021,2.3199
-6.5,-49.0,2021,0.0744
-7.25,-73.25,2021,1.2993
-9.0,-61.0,2021,5.6835
1.0,-51.25,2021,0.1838
-14.5,-56.75,2021,2.1133
1.5,-69.0,2021,0.2355
-8.5,-50.5,2021,0.1841
-15.0,-57.0,2021,0.0777
-3.0,-61.0,2021,0.2431
-7.0,-48.75,2021,0.7898
-11.0,-57.75,2021,2.3464
-10.5,-58.5,2021,0.1044
-13.0,-61.25,2021,0.0631
-10.25,-55.5,2021,0.2166
-12.75,-54.0,2021,7.4894
-6.25,-49.0,2021,0.7274
-6.25,-50.75,2021,0.1817
1.25,-54.75,2021,0.0666
-1.5,-48.0,2021,0.5663
-2.25,-68.75,2021,0.4462
-7.5,-54.75,2021,0.2007
-8.25,-49.25,2021,0.4483
-6.5,-48.75,2021,0.4903
-6.5,-62.5,2021,0.1516
-4.5,-59.75,2021,0.2549
-4.5,-71.5,2021,0.0716
-9.25,-48.75,2021,0.1372
-3.0,-47.5,2021,0.2063
-1.0,-53.5,2021,0.829
-5.5,-60.75,2021,0.8805
-7.25,-52.25,2021,2.2635
-11.5,-52.0,2021,4.8127
-6.25,-50.5,2021,0.088
-2.75,-60.75,2021,0.0657
-5.5,-57.5,2021,0.3006
-4.0,-52.5,2021,0.2769
-1.75,-52.5,2021,0.2585
-10.5,-51.0,2021,0.7311
-8.5,-51.0,2021,0.1835
-9.0,-60.75,2021,3.7962
-8.5,-50.0,2021,0.3013
-2.0,-45.5,2021,0.5187
-6.5,-51.75,2021,3.1502
-2.0,-57.25,2021,0.5381
-1.0,-63.0,2021,0.0753
-3.0,-53.5,2021,1.0392
-5.5,-56.25,2021,0.0629
-0.25,-55.75,2021,0.0698
0.5,-70.0,2021,0.0785
-11.75,-61.0,2021,0.539
-10.75,-62.5,2021,0.4849
-7.0,-61.0,2021,0.2132
-1.0,-54.0,2021,1.2622
-2.25,-68.5,2021,0.6894
-10.5,-59.75,2021,0.3972
-7.25,-56.0,2021,0.32
-3.25,-57.25,2021,0.0887
-0.75,-60.25,2021,0.0958
-1.0,-47.75,2021,0.1941
-9.0,-69.75,2021,0.2443
-10.5,-50.5,2021,0.0703
-7.5,-58.0,2021,0.3905
-4.0,-60.0,2021,0.2925
-1.25,-50.0,2021,0.2475
-14.25,-59.75,2021,0.0781
-4.0,-55.0,2021,1.1203
-9.25,-64.75,2021,0.7572
-12.75,-56.75,2021,4.6794
-3.5,-45.5,2021,0.0834
0.25,-51.5,2021,0.0646
-5.25,-48.25,2021,0.6657
0.75,-50.75,2021,0.5432
-11.75,-49.75,2021,1.1421
3.75,-62.0,2021,2.7308
-3.75,-69.25,2021,0.2034
-5.75,-59.25,2021,0.3872
-6.5,-69.75,2021,0.3438
-6.0,-56.75,2021,1.1253
0.75,-57.0,2021,0.2068
-8.25,-51.5,2021,1.8884
-1.0,-57.75,2021,0.167
-3.0,-58.5,2021,0.5293
-2.75,-47.0,2021,0.5924
-11.0,-70.0,2021,0.1401
-9.0,-57.5,2021,0.4514
-4.75,-67.0,2021,0.1296
1.5,-69.5,2021,0.0882
-15.25,-59.25,2021,0.0735
-7.5,-59.75,2021,6.3911
0.5,-51.25,2021,0.1326
-7.5,-67.25,2021,0.5507
-0.5,-65.0,2021,0.4376
-12.25,-55.25,2021,4.3409
-10.75,-59.5,2021,0.7307
-11.0,-65.25,2021,0.273
-7.25,-52.5,2021,3.6937
-8.75,-49.25,2021,0.2863
-9.0,-54.5,2021,0.8616
-13.5,-56.25,2021,0.117
-5.25,-49.25,2021,1.0332
-6.0,-47.25,2021,0.4635
-6.75,-49.75,2021,0.676
-6.25,-71.75,2021,0.0669
-7.75,-62.25,2021,0.4196
-7.5,-48.75,2021,0.0935
-13.5,-54.25,2021,1.9918
-14.25,-57.25,2021,2.3289
-8.25,-67.25,2021,0.6883
-10.0,-51.0,2021,7.7113
-8.0,-73.25,2021,0.1653
-9.5,-71.0,2021,0.1745
-11.75,-64.75,2021,2.9962
-1.25,-55.25,2021,1.1071
0.0,-58.0,2021,0.0657
-6.75,-51.5,2021,0.3289
-2.75,-57.0,2021,0.3304
-12.5,-56.5,2021,0.6465
-4.0,-57.0,2021,0.0646
-9.5,-56.0,2021,7.0769
-6.25,-47.25,2021,0.5405
-15.25,-58.75,2021,0.1241
3.25,-51.75,2021,0.0694
-2.0,-57.0,2021,0.4056
-10.75,-58.25,2021,0.2056
-1.5,-57.75,2021,0.1579
-5.75,-54.25,2021,0.2132
-9.0,-57.0,2021,0.5952
-1.5,-48.25,2021,0.5507
-8.25,-50.75,2021,0.4883
-6.75,-50.0,2021,0.3704
-7.5,-56.5,2021,2.9479
-12.75,-54.25,2021,2.0614
-11.25,-65.0,2021,0.1201
-10.0,-51.75,2021,0.6202
-9.0,-58.5,2021,0.0767
-2.5,-45.0,2021,0.2589
-4.0,-51.5,2021,0.3987
-3.75,-63.75,2021,0.0654
-12.25,-53.5,2021,0.6087
-11.75,-61.75,2021,0.9283
1.25,-60.75,2021,3.5004
-2.25,-44.5,2021,0.0802
-4.0,-53.0,2021,0.0643
-6.25,-47.0,2021,0.0837
-5.0,-60.0,2021,0.1825
-9.0,-64.75,2021,0.1132
-9.75,-57.5,2021,0.6825
-13.25,-54.5,2021,0.1663
-13.75,-56.0,2021,0.0646
-12.0,-65.0,2021,0.1793
-3.5,-45.25,2021,0.7175
-6.75,-49.25,2021,0.2167
-2.75,-60.25,2021,0.537
-8.5,-73.0,2021,0.1551
-9.75,-51.5,2021,0.8181
-15.25,-58.25,2021,0.0684
-6.75,-69.25,2021,0.2191
-12.25,-59.25,2021,0.2809
-8.0,-49.75,2021,0.2925
-5.25,-63.5,2021,0.1308
-6.5,-68.0,2021,0.1737
-9.75,-56.25,2021,0.8013
-5.75,-65.5,2021,0.1971
-2.5,-46.5,2021,0.0768
-1.0,-48.75,2021,0.3934
-3.75,-57.0,2021,0.5042
-13.0,-58.0,2021,0.1083
-7.25,-72.0,2021,0.0773
-2.5,-55.25,2021,0.1743
-2.0,-45.75,2021,0.1606
-9.0,-72.25,2021,0.2458
-2.25,-69.0,2021,0.1444
-4.75,-49.0,2021,0.3817
-2.25,-54.5,2021,0.1461
-4.75,-56.5,2021,0.0817
-10.25,-50.5,2021,1.001
-0.5,-64.0,2021,0.0843
-8.0,-68.25,2021,0.2194
-7.75,-71.5,2021,0.1369
-10.5,-60.75,2021,0.2223
-5.0,-44.75,2021,0.8193
-4.25,-52.25,2021,0.408
-9.5,-51.0,2021,0.2069
-4.5,-44.5,2021,0.3001
-6.75,-62.5,2021,0.1064
-11.5,-49.75,2021,0.3111
-5.25,-56.5,2021,0.0923
-0.75,-58.0,2021,0.1074
-12.0,-55.0,2021,2.2823
-7.75,-66.5,2021,0.1893
-6.5,-52.25,2021,0.4033
-1.5,-50.75,2021,0.1798
-8.0,-56.75,2021,0.5704
-8.25,-71.75,2021,0.2694
-3.5,-60.5,2021,0.5786
-0.5,-66.5,2021,0.0683
-8.0,-66.0,2021,0.1568
-14.0,-59.0,2021,0.5963
-1.5,-60.5,2021,1.6309
-6.5,-47.75,2021,1.1806
-11.0,-57.5,2021,0.6398
-12.75,-53.0,2021,0.1101
3.25,-61.0,2021,0.2451
-1.75,-47.75,2021,0.6012
-6.25,-48.25,2021,0.1459
1.0,-50.5,2021,0.1888
-13.5,-56.75,2021,1.4467
-7.0,-48.0,2021,0.0743
-4.0,-66.0,2021,0.0759
2.5,-51.5,2021,0.1241
-3.0,-46.75,2021,0.1434
-2.75,-47.5,2021,1.708
-3.5,-44.75,2021,0.0922
-7.25,-60.75,2021,1.3744
-5.25,-51.75,2021,0.4836
-7.0,-52.0,2021,0.6997
-2.75,-47.25,2021,0.393
-7.25,-61.5,2021,0.2045
1.5,-56.0,2021,0.0631
-1.25,-55.5,2021,1.4018
-2.25,-58.0,2021,0.1468
-13.5,-60.25,2021,1.8753
-10.0,-50.75,2021,0.4717
3.0,-51.5,2021,0.0817
-6.0,-54.75,2021,0.0858
-15.0,-58.5,2021,3.9121
-1.25,-48.25,2021,0.3552
-2.25,-60.0,2021,0.4858
-7.5,-49.25,2021,0.1611
-2.75,-49.5,2021,0.3505
-6.5,-57.0,2021,0.145
-9.25,-49.25,2021,0.1011
-5.75,-68.0,2021,0.1219
-1.25,-57.25,2021,0.1098
-2.75,-65.75,2021,0.2642
2.0,-61.75,2021,0.1553
3.0,-60.25,2021,0.0956
-7.75,-52.0,2021,0.1967
-6.75,-50.5,2021,0.7234
-7.75,-57.75,2021,0.069
-7.75,-65.5,2021,0.0814
-2.5,-68.75,2021,0.1292
-10.25,-51.0,2021,0.1605
-3.25,-46.0,2021,0.158
-4.5,-70.25,2021,0.4017
-7.75,-66.75,2021,1.7507
-11.25,-55.75,2021,2.7575
-7.5,-70.5,2021,0.1679
-12.5,-53.25,2021,0.2795
-5.75,-64.75,2021,0.4199
-6.0,-46.0,2021,0.996
-3.75,-56.25,2021,0.0864
-7.75,-64.75,2021,0.1397
-15.0,-57.5,2021,0.2704
-3.5,-58.25,2021,0.4274
-5.5,-56.5,2021,0.2136
-3.25,-55.5,2021,0.0656
-5.75,-44.75,2021,0.8385
-1.5,-60.0,2021,0.6306
-8.5,-47.25,2021,0.1312
-3.25,-60.5,2021,0.5325
-7.5,-62.25,2021,0.3179
-4.75,-61.25,2021,0.1402
-12.25,-62.25,2021,0.7102
-2.25,-58.5,2021,0.0825
-14.5,-57.75,2021,0.0725
0.5,-68.5,2021,0.072
-12.5,-55.5,2021,0.3557
-13.25,-61.25,2021,0.6738
3.0,-60.0,2021,0.0738
-7.0,-51.75,2021,0.3359
-2.25,-51.25,2021,0.339
-10.5,-61.5,2021,0.09
-4.25,-52.0,2021,1.0405
-12.25,-59.75,2021,0.5432
-13.0,-52.25,2021,0.0839
-9.5,-65.25,2021,2.1939
-3.5,-56.5,2021,0.07
2.75,-63.5,2021,0.1032
-11.25,-58.5,2021,0.5699
-7.5,-56.0,2021,0.4047
-3.75,-69.5,2021,0.1552
-6.5,-47.25,2021,2.2607
-8.0,-49.25,2021,0.3803
-4.0,-46.25,2021,0.1261
-4.5,-48.0,2021,0.4637
-4.0,-69.25,2021,0.4355
1.75,-62.25,2021,0.0754
-6.75,-64.5,2021,1.0455
-6.75,-70.5,2021,0.2093
-13.5,-57.25,2021,1.3074
-9.25,-66.75,2021,0.6338
-15.75,-55.75,2021,0.606
-12.25,-51.5,2021,0.1055
-2.25,-47.0,2021,0.0818
-13.0,-53.75,2021,0.414
-6.75,-67.0,2021,0.0656
-5.5,-63.0,2021,0.1439
-2.75,-50.75,2021,0.066
-7.75,-55.75,2021,0.1293
-11.0,-49.75,2021,4.3758
1.25,-68.0,2021,0.077
3.25,-63.75,2021,0.0628
-6.0,-49.5,2021,0.6082
-9.0,-48.75,2021,0.1464
-7.75,-62.75,2021,0.2103
-11.25,-52.75,2021,5.2151
-1.0,-48.25,2021,0.0815
-7.5,-67.75,2021,0.598
-6.75,-64.25,2021,0.3392
-10.5,-62.5,2021,0.1548
-2.0,-67.75,2021,0.1111
-3.25,-65.75,2021,0.083
-5.75,-56.0,2021,0.1404
-15.0,-58.25,2021,1.4908
-14.5,-59.5,2021,0.2518
-16.75,-54.75,2021,0.0659
-7.25,-69.0,2021,0.0633
-5.25,-47.5,2021,0.3332
-14.0,-60.0,2021,0.0641
-6.25,-45.0,2021,0.0669
-11.0,-58.75,2021,0.3324
-12.75,-53.25,2021,0.1023
-5.5,-54.5,2021,0.3942
-9.5,-50.5,2021,0.1073
-3.25,-46.25,2021,0.124
-10.0,-53.5,2021,0.1645
-2.75,-45.5,2021,0.08
-4.0,-68.75,2021,0.0754
-6.0,-59.75,2021,6.0704
-12.5,-55.25,2021,7.5584
-11.75,-54.75,2021,5.0942
-6.0,-61.75,2021,1.0983
-13.0,-57.0,2021,2.4179
-7.0,-64.25,2021,0.157
-7.75,-67.5,2021,0.3493
-9.0,-55.0,2021,0.2034
-3.5,-62.0,2021,0.1522
-13.5,-53.25,2021,0.1248
-9.75,-51.0,2021,0.1314
-4.0,-44.25,2021,0.0666
-3.5,-48.0,2021,0.5469
-8.5,-57.75,2021,0.1823
0.75,-65.0,2021,0.1077
-6.0,-48.75,2021,0.1269
-9.25,-56.0,2021,0.2693
0.5,-69.25,2021,0.2951
-7.25,-51.75,2021,0.206
-11.0,-55.75,2021,0.3181
-15.25,-52.0,2021,0.0671
-7.25,-61.25,2021,0.411
2.75,-61.0,2021,0.4883
-9.25,-69.25,2021,0.5534
-16.0,-59.75,2021,0.2001
-1.0,-58.0,2021,0.0655
-10.5,-55.5,2021,2.4973
-3.5,-62.25,2021,0.3297
-5.0,-63.0,2021,0.0784
-2.5,-46.75,2021,0.1511
-3.75,-47.0,2021,0.1185
-2.75,-52.75,2021,1.0135
-5.25,-73.0,2021,0.118
-9.25,-70.25,2021,0.1804
-15.25,-59.5,2021,0.4703
-11.75,-51.5,2021,1.1773
-4.75,-71.5,2021,0.092
-2.5,-65.0,2021,0.1077
-11.75,-57.25,2021,0.625
-6.25,-63.5,2021,0.1038
-11.5,-53.5,2021,0.0631
-12.75,-58.5,2021,0.0635
-13.75,-59.25,2021,0.0672
-12.25,-62.5,2021,0.0837
-13.0,-55.0,2021,4.8449
0.0,-51.25,2021,0.0704
-12.0,-58.0,2021,0.5744
-12.75,-51.5,2021,0.1255
-1.75,-47.0,2021,0.3181
-12.75,-56.5,2021,0.5183
-12.25,-54.75,2021,1.4173
-0.5,-64.75,2021,0.1018
-6.5,-57.25,2021,0.3904
-2.25,-53.0,2021,0.3911
-12.0,-56.25,2021,1.0495
-13.0,-57.25,2021,0.2218
-2.5,-57.25,2021,0.1503
-4.25,-61.0,2021,0.5764
0.75,-50.5,2021,0.1062
1.0,-50.75,2021,0.0976
-15.25,-60.0,2021,0.3225
-2.25,-55.75,2021,0.1511
-10.75,-53.5,2021,0.2886
-3.25,-48.25,2021,0.1183
-10.75,-60.75,2021,0.2451
-9.0,-49.25,2021,0.6708
-4.75,-59.5,2021,0.1617
-3.0,-58.0,2021,0.0676
-11.25,-52.25,2021,0.0876
-0.25,-51.75,2021,0.0785
-7.5,-68.0,2021,0.1499
-3.25,-65.5,2021,0.1777
-13.25,-57.5,2021,0.1604
-12.0,-58.25,2021,0.6805
-6.25,-68.5,2021,0.0627
-3.75,-64.75,2021,0.3422
-9.5,-61.5,2021,4.203
-1.5,-46.75,2021,0.0674
-10.5,-56.0,2021,0.8265
-7.25,-68.25,2021,0.0727
-11.5,-58.25,2021,0.0682
-12.5,-58.0,2021,0.15
-0.75,-47.0,2021,0.0708
-1.0,-50.0,2021,0.4074
-1.5,-54.0,2021,1.2402
-10.75,-54.25,2021,0.9135
-1.75,-65.75,2021,0.2247
-8.25,-51.25,2021,0.3813
-13.0,-62.0,2021,0.3018
-8.75,-49.75,2021,0.1329
-13.25,-53.5,2021,1.1482
-11.5,-56.5,2021,9.7432
-13.25,-55.5,2021,0.0983
-9.5,-56.25,2021,0.7237
-3.25,-45.25,2021,0.2361
-10.0,-59.0,2021,0.1268
-3.25,-45.0,2021,0.2296
-12.0,-64.75,2021,0.19
-3.25,-69.25,2021,0.1849
-5.75,-49.5,2021,0.2211
-8.5,-56.25,2021,0.3631
-15.25,-57.25,2021,0.076
-2.25,-58.75,2021,0.0947
-3.5,-62.75,2021,0.0693
-5.75,-58.5,2021,0.0989
-7.25,-57.0,2021,0.1036
-7.75,-50.0,2021,0.096
-13.25,-56.5,2021,0.1168
-10.0,-61.5,2021,1.2978
-5.5,-45.5,2021,0.5134
-4.5,-48.25,2021,1.011
-6.0,-45.25,2021,0.0871
-7.0,-72.25,2021,0.0904
-0.5,-52.0,2021,0.288
-12.0,-54.0,2021,7.3745
-2.5,-57.0,2021,0.095
-8.0,-67.0,2021,0.198
-6.5,-47.5,2021,0.7249
-1.0,-62.0,2021,0.0918
-13.5,-55.25,2021,8.4042
-8.25,-51.75,2021,0.1066
-7.5,-61.0,2021,4.9074
-1.75,-50.0,2021,0.2488
-0.5,-64.5,2021,0.1645
-4.5,-66.75,2021,0.0841
-2.75,-61.0,2021,0.1365
-15.5,-55.0,2021,0.1368
-9.0,-51.75,2021,1.5816
-6.25,-62.0,2021,0.1824
-6.5,-50.0,2021,0.5159
0.75,-56.75,2021,0.0872
-4.0,-61.0,2021,0.0807
-5.25,-56.75,2021,0.2584
-6.25,-48.5,2021,0.1874
-11.5,-62.5,2021,0.3496
1.25,-63.5,2021,0.0759
1.75,-67.5,2021,0.1922
-0.5,-65.25,2021,0.0753
-0.75,-53.0,2021,0.1584
-6.5,-61.75,2021,0.352
-7.75,-60.75,2021,0.0842
-11.0,-55.0,2021,0.2213
-13.5,-53.75,2021,0.2672
4.5,-60.75,2021,0.0695
-1.5,-45.75,2021,1.4784
-13.25,-60.25,2021,0.1618
-1.25,-55.0,2021,0.3227
-2.5,-60.75,2021,0.0919
-11.5,-53.75,2021,0.0666
-5.75,-65.75,2021,0.1085
-7.5,-57.0,2021,1.5894
-13.0,-54.0,2021,0.6762
-1.75,-65.25,2021,0.1108
-6.25,-68.0,2021,0.1097
-9.5,-50.75,2021,0.4868
-3.25,-63.5,2021,0.0691
-14.5,-57.0,2021,0.2764
-11.0,-61.75,2021,0.1123
-3.5,-64.25,2021,0.163
-10.5,-57.0,2021,0.1327
-8.5,-48.5,2021,0.0783
-6.25,-58.5,2021,0.0958
-2.25,-57.5,2021,0.0731
-5.25,-46.5,2021,0.0682
-12.0,-54.75,2021,3.9072
-10.25,-56.0,2021,0.1515
-11.25,-64.75,2021,0.105
-13.75,-60.75,2021,0.487
-10.5,-51.5,2021,0.1949
-6.25,-61.5,2021,0.1399
-11.0,-52.5,2021,0.007
-2.0,-56.25,2021,0.2683
-7.25,-50.25,2021,0.0905
-15.5,-58.25,2021,0.0819
2.0,-55.0,2021,0.135
-2.5,-45.75,2021,0.2154
-8.5,-55.75,2021,0.0709
-12.25,-52.0,2021,0.0762
4.0,-62.0,2021,0.3715
2.25,-56.0,2021,0.0798
-1.75,-49.25,2021,0.168
-1.0,-50.75,2021,0.0706
-9.25,-72.5,2021,0.0728
-11.0,-56.25,2021,0.1885
-2.0,-47.0,2021,0.0638
-15.25,-57.75,2021,0.0847
-11.75,-51.25,2021,0.6965
-4.5,-71.0,2021,0.0788
-14.75,-57.0,2021,0.084
-4.25,-67.5,2021,0.1151
-8.25,-72.0,2021,0.2277
-8.0,-65.25,2021,0.7551
-12.0,-62.75,2021,0.3376
-8.25,-65.75,2021,0.1589
-5.75,-64.0,2021,0.1217
-6.0,-47.75,2021,0.0975
-3.75,-61.5,2021,0.1434
-7.75,-49.25,2021,0.0798
-7.25,-53.0,2021,0.3029
-2.5,-53.0,2021,0.1622
-12.5,-54.0,2021,2.4302
-6.75,-58.25,2021,1.9069
-10.0,-50.0,2021,0.0757
-2.5,-55.5,2021,0.0654
-0.25,-66.25,2021,0.0647
-3.25,-55.25,2021,0.0788
-11.25,-57.0,2021,0.1707
-4.5,-49.0,2021,0.1973
1.25,-52.5,2021,0.0864
0.5,-59.5,2021,0.1642
-10.5,-55.0,2021,0.3727
2.0,-61.0,2021,0.0713
0.25,-70.0,2021,0.2429
-1.0,-47.0,2021,0.0896
-6.5,-54.0,2021,0.0986
-3.75,-58.25,2021,0.282
-15.75,-59.5,2021,0.0718
-10.75,-52.25,2021,0.206
-5.75,-60.0,2021,8.8898
-0.75,-53.25,2021,0.2091
-8.0,-73.5,2021,0.0837
-2.0,-48.0,2021,0.498
-14.75,-55.25,2021,0.0662
-11.25,-53.25,2021,0.0649
-5.5,-58.25,2021,0.0677
-7.75,-49.0,2021,0.1458
2.0,-59.75,2021,0.0637
-3.5,-64.0,2021,0.0637
-8.25,-50.25,2021,0.1164
-10.0,-56.5,2021,0.1598
-12.0,-52.0,2021,0.7537
-1.5,-51.75,2021,0.1989
-2.0,-51.5,2021,0.1305
-8.5,-51.5,2021,0.1013
-2.0,-68.0,2021,0.1533
-13.75,-57.75,2021,3.9659
-16.25,-58.25,2021,0.2768
-6.75,-70.75,2021,0.1703
-13.25,-51.75,2021,0.0822
-6.75,-72.0,2021,0.0947
-8.5,-61.25,2021,0.1397
-5.0,-55.25,2021,0.1088
-11.75,-56.0,2021,1.9605
-12.5,-53.75,2021,0.1166
-11.25,-63.0,2021,0.1304
-5.75,-60.5,2021,0.0937
-1.5,-61.0,2021,0.0783
-8.5,-51.25,2021,0.1601
-5.75,-61.75,2021,0.0639
-5.25,-48.0,2021,0.1856
-3.75,-46.5,2021,0.0679
-7.25,-56.25,2021,0.7712
-7.5,-71.0,2021,0.0737
-3.75,-63.5,2021,0.1745
-9.25,-69.5,2021,0.1073
1.75,-51.0,2021,0.217
-8.75,-68.5,2021,0.0891
-7.75,-66.0,2021,0.0705
-3.75,-68.5,2021,0.0717
-5.5,-54.25,2021,0.2568
-1.75,-50.75,2021,0.1112
-11.75,-54.0,2021,1.9872
-8.25,-65.5,2021,0.103
-2.0,-60.25,2021,0.0644
0.0,-51.75,2021,0.2627
-12.75,-51.0,2021,0.1069
-13.0,-57.75,2021,0.0774
-8.0,-61.0,2021,0.0941
-14.25,-56.25,2021,0.2681
-9.5,-54.25,2021,0.1597
-1.25,-49.75,2021,0.1092
-1.75,-47.25,2021,0.1921
-6.0,-64.5,2021,0.0713
-10.25,-61.5,2021,0.3735
-6.0,-55.0,2021,0.0757
-4.75,-58.5,2021,0.2381
-3.0,-46.0,2021,0.0853
-6.5,-59.0,2021,0.121
0.5,-69.5,2021,0.1699
-5.75,-69.5,2021,0.1818
-14.5,-57.25,2021,0.1502
-12.75,-61.75,2021,0.1481
-1.75,-61.75,2021,0.0658
-5.0,-50.25,2021,0.1611
-3.75,-48.75,2021,0.3774
-4.75,-54.0,2021,0.1124
-13.75,-60.0,2021,0.1459
-15.0,-57.25,2021,0.1342
-0.25,-61.0,2021,0.1498
-10.25,-52.25,2021,0.8875
-7.75,-73.25,2021,0.2188
-12.0,-58.5,2021,0.0662
-11.5,-58.0,2021,0.8929
-4.5,-63.25,2021,0.135
-6.75,-71.0,2021,0.0693
-3.5,-47.75,2021,0.1012
-11.5,-58.5,2021,0.1167
-3.75,-66.5,2021,0.0808
-8.5,-72.25,2021,0.0909
-16.0,-59.25,2021,0.1462
-10.75,-55.5,2021,0.1702
-7.5,-53.75,2021,0.3424
-6.25,-47.5,2021,0.1039
-13.0,-61.5,2021,0.1878
-6.5,-62.0,2021,0.0699
-4.75,-64.0,2021,0.0697
-0.75,-49.75,2021,0.142
-6.25,-62.25,2021,0.0849
-3.5,-61.0,2021,0.2758
-1.0,-61.5,2021,0.0982
-2.5,-54.5,2021,0.117
-12.0,-49.75,2021,0.5324
-8.0,-62.75,2021,0.3631
-9.25,-63.0,2021,0.5686
-5.0,-67.25,2021,0.1347
-8.0,-50.25,2021,0.08
-11.5,-52.5,2021,0.304
1.25,-69.25,2021,0.0791
-7.25,-52.75,2021,0.0767
-2.0,-58.25,2021,0.1447
-7.25,-65.25,2021,0.1236
-2.5,-56.5,2021,0.0647
-9.25,-49.75,2021,0.1492
1.25,-68.25,2021,0.0711
-1.5,-51.25,2021,0.0655
-11.0,-56.5,2021,0.4349
-6.0,-60.25,2021,0.1509
4.25,-61.5,2021,0.1491
-8.0,-65.75,2021,0.0661
-8.75,-48.5,2021,0.0639
-12.25,-50.0,2021,0.4579
-14.25,-56.5,2021,0.2612
-8.75,-72.0,2021,0.0635
-8.75,-51.25,2021,0.0794
-15.0,-56.75,2021,0.1025
0.25,-69.5,2021,0.1012
-4.25,-46.25,2021,0.1866
-10.75,-56.0,2021,1.6219
-2.0,-54.75,2021,0.2721
-14.0,-56.25,2021,0.122
-4.0,-63.25,2021,0.3533
-10.75,-70.0,2021,0.1444
-4.75,-50.25,2021,0.1106
3.0,-61.0,2021,0.0636
-15.5,-58.5,2021,0.0827
-12.25,-60.0,2021,0.139
-9.25,-69.75,2021,0.069
-8.25,-68.0,2021,0.0897
-6.75,-62.0,2021,0.0646
-15.75,-58.25,2021,0.0972
-10.5,-58.25,2021,0.2095
-5.25,-54.5,2021,0.2242
-8.0,-56.0,2021,0.0671
2.25,-51.0,2021,0.0647
-15.25,-55.25,2021,0.1253
-1.5,-47.0,2021,0.0797
-1.5,-49.5,2021,0.0874
-9.25,-58.0,2021,0.0857
-12.5,-56.0,2021,0.221
-14.25,-52.0,2021,0.5752
-9.5,-70.75,2021,0.067
-13.0,-61.0,2021,0.1419
-15.75,-55.0,2021,0.0929
-4.75,-55.25,2021,0.0869
-11.25,-56.75,2021,0.1291
-6.75,-69.5,2021,0.0696
-2.5,-44.5,2021,0.0775
-13.0,-54.25,2021,0.1672
-11.25,-54.5,2021,0.6273
-12.75,-57.0,2021,1.079
-15.5,-52.0,2021,0.0641
-3.75,-57.75,2021,0.0647
-8.5,-66.5,2021,0.0945
-11.5,-56.0,2021,0.0806
-10.25,-54.5,2021,0.5984
-2.25,-45.75,2021,0.0776
-9.5,-61.25,2021,0.1277
-9.0,-65.25,2021,0.1138
-9.0,-49.5,2021,0.1805
-15.75,-57.75,2021,0.1013
-15.0,-58.0,2021,0.6088
-8.25,-65.0,2021,0.0918
-9.0,-57.25,2021,4.6715
-10.75,-70.25,2021,0.0694
-15.75,-56.0,2021,0.1298
-4.75,-63.75,2021,0.1278
-9.25,-50.25,2021,0.3783
-7.5,-72.25,2021,0.0739
-4.0,-57.25,2021,0.1079
-8.5,-67.75,2021,0.0723
-5.5,-63.25,2021,0.0898
0.0,-51.5,2021,0.0652
-11.5,-52.75,2021,9.8224
-1.5,-57.0,2021,0.0952
-10.75,-55.75,2021,0.0902
0.75,-65.25,2021,0.0979
-9.25,-51.0,2021,0.2013
-13.0,-53.0,2021,0.6144
3.25,-61.75,2021,0.161
-8.0,-65.5,2021,0.08
-4.5,-59.25,2021,0.1519
1.25,-52.75,2021,0.0762
-15.25,-60.5,2021,0.0707
-11.75,-58.25,2021,0.1092
-10.75,-59.0,2021,2.8493
-10.75,-68.75,2022,10.162
-9.0,-61.75,2022,5.3203
-2.5,-49.25,2022,8.781
-2.5,-46.25,2022,2.8246
-9.25,-59.0,2022,12.3925
-2.5,-49.0,2022,12.8245
1.25,-52.75,2022,0.2834
-5.25,-50.75,2022,7.4588
-7.0,-56.5,2022,28.5307
-9.25,-68.25,2022,22.3855
-4.5,-50.75,2022,15.6335
-9.0,-69.0,2022,10.019
-9.0,-69.25,2022,16.3384
-10.5,-54.5,2022,3.6628
-10.75,-56.0,2022,2.4383
-6.0,-51.25,2022,6.4407
-6.5,-52.5,2022,4.6205
-9.5,-65.0,2022,0.5803
-5.5,-52.0,2022,14.4144
-6.25,-54.75,2022,14.584
-3.75,-44.25,2022,8.8201
-8.25,-55.5,2022,12.2444
-9.5,-62.25,2022,4.9907
-3.5,-57.75,2022,0.3414
-2.75,-56.5,2022,1.3273
-2.5,-47.0,2022,8.1388
-9.0,-50.75,2022,4.9154
-11.0,-68.5,2022,3.902
-5.5,-56.75,2022,1.0656
-6.0,-53.25,2022,27.3988
2.75,-60.5,2022,0.9586
-11.5,-54.75,2022,5.7112
-3.25,-54.25,2022,35.2133
-5.25,-56.0,2022,27.5379
1.75,-60.25,2022,4.4688
-7.75,-55.25,2022,27.4322
-10.25,-55.0,2022,0.7861
-7.25,-72.75,2022,9.8547
-8.0,-70.75,2022,5.6262
-8.5,-62.75,2022,25.0702
-3.25,-50.5,2022,67.785
-3.75,-57.25,2022,2.0245
-10.0,-58.5,2022,2.1716
-2.75,-51.25,2022,11.7911
-6.0,-44.0,2022,3.8204
-8.75,-71.25,2022,5.1978
-1.0,-48.0,2022,0.9789
-10.25,-63.25,2022,4.306
-2.0,-68.25,2022,4.6593
-10.5,-64.75,2022,9.0681
-4.75,-45.75,2022,9.5048
-12.75,-60.75,2022,3.7305
-9.0,-59.0,2022,5.4504
-9.25,-68.0,2022,13.3939
0.75,-60.0,2022,9.6503
-1.5,-46.5,2022,0.2452
-6.25,-58.5,2022,0.5782
-2.75,-48.5,2022,5.357
-3.75,-59.0,2022,6.2459
-2.75,-59.5,2022,2.0929
-3.5,-50.25,2022,35.1537
-3.5,-44.5,2022,1.2998
-2.75,-54.5,2022,5.054
-6.5,-49.0,2022,0.0635
-8.0,-71.75,2022,7.1308
-10.5,-59.5,2022,9.5164
-10.75,-61.5,2022,1.6179
-9.75,-67.25,2022,7.3731
-2.25,-49.25,2022,0.149
-7.5,-64.25,2022,12.0403
-6.25,-55.5,2022,10.3813
-4.5,-50.5,2022,7.7532
-4.25,-54.75,2022,8.6049
-9.5,-68.75,2022,12.7117
-4.75,-55.75,2022,19.4067
-4.5,-55.0,2022,27.6303
-5.25,-47.0,2022,0.3837
-8.0,-55.25,2022,7.429
-6.75,-52.25,2022,10.5365
-2.75,-55.0,2022,3.435
3.75,-61.75,2022,3.5286
-4.0,-54.5,2022,17.5437
-11.5,-60.5,2022,1.5989
-8.5,-70.25,2022,19.6513
-9.25,-64.25,2022,4.9028
-9.75,-65.0,2022,60.4121
-3.75,-51.25,2022,16.3798
-9.5,-64.5,2022,12.7781
-3.75,-51.0,2022,7.7439
-3.5,-49.0,2022,1.2688
-8.5,-54.75,2022,41.1877
-3.5,-54.0,2022,12.5703
-7.75,-72.25,2022,12.8475
-3.25,-51.5,2022,4.2183
-5.5,-57.5,2022,0.9598
-3.5,-60.25,2022,1.6871
1.25,-60.0,2022,3.3773
-1.75,-55.25,2022,8.3282
-4.25,-55.25,2022,20.6216
-8.0,-71.0,2022,17.3806
-6.75,-56.5,2022,4.6123
-9.25,-72.0,2022,4.2439
1.0,-59.5,2022,11.4236
-9.75,-65.25,2022,12.4142
-7.75,-72.5,2022,12.3149
3.75,-64.0,2022,0.369
-3.25,-52.0,2022,0.4504
-11.75,-63.25,2022,2.8097
-9.25,-60.25,2022,12.2275
0.75,-60.25,2022,10.4126
-4.0,-49.0,2022,10.2141
1.0,-60.0,2022,1.3033
-9.0,-70.75,2022,5.8425
-10.25,-68.5,2022,8.1768
-2.0,-54.5,2022,4.7815
-3.25,-53.5,2022,9.8069
-4.5,-49.75,2022,5.0257
-5.25,-51.0,2022,21.7538
-10.0,-68.5,2022,18.4444
-9.25,-68.5,2022,5.5522
-9.5,-67.75,2022,11.4103
-10.75,-69.5,2022,6.3668
-7.75,-51.25,2022,1.0051
-8.0,-55.5,2022,30.9936
-2.75,-54.0,2022,34.795
-5.0,-57.0,2022,0.3714
-6.25,-64.25,2022,1.0098
-3.0,-54.75,2022,9.2534
-4.0,-51.0,2022,32.4517
-9.0,-66.5,2022,0.9957
-8.75,-62.5,2022,158.7743
-11.5,-55.25,2022,5.6201
-8.75,-68.75,2022,9.6598
1.0,-60.5,2022,6.4545
-9.0,-72.75,2022,4.0689
-8.75,-67.25,2022,11.1645
-3.5,-57.0,2022,1.137
-1.5,-55.25,2022,8.7076
-9.75,-67.5,2022,9.1129
-6.75,-70.25,2022,1.0493
-3.25,-54.0,2022,14.0997
-3.5,-50.0,2022,14.7093
-8.0,-71.25,2022,11.3499
-4.75,-51.0,2022,8.1913
-14.75,-59.25,2022,1.599
-4.75,-50.75,2022,14.5688
-11.5,-54.5,2022,17.0579
-13.25,-54.5,2022,16.3161
-9.0,-51.5,2022,7.2119
-1.75,-51.0,2022,0.8638
-7.75,-56.25,2022,0.1448
-5.0,-57.5,2022,2.4982
-1.25,-54.25,2022,7.84
-5.0,-48.0,2022,3.0883
-3.5,-51.25,2022,7.7516
-7.75,-73.0,2022,20.2182
-9.75,-68.75,2022,11.479
-4.0,-53.75,2022,12.7575
-8.75,-66.75,2022,20.2221
-3.0,-51.75,2022,9.3541
-9.0,-71.25,2022,5.2518
-8.5,-64.0,2022,9.7773
-2.5,-53.75,2022,5.1846
-2.5,-48.5,2022,2.0333
-3.75,-54.75,2022,14.3951
-10.5,-61.25,2022,4.4474
-10.0,-68.75,2022,11.9341
-10.25,-55.25,2022,1.5741
-9.5,-67.25,2022,8.1319
-7.25,-72.5,2022,9.4886
-6.5,-58.5,2022,9.4619
-8.25,-64.0,2022,13.3214
-3.5,-54.25,2022,21.1606
-1.5,-56.0,2022,2.8134
-5.0,-49.75,2022,6.4215
-5.5,-51.0,2022,9.4777
-3.5,-54.75,2022,22.2022
-9.25,-68.75,2022,13.8238
-7.5,-61.5,2022,26.3758
-3.0,-47.0,2022,7.0978
-1.25,-60.25,2022,1.519
-5.0,-49.5,2022,4.4428
-1.5,-55.5,2022,13.2901
-3.25,-49.25,2022,12.3984
-7.0,-59.25,2022,73.5043
-0.75,-52.25,2022,0.548
-6.0,-49.75,2022,1.4442
-3.75,-50.5,2022,6.3588
-7.75,-67.25,2022,9.4074
-9.5,-63.75,2022,10.5519
-9.75,-55.0,2022,1.8016
-2.25,-57.0,2022,4.4581
-4.0,-46.5,2022,3.977
-3.5,-50.5,2022,31.5774
-4.75,-48.75,2022,2.8279
-5.5,-46.75,2022,2.1489
2.75,-63.25,2022,1.2848
0.75,-59.75,2022,6.5959
-3.75,-51.75,2022,22.7341
-9.25,-71.75,2022,5.756
-2.75,-51.75,2022,46.7791
-3.5,-59.5,2022,16.5862
-8.25,-62.75,2022,31.7006
-10.5,-58.5,2022,0.8324
-10.75,-69.25,2022,5.4622
-8.75,-69.5,2022,41.6712
-6.0,-57.75,2022,36.2027
-5.75,-56.5,2022,2.3592
-4.25,-53.5,2022,8.5987
1.0,-60.25,2022,6.2317
-3.75,-56.0,2022,5.6497
-13.25,-56.75,2022,1.146
-8.5,-67.0,2022,14.7655
-6.75,-59.0,2022,66.4436
-10.5,-68.0,2022,17.5758
-6.5,-55.25,2022,13.7638
-2.5,-51.25,2022,19.002
-1.5,-53.0,2022,0.6366
-3.5,-59.75,2022,3.5991
-3.5,-51.5,2022,17.7754
-9.5,-66.75,2022,18.1356
-0.25,-67.0,2022,0.2719
-7.0,-56.0,2022,1.3377
-9.0,-64.75,2022,0.2223
-7.0,-59.75,2022,30.3424
-2.25,-53.75,2022,17.6369
-9.5,-64.0,2022,7.5863
-4.25,-60.0,2022,6.6698
-9.0,-68.75,2022,8.9955
-9.0,-69.5,2022,9.5923
-1.75,-54.5,2022,3.9124
-4.0,-55.5,2022,8.8398
-9.25,-59.5,2022,111.5997
-2.5,-59.75,2022,0.458
-10.0,-67.75,2022,2.712
-5.25,-49.0,2022,1.0351
-3.5,-51.75,2022,2.499
0.0,-60.5,2022,10.639
-7.75,-63.5,2022,19.1261
2.25,-61.5,2022,5.5493
-10.25,-68.25,2022,8.2222
-3.5,-58.5,2022,4.1299
-3.75,-68.5,2022,3.3713
-9.25,-69.0,2022,6.8824
-2.0,-52.0,2022,13.0853
-8.75,-69.25,2022,12.5894
-10.25,-57.75,2022,6.52
-9.25,-65.25,2022,12.286
-9.5,-63.5,2022,7.4713
1.0,-59.75,2022,7.5551
-10.75,-68.25,2022,6.5771
-8.0,-54.75,2022,8.8804
2.75,-63.75,2022,0.6015
-9.75,-64.0,2022,10.1843
-11.0,-69.0,2022,1.3101
-6.25,-53.75,2022,57.6738
-6.25,-51.75,2022,16.0456
-2.5,-56.0,2022,6.6815
2.5,-60.75,2022,0.7403
-9.0,-62.25,2022,11.1682
-8.0,-70.5,2022,1.544
-2.0,-52.25,2022,2.6315
-10.25,-58.25,2022,8.6316
-7.5,-55.5,2022,12.2483
-12.25,-60.25,2022,0.8545
-4.0,-50.0,2022,4.2694
-4.0,-52.0,2022,25.7582
2.5,-63.75,2022,4.6364
-11.0,-62.75,2022,1.7619
-10.0,-59.25,2022,2.7693
-3.25,-54.75,2022,19.5331
-5.75,-52.25,2022,11.2833
0.75,-60.5,2022,19.4056
-3.75,-50.25,2022,16.7938
-3.5,-53.5,2022,13.1533
-10.0,-63.5,2022,5.7209
-9.25,-50.75,2022,1.8439
-2.0,-56.75,2022,5.1077
-9.25,-67.25,2022,5.0305
-1.25,-51.25,2022,0.3122
-2.25,-46.5,2022,9.3262
-4.0,-55.25,2022,5.6103
-8.25,-70.5,2022,13.7206
-3.75,-61.25,2022,0.5602
-4.25,-48.25,2022,23.6817
-8.5,-63.25,2022,14.032
-7.5,-72.5,2022,3.7127
-6.75,-58.75,2022,34.6808
-11.75,-65.0,2022,11.0694
4.5,-61.25,2022,0.0912
-3.25,-50.25,2022,51.7173
-7.75,-54.75,2022,11.4282
-4.75,-50.0,2022,1.6167
-1.25,-58.0,2022,0.0735
-4.25,-55.5,2022,11.475
-5.25,-49.5,2022,2.9902
-3.0,-51.25,2022,10.8135
-7.0,-50.75,2022,0.9101
-2.5,-56.25,2022,6.0296
-10.75,-69.0,2022,12.43
-3.25,-58.0,2022,1.8396
-8.5,-70.5,2022,12.9211
-8.75,-63.0,2022,62.2208
-7.75,-67.0,2022,5.313
-7.5,-73.0,2022,4.7956
2.75,-63.0,2022,0.7069
-0.75,-52.5,2022,1.1112
-9.25,-72.75,2022,1.0094
-4.25,-56.25,2022,4.6544
-5.5,-51.5,2022,10.8927
-9.0,-68.5,2022,7.7149
-5.5,-51.25,2022,7.6093
-5.5,-45.75,2022,5.0362
-4.5,-55.75,2022,13.1595
-7.25,-49.25,2022,2.8427
-11.0,-69.75,2022,1.7788
-2.25,-48.25,2022,1.3917
-9.25,-65.75,2022,74.9542
-9.0,-72.5,2022,1.5032
3.0,-63.75,2022,0.8118
2.75,-61.75,2022,6.1167
-11.0,-69.25,2022,4.3676
-9.75,-68.0,2022,5.2786
-10.5,-67.75,2022,12.2719
-3.75,-59.25,2022,6.7351
-4.0,-44.0,2022,2.3002
-10.0,-67.25,2022,6.9728
-6.5,-63.0,2022,22.949
-2.75,-67.0,2022,0.066
-12.0,-57.75,2022,4.335
-10.0,-69.0,2022,7.9254
-12.25,-57.75,2022,3.2285
-10.5,-57.75,2022,5.4359
-3.75,-50.0,2022,13.4523
-3.0,-57.25,2022,0.8734
-8.0,-71.5,2022,9.8178
-8.0,-61.5,2022,13.7933
-11.5,-60.75,2022,1.719
-6.25,-62.5,2022,26.5428
-8.25,-70.75,2022,6.8212
-5.0,-50.75,2022,6.407
-6.25,-56.0,2022,11.5666
-4.5,-56.25,2022,6.6179
-7.5,-70.0,2022,5.2419
-10.0,-64.75,2022,16.5548
-7.5,-64.5,2022,8.1339
-11.75,-63.75,2022,0.4324
-3.5,-59.25,2022,8.2508
-6.5,-55.0,2022,10.0067
-6.5,-58.25,2022,5.4262
-5.75,-57.5,2022,6.7845
-6.25,-53.25,2022,42.345
-3.75,-52.25,2022,13.6845
-9.0,-58.5,2022,0.0704
-5.75,-44.0,2022,3.5792
-3.75,-58.5,2022,2.688
-7.0,-51.0,2022,0.8049
-1.0,-54.0,2022,0.6691
-13.25,-60.0,2022,0.5278
-9.75,-62.25,2022,4.2129
-9.0,-67.25,2022,7.7344
-3.75,-54.25,2022,9.5381
-6.25,-54.0,2022,11.4822
-3.25,-49.0,2022,2.8154
-4.75,-49.25,2022,1.8491
-2.75,-46.75,2022,3.4627
-9.75,-62.5,2022,3.5998
-6.0,-56.25,2022,1.2552
-5.5,-51.75,2022,9.2806
-9.25,-51.5,2022,5.0068
-2.0,-68.5,2022,2.2343
-10.5,-64.5,2022,47.245
-8.75,-69.0,2022,11.2562
-6.25,-52.75,2022,15.4928
-2.5,-58.0,2022,4.5162
-10.0,-58.0,2022,15.4868
-7.25,-55.0,2022,2.3913
-10.25,-51.75,2022,12.4776
-7.25,-56.0,2022,0.1078
-6.5,-47.25,2022,1.7676
-8.5,-62.5,2022,22.2578
0.25,-60.75,2022,1.6111
-9.25,-62.25,2022,17.9328
-4.0,-54.75,2022,7.8449
4.5,-61.0,2022,0.2582
-3.0,-47.75,2022,2.5256
-2.25,-56.75,2022,1.5151
-2.25,-69.0,2022,1.7593
-9.5,-69.0,2022,4.7164
-8.0,-72.0,2022,0.8616
-4.75,-46.5,2022,6.5209
-4.25,-56.5,2022,0.9968
-4.0,-59.25,2022,2.2257
-3.5,-54.5,2022,22.1801
3.5,-61.75,2022,1.8889
-12.5,-54.5,2022,25.109
-3.75,-51.5,2022,10.2666
-9.5,-57.0,2022,21.6161
-5.0,-46.75,2022,1.0438
-3.0,-68.0,2022,0.3002
-6.5,-56.5,2022,19.8952
-3.0,-44.25,2022,0.5741
-4.0,-56.0,2022,6.0591
-3.5,-50.75,2022,16.8292
-9.25,-72.5,2022,0.1982
-3.75,-55.5,2022,9.437
-9.75,-68.5,2022,19.2262
-5.25,-50.0,2022,3.62
-5.0,-50.5,2022,7.947
-2.5,-55.25,2022,0.2299
-7.0,-63.0,2022,43.9168
-4.5,-48.5,2022,5.6218
-4.5,-55.5,2022,31.1268
-9.5,-68.25,2022,8.9395
-2.25,-53.5,2022,4.4548
-2.5,-50.25,2022,2.0435
-7.25,-73.0,2022,3.5634
-2.0,-46.5,2022,3.0844
-9.75,-53.75,2022,1.0498
-8.25,-55.25,2022,14.2943
-9.25,-71.0,2022,0.9861
-4.75,-56.0,2022,18.8211
-7.75,-56.5,2022,1.0799
-3.75,-47.75,2022,4.0673
-10.5,-68.5,2022,21.0334
-9.25,-65.5,2022,55.574
-9.0,-71.5,2022,9.4843
-5.75,-59.25,2022,0.7606
-5.75,-49.0,2022,2.6121
-4.0,-54.25,2022,12.8945
-7.75,-61.75,2022,7.8944
-5.5,-55.5,2022,0.3363
-7.75,-61.25,2022,47.6274
-7.25,-64.75,2022,6.2341
-4.25,-55.0,2022,14.6962
-4.5,-48.0,2022,5.1569
-6.75,-48.75,2022,2.2753
2.25,-61.75,2022,14.1831
-10.75,-62.75,2022,11.6556
-1.25,-53.5,2022,4.6248
-7.25,-59.5,2022,38.4876
-8.75,-50.75,2022,2.738
-12.5,-63.75,2022,14.395
-1.75,-55.0,2022,5.8505
-6.5,-56.25,2022,54.3613
-6.0,-52.0,2022,5.173
-4.25,-46.75,2022,7.6316
-1.5,-54.75,2022,4.5252
2.0,-61.75,2022,1.9542
-8.25,-50.75,2022,0.8748
-8.5,-67.25,2022,11.2946
-4.0,-59.75,2022,5.7335
-5.0,-56.25,2022,19.3106
-7.5,-70.25,2022,3.12
-12.75,-57.5,2022,0.0778
-8.25,-54.75,2022,28.6862
2.25,-60.75,2022,0.3643
-3.0,-50.25,2022,21.4263
-3.0,-52.5,2022,2.2593
-1.25,-53.25,2022,0.1316
-10.5,-68.75,2022,11.7312
-15.0,-59.0,2022,4.3628
-6.75,-63.0,2022,51.5294
-7.5,-63.5,2022,39.8013
2.25,-60.25,2022,1.7913
-2.25,-46.75,2022,1.8265
-7.0,-59.5,2022,62.2736
-9.75,-59.25,2022,4.1891
-6.0,-47.25,2022,1.5315
-4.25,-48.75,2022,12.8588
-3.5,-57.5,2022,1.2957
-12.0,-64.0,2022,5.8136
-2.75,-53.25,2022,3.9934
-5.5,-54.5,2022,0.0627
-8.5,-55.25,2022,27.2544
-2.0,-67.0,2022,0.0778
-10.25,-63.0,2022,3.509
-5.5,-60.25,2022,14.5286
-4.75,-51.25,2022,0.0857
-3.25,-49.75,2022,1.7915
-4.0,-56.25,2022,5.3794
-7.75,-61.0,2022,21.4508
-5.25,-51.5,2022,1.8501
-11.5,-54.25,2022,7.0771
-9.25,-66.0,2022,88.9623
-10.0,-59.5,2022,3.7438
-2.25,-48.75,2022,1.9979
-3.0,-50.5,2022,27.7107
-7.25,-52.5,2022,4.3819
4.0,-64.5,2022,0.3356
-6.25,-51.5,2022,4.0222
-6.75,-48.25,2022,3.6601
-8.25,-72.0,2022,0.6793
-10.25,-64.25,2022,2.9976
-3.25,-54.5,2022,10.1545
-6.25,-53.0,2022,13.995
-6.75,-60.0,2022,35.4667
-9.0,-62.5,2022,29.6297
-11.5,-65.25,2022,0.9256
0.0,-60.75,2022,3.6312
-10.0,-63.75,2022,6.1393
-1.5,-55.75,2022,4.6886
-2.5,-46.75,2022,1.3596
-4.75,-56.25,2022,11.2092
-12.0,-54.25,2022,12.1897
3.25,-63.0,2022,0.2423
-6.75,-59.25,2022,69.6548
-8.0,-72.5,2022,10.232
-8.75,-50.0,2022,4.7365
-10.75,-57.25,2022,2.8002
-8.0,-70.25,2022,14.1908
-6.75,-55.75,2022,11.4807
0.25,-60.5,2022,8.8351
-5.5,-47.75,2022,1.8059
-2.5,-51.75,2022,8.8526
-5.75,-57.25,2022,1.1698
-9.5,-62.75,2022,1.0568
-4.25,-50.25,2022,1.1272
-10.0,-55.0,2022,0.6179
-6.0,-70.75,2022,0.0081
-7.75,-63.25,2022,17.0027
-10.0,-53.5,2022,5.7824
-10.5,-63.75,2022,3.0503
-11.75,-59.0,2022,6.7639
-7.25,-56.5,2022,6.8258
3.0,-61.75,2022,7.0881
-9.0,-63.0,2022,11.3546
-3.25,-53.25,2022,10.7223
-1.5,-50.0,2022,0.4591
-9.75,-59.0,2022,13.5515
-5.25,-56.75,2022,0.2829
-3.75,-68.75,2022,1.8171
-10.0,-68.25,2022,7.5935
-5.0,-50.0,2022,4.7609
-3.25,-51.25,2022,7.3321
-7.0,-51.75,2022,0.7804
-9.75,-66.75,2022,2.2852
3.75,-63.5,2022,2.5278
-7.75,-72.75,2022,9.0704
-8.0,-61.25,2022,31.431
-9.75,-69.0,2022,6.804
-3.25,-46.0,2022,0.4627
-9.5,-66.5,2022,17.1843
-3.75,-53.75,2022,3.7265
-14.75,-57.5,2022,0.3199
-12.25,-57.0,2022,1.1744
-6.5,-53.25,2022,62.3205
-3.75,-54.0,2022,3.1129
-12.75,-62.25,2022,10.0336
1.0,-51.25,2022,0.5497
-4.5,-49.5,2022,3.5939
-3.5,-67.5,2022,0.0778
-11.0,-59.0,2022,0.6874
-7.5,-55.0,2022,12.6988
-11.25,-61.5,2022,0.8195
-10.25,-68.0,2022,9.1119
-10.75,-63.5,2022,13.1672
-4.5,-50.0,2022,0.7775
-1.5,-54.5,2022,2.1672
-2.25,-46.25,2022,1.2603
-1.75,-55.5,2022,1.6592
-10.5,-69.0,2022,5.032
-8.75,-67.0,2022,24.1723
-10.5,-69.25,2022,2.7425
-5.5,-58.0,2022,1.0405
-7.0,-60.0,2022,40.883
-2.5,-52.0,2022,3.7798
-7.0,-56.75,2022,3.7127
-8.75,-72.75,2022,2.3132
-9.25,-63.25,2022,5.1449
-5.25,-57.75,2022,0.1491
-1.75,-48.0,2022,0.3637
-9.75,-57.75,2022,6.0334
-4.5,-46.0,2022,0.3612
-12.0,-51.5,2022,4.3863
-9.0,-70.0,2022,0.6193
-4.5,-50.25,2022,2.0553
-3.0,-52.75,2022,2.0058
-6.5,-55.5,2022,12.769
-4.0,-68.0,2022,0.16
-1.25,-55.75,2022,5.8982
-6.5,-52.75,2022,18.7936
-8.5,-63.5,2022,3.6812
-8.5,-51.0,2022,0.2854
-3.25,-51.0,2022,7.3898
-9.5,-68.0,2022,4.7178
-5.75,-51.75,2022,20.5684
-9.25,-67.5,2022,8.7643
-4.75,-50.5,2022,5.3015
-2.25,-52.0,2022,10.5746
-7.25,-48.5,2022,0.7312
-6.75,-62.75,2022,12.1324
-6.75,-52.0,2022,0.7266
-4.0,-56.5,2022,0.1136
-10.0,-57.75,2022,26.5928
-10.25,-54.25,2022,3.4012
-9.0,-68.0,2022,4.2246
-10.25,-64.0,2022,4.6162
-9.0,-63.75,2022,7.9718
-10.25,-68.75,2022,19.8181
-7.75,-67.5,2022,1.0653
-10.25,-57.5,2022,12.1049
-6.0,-52.5,2022,5.5488
-7.25,-70.0,2022,0.9911
-10.0,-54.75,2022,1.714
-5.5,-49.5,2022,4.2042
-1.75,-54.0,2022,3.0769
-3.5,-44.25,2022,1.5315
4.0,-61.75,2022,1.072
-10.0,-64.0,2022,12.0303
-2.0,-49.0,2022,0.2375
-6.0,-48.75,2022,0.8316
-9.5,-60.5,2022,20.3231
-9.0,-67.5,2022,22.9164
-6.5,-50.0,2022,1.832
-8.25,-63.0,2022,17.3347
-1.25,-62.5,2022,0.0677
-9.75,-63.25,2022,5.7554
-6.0,-57.0,2022,0.2324
-5.5,-49.0,2022,1.8152
-10.25,-67.75,2022,7.0906
2.5,-60.25,2022,0.8563
-10.5,-62.75,2022,0.3146
-8.75,-63.5,2022,6.7368
2.5,-61.5,2022,3.9131
-4.0,-53.5,2022,11.1041
-7.75,-62.5,2022,1.0242
-4.75,-47.75,2022,8.6147
-2.0,-48.75,2022,0.4448
-3.75,-54.5,2022,22.6938
-6.75,-55.25,2022,6.9387
-3.25,-58.25,2022,1.263
-6.25,-52.5,2022,5.6214
-9.5,-67.5,2022,18.5679
-5.5,-57.0,2022,1.54
-9.25,-62.75,2022,2.1938
-9.5,-59.0,2022,5.8535
-9.75,-63.75,2022,6.6965
-10.5,-54.25,2022,2.1264
-8.25,-51.0,2022,0.6675
-5.25,-56.25,2022,0.8043
-10.25,-65.0,2022,9.4478
-9.25,-61.0,2022,32.8849
-5.0,-46.0,2022,2.5094
-3.25,-53.75,2022,38.0406
-5.75,-44.25,2022,6.7813
-12.5,-52.25,2022,0.7371
-5.75,-44.5,2022,1.4001
-6.0,-53.75,2022,24.0598
-5.5,-46.5,2022,1.7595
-4.25,-52.0,2022,2.3444
-12.0,-52.5,2022,4.1255
-4.75,-49.75,2022,1.7628
-10.25,-58.0,2022,8.6782
-8.0,-61.75,2022,39.0271
-10.25,-59.0,2022,2.2952
3.5,-63.25,2022,1.2459
-7.5,-72.25,2022,0.137
-8.75,-70.5,2022,6.7386
0.25,-57.0,2022,0.0721
-8.5,-69.75,2022,9.337
-7.25,-60.0,2022,21.439
-10.5,-52.25,2022,1.3331
-12.25,-64.25,2022,7.8679
-8.5,-70.75,2022,9.4445
-10.25,-53.75,2022,5.7176
3.0,-63.5,2022,0.1425
-2.0,-56.5,2022,3.0827
-13.0,-60.75,2022,1.4818
-3.0,-49.5,2022,13.1085
-8.5,-55.0,2022,41.9718
-3.25,-48.75,2022,6.7499
-12.0,-63.5,2022,5.4763
-4.5,-49.25,2022,1.0958
3.75,-63.25,2022,0.6853
-2.75,-48.25,2022,2.4689
-11.0,-68.25,2022,3.9391
-7.75,-71.75,2022,5.2805
-3.0,-51.0,2022,7.3677
-8.5,-70.0,2022,22.2011
-8.0,-72.25,2022,13.2172
-11.5,-57.25,2022,1.0533
-9.75,-51.75,2022,2.3419
-6.25,-45.0,2022,0.2401
-5.25,-44.75,2022,4.0312
-1.25,-69.5,2022,0.0665
-1.25,-53.75,2022,7.1566
1.0,-52.0,2022,0.7715
-6.25,-58.25,2022,36.7895
-10.0,-57.25,2022,10.7417
-9.25,-58.25,2022,10.6459
-5.75,-56.75,2022,1.807
-6.75,-52.5,2022,6.7497
-8.75,-64.25,2022,8.8563
-9.75,-60.75,2022,7.5144
-3.75,-57.0,2022,1.2589
-5.25,-47.75,2022,0.9278
-9.75,-68.25,2022,12.294
-1.75,-56.5,2022,4.1307
-5.0,-62.5,2022,1.7375
-4.0,-48.75,2022,3.2207
-2.25,-58.0,2022,0.121
-9.5,-60.25,2022,8.2616
-4.0,-52.25,2022,7.7577
-3.75,-52.0,2022,28.5141
-4.0,-50.75,2022,5.2304
-4.5,-69.75,2022,0.2903
-11.75,-62.5,2022,2.3317
-5.75,-45.75,2022,1.821
-4.75,-47.25,2022,0.9071
-1.75,-60.25,2022,2.379
-6.25,-57.5,2022,0.7855
-9.75,-64.5,2022,11.0995
-13.25,-61.5,2022,0.0755
-10.25,-50.75,2022,9.7816
-1.75,-46.0,2022,0.9953
-7.75,-51.0,2022,1.5726
-13.0,-51.75,2022,1.3451
-6.25,-51.25,2022,2.536
-3.25,-50.75,2022,31.2719
-8.75,-63.25,2022,33.3116
-10.25,-59.25,2022,9.1057
-10.5,-54.75,2022,2.089
-2.25,-49.0,2022,1.28
-9.5,-57.75,2022,63.9144
-3.0,-54.25,2022,30.0184
-9.25,-59.75,2022,43.7472
-5.5,-57.25,2022,0.9334
-3.25,-50.0,2022,10.4374
2.75,-60.25,2022,0.6667
-4.5,-61.0,2022,1.9279
-7.5,-71.25,2022,0.5517
-2.75,-55.75,2022,0.0628
-7.25,-59.75,2022,15.3402
-6.0,-53.5,2022,11.0567
-11.75,-61.5,2022,1.5613
-1.5,-53.5,2022,6.1854
-11.75,-62.75,2022,0.7475
-2.75,-50.0,2022,0.3437
-5.25,-46.0,2022,4.8376
-10.75,-68.5,2022,6.8267
-10.75,-57.75,2022,3.5436
-3.75,-44.5,2022,1.4156
-2.25,-50.25,2022,0.7641
-9.25,-67.75,2022,14.3746
-9.0,-68.25,2022,4.1438
-13.25,-61.0,2022,0.6915
-11.0,-62.5,2022,5.7541
-10.5,-63.25,2022,3.6065
-9.75,-64.25,2022,29.0448
-10.0,-65.0,2022,28.1738
-2.25,-45.5,2022,0.3131
-8.75,-71.75,2022,1.302
-9.25,-69.25,2022,0.6705
-5.5,-48.0,2022,0.6595
-9.5,-55.75,2022,4.9025
-5.75,-61.25,2022,0.4222
-10.25,-67.5,2022,1.5858
-9.0,-60.5,2022,18.2191
-4.75,-47.0,2022,0.6508
-9.25,-60.75,2022,20.7752
-2.75,-54.25,2022,7.0132
-10.5,-69.75,2022,0.8958
-10.0,-58.25,2022,18.4245
-9.5,-68.5,2022,17.9794
-13.25,-52.5,2022,0.997
-4.0,-63.75,2022,0.234
-5.75,-52.0,2022,7.5008
-7.5,-66.75,2022,0.2645
-9.25,-63.5,2022,10.7023
-7.5,-63.25,2022,23.0717
-10.75,-51.5,2022,16.6112
2.0,-61.5,2022,0.8689
-8.25,-70.25,2022,16.9354
-12.25,-61.75,2022,2.1602
-10.25,-63.75,2022,1.3439
-4.0,-68.25,2022,2.3585
-3.25,-53.0,2022,5.8126
-8.25,-61.25,2022,6.0343
2.75,-61.5,2022,4.9597
-9.0,-51.25,2022,7.1117
-7.5,-63.75,2022,22.2833
2.5,-63.0,2022,2.2366
-15012869.0,7506378.0,2022,0.0002
-2.75,-52.5,2022,1.3544
-8.25,-55.0,2022,6.0122
-6.75,-63.25,2022,9.9582
-6.0,-55.5,2022,2.7076
-9.75,-58.0,2022,10.2329
-2.75,-49.0,2022,2.133
-7.25,-56.75,2022,1.7281
-7.0,-52.75,2022,44.7266
-5.25,-52.0,2022,2.9626
-12.0,-63.25,2022,8.9632
-7.0,-48.25,2022,1.5187
-12.25,-60.75,2022,6.1092
-8.75,-69.75,2022,14.511
-8.0,-70.0,2022,4.8354
-4.25,-56.0,2022,1.0075
-12.0,-60.75,2022,2.8813
-6.0,-52.25,2022,10.299
-8.25,-71.0,2022,9.0822
-7.75,-56.75,2022,2.3237
-7.0,-71.75,2022,7.6495
-3.5,-53.25,2022,4.4554
-4.0,-57.25,2022,0.3956
-7.0,-59.0,2022,37.4192
-7.5,-60.0,2022,13.0676
-7.5,-72.75,2022,6.7532
-11.5,-53.75,2022,0.1439
-10.75,-59.5,2022,3.8184
-5.0,-62.25,2022,2.7737
1.25,-68.5,2022,0.0939
-2.75,-56.75,2022,0.3745
-1.5,-52.0,2022,0.2256
0.75,-51.5,2022,0.3206
-10.0,-65.25,2022,6.3664
-1.0,-54.25,2022,2.3714
-6.0,-54.0,2022,25.1219
-6.25,-56.25,2022,8.0722
-4.0,-51.75,2022,5.5822
0.5,-60.25,2022,5.7205
-9.5,-59.25,2022,2.2454
3.0,-61.5,2022,1.5599
2.25,-60.5,2022,1.228
-4.0,-48.0,2022,18.7824
-12.75,-60.0,2022,1.0176
-9.5,-61.75,2022,0.8347
-3.75,-52.5,2022,2.7625
-10.5,-64.25,2022,6.2705
-2.25,-48.0,2022,3.0947
-13.25,-61.25,2022,2.5736
-3.75,-53.5,2022,3.3928
-9.5,-62.5,2022,3.8791
-10.5,-67.5,2022,0.2578
-6.25,-52.25,2022,5.431
0.75,-52.0,2022,1.2779
-10.5,-68.25,2022,8.9195
-7.25,-73.25,2022,0.773
-8.25,-55.75,2022,0.1829
-10.0,-60.5,2022,6.2972
-4.25,-68.5,2022,1.0783
-13.0,-60.5,2022,0.7242
-4.5,-46.25,2022,1.9
-9.5,-65.5,2022,32.0456
-2.25,-51.25,2022,0.6372
-1.25,-55.25,2022,0.3349
-13.25,-54.25,2022,59.1358
-12.25,-63.0,2022,0.6075
-4.0,-47.0,2022,16.8
-9.25,-61.5,2022,7.5158
-4.25,-51.0,2022,9.6266
-9.5,-54.25,2022,0.0718
-3.25,-45.25,2022,0.4284
-5.0,-49.25,2022,2.2312
-9.5,-63.0,2022,1.3592
-6.0,-51.75,2022,8.5752
-8.75,-66.5,2022,37.8553
0.75,-59.5,2022,5.2891
-4.25,-47.0,2022,3.9398
-2.0,-46.75,2022,0.6173
-2.75,-49.75,2022,1.3861
-1.75,-50.5,2022,0.2344
-5.75,-63.25,2022,1.3501
-3.25,-49.5,2022,8.9118
3.0,-60.25,2022,0.7788
-3.0,-49.25,2022,6.7523
-8.5,-64.25,2022,2.2023
-9.25,-61.75,2022,14.2061
-3.5,-63.5,2022,0.0724
-4.25,-50.5,2022,8.4317
-11.5,-56.5,2022,11.9342
-5.25,-60.25,2022,11.9824
-9.5,-64.25,2022,24.7729
-10.5,-64.0,2022,1.5898
-10.75,-56.25,2022,1.3964
-7.75,-72.0,2022,3.7703
-2.75,-51.5,2022,10.2023
3.0,-51.25,2022,0.0631
-5.25,-50.5,2022,2.1334
-2.0,-51.0,2022,0.6382
-5.5,-50.0,2022,2.8969
-4.5,-46.5,2022,3.7225
-5.25,-46.75,2022,0.2839
-6.75,-52.75,2022,13.6032
-7.5,-60.5,2022,35.8754
-6.5,-62.75,2022,13.1567
-3.25,-61.25,2022,0.7145
-6.5,-53.5,2022,24.267
-10.25,-54.0,2022,7.196
-4.5,-51.0,2022,8.8063
-12.5,-57.75,2022,3.7125
-2.0,-57.25,2022,0.2511
-3.5,-66.0,2022,0.242
-10.75,-64.75,2022,0.9254
-11.75,-54.5,2022,28.7068
3.5,-64.0,2022,0.0672
-7.5,-59.75,2022,6.6365
-2.0,-50.75,2022,1.8528
-9.75,-50.5,2022,10.1924
-2.25,-49.75,2022,0.5809
-7.5,-49.5,2022,0.487
-9.0,-62.0,2022,2.7266
-3.0,-53.0,2022,17.6802
-11.5,-58.75,2022,1.727
-10.0,-60.0,2022,7.3735
-3.0,-48.75,2022,1.6827
2.25,-61.25,2022,1.374
-9.5,-57.5,2022,2.2321
-6.0,-48.5,2022,0.7982
-9.0,-64.0,2022,1.051
-5.25,-45.5,2022,0.4881
-7.75,-70.5,2022,1.2162
-5.0,-45.75,2022,2.6941
-11.75,-52.25,2022,1.3458
-3.25,-59.5,2022,10.5561
-3.0,-51.5,2022,7.3885
-9.25,-70.75,2022,2.2908
-12.25,-63.5,2022,2.9403
-2.75,-47.0,2022,2.0587
-5.5,-45.0,2022,3.2971
-2.5,-52.25,2022,0.814
-3.0,-55.0,2022,3.2234
2.0,-60.5,2022,1.9953
-2.5,-56.5,2022,0.6398
-12.25,-51.25,2022,1.6742
-7.25,-60.75,2022,9.9388
-9.0,-63.5,2022,3.9977
-10.5,-65.25,2022,0.487
-2.25,-51.5,2022,0.7072
-8.0,-51.5,2022,1.0744
-11.5,-62.25,2022,0.6763
-2.25,-50.75,2022,0.9571
-10.5,-63.5,2022,15.1024
3.5,-61.5,2022,0.5909
-8.75,-70.75,2022,9.3533
-6.25,-57.75,2022,9.1181
-9.75,-63.5,2022,5.9573
0.5,-60.0,2022,2.7244
-3.0,-53.25,2022,15.6253
-1.25,-54.5,2022,1.7916
-0.75,-53.0,2022,0.4417
-10.75,-53.75,2022,15.411
-1.25,-54.0,2022,4.3604
-3.5,-52.0,2022,4.1881
0.5,-60.5,2022,3.046
-6.25,-55.75,2022,25.4369
-9.75,-59.75,2022,1.5102
-5.5,-47.5,2022,0.1726
-4.75,-62.25,2022,0.1615
-5.5,-52.25,2022,8.387
-2.25,-52.25,2022,1.585
-8.0,-51.0,2022,2.2676
-9.75,-67.75,2022,4.1552
-0.5,-51.75,2022,0.8236
-10.75,-54.0,2022,16.1991
3.75,-51.75,2022,0.6569
-10.25,-69.0,2022,4.9193
-3.5,-55.5,2022,3.1175
-6.0,-58.5,2022,0.6582
-9.75,-63.0,2022,3.2388
-10.0,-52.25,2022,1.7634
-2.25,-48.5,2022,2.5182
-10.0,-66.75,2022,6.3955
-4.0,-52.5,2022,0.3838
2.75,-51.25,2022,0.2206
-10.5,-65.0,2022,0.6576
3.25,-51.5,2022,0.1003
-3.5,-53.75,2022,12.7955
-9.75,-55.25,2022,2.5585
-9.5,-64.75,2022,6.0501
-6.5,-52.0,2022,2.4906
-6.25,-60.0,2022,29.4318
-11.75,-54.25,2022,8.9013
-8.5,-47.25,2022,0.2646
-7.5,-64.75,2022,2.4586
-1.5,-55.0,2022,4.0477
-9.25,-62.5,2022,9.1009
-8.75,-71.0,2022,10.4656
-4.25,-50.75,2022,17.9084
-5.25,-44.25,2022,5.234
-7.75,-49.25,2022,0.3938
-3.5,-47.5,2022,2.4997
2.75,-61.25,2022,1.0217
-9.25,-60.5,2022,14.4194
-9.25,-57.5,2022,10.1348
-3.75,-48.0,2022,1.9556
-5.75,-48.75,2022,0.6846
-7.5,-73.25,2022,2.1486
-6.75,-49.0,2022,0.2056
-3.25,-52.75,2022,1.5942
-10.75,-63.0,2022,1.198
-5.0,-56.0,2022,15.9591
-11.25,-54.75,2022,7.0289
-10.75,-64.0,2022,1.6569
-2.75,-52.0,2022,5.2724
-10.5,-59.25,2022,4.0107
-9.0,-70.5,2022,2.7002
-1.25,-52.5,2022,0.6915
-6.75,-53.0,2022,7.6134
1.0,-52.75,2022,0.1826
-9.0,-66.0,2022,83.3695
-3.25,-52.25,2022,0.6657
-10.25,-58.75,2022,0.5137
-3.0,-59.25,2022,4.906
-11.0,-54.75,2022,4.036
1.0,-60.75,2022,1.6482
-12.5,-51.5,2022,0.0902
-9.5,-56.75,2022,2.9213
-11.75,-64.75,2022,1.8252
-6.75,-64.75,2022,0.0701
-6.0,-49.0,2022,0.7969
-2.5,-48.75,2022,1.0213
-2.75,-59.25,2022,0.7277
-9.0,-64.5,2022,8.7586
-9.25,-71.5,2022,0.7492
-5.5,-44.0,2022,4.3519
-4.0,-51.25,2022,10.1872
-9.5,-59.5,2022,2.7103
-12.75,-62.0,2022,5.3681
-9.75,-62.0,2022,2.746
-3.5,-55.25,2022,0.7726
0.75,-50.75,2022,0.3757
-8.75,-63.75,2022,1.0748
-9.5,-54.75,2022,6.0932
0.5,-59.75,2022,2.0412
-13.75,-59.75,2022,0.7515
-11.75,-63.0,2022,2.9141
-9.0,-64.25,2022,2.9485
-10.75,-61.75,2022,0.5799
-11.0,-69.5,2022,2.1423
2.5,-61.0,2022,0.561
-2.0,-51.75,2022,0.08
-12.25,-63.75,2022,4.7058
-13.5,-60.0,2022,0.8903
-4.25,-55.75,2022,4.1041
-6.25,-68.25,2022,1.0202
-6.75,-59.5,2022,40.7486
-6.25,-47.5,2022,0.0922
-7.25,-63.0,2022,2.0507
2.25,-51.75,2022,0.1592
-10.75,-58.5,2022,3.6579
-7.5,-63.0,2022,2.0716
-1.75,-54.75,2022,2.2746
-7.75,-55.0,2022,30.7777
3.25,-61.5,2022,2.3413
-5.5,-57.75,2022,0.8001
-12.75,-54.25,2022,7.1599
-9.25,-59.25,2022,2.12
-12.5,-62.0,2022,3.8238
-11.5,-61.25,2022,0.4807
-3.75,-55.75,2022,4.7579
2.25,-63.25,2022,0.7026
-3.25,-57.5,2022,0.6261
-3.5,-56.25,2022,1.748
-6.5,-60.0,2022,30.947
2.5,-60.5,2022,0.2705
-3.5,-52.25,2022,3.4212
-1.75,-54.25,2022,6.1755
1.0,-52.5,2022,0.3046
-8.75,-62.75,2022,29.0225
-3.5,-58.75,2022,3.3205
-3.25,-69.25,2022,0.6404
3.5,-62.0,2022,2.6092
-6.75,-56.75,2022,6.2601
-2.5,-57.75,2022,1.5437
-12.5,-57.5,2022,3.2847
-1.75,-53.5,2022,0.587
-5.5,-44.25,2022,8.4761
-4.0,-54.0,2022,10.0391
-7.5,-60.75,2022,22.5314
-12.25,-55.25,2022,0.3369
-6.5,-51.5,2022,1.1097
-6.0,-56.75,2022,0.5984
-7.75,-70.0,2022,6.4636
-8.75,-70.0,2022,6.5312
-10.75,-57.5,2022,9.8986
-12.25,-64.0,2022,5.882
-11.0,-61.5,2022,1.6534
-6.75,-56.25,2022,11.527
-3.25,-46.5,2022,1.1475
2.5,-61.75,2022,2.8499
-11.0,-54.25,2022,3.5022
-5.75,-50.25,2022,1.4476
-9.0,-61.0,2022,52.703
-6.0,-45.5,2022,1.589
-2.0,-53.5,2022,1.0907
-7.25,-55.5,2022,16.762
-11.75,-51.75,2022,4.0732
-3.75,-46.25,2022,0.071
-13.0,-62.25,2022,2.8808
-9.25,-67.0,2022,11.7707
3.0,-61.0,2022,0.179
-7.5,-62.5,2022,0.1189
-3.25,-59.75,2022,5.1693
-9.0,-67.0,2022,25.5791
-2.0,-54.25,2022,1.9975
0.25,-69.75,2022,0.2762
-11.0,-57.0,2022,1.3496
0.5,-51.75,2022,0.379
-12.5,-55.0,2022,1.5297
-5.0,-48.5,2022,2.5574
-2.5,-55.5,2022,0.265
-10.25,-64.75,2022,14.6918
-6.0,-57.5,2022,1.0298
-10.25,-64.5,2022,33.1776
-4.0,-58.75,2022,0.1488
-9.75,-60.25,2022,8.9658
-3.25,-55.0,2022,1.9006
-9.0,-54.5,2022,7.3561
-9.0,-58.75,2022,0.8782
-10.25,-67.25,2022,2.5964
-4.25,-49.25,2022,0.8023
-1.75,-52.5,2022,0.1691
-6.5,-53.75,2022,24.036
-10.75,-52.5,2022,0.3008
-7.75,-61.5,2022,44.1622
-7.5,-49.75,2022,1.0739
-3.0,-53.75,2022,19.4001
-9.25,-61.25,2022,7.5901
-3.0,-54.0,2022,25.655
-9.75,-67.0,2022,6.146
-14.75,-60.0,2022,1.9744
3.25,-61.25,2022,0.4102
-9.75,-60.0,2022,1.2246
-8.0,-63.5,2022,9.659
-2.5,-54.25,2022,2.9308
-3.5,-49.75,2022,3.2233
-2.0,-51.5,2022,0.5811
-8.0,-73.0,2022,1.0982
0.75,-60.75,2022,7.4529
-8.75,-67.5,2022,2.8346
-4.0,-55.75,2022,3.6463
3.75,-63.75,2022,0.5707
-12.5,-60.25,2022,0.7823
-10.5,-55.75,2022,0.3363
-10.5,-58.75,2022,2.2951
-1.5,-54.0,2022,0.9386
-5.75,-53.5,2022,48.1425
-8.5,-67.5,2022,0.4923
-10.0,-68.0,2022,2.952
-5.75,-53.75,2022,6.6228
-13.0,-57.0,2022,0.0798
-11.5,-55.75,2022,1.3772
-10.0,-67.0,2022,6.3817
-3.0,-48.5,2022,10.9738
-1.75,-53.75,2022,1.8195
-1.5,-46.0,2022,0.6606
-10.0,-64.25,2022,8.8083
-6.5,-63.25,2022,5.9682
-3.5,-53.0,2022,1.9764
-4.0,-49.5,2022,2.5643
-10.25,-62.5,2022,0.4444
0.0,-67.0,2022,0.4747
-2.75,-48.0,2022,1.6035
-11.5,-52.0,2022,4.0747
-8.5,-61.25,2022,0.0806
-13.75,-57.0,2022,1.6636
-2.75,-49.25,2022,1.1637
-3.75,-53.25,2022,1.3876
1.5,-60.75,2022,3.1586
-5.25,-45.0,2022,4.6291
-11.25,-54.25,2022,3.2131
-1.75,-56.0,2022,1.1299
-8.5,-63.0,2022,10.9641
-12.25,-54.0,2022,1.3083
-1.5,-52.5,2022,0.5172
-4.5,-56.0,2022,14.2227
-6.75,-60.25,2022,1.3822
-5.25,-47.5,2022,1.477
-6.5,-53.0,2022,35.3337
-6.5,-50.25,2022,0.666
-9.25,-49.75,2022,0.3783
-9.0,-67.75,2022,11.2939
-6.75,-69.5,2022,0.4179
-2.0,-51.25,2022,1.0564
-3.25,-61.5,2022,0.2886
3.25,-63.75,2022,0.9566
-7.75,-71.0,2022,0.1675
-10.5,-58.0,2022,3.8794
-9.75,-57.25,2022,1.0313
-2.0,-60.25,2022,0.0709
-4.0,-47.25,2022,5.8463
-4.5,-44.25,2022,4.0795
-11.25,-61.25,2022,0.8274
-6.0,-51.5,2022,4.9802
-3.25,-58.75,2022,1.7616
-7.5,-61.25,2022,17.2038
-8.75,-62.25,2022,4.5318
-5.25,-49.25,2022,1.3746
2.5,-63.25,2022,0.2408
-13.5,-56.0,2022,0.1743
-3.0,-57.5,2022,1.8254
-6.25,-53.5,2022,32.3699
-10.25,-59.5,2022,2.5542
-1.0,-47.25,2022,0.31
-6.75,-55.5,2022,1.1238
-9.0,-62.75,2022,0.8284
-5.75,-48.25,2022,2.1439
-9.0,-49.75,2022,1.0517
1.75,-67.5,2022,0.0869
-7.0,-55.0,2022,2.0784
-1.75,-52.0,2022,6.7943
-3.75,-48.75,2022,0.4383
-2.25,-50.5,2022,0.7561
-8.5,-71.5,2022,3.7417
-9.5,-59.75,2022,2.7876
-8.25,-72.75,2022,3.0113
-10.0,-60.25,2022,14.6665
-3.5,-56.5,2022,0.417
-9.5,-70.5,2022,2.045
-3.25,-59.25,2022,2.3724
-9.0,-50.0,2022,3.5351
-12.0,-62.5,2022,0.3042
-3.0,-58.5,2022,0.3567
-5.25,-57.5,2022,3.5898
-9.25,-57.75,2022,27.1741
-9.25,-58.75,2022,4.6813
-3.5,-59.0,2022,3.0963
-5.5,-61.5,2022,1.455
-9.75,-66.25,2022,1.5561
-9.75,-58.5,2022,5.6069
-1.0,-53.25,2022,0.4994
-10.0,-55.25,2022,0.9643
-7.25,-71.75,2022,1.4102
-11.0,-55.5,2022,3.7651
-11.75,-56.75,2022,0.5136
-7.25,-51.0,2022,0.664
-4.0,-59.5,2022,1.7044
-3.0,-54.5,2022,15.0231
-8.25,-71.25,2022,2.8019
-8.0,-49.25,2022,0.2889
-5.75,-57.75,2022,3.0123
-8.5,-72.5,2022,0.6535
-6.25,-52.0,2022,2.5157
-3.0,-49.75,2022,0.6193
-7.75,-52.25,2022,0.2413
-11.25,-56.75,2022,9.4015
-5.25,-60.0,2022,8.7504
-9.0,-63.25,2022,1.3011
-4.25,-48.5,2022,9.5715
-8.75,-71.5,2022,3.1237
-6.75,-59.75,2022,60.8723
-1.25,-56.0,2022,0.9844
-7.0,-72.25,2022,0.2257
-14.5,-60.0,2022,0.8448
-9.0,-72.25,2022,0.6432
-3.75,-47.0,2022,1.6745
-3.5,-47.75,2022,1.6379
-5.75,-49.25,2022,3.8564
-12.25,-61.5,2022,1.0329
-7.0,-49.25,2022,5.6734
-10.0,-69.25,2022,1.5178
-3.5,-51.0,2022,3.1609
-9.0,-60.75,2022,7.4035
-0.25,-67.25,2022,0.0639
-1.75,-52.25,2022,0.7945
-10.0,-57.5,2022,2.6333
-11.75,-52.5,2022,2.1397
-1.25,-54.75,2022,1.6284
-2.0,-46.25,2022,1.3011
-2.25,-51.75,2022,1.3866
-11.25,-65.0,2022,2.6905
-10.25,-62.75,2022,0.2404
3.5,-63.75,2022,0.4225
-11.25,-59.25,2022,2.3035
-8.75,-72.25,2022,0.0663
-0.25,-60.75,2022,4.0058
-5.5,-48.25,2022,0.9489
-5.75,-52.5,2022,3.2565
-14.0,-56.75,2022,0.8724
-5.0,-66.75,2022,0.0678
-8.5,-71.25,2022,1.7124
-3.5,-58.25,2022,0.5447
1.5,-60.25,2022,1.1046
-10.0,-52.0,2022,5.1535
-6.5,-54.75,2022,12.1637
-9.5,-61.5,2022,7.2642
3.75,-62.0,2022,2.589
-6.25,-57.25,2022,0.6626
-9.25,-56.0,2022,0.1486
2.5,-61.25,2022,3.66
-9.0,-65.5,2022,27.8727
-2.25,-56.25,2022,0.1902
-12.25,-61.25,2022,0.7221
-2.0,-57.0,2022,0.8698
-8.75,-70.25,2022,5.1915
-2.5,-47.75,2022,0.5961
-6.0,-50.5,2022,0.1696
-7.5,-57.25,2022,0.2425
-6.25,-47.75,2022,0.2354
-2.5,-48.0,2022,5.5059
-6.5,-56.0,2022,31.6246
-3.75,-52.75,2022,0.7605
-3.75,-59.5,2022,4.2965
-5.25,-48.75,2022,0.4683
-10.5,-63.0,2022,3.3144
-1.5,-48.75,2022,0.4906
-4.0,-50.5,2022,3.0718
-9.0,-61.5,2022,19.1444
-4.75,-48.0,2022,1.5714
-6.0,-55.75,2022,9.5796
-4.25,-54.25,2022,2.672
-8.25,-67.25,2022,0.1976
-5.75,-50.0,2022,3.9004
-2.0,-68.0,2022,0.8392
-1.5,-60.25,2022,4.9459
-2.25,-56.0,2022,0.893
-9.25,-57.25,2022,6.6653
-11.75,-61.25,2022,0.3946
-5.0,-51.0,2022,3.538
-5.5,-46.0,2022,6.7803
-4.0,-47.75,2022,1.5761
-3.5,-57.25,2022,0.2022
-5.75,-51.5,2022,8.376
-6.5,-61.5,2022,15.9833
-4.5,-68.5,2022,0.2429
-8.0,-56.75,2022,0.3694
-4.5,-55.25,2022,4.3807
-3.5,-48.75,2022,0.6572
-4.25,-50.0,2022,1.9844
-9.25,-62.0,2022,3.3254
-5.25,-46.25,2022,4.5846
-10.0,-61.25,2022,0.5059
-4.75,-57.5,2022,0.3788
-10.25,-57.25,2022,3.6214
-12.75,-54.75,2022,6.2649
-9.0,-66.25,2022,14.2248
-4.0,-63.0,2022,0.1593
-4.75,-46.75,2022,5.0997
-11.0,-61.0,2022,0.4745
-7.25,-56.25,2022,1.0802
-10.25,-51.0,2022,0.1119
-10.5,-54.0,2022,3.8186
-6.0,-56.5,2022,1.6241
-2.75,-60.25,2022,0.9979
-7.25,-72.25,2022,1.3585
-6.75,-51.5,2022,0.3572
-9.0,-66.75,2022,30.3342
-10.5,-52.75,2022,0.7908
-4.75,-48.5,2022,5.1607
-12.0,-65.0,2022,0.2486
-2.5,-54.75,2022,0.9015
-10.0,-67.5,2022,5.0125
-7.0,-70.0,2022,0.5684
-8.25,-61.5,2022,15.637
-2.0,-52.5,2022,0.3419
-3.75,-49.75,2022,1.0415
-9.0,-61.25,2022,9.0486
-8.75,-61.5,2022,7.1014
-7.75,-51.5,2022,0.2904
-1.75,-51.25,2022,0.5433
1.75,-60.75,2022,6.8689
0.75,-51.25,2022,0.0911
-2.75,-48.75,2022,6.8698
-11.25,-55.25,2022,0.209
-9.0,-50.25,2022,4.7798
-3.5,-61.75,2022,0.2872
-5.5,-58.25,2022,0.2272
-4.5,-45.75,2022,1.9376
-10.75,-59.0,2022,1.0656
-5.5,-50.25,2022,1.3324
-10.0,-59.75,2022,3.1203
-7.0,-51.25,2022,1.0673
-3.75,-44.0,2022,0.6035
-8.0,-63.75,2022,19.2769
-2.25,-50.0,2022,0.2175
-9.75,-57.0,2022,11.9137
-1.0,-60.25,2022,0.1141
-4.25,-52.75,2022,0.0862
-12.25,-60.5,2022,3.2522
-4.0,-50.25,2022,2.3626
1.75,-68.25,2022,0.0773
-7.25,-48.75,2022,0.0649
-3.75,-58.75,2022,2.4809
-10.75,-68.0,2022,0.8393
-6.75,-55.0,2022,5.9572
-10.25,-62.25,2022,0.2794
-5.5,-45.5,2022,4.2975
-9.25,-50.0,2022,0.8481
-3.25,-44.25,2022,2.1266
-1.0,-53.75,2022,4.2268
-7.5,-61.0,2022,16.9381
-7.0,-51.5,2022,0.4987
-3.25,-65.25,2022,0.5205
-4.5,-47.75,2022,0.9279
-7.0,-57.0,2022,0.6797
-6.5,-56.75,2022,0.8078
-3.0,-49.0,2022,2.733
-9.5,-54.5,2022,4.9204
-2.0,-47.75,2022,0.3533
-7.5,-55.25,2022,8.8973
-2.75,-47.25,2022,0.6817
-10.75,-62.25,2022,0.3051
4.0,-51.75,2022,0.1517
-12.0,-64.25,2022,2.0392
-3.0,-56.5,2022,0.1588
-7.5,-57.0,2022,0.2243
-7.5,-51.0,2022,0.6245
-12.25,-51.5,2022,0.5639
-1.5,-50.5,2022,0.4005
-9.25,-56.75,2022,1.3926
-10.75,-54.25,2022,3.3382
-13.0,-62.0,2022,0.6459
-11.25,-62.0,2022,0.2588
-9.75,-54.75,2022,3.3365
-10.25,-63.5,2022,3.7105
-4.75,-44.5,2022,1.1136
1.25,-60.25,2022,0.7818
-0.75,-51.75,2022,0.0791
-3.75,-59.75,2022,3.9106
2.75,-62.75,2022,0.2982
0.0,-51.5,2022,1.5891
-2.75,-58.0,2022,1.0352
-3.0,-59.0,2022,2.322
-9.0,-69.75,2022,1.2585
-3.0,-69.0,2022,0.5209
-11.5,-65.0,2022,0.2772
-10.25,-56.25,2022,3.7193
-7.0,-49.0,2022,0.0999
-5.0,-44.5,2022,2.332
-8.75,-64.0,2022,2.1374
-2.75,-57.0,2022,0.1992
-12.0,-61.75,2022,0.3583
-2.25,-55.75,2022,0.1187
-3.5,-49.5,2022,2.8304
-2.0,-54.75,2022,0.3695
2.0,-60.75,2022,3.3326
-3.0,-59.5,2022,1.9337
-6.0,-61.5,2022,0.3219
-5.5,-50.5,2022,2.551
-12.5,-61.25,2022,0.5041
-9.75,-66.5,2022,8.0592
-2.75,-67.5,2022,0.0788
-7.5,-68.25,2022,0.0782
-5.5,-45.25,2022,4.6908
-13.25,-53.75,2022,0.1968
-10.0,-54.5,2022,1.5789
-7.0,-52.25,2022,2.4921
-3.5,-56.75,2022,0.0819
-4.0,-68.75,2022,0.1447
-10.75,-55.0,2022,0.9702
-6.0,-44.25,2022,0.6705
2.25,-62.5,2022,0.2439
-4.0,-60.0,2022,0.5086
0.0,-85.25,2022,0.0001
-6.0,-61.75,2022,0.2222
-9.5,-56.0,2022,1.9332
-3.25,-57.25,2022,0.2889
-9.25,-66.5,2022,12.3862
-12.0,-63.0,2022,5.8852
-8.75,-67.75,2022,5.2098
-9.0,-65.75,2022,41.7097
-2.75,-50.5,2022,5.642
-1.0,-53.5,2022,0.7275
-10.0,-64.5,2022,12.944
-9.75,-58.25,2022,9.4937
-3.25,-63.0,2022,0.742
-4.0,-46.75,2022,6.456
-6.5,-55.75,2022,3.1035
-1.75,-56.25,2022,0.9636
-6.25,-62.25,2022,0.1662
-13.0,-60.0,2022,3.8135
-10.25,-62.0,2022,2.9121
-9.5,-53.5,2022,0.3361
-4.5,-44.0,2022,1.9253
-6.0,-61.25,2022,0.2296
-7.75,-70.75,2022,2.6285
-6.25,-62.75,2022,16.2375
-1.5,-50.75,2022,0.0628
-9.5,-62.0,2022,0.8504
-3.5,-49.25,2022,3.2713
-6.25,-62.0,2022,0.1374
-8.5,-66.75,2022,7.1195
-5.0,-44.0,2022,1.2235
-1.75,-60.75,2022,0.1914
-8.0,-63.0,2022,1.3623
-11.75,-61.75,2022,0.7729
-2.75,-54.75,2022,3.1103
-1.75,-51.75,2022,0.4828
-3.0,-57.0,2022,0.5225
-6.5,-47.5,2022,0.9405
-5.75,-46.0,2022,2.7895
-6.25,-46.0,2022,1.918
-10.75,-56.75,2022,0.0726
-8.5,-54.5,2022,1.8329
-7.0,-55.5,2022,9.3578
-8.5,-55.5,2022,4.7213
-4.75,-49.5,2022,1.597
-4.75,-49.0,2022,0.3774
-10.25,-55.75,2022,0.9752
2.25,-61.0,2022,1.6319
-2.5,-54.5,2022,0.1166
-6.5,-48.75,2022,0.3984
-6.0,-58.0,2022,17.2269
-4.5,-54.75,2022,7.2928
-1.5,-60.0,2022,0.8684
0.5,-70.0,2022,0.0734
-7.0,-55.75,2022,19.7682
-2.25,-60.0,2022,0.946
-4.0,-49.75,2022,0.1393
3.75,-64.5,2022,0.0709
-21.25,-384.0,2022,0.0003
-10.75,-69.75,2022,1.7917
-12.75,-51.5,2022,1.4782
-11.75,-56.0,2022,1.9718
-9.75,-62.75,2022,0.7911
-4.0,-60.5,2022,1.9543
-1.0,-62.0,2022,0.0653
-4.0,-59.0,2022,0.7305
-7.75,-49.5,2022,0.3927
-1.25,-55.5,2022,1.9997
-10.25,-57.0,2022,0.9439
-9.5,-66.0,2022,32.3566
-3.5,-48.5,2022,6.7382
-3.25,-51.75,2022,1.2393
3.5,-63.0,2022,0.2222
-12.25,-62.25,2022,0.4122
-5.25,-51.25,2022,2.7241
-3.5,-64.5,2022,0.6348
-4.75,-44.25,2022,1.0923
-3.25,-56.75,2022,0.8483
-3.75,-49.0,2022,5.2992
-7.25,-60.25,2022,27.676
-12.5,-61.75,2022,0.716
-7.75,-55.5,2022,0.7836
-4.25,-49.75,2022,1.5716
2.0,-61.25,2022,0.3846
-9.75,-54.5,2022,1.3501
-2.75,-46.0,2022,0.5098
-7.25,-71.0,2022,0.2792
-3.25,-46.25,2022,0.491
-6.25,-56.5,2022,1.3781
-4.75,-48.25,2022,0.371
-15.0,-59.5,2022,1.4302
-13.25,-57.25,2022,0.4913
-11.75,-57.0,2022,3.9994
-4.25,-48.0,2022,9.9393
-2.75,-47.5,2022,0.3504
-8.5,-50.25,2022,1.3738
-9.5,-63.25,2022,5.4463
-10.5,-61.75,2022,0.3402
-13.0,-55.0,2022,0.8981
-7.0,-71.5,2022,5.0698
-7.75,-73.25,2022,0.9209
-5.0,-48.75,2022,1.0186
-6.25,-54.5,2022,2.63
-6.25,-54.25,2022,1.7477
-11.5,-59.25,2022,0.4731
-10.25,-52.0,2022,4.273
-2.25,-57.25,2022,1.2107
-8.5,-60.5,2022,1.8497
-7.5,-55.75,2022,3.4234
1.75,-61.0,2022,0.9732
-10.75,-58.25,2022,0.0866
-11.0,-65.25,2022,1.6656
-6.25,-50.75,2022,0.297
-9.5,-67.0,2022,3.6656
-11.25,-61.0,2022,0.7104
-10.75,-62.5,2022,0.7321
-12.5,-57.0,2022,3.5614
-10.0,-62.5,2022,5.9625
-8.5,-72.25,2022,0.1665
-7.25,-49.75,2022,0.631
3.0,-63.25,2022,0.318
-2.5,-47.25,2022,2.2035
-2.75,-56.25,2022,0.108
-8.75,-54.75,2022,4.5173
-11.5,-57.5,2022,0.1186
-3.25,-59.0,2022,3.6641
-9.75,-64.75,2022,6.4344
-9.75,-51.0,2022,0.3526
5.0,-60.25,2022,0.1001
-3.5,-45.25,2022,0.1406
-2.5,-48.25,2022,0.5981
-9.5,-66.25,2022,11.3073
2.75,-60.0,2022,0.3876
-5.75,-51.0,2022,0.5322
-8.75,-49.5,2022,0.4044
-10.5,-69.5,2022,1.3261
-7.25,-72.0,2022,1.1622
-10.0,-50.5,2022,1.0255
-3.75,-62.0,2022,0.4557
-6.5,-52.25,2022,1.8055
-12.5,-51.25,2022,0.6449
-9.75,-65.75,2022,5.8255
-10.5,-53.75,2022,5.1345
-1.5,-51.75,2022,0.2426
-4.25,-44.25,2022,1.8857
-2.0,-47.5,2022,0.1387
-10.25,-52.25,2022,2.0676
1.0,-52.25,2022,0.6366
-10.25,-67.0,2022,1.7115
-4.0,-68.5,2022,0.4427
4.0,-64.25,2022,0.2436
-7.25,-65.25,2022,0.0747
-4.25,-47.25,2022,5.6683
-10.0,-54.0,2022,13.9157
-10.75,-65.25,2022,0.5868
-8.25,-70.0,2022,2.2833
-2.75,-58.25,2022,0.7748
-5.25,-46.5,2022,0.6763
-15.25,-59.0,2022,0.9953
-12.0,-62.25,2022,1.5043
-15.0,-58.5,2022,2.0004
-16.5,-57.5,2022,0.2923
-10.25,-65.25,2022,1.8481
-15.75,-58.0,2022,0.2804
-11.75,-60.75,2022,1.3036
-8.0,-62.75,2022,1.1425
0.75,-59.25,2022,4.2103
-6.75,-53.25,2022,6.1071
-10.0,-62.25,2022,1.6782
-4.25,-54.5,2022,0.7689
1.75,-61.25,2022,0.0736
-9.75,-53.5,2022,2.1339
-8.75,-48.75,2022,0.5876
-13.5,-61.5,2022,2.1068
-15.75,-57.5,2022,0.2016
-7.75,-66.75,2022,0.7961
-9.5,-58.0,2022,18.7267
-9.75,-56.75,2022,4.9845
-13.5,-55.75,2022,2.8739
-5.0,-47.75,2022,2.2826
-6.25,-55.25,2022,17.5346
-12.75,-56.5,2022,0.1559
-6.5,-49.5,2022,0.1168
-2.25,-68.75,2022,2.0164
-7.5,-50.75,2022,0.1192
-9.5,-51.75,2022,1.0022
-3.0,-48.0,2022,4.1187
-2.0,-59.5,2022,0.0941
-1.25,-53.0,2022,2.5915
-2.75,-47.75,2022,1.4782
-11.25,-58.75,2022,0.5831
-12.5,-56.25,2022,0.083
-4.25,-59.5,2022,1.0858
-12.25,-62.0,2022,1.2202
-12.5,-54.25,2022,1.4854
3.75,-51.5,2022,0.0838
-12.0,-58.25,2022,0.4703
-1.5,-46.25,2022,0.3328
-10.25,-56.0,2022,0.3539
-9.25,-51.25,2022,1.0892
-10.75,-55.25,2022,0.9279
-6.75,-49.5,2022,0.9409
-5.5,-49.75,2022,0.9094
-2.5,-46.5,2022,1.1655
-4.5,-59.75,2022,0.3712
-11.75,-63.5,2022,0.141
-6.0,-52.75,2022,6.7822
-12.5,-60.5,2022,1.3161
-7.25,-50.5,2022,2.4932
-12.25,-64.5,2022,2.4857
-10.0,-58.75,2022,5.0597
-9.0,-51.0,2022,2.3798
1.0,-50.75,2022,0.1814
-7.25,-55.75,2022,4.5374
-1.5,-60.5,2022,0.5908
-2.25,-47.75,2022,0.8008
-13.5,-59.0,2022,0.0707
-11.75,-55.0,2022,7.0362
-6.0,-48.25,2022,0.6372
-12.75,-60.25,2022,4.2535
-11.25,-52.75,2022,26.4031
-6.75,-58.5,2022,11.4866
-7.25,-57.5,2022,0.0852
-9.25,-70.25,2022,0.3425
-12.25,-56.75,2022,3.3068
-1.5,-51.5,2022,0.9247
-7.75,-62.0,2022,0.2044
-11.25,-51.75,2022,0.5541
-10.75,-61.25,2022,2.7072
-6.75,-56.0,2022,0.3277
-3.75,-55.25,2022,1.2549
2.0,-60.25,2022,1.7351
-6.75,-53.5,2022,3.4582
-3.25,-57.0,2022,1.0029
-8.0,-55.0,2022,4.7227
-13.75,-51.0,2022,1.0781
-10.25,-56.5,2022,0.099
-2.75,-51.0,2022,0.6717
-9.25,-58.5,2022,1.4646
-3.25,-48.5,2022,4.1391
-4.5,-60.0,2022,1.5626
-8.75,-50.25,2022,0.9082
3.0,-64.0,2022,0.085
-6.75,-70.0,2022,2.4787
-8.0,-56.5,2022,0.2789
-9.5,-72.0,2022,0.5876
-4.75,-46.0,2022,0.2875
-15.25,-57.5,2022,22.5571
-5.5,-47.25,2022,3.2713
-3.0,-69.25,2022,0.3341
-5.0,-55.75,2022,3.7397
-4.25,-67.5,2022,0.4962
-3.5,-69.5,2022,0.0945
-12.0,-56.75,2022,11.584
-6.0,-47.0,2022,0.23
-13.0,-53.25,2022,0.0847
-0.25,-50.5,2022,0.0693
-9.75,-66.0,2022,5.2678
-2.5,-57.25,2022,0.8234
-4.5,-67.0,2022,0.0886
-1.5,-53.75,2022,1.8963
-4.5,-44.5,2022,0.4194
-0.25,-61.0,2022,0.1406
-3.5,-44.0,2022,0.2859
-9.5,-55.0,2022,2.2652
-2.75,-60.0,2022,0.1731
-7.5,-72.0,2022,1.0444
3.25,-61.75,2022,1.9073
-4.25,-46.25,2022,0.3081
-15.5,-58.0,2022,0.2155
-2.75,-56.0,2022,0.1147
-9.5,-61.0,2022,5.3483
-8.25,-66.75,2022,0.3471
0.25,-69.5,2022,0.5419
-11.75,-59.25,2022,4.0059
-9.75,-55.75,2022,1.4506
-2.25,-47.0,2022,0.6042
-13.0,-55.25,2022,4.669
-8.25,-73.25,2022,0.848
-8.25,-71.5,2022,0.6664
1.25,-60.75,2022,2.506
-9.5,-54.0,2022,0.8239
-11.25,-60.75,2022,1.2639
-6.0,-54.5,2022,9.2057
-5.5,-47.0,2022,1.5139
-6.0,-54.25,2022,0.5306
-7.25,-64.5,2022,0.2078
-2.25,-54.0,2022,0.7628
-1.75,-55.75,2022,1.237
-10.75,-55.5,2022,0.2017
-4.25,-59.75,2022,13.9173
-10.25,-53.25,2022,0.0917
-10.25,-56.75,2022,1.1428
-1.5,-48.25,2022,0.5471
-5.75,-53.25,2022,4.5686
-7.0,-60.25,2022,3.8672
-6.75,-72.75,2022,0.0766
-9.75,-59.5,2022,2.3196
-4.25,-44.0,2022,1.4112
-7.5,-67.75,2022,3.0215
-6.25,-50.0,2022,0.3728
-5.0,-60.25,2022,1.2546
-11.75,-58.75,2022,2.9999
-11.0,-52.25,2022,7.4856
-6.0,-64.75,2022,0.0901
-7.0,-55.25,2022,5.7429
-7.25,-59.25,2022,7.6482
-8.25,-73.0,2022,1.0101
-7.0,-63.25,2022,2.1298
-3.75,-61.75,2022,0.2179
-7.25,-55.25,2022,4.0696
-11.5,-54.0,2022,0.6655
-7.75,-50.25,2022,1.624
-10.75,-54.5,2022,3.1131
-9.25,-52.0,2022,2.1388
-10.5,-52.0,2022,0.8499
-10.5,-58.25,2022,0.2022
-1.0,-48.75,2022,0.0705
-12.0,-59.0,2022,3.6164
-3.75,-50.75,2022,2.8103
-8.0,-69.75,2022,0.275
-8.5,-50.75,2022,0.3026
-7.25,-63.25,2022,3.841
-7.75,-49.0,2022,0.201
-14.75,-59.5,2022,0.0985
-11.25,-54.5,2022,0.5188
-5.75,-57.0,2022,1.5852
-9.5,-57.25,2022,2.0062
-9.0,-57.0,2022,0.0662
-3.5,-55.0,2022,0.4739
-7.5,-69.75,2022,0.0896
-2.5,-54.0,2022,1.3517
-13.0,-61.5,2022,1.8116
-3.5,-45.0,2022,1.2772
-7.5,-67.25,2022,1.827
-6.5,-47.0,2022,1.3661
2.75,-63.5,2022,0.5509
-10.0,-60.75,2022,10.5271
-5.75,-45.25,2022,1.9791
-11.5,-61.75,2022,0.5013
-4.0,-49.25,2022,1.515
-2.0,-55.25,2022,0.3329
-3.0,-56.0,2022,0.1514
-10.75,-51.75,2022,1.1948
-9.0,-71.75,2022,0.7628
-12.5,-54.75,2022,12.7594
-6.25,-58.0,2022,11.847
-5.0,-44.75,2022,0.9311
-11.5,-62.5,2022,0.5691
-12.0,-56.25,2022,2.0156
-12.25,-56.25,2022,3.0512
-8.5,-69.5,2022,1.1321
-12.5,-51.0,2022,0.2664
-4.25,-53.75,2022,6.7308
-4.5,-49.0,2022,0.4231
-4.5,-70.0,2022,0.3396
-1.0,-48.25,2022,0.2126
-12.25,-62.5,2022,0.5125
-4.75,-46.25,2022,0.4239
-5.25,-67.25,2022,0.2186
-5.75,-56.25,2022,0.5767
-1.5,-52.75,2022,0.8538
-2.75,-59.75,2022,0.0862
-13.5,-61.25,2022,0.8074
-5.75,-49.75,2022,1.4213
-5.5,-55.25,2022,0.1478
938237.0,-1876558.75,2022,0.0001
-1.75,-68.25,2022,0.1626
-10.5,-59.75,2022,2.5875
-10.5,-57.5,2022,3.998
-16.25,-55.75,2022,0.0889
-2.0,-60.0,2022,1.1072
-8.5,-63.75,2022,0.9029
-3.25,-52.5,2022,0.7467
-10.25,-58.5,2022,0.7064
-8.5,-72.75,2022,2.4656
-9.5,-70.75,2022,0.1025
-9.5,-65.25,2022,4.2526
-13.0,-57.25,2022,0.4327
-5.25,-50.25,2022,1.6872
-5.0,-67.0,2022,0.6339
-3.25,-56.5,2022,0.0644
-4.0,-48.5,2022,0.8639
-2.75,-53.0,2022,23.4258
-4.0,-48.25,2022,2.5432
-9.25,-49.25,2022,0.0699
-10.5,-62.25,2022,0.4825
-5.5,-44.75,2022,0.5865
4.0,-61.5,2022,0.8395
-5.0,-47.5,2022,0.753
-6.75,-57.5,2022,0.2288
-6.5,-49.75,2022,0.9066
-11.25,-58.0,2022,0.3076
-6.0,-62.5,2022,3.4091
-10.75,-67.75,2022,0.6564
-7.5,-56.5,2022,1.6867
-10.0,-63.25,2022,1.9855
-3.25,-60.25,2022,0.3125
-5.25,-44.5,2022,0.5587
-5.5,-49.25,2022,1.2211
-13.75,-57.75,2022,1.6009
-6.5,-59.0,2022,35.589
-5.0,-44.25,2022,1.7969
-12.5,-64.5,2022,0.0725
-8.0,-67.25,2022,0.8455
-6.0,-63.5,2022,0.3309
-1.75,-60.0,2022,1.3565
-9.75,-56.5,2022,0.4166
-8.0,-67.0,2022,0.5901
-2.0,-56.0,2022,0.1255
-3.75,-58.25,2022,1.2045
-2.75,-57.25,2022,0.7835
-3.75,-64.25,2022,0.2202
-1.5,-54.25,2022,0.5555
-12.5,-52.5,2022,5.3917
-5.75,-48.5,2022,0.6762
-4.25,-46.0,2022,0.54
-3.75,-56.75,2022,0.8262
-3.5,-44.75,2022,0.1817
-12.5,-57.25,2022,13.6466
1.75,-60.5,2022,3.0259
-16.0,-59.25,2022,0.2165
-7.25,-52.0,2022,0.156
-11.5,-55.0,2022,4.3096
-11.25,-50.75,2022,0.4697
-14.5,-59.75,2022,0.5842
-5.5,-53.75,2022,0.6682
-6.5,-69.5,2022,0.0641
-6.75,-51.0,2022,1.4793
-14.0,-60.25,2022,2.2579
2.25,-62.25,2022,0.1216
-4.25,-70.0,2022,0.3386
-5.0,-46.25,2022,0.8208
-3.75,-49.25,2022,0.3772
-2.5,-50.5,2022,0.5036
-6.5,-51.75,2022,0.1652
-11.5,-62.0,2022,0.5389
-11.25,-64.75,2022,0.5887
-6.25,-51.0,2022,0.4386
-7.0,-56.25,2022,0.7217
-13.5,-56.5,2022,9.3683
-10.75,-60.75,2022,0.7018
-11.75,-60.5,2022,0.5866
-8.25,-51.25,2022,0.1148
-13.5,-60.5,2022,0.4509
-6.75,-69.75,2022,0.5418
-11.25,-54.0,2022,14.7426
-10.25,-69.5,2022,0.5399
-13.25,-53.25,2022,3.2962
-12.5,-60.0,2022,0.8665
-9.0,-71.0,2022,1.7257
-10.5,-55.5,2022,1.7979
-9.5,-52.0,2022,6.9581
2.25,-63.0,2022,0.2717
-12.25,-63.25,2022,2.3307
-6.0,-57.25,2022,1.1793
-4.75,-67.0,2022,0.4505
-12.75,-55.0,2022,6.3941
0.5,-51.25,2022,0.0627
-6.75,-49.25,2022,0.2999
-7.75,-63.75,2022,2.3584
-10.5,-70.0,2022,0.3512
3.25,-60.5,2022,0.4995
-10.25,-55.5,2022,0.0855
-10.5,-60.75,2022,0.5889
-4.75,-60.0,2022,0.4548
-6.0,-50.25,2022,0.5865
-14.0,-57.75,2022,0.2865
-13.75,-59.5,2022,0.0644
-1.75,-53.25,2022,0.6454
-12.75,-57.0,2022,0.0683
-1.5,-53.25,2022,1.8315
-3.75,-64.5,2022,0.4369
-0.75,-47.25,2022,1.3
-2.25,-51.0,2022,0.7023
-4.25,-69.5,2022,0.7075
-11.5,-55.5,2022,1.3038
-9.0,-72.0,2022,0.6238
-9.5,-56.5,2022,0.7134
-8.75,-60.5,2022,5.4142
-13.5,-61.0,2022,1.7129
-1.25,-47.75,2022,0.2059
-9.25,-57.0,2022,1.25
-2.0,-52.75,2022,0.6796
-11.75,-55.5,2022,0.1833
-1.75,-62.75,2022,0.1274
-6.5,-68.25,2022,0.82
-2.5,-51.5,2022,1.517
-10.5,-56.5,2022,0.4109
-16.25,-58.25,2022,3.6742
-2.25,-68.25,2022,0.0338
-4.25,-49.0,2022,1.5662
-9.75,-52.25,2022,1.6526
-8.75,-55.25,2022,1.3474
-13.0,-55.5,2022,0.1721
-3.0,-65.5,2022,0.1742
-12.75,-52.25,2022,0.7918
-1.75,-65.5,2022,0.2096
-10.5,-61.5,2022,0.7999
-3.25,-61.0,2022,0.6026
-5.25,-71.75,2022,0.0837
-9.5,-58.25,2022,2.8874
-12.0,-57.5,2022,11.3673
-4.25,-61.0,2022,2.4883
-2.5,-46.0,2022,0.5952
-6.25,-49.5,2022,0.2988
-8.5,-71.0,2022,4.5935
-5.75,-47.0,2022,2.4139
-6.25,-57.0,2022,0.1172
-4.0,-64.25,2022,0.0903
-11.0,-54.0,2022,7.9615
0.0,-66.25,2022,0.1187
-11.0,-62.25,2022,0.154
-2.75,-64.5,2022,0.0683
-2.0,-65.25,2022,0.0758
-5.75,-60.0,2022,0.5614
-3.5,-52.75,2022,0.7663
-1.25,-50.5,2022,0.2004
-11.0,-55.0,2022,1.4478
-3.75,-65.25,2022,0.4619
-2.5,-50.0,2022,0.9565
-6.5,-69.75,2022,0.8077
-6.5,-68.0,2022,0.5836
-3.5,-65.0,2022,0.4923
-5.5,-50.75,2022,6.0999
-14.75,-57.75,2022,0.0824
-9.5,-49.5,2022,0.1418
-5.75,-58.0,2022,1.3482
-3.5,-69.25,2022,0.0917
-10.0,-53.75,2022,2.5659
-12.0,-62.75,2022,1.5025
-9.25,-50.5,2022,1.947
-4.25,-69.75,2022,0.3198
-9.5,-51.0,2022,0.4936
-2.5,-57.0,2022,0.2095
-11.5,-49.75,2022,0.2617
-12.0,-64.75,2022,0.1423
-2.5,-55.75,2022,0.8166
-3.25,-44.5,2022,0.4418
-3.0,-67.0,2022,0.4471
-7.0,-49.5,2022,1.2245
-6.0,-45.0,2022,0.2113
-6.75,-66.5,2022,0.0729
-10.25,-51.5,2022,0.6069
-2.5,-49.75,2022,0.7126
-12.0,-57.0,2022,2.3442
-9.25,-66.25,2022,1.2871
-2.0,-59.75,2022,0.5955
-9.5,-56.25,2022,4.4872
-3.75,-61.0,2022,0.4718
-6.0,-65.0,2022,0.4568
-4.25,-54.0,2022,0.2047
-12.5,-61.5,2022,0.2392
1.0,-62.75,2022,0.0719
-3.75,-47.5,2022,2.23
-4.75,-44.75,2022,0.531
-15.0,-57.75,2022,0.1402
-0.75,-47.75,2022,0.7684
-2.5,-50.75,2022,0.5719
-6.25,-49.75,2022,2.3307
-5.75,-49.5,2022,0.2897
-6.0,-46.25,2022,0.3272
-7.5,-67.5,2022,1.5592
-7.0,-70.75,2022,0.2889
-7.25,-57.25,2022,0.2154
-14.5,-51.0,2022,0.0791
-13.5,-53.75,2022,1.5786
-10.25,-61.5,2022,12.8914
-10.25,-51.25,2022,0.1113
-9.75,-60.5,2022,5.0857
-11.5,-64.75,2022,0.1404
-16.25,-59.5,2022,0.2527
-12.5,-64.0,2022,4.5877
-6.5,-57.5,2022,0.4479
-6.0,-70.5,2022,0.3927
-1.5,-56.25,2022,0.1521
-4.25,-67.0,2022,0.155
-2.5,-59.5,2022,0.5945
-10.25,-69.25,2022,0.4962
-9.5,-65.75,2022,4.0097
4.25,-61.5,2022,0.2476
-10.0,-55.5,2022,1.2758
-3.5,-52.5,2022,0.4784
-11.75,-52.0,2022,0.9869
-11.75,-56.25,2022,2.123
-6.0,-49.25,2022,1.2691
-9.25,-63.75,2022,1.868
-1.5,-45.75,2022,0.1129
-1.5,-48.5,2022,0.1348
-3.75,-46.75,2022,0.077
-1.75,-50.0,2022,0.216
-8.75,-49.75,2022,1.59
-7.25,-69.75,2022,0.2199
-9.25,-64.75,2022,0.132
-7.25,-50.75,2022,0.8161
-12.0,-60.5,2022,2.2756
-5.0,-49.0,2022,0.3434
-9.25,-60.0,2022,0.4324
-4.25,-51.25,2022,1.3235
-5.0,-45.5,2022,0.7567
-11.5,-51.5,2022,0.5378
-9.75,-57.5,2022,0.6326
5.0,-60.5,2022,0.0892
3.5,-51.5,2022,0.063
-10.75,-57.0,2022,2.7076
-11.0,-61.75,2022,0.0752
-11.75,-49.75,2022,1.7398
-1.5,-47.75,2022,0.3242
-6.5,-51.0,2022,0.3964
-6.0,-50.0,2022,1.342
-8.0,-49.75,2022,0.0958
-4.25,-60.75,2022,0.9685
-10.0,-55.75,2022,0.1418
-4.0,-65.0,2022,0.2269
-5.5,-44.5,2022,0.7854
-8.75,-54.5,2022,0.6214
-2.25,-54.75,2022,0.0748
-1.0,-53.0,2022,0.3536
-3.0,-56.75,2022,0.1704
-9.75,-55.5,2022,0.6708
-12.0,-62.0,2022,0.3288
-5.75,-48.0,2022,0.9973
-13.0,-56.5,2022,0.0789
-13.0,-54.0,2022,8.925
-6.0,-49.5,2022,0.0746
-10.0,-63.0,2022,0.6231
-2.0,-48.25,2022,0.1527
-12.5,-55.5,2022,0.5046
-5.5,-48.5,2022,2.2403
-12.5,-56.5,2022,0.2354
-4.75,-44.0,2022,0.6574
-1.25,-57.0,2022,0.0912
-12.25,-54.75,2022,6.902
-8.25,-49.75,2022,0.227
-7.0,-50.5,2022,1.1028
-3.5,-58.0,2022,0.3571
-10.25,-50.5,2022,0.2067
-9.75,-58.75,2022,0.6375
-2.0,-54.0,2022,0.5347
-15.0,-59.75,2022,0.6324
-12.75,-61.75,2022,0.4524
-11.75,-62.0,2022,1.4246
-14.0,-56.0,2022,0.2052
-14.5,-57.5,2022,0.2006
-5.25,-47.25,2022,0.9285
-10.75,-63.75,2022,0.2337
1.25,-60.5,2022,2.2636
-7.75,-65.25,2022,0.2185
-4.25,-63.0,2022,0.2509
-13.25,-55.25,2022,3.4612
-2.25,-69.5,2022,0.149
2.25,-51.0,2022,0.0795
-7.25,-60.5,2022,15.1171
-4.75,-62.75,2022,0.0643
3.25,-63.25,2022,0.3927
1.5,-60.0,2022,6.4093
-11.0,-57.25,2022,0.8636
-7.0,-60.75,2022,0.3154
-2.5,-55.0,2022,0.5345
-12.75,-56.0,2022,0.0858
-11.5,-58.0,2022,1.1618
-1.5,-52.25,2022,0.2039
-8.25,-69.75,2022,0.4111
-10.25,-59.75,2022,1.6076
-9.25,-64.5,2022,3.4168
-10.0,-54.25,2022,4.0923
-3.75,-48.25,2022,5.0783
-3.75,-49.5,2022,0.4303
-7.75,-62.25,2022,1.1741
-7.25,-52.75,2022,0.2314
-11.25,-55.0,2022,1.6498
-12.5,-64.25,2022,0.3881
-1.5,-51.0,2022,0.1893
-6.5,-70.0,2022,0.5093
-9.75,-65.5,2022,2.8284
-8.0,-65.25,2022,0.1791
-2.5,-45.25,2022,0.1692
-3.5,-64.75,2022,0.238
-9.0,-65.25,2022,11.0143
-5.75,-59.75,2022,0.3024
-13.0,-60.25,2022,1.4295
-3.0,-52.0,2022,0.4813
-12.25,-56.5,2022,1.7533
-6.5,-64.5,2022,0.1416
-11.25,-61.75,2022,0.4954
-5.75,-51.25,2022,2.3464
-6.25,-49.0,2022,0.2316
-10.25,-61.25,2022,5.5432
-6.25,-49.25,2022,0.4549
-12.0,-57.25,2022,11.5697
-7.5,-73.5,2022,0.1522
-3.0,-52.25,2022,0.8951
-2.0,-48.5,2022,0.4481
938251.0,2814712.0,2022,0.0001
-7.0,-65.0,2022,0.2079
-10.5,-57.25,2022,5.9502
-1.0,-50.75,2022,0.0698
1.25,-59.5,2022,0.2249
-11.25,-52.5,2022,1.2585
-9.75,-61.75,2022,0.0634
-3.0,-46.75,2022,0.3958
-12.25,-54.5,2022,1.6173
-10.75,-54.75,2022,0.1545
-7.5,-48.75,2022,0.5829
-10.0,-50.0,2022,0.075
3.0,-61.25,2022,0.1405
-2.5,-66.0,2022,0.2952
-3.0,-65.25,2022,0.5848
-11.0,-59.25,2022,0.3931
-10.75,-64.25,2022,1.0026
-2.75,-66.75,2022,0.0781
-5.5,-67.5,2022,0.1351
-3.25,-47.75,2022,2.1006
-1.0,-49.5,2022,0.0641
-4.0,-55.0,2022,0.3932
-13.25,-51.75,2022,0.3179
-2.25,-54.5,2022,1.0329
-12.75,-55.25,2022,7.288
-7.25,-51.25,2022,0.2248
-4.75,-45.5,2022,1.4179
-0.25,-51.5,2022,0.0486
-7.5,-64.0,2022,9.3308
-4.25,-46.5,2022,0.2206
-6.75,-64.5,2022,0.3239
-7.75,-64.5,2022,2.7725
-16.5,-56.25,2022,0.1676
-11.0,-68.75,2022,0.6792
-7.75,-71.25,2022,0.149
-6.0,-64.5,2022,0.7762
-10.75,-59.25,2022,1.1679
-2.5,-52.5,2022,0.9366
-9.0,-56.75,2022,2.5756
1.5,-60.5,2022,0.2535
-11.75,-57.75,2022,7.5524
2.0,-61.0,2022,0.478
-6.0,-64.0,2022,0.237
-11.25,-57.75,2022,0.6219
-5.5,-52.5,2022,0.1167
-5.5,-59.75,2022,0.2927
-1.0,-52.0,2022,0.4345
-9.25,-64.0,2022,0.3167
-0.75,-50.5,2022,0.1617
-9.25,-48.0,2022,0.1217
-12.0,-58.75,2022,0.7702
-1.5,-56.5,2022,1.6391
-1.0,-50.25,2022,0.0706
3.25,-64.0,2022,0.1332
-2.25,-52.75,2022,0.0917
-4.75,-47.5,2022,0.5068
-4.5,-48.25,2022,0.2985
-5.0,-55.5,2022,0.1091
-9.0,-50.5,2022,0.2613
-1.0,-50.5,2022,0.0642
-6.5,-57.75,2022,0.5056
-3.75,-57.5,2022,0.1585
-10.0,-56.0,2022,1.1169
-11.25,-62.75,2022,0.1055
-12.0,-54.5,2022,11.9939
-1.75,-45.75,2022,0.2344
-12.0,-63.75,2022,1.4784
-15.25,-59.25,2022,0.1644
-12.5,-54.0,2022,0.0798
-12.25,-59.5,2022,0.3625
3.0,-60.0,2022,0.0665
-10.0,-56.75,2022,0.5408
-7.25,-58.0,2022,0.0778
-8.5,-66.5,2022,0.203
-5.75,-61.0,2022,0.4889
-6.25,-47.25,2022,0.8601
-9.75,-61.25,2022,1.0672
-13.5,-60.75,2022,0.6859
-3.25,-47.5,2022,2.1943
-9.75,-61.5,2022,8.64
-9.25,-50.25,2022,0.0733
-11.25,-51.25,2022,0.5722
-3.75,-47.25,2022,5.5438
-3.25,-47.0,2022,2.0313
-2.0,-50.5,2022,0.5972
0.25,-50.25,2022,0.071
-2.0,-47.0,2022,0.0901
-6.0,-46.0,2022,3.5774
-3.5,-47.0,2022,0.2331
-11.5,-59.0,2022,0.9178
-1.75,-48.75,2022,0.2203
-9.5,-72.75,2022,0.067
0.0,-53.5,2022,0.5507
-1.25,-48.5,2022,0.071
-13.0,-53.5,2022,0.285
-7.5,-56.75,2022,0.3422
-12.0,-56.5,2022,2.2625
-2.25,-69.25,2022,0.804
0.75,-51.75,2022,0.1394
-6.5,-48.0,2022,0.1005
-1.25,-61.25,2022,0.0628
-10.25,-52.75,2022,3.7781
-2.75,-49.5,2022,0.3077
-5.25,-55.75,2022,0.1884
-11.5,-56.75,2022,0.201
-2.75,-50.25,2022,0.892
-9.75,-52.0,2022,0.2971
-2.5,-45.5,2022,0.0857
-12.25,-60.0,2022,0.974
-12.25,-57.25,2022,4.2489
-3.0,-58.0,2022,0.2899
-10.75,-65.0,2022,0.5247
-2.0,-59.25,2022,0.1044
-10.0,-51.75,2022,0.3212
-7.75,-65.0,2022,0.352
-4.5,-46.75,2022,0.7627
-6.75,-68.25,2022,0.2508
-13.0,-61.25,2022,0.7108
-13.75,-60.5,2022,0.4315
-7.5,-56.25,2022,0.0752
-11.25,-62.25,2022,0.1532
-12.0,-58.5,2022,0.4012
-7.75,-73.5,2022,0.3484
-11.25,-62.5,2022,0.327
-1.0,-52.25,2022,0.1941
-8.5,-68.25,2022,0.4803
-8.0,-63.25,2022,1.3281
-7.0,-58.25,2022,0.3193
-6.5,-58.75,2022,39.1489
-7.5,-65.25,2022,0.2923
-14.5,-56.75,2022,0.0788
-1.5,-51.25,2022,0.2308
-7.0,-52.5,2022,8.5863
-7.25,-48.25,2022,0.2788
-1.0,-47.75,2022,0.2304
-8.5,-51.5,2022,0.0749
2.75,-60.75,2022,0.1157
1.25,-59.25,2022,0.2771
-3.0,-53.5,2022,0.4825
-2.25,-47.25,2022,0.5026
-9.25,-69.5,2022,0.0922
-4.5,-48.75,2022,0.2268
-13.25,-54.0,2022,0.5968
-7.0,-48.0,2022,0.0838
-13.75,-60.25,2022,1.4932
-11.75,-58.5,2022,1.3163
-11.75,-62.25,2022,0.2943
-9.0,-70.25,2022,0.1532
-4.5,-65.5,2022,0.0918
-10.5,-50.75,2022,0.5445
-1.5,-61.25,2022,0.1691
-7.5,-61.75,2022,5.0279
-6.5,-50.5,2022,0.2499
-7.5,-68.0,2022,0.3935
-7.5,-70.5,2022,0.6048
-5.5,-48.75,2022,1.7919
-8.0,-64.0,2022,0.2544
-14.25,-56.5,2022,0.3632
-7.0,-49.75,2022,0.2282
-7.25,-51.75,2022,0.1551
-3.25,-63.75,2022,0.1555
-4.0,-46.25,2022,0.3649
-2.25,-60.25,2022,0.3827
-8.75,-72.0,2022,0.1375
-5.75,-46.25,2022,2.8721
-12.25,-55.5,2022,0.2286
-10.0,-62.0,2022,0.1147
-10.25,-54.5,2022,0.9915
-7.75,-71.5,2022,0.5599
-7.25,-49.5,2022,0.5025
-8.5,-73.0,2022,0.3559
-13.0,-61.0,2022,0.2387
-11.0,-65.0,2022,0.264
-6.75,-49.75,2022,0.643
-10.5,-53.5,2022,0.077
-3.5,-45.5,2022,0.7774
-3.75,-66.0,2022,0.1727
-8.25,-72.5,2022,0.2122
-3.25,-48.0,2022,1.0056
-6.75,-48.5,2022,0.5065
-6.5,-62.5,2022,2.0273
-10.0,-62.75,2022,0.9136
-9.75,-54.0,2022,5.326
-13.75,-55.75,2022,0.5481
-8.75,-59.5,2022,0.0641
-9.25,-54.5,2022,0.4825
-13.5,-57.0,2022,3.1226
-1.75,-49.0,2022,0.3312
-11.5,-61.5,2022,0.1675
-11.0,-53.25,2022,0.0678
-5.0,-47.25,2022,0.9679
-12.25,-57.5,2022,1.5728
-13.75,-51.5,2022,0.1119
-11.0,-49.75,2022,0.0869
-12.25,-61.0,2022,0.2314
-5.25,-45.25,2022,0.5618
-13.75,-56.75,2022,1.1608
-11.25,-59.0,2022,0.4096
-11.25,-57.25,2022,2.7828
-0.25,-53.0,2022,0.0648
-8.5,-50.0,2022,0.4549
1.25,-57.5,2022,0.2446
-2.5,-58.25,2022,0.3589
-4.0,-58.5,2022,0.0638
-5.75,-64.75,2022,0.0744
-1.25,-51.75,2022,0.1
-2.75,-53.75,2022,0.78
-12.0,-56.0,2022,0.0746
-12.25,-52.75,2022,15.4322
-10.0,-59.0,2022,0.5041
-9.5,-72.5,2022,0.0632
-0.75,-52.0,2022,0.1317
-5.5,-61.0,2022,0.2597
-11.75,-55.25,2022,1.6514
-10.5,-55.0,2022,0.3339
-1.25,-60.5,2022,0.0653
-3.25,-57.75,2022,0.219
-6.75,-51.75,2022,0.7371
-2.25,-58.75,2022,0.0689
-6.75,-67.0,2022,0.1002
0.5,-59.25,2022,0.0914
-5.25,-44.0,2022,4.2461
-7.0,-62.5,2022,0.0752
-13.25,-60.5,2022,0.3418
-6.5,-57.25,2022,0.2087
-12.0,-55.25,2022,0.2153
-1.75,-60.5,2022,0.9917
-15.25,-57.75,2022,0.1307
-9.5,-55.25,2022,0.4664
-13.25,-60.25,2022,0.1658
-6.25,-46.25,2022,1.5976
-12.25,-54.25,2022,0.9868
-13.5,-56.75,2022,1.069
-3.25,-68.0,2022,0.0755
-1364736.0,-4094244.0,2022,0.0003
-8.75,-55.0,2022,1.3681
-6.5,-51.25,2022,0.4385
-5.75,-45.0,2022,2.1904
-10.5,-51.0,2022,1.1025
-1.75,-47.75,2022,0.075
-6.0,-53.0,2022,1.9024
2.75,-62.5,2022,0.0631
-14.0,-55.75,2022,4.8399
-2.25,-55.25,2022,0.2174
-5.75,-47.75,2022,0.6076
-7.5,-50.5,2022,1.2048
-2.0,-53.0,2022,0.1811
-6.5,-48.5,2022,0.6997
-2.5,-44.25,2022,0.1512
-12.75,-60.5,2022,0.2169
-5.25,-68.0,2022,0.1224
1.0,-50.0,2022,0.09
-12.75,-54.0,2022,5.7968
-5.75,-60.25,2022,0.1256
-7.25,-65.0,2022,0.0781
-4.5,-47.25,2022,1.0053
3.25,-61.0,2022,0.2745
-4.0,-60.75,2022,0.1209
-8.25,-50.0,2022,0.106
-7.25,-71.5,2022,0.4094
-0.5,-58.0,2022,0.1391
-3.5,-47.25,2022,0.1007
-7.0,-48.75,2022,0.4519
-12.75,-52.0,2022,2.4137
-13.0,-53.75,2022,2.7571
-1.0,-60.5,2022,0.0838
-6.0,-71.0,2022,0.0684
-12.5,-55.25,2022,1.7961
-5.25,-64.0,2022,0.4164
-1.75,-46.25,2022,0.0636
-6.75,-57.75,2022,0.338
5.0,-60.0,2022,0.197
-11.75,-54.75,2022,7.2569
-6.25,-48.25,2022,0.0662
-6.5,-62.0,2022,0.4901
-6.5,-48.25,2022,1.0055
-4.5,-63.25,2022,0.0814
-9.75,-56.0,2022,6.7425
3.75,-61.5,2022,0.1081
-3.0,-61.0,2022,0.4322
2.25,-62.0,2022,0.0679
-1.75,-62.25,2022,0.0717
-4.75,-59.25,2022,0.1014
-4.0,-69.25,2022,0.0636
-1.25,-50.25,2022,0.1338
-16.5,-58.25,2022,0.4702
-2.75,-44.25,2022,0.6413
-16.75,-56.0,2022,0.5068
-2.25,-53.0,2022,0.08
-10.5,-62.0,2022,0.361
0.25,-70.0,2022,0.0683
-11.25,-64.25,2022,0.0855
-6.25,-48.0,2022,0.4508
-11.25,-49.75,2022,1.6177
-5.75,-70.5,2022,0.2535
-10.5,-56.25,2022,0.0824
-2.0,-66.25,2022,0.098
-3.25,-65.0,2022,0.0647
0.5,-60.75,2022,0.0678
0.0,-69.75,2022,0.0678
-1.5,-61.0,2022,0.0707
-2.0,-53.25,2022,0.2561
-0.75,-60.25,2022,0.1604
-8.75,-68.5,2022,0.3197
-10.75,-51.25,2022,0.6102
-11.75,-54.0,2022,1.1368
0.25,-53.75,2022,0.0841
-4.25,-70.25,2022,0.0627
-5.75,-46.75,2022,0.6445
-5.25,-48.25,2022,0.6253
-12.25,-59.25,2022,0.0995
-5.0,-67.25,2022,0.0716
0.75,-50.5,2022,0.0686
-1.75,-48.25,2022,0.3601
-7.0,-53.0,2022,0.1573
-5.75,-55.75,2022,2.4198
-11.0,-58.5,2022,0.0637
-9.5,-50.5,2022,0.1364
-9.25,-70.5,2022,0.0915
-4.0,-62.0,2022,0.1647
-0.75,-47.5,2022,0.1648
2.25,-60.0,2022,0.0891
-8.5,-48.5,2022,0.2224
-1.5,-47.5,2022,0.0688
-4.75,-50.25,2022,0.1757
-1.25,-52.25,2022,0.2013
-12.0,-58.0,2022,0.1957
-9.5,-51.25,2022,0.3161
2.5,-64.0,2022,0.4795
-6.0,-48.0,2022,0.0975
-2.25,-59.75,2022,0.3723
-5.75,-44.75,2022,0.9481
-3.75,-60.5,2022,0.0689
-6.0,-60.0,2022,10.6251
-9.0,-60.25,2022,0.7571
-12.5,-52.0,2022,9.6536
-1.0,-47.5,2022,0.2462
-0.5,-61.75,2022,0.0907
-5.25,-48.5,2022,0.2672
2.0,-59.75,2022,0.1011
-13.0,-56.75,2022,0.1003
-11.5,-56.25,2022,2.6367
-3.5,-60.0,2022,0.1931
-11.0,-55.75,2022,0.1835
-4.5,-70.25,2022,0.1419
-5.75,-60.5,2022,0.16
-6.0,-45.75,2022,0.3902
-4.5,-59.5,2022,0.2623
-2.0,-48.0,2022,0.1597
-5.75,-46.5,2022,0.7457
3.25,-51.25,2022,0.2326
-9.25,-56.25,2022,0.6497
-7.75,-57.75,2022,0.1863
-7.5,-62.75,2022,0.5527
-11.0,-61.25,2022,0.0695
-13.75,-59.25,2022,0.4684
-5.25,-49.75,2022,0.4064
-11.5,-57.75,2022,0.2207
-1.5,-50.25,2022,0.0742
-8.0,-72.75,2022,0.4548
-1.75,-47.25,2022,0.3175
-6.0,-47.75,2022,0.2576
-11.0,-52.0,2022,0.2071
-10.0,-51.25,2022,0.4196
-5.0,-47.0,2022,0.0628
-6.25,-64.0,2022,0.2543
-6.0,-73.25,2022,0.0645
-13.5,-53.5,2022,0.2065
-11.0,-52.5,2022,0.2877
-10.75,-58.75,2022,3.182
-13.0,-57.5,2022,1.0513
-12.0,-55.0,2022,1.4087
-10.75,-58.0,2022,0.1302
-14.25,-51.0,2022,0.2742
-11.0,-55.25,2022,3.5356
-2.0,-67.75,2022,0.0834
-12.75,-54.5,2022,8.2385
-6.75,-50.0,2022,0.0953
-5.5,-60.75,2022,0.063
-16.5,-56.0,2022,0.0884
-4.0,-64.0,2022,0.0669
-0.5,-56.75,2022,0.1541
1.25,-67.75,2022,0.1424
1.5,-64.0,2022,0.2052
-6.25,-67.75,2022,0.5101
-2.75,-61.0,2022,0.067
-8.75,-47.0,2022,0.063
-6.25,-68.0,2022,0.2574
-8.5,-49.5,2022,1.1181
-11.75,-52.75,2022,15.9421
3.5,-63.5,2022,0.0002
-14.75,-59.75,2022,0.1143
-10.0,-57.0,2022,3.4788
-3.5,-68.25,2022,0.072
-6.5,-47.75,2022,1.2034
-12.75,-61.5,2022,0.2402
-11.75,-56.5,2022,1.7367
-3.0,-60.5,2022,0.1378
-5.25,-45.75,2022,0.4642
-3.25,-44.0,2022,0.0653
-1.0,-47.0,2022,0.2511
-10.5,-51.25,2022,0.0706
-6.75,-70.5,2022,0.3061
-5.5,-68.0,2022,0.0784
-2.75,-52.25,2022,0.3459
-9.75,-51.25,2022,0.3538
-8.25,-65.5,2022,0.0858
-10.75,-61.0,2022,0.0658
-2.5,-47.5,2022,0.2998
-8.0,-62.0,2022,0.0952
-6.5,-65.25,2022,0.0929
-3.5,-63.75,2022,0.0725
-3.25,-64.75,2022,0.0654
-7.25,-61.75,2022,0.0644
2.5,-51.75,2022,0.6525
-15.75,-55.75,2022,0.1554
-13.75,-50.75,2022,0.3349
-16.25,-56.0,2022,0.1012
-11.75,-57.5,2022,0.0948
-4.25,-57.75,2022,0.0632
0.25,-59.5,2022,0.0641
2.75,-51.5,2022,0.0647
-5.75,-50.5,2022,0.2749
-11.0,-56.25,2022,0.1517
-13.5,-54.5,2022,0.2219
-13.75,-60.0,2022,0.0978
-9.25,-56.5,2022,0.4659
-7.75,-62.75,2022,0.221
-3.0,-58.75,2022,0.2001
-0.25,-60.25,2022,0.0815
-5.75,-63.5,2022,0.1527
-1.25,-52.75,2022,0.2269
-3.25,-61.75,2022,0.0764
-6.5,-72.75,2022,0.129
-15.5,-57.75,2022,0.4743
0.25,-61.0,2022,0.09
-5.75,-59.5,2022,0.2464
-8.25,-49.5,2022,0.5922
-2.25,-68.5,2022,0.1971
-3.25,-69.5,2022,0.0723
-4.0,-58.0,2022,0.0694
-7.5,-49.0,2022,0.0718
-4.25,-47.75,2022,0.3283
-4.0,-65.25,2022,0.1603
0.75,-64.5,2022,0.0875
-4.75,-55.0,2022,0.0685
-7.75,-58.0,2022,0.8713
-9.0,-55.0,2022,0.1697
2.5,-51.25,2022,0.7307
-6.75,-48.0,2022,0.3702
-11.75,-64.0,2022,0.1169
-6.0,-44.75,2022,0.3545
-15.0,-57.0,2022,0.3253
-10.75,-70.0,2022,0.1942
-1.5,-66.5,2022,0.0755
-7.0,-69.75,2022,0.1847
-1.25,-45.75,2022,0.0899
-12.5,-61.0,2022,0.0808
-7.5,-62.25,2022,0.1732
-3.5,-69.0,2022,0.1644
-0.25,-51.0,2022,0.0954
-14.25,-56.25,2022,0.1173
-5.5,-56.25,2022,0.0638
-5.75,-45.5,2022,1.2576
-3.0,-61.25,2022,0.1388
-3.5,-65.25,2022,0.0665
-5.0,-48.25,2022,0.5827
-11.5,-61.0,2022,0.1223
-3.0,-60.0,2022,0.0642
-9.5,-50.25,2022,0.063
-12.75,-52.5,2022,0.7809
-7.5,-60.25,2022,0.1339
-10.5,-51.75,2022,0.2195
-5.5,-60.0,2022,0.3198
-6.5,-64.25,2022,0.2398
-8.5,-49.25,2022,0.7309
-5.75,-47.25,2022,0.5658
-13.0,-54.75,2022,0.6997
-5.25,-51.75,2022,0.3637
-2.75,-52.75,2022,0.0853
-2.0,-49.25,2022,0.0844
-7.25,-68.0,2022,0.237
-7.5,-71.0,2022,0.0671
-9.75,-51.5,2022,0.1571
-12.25,-59.75,2022,0.3285
0.0,-58.0,2022,0.1605
-10.0,-50.75,2022,0.1845
-3.0,-60.75,2022,0.1445
-0.75,-48.0,2022,0.2626
-2.5,-53.5,2022,1.2016
-8.0,-48.25,2022,0.3816
-6.0,-62.0,2022,0.0752
-3.25,-58.5,2022,0.5213
1.5,-63.5,2022,0.0751
-5.5,-60.5,2022,0.1647
-9.75,-71.75,2022,0.08
-9.5,-71.25,2022,0.0829
-16.5,-58.0,2022,0.6
-12.0,-61.25,2022,0.259
-9.5,-52.25,2022,0.1169
-4.0,-65.5,2022,0.1055
-11.75,-57.25,2022,1.265
-1.25,-49.0,2022,0.064
-4.5,-61.25,2022,0.394
-16.0,-56.0,2022,0.0965
-2.75,-58.5,2022,0.0728
-8.5,-67.75,2022,0.0795
-7.0,-52.0,2022,0.1261
-3.0,-64.25,2022,0.1014
-15.75,-57.75,2022,0.3411
-12.75,-57.75,2022,0.0787
-9.5,-50.75,2022,0.0805
-12.5,-62.25,2022,0.3506
-7.0,-48.5,2022,0.074
-8.0,-65.75,2022,0.0968
-11.0,-57.75,2022,0.0789
-4.0,-44.25,2022,0.236
-7.25,-70.25,2022,0.0631
4.25,-61.25,2022,0.3767
-5.25,-72.75,2022,0.0891
-13.75,-57.25,2022,0.196
-6.5,-49.25,2022,0.1304
-1.25,-48.25,2022,0.1896
-10.25,-60.75,2022,0.0932
-7.25,-57.0,2022,0.103
0.0,-52.0,2022,0.0825
-16.25,-55.0,2022,0.0735
-3.75,-65.0,2022,0.2967
-9.25,-73.0,2022,0.0627
-10.0,-51.5,2022,0.0692
3.5,-51.75,2022,0.0854
-7.75,-55.75,2022,0.1951
-12.25,-53.5,2022,0.1321
-11.0,-70.0,2022,0.0701
-1.0,-50.0,2022,0.0654
0.5,-53.75,2022,0.0731
-8.5,-53.75,2022,0.066
-12.5,-53.25,2022,0.0629
-10.5,-59.0,2022,0.166
-8.0,-49.0,2022,0.0664
-3.25,-60.75,2022,0.0669
-5.25,-62.75,2022,0.0632
-7.75,-60.75,2022,0.9373
-4.25,-59.25,2022,0.1762
-9.5,-51.5,2022,0.0813
-6.5,-59.5,2022,0.0707
-10.25,-52.5,2022,1.4294
-5.75,-47.5,2022,0.1961
-2.5,-51.0,2022,0.1025
-3.5,-62.0,2022,0.3044
-4.0,-57.0,2022,0.1334
-11.25,-56.25,2022,0.9127
-3.75,-64.0,2022,0.0674
-12.5,-56.75,2022,0.0948
-13.0,-52.0,2022,0.4068
-6.0,-59.75,2022,1.5753
-2.25,-55.5,2022,0.1414
-2.0,-56.25,2022,0.1683
0.0,-58.25,2022,0.0842
-10.5,-60.5,2022,1.5064
-4.0,-69.5,2022,0.6044
-9.75,-54.25,2022,0.6132
-7.75,-57.25,2022,0.0933
-13.25,-55.0,2022,0.1482
-6.25,-45.25,2022,0.2748
-12.25,-58.0,2022,0.0655
-2.75,-58.75,2022,0.0639
-15.5,-59.5,2022,0.5454
-5.5,-70.5,2022,0.076
-4.75,-54.75,2022,0.0901
-5.25,-57.0,2022,0.0622
-11.0,-58.0,2022,0.3181
-3.5,-64.25,2022,0.0858
268650182132.0,67162545479.0,2022,0.0002
-14.0,-51.75,2022,0.1058
-11.0,-56.0,2022,0.0641
-5.25,-72.0,2022,0.0675
-7.75,-69.75,2022,1.1575
-7.75,-63.0,2022,0.0944
-3.75,-58.0,2022,0.144
5.25,-60.25,2022,0.0298
-0.25,-53.25,2022,0.0802
-11.25,-51.5,2022,0.094
3.0,-60.5,2022,0.0833
-1.25,-50.75,2022,0.0769
-15.5,-57.5,2022,0.3168
-10.25,-54.75,2022,0.1812
0.0,-53.25,2022,0.0686
-7.25,-70.75,2022,0.066
-15.0,-59.25,2022,0.0721
-12.25,-58.25,2022,0.0877
-7.75,-66.5,2022,0.0713
-1.5,-48.0,2022,0.0716
-6.75,-50.5,2022,1.3391
-5.75,-64.0,2022,0.1597
-13.25,-53.5,2022,0.2102
-11.5,-56.0,2022,4.9285
-3.5,-60.5,2022,0.0974
1.0,-53.0,2022,0.0664
3.5,-61.25,2022,0.09
-17.0,-55.75,2022,5.5267
-1.25,-52.0,2022,0.067
-9.25,-51.75,2022,0.2133
-2.25,-59.25,2022,0.0645
-2.5,-67.0,2022,1.5791
-7.0,-64.25,2022,0.1145
-15.0,-58.75,2022,0.1168
-6.5,-57.0,2022,0.1157
-6.75,-50.75,2022,0.0633
-3.5,-62.5,2022,0.1347
-12.75,-53.0,2022,0.1654
-13.0,-52.75,2022,0.2356
4.75,-60.25,2022,0.0689
-2.0,-61.25,2022,0.0785
-1.25,-48.0,2022,0.0929
-12.5,-58.0,2022,0.7969
-15.0,-57.5,2022,0.7688
-13.75,-56.25,2022,0.1047
-7.0,-57.5,2022,0.1046
-3.75,-44.75,2022,0.5716
-1.75,-52.75,2022,0.066
-1.75,-50.75,2022,0.0789
-10.75,-70.25,2022,0.0663
-1.0,-49.75,2022,0.0677
-0.25,-55.75,2022,0.0674
-13.5,-59.75,2022,0.3961
-9.0,-59.5,2022,0.1828
-3.75,-63.25,2022,0.0827
-14.75,-59.0,2022,1.3561
-4.0,-67.75,2022,0.0706
-4.5,-53.75,2022,0.1344
-6.75,-70.75,2022,0.1324
-6.25,-64.5,2022,0.6423
-6.25,-47.0,2022,0.0781
-6.75,-66.75,2022,0.0781
2.75,-61.0,2022,0.0722
-7.75,-57.5,2022,0.1517
-2.5,-64.75,2022,0.088
-5.25,-48.0,2022,0.1016
-2.25,-52.5,2022,0.067
-13.25,-42.75,2022,0.0001
-12.5,-59.75,2022,0.0754
-1.75,-49.75,2022,0.0874
0.75,-51.0,2022,0.0981
-5.25,-62.5,2022,0.1113
-12.0,-55.5,2022,0.2985
-6.25,-48.75,2022,0.07
0.0,-53.0,2022,0.0889
-8.5,-47.0,2022,0.0781
-6.0,-71.5,2022,0.0646
-5.5,-72.25,2022,0.142
-6.75,-72.0,2022,0.0678
-5.75,-66.0,2022,0.0705
-9.25,-63.0,2022,0.0732
-4.25,-49.5,2022,0.1519
-10.0,-52.75,2022,1.7905
-3.5,-48.0,2022,2.7148
-8.5,-48.75,2022,0.0817
-9.75,-56.25,2022,0.1431
-10.75,-52.25,2022,0.0705
-11.25,-53.75,2022,0.0753
-7.75,-48.75,2022,0.0713
0.5,-67.5,2022,0.0806
-0.75,-60.75,2022,0.0859
-10.75,-50.0,2022,0.086
-4.5,-47.0,2022,0.1412
-12.25,-51.0,2022,0.1468
3.25,-62.5,2022,0.0812
-12.5,-53.0,2022,0.0766
-7.5,-50.0,2022,0.0658
-3.75,-46.5,2022,0.0652
-11.25,-55.75,2022,0.1022
-10.75,-62.0,2022,0.0657
-13.0,-52.25,2022,0.1023
0.0,-67.25,2022,0.0626
-8.5,-48.25,2022,0.0699
-7.5,-57.75,2022,0.1193
-4.5,-59.25,2022,0.1156
-7.25,-69.5,2022,0.07
-8.75,-49.25,2022,0.0652
-3.75,-48.5,2022,0.6309
-3.5,-62.25,2022,0.1093
-5.75,-54.0,2022,0.1819
0.75,-60.0,2023,5.6333
-3.75,-54.25,2023,5.1329
-9.75,-68.75,2023,3.4478
-9.75,-66.0,2023,3.694
-9.75,-65.75,2023,4.4865
-9.25,-60.5,2023,5.7779
-8.5,-67.25,2023,5.9801
-12.75,-62.25,2023,3.2067
-0.75,-52.0,2023,0.2296
-1.75,-47.75,2023,0.6368
-1.75,-49.75,2023,0.4015
-3.75,-51.75,2023,28.8785
-10.0,-57.0,2023,0.0782
-8.0,-71.25,2023,4.8032
-10.5,-68.25,2023,2.6121
-3.25,-50.0,2023,8.0288
-2.5,-45.25,2023,0.8945
-2.25,-50.5,2023,1.5316
-1.75,-46.0,2023,6.0108
-1.0,-53.0,2023,0.9578
-9.25,-66.0,2023,37.669
-4.0,-52.25,2023,3.1456
-4.0,-48.0,2023,24.0946
-4.5,-56.0,2023,4.4337
-10.25,-68.5,2023,6.7519
-2.5,-54.25,2023,4.9654
-5.75,-56.5,2023,2.0135
-3.75,-52.0,2023,15.482
-2.5,-47.0,2023,3.3045
-4.5,-55.75,2023,5.0856
-3.75,-49.5,2023,0.6934
-10.5,-68.0,2023,6.8904
-1.5,-51.75,2023,0.3158
-2.5,-48.75,2023,0.4728
-4.5,-49.75,2023,6.9321
-9.75,-58.0,2023,6.3191
-2.0,-46.5,2023,14.9894
-8.75,-69.25,2023,6.69
-5.5,-47.0,2023,2.1558
-8.5,-70.25,2023,9.5451
-4.75,-56.75,2023,0.1065
1.0,-59.75,2023,4.2076
-5.0,-44.5,2023,1.0098
-3.75,-54.0,2023,3.2421
-8.5,-63.25,2023,9.132
-9.75,-59.0,2023,7.9842
-6.75,-52.25,2023,10.3273
-6.5,-60.0,2023,7.6755
-11.75,-55.25,2023,0.7646
-4.25,-55.25,2023,8.042
-5.25,-60.0,2023,1.5706
-2.25,-53.5,2023,1.7306
-9.25,-59.5,2023,32.4771
-3.5,-54.75,2023,11.9035
-8.75,-69.5,2023,7.9344
-3.25,-51.0,2023,15.1255
-9.25,-64.25,2023,4.1157
-3.5,-53.0,2023,2.1222
-4.0,-47.0,2023,6.4279
-10.5,-69.25,2023,3.3993
-3.75,-57.5,2023,0.1455
-2.25,-55.75,2023,0.841
-8.25,-71.0,2023,6.9143
-9.5,-67.0,2023,1.9903
-10.0,-68.5,2023,10.833
-3.25,-51.25,2023,18.7665
-2.75,-54.5,2023,4.6062
-7.0,-60.0,2023,7.9358
-9.5,-64.5,2023,5.3768
1.0,-52.0,2023,0.2907
-3.5,-52.75,2023,2.4447
-5.5,-49.75,2023,1.6938
-8.5,-54.75,2023,62.9316
-8.25,-64.0,2023,12.1495
-3.25,-52.25,2023,0.3324
-4.25,-48.75,2023,8.0015
-8.25,-55.5,2023,2.8334
-12.25,-62.0,2023,1.9586
-5.0,-45.5,2023,1.2147
-1.5,-55.25,2023,6.5526
-11.25,-49.75,2023,2.511
2.75,-62.5,2023,0.0924
-9.5,-59.0,2023,4.3969
-7.0,-51.0,2023,1.1551
-5.75,-51.75,2023,4.893
-2.0,-57.0,2023,1.7177
-4.25,-54.75,2023,3.5144
-3.0,-55.0,2023,2.1661
-9.75,-67.0,2023,2.9566
-5.5,-52.25,2023,0.7315
1.25,-59.5,2023,0.5198
-8.0,-72.5,2023,9.368
-10.75,-69.5,2023,7.0306
-9.75,-63.5,2023,4.1147
-6.0,-57.75,2023,12.5595
-10.25,-57.75,2023,10.7499
-10.5,-64.5,2023,18.1114
0.75,-59.5,2023,3.2894
-9.5,-68.5,2023,11.8101
-5.5,-47.25,2023,1.1782
-2.75,-51.5,2023,7.3834
-4.0,-54.0,2023,4.4262
-3.5,-51.5,2023,15.3627
-3.0,-54.75,2023,8.6628
-3.5,-55.5,2023,1.9788
-7.0,-60.75,2023,0.2369
-8.25,-55.25,2023,12.2418
-8.75,-67.25,2023,3.2599
-4.0,-52.0,2023,3.3189
-8.5,-70.0,2023,5.8194
-11.25,-62.5,2023,0.4274
-9.75,-61.25,2023,1.1916
-8.5,-69.75,2023,3.7411
-2.5,-48.25,2023,0.6235
-6.0,-49.0,2023,0.6986
-1.5,-55.5,2023,7.8883
-12.25,-59.75,2023,1.5901
-7.75,-63.25,2023,9.61
-10.75,-65.25,2023,0.4713
-8.5,-55.0,2023,35.9959
-6.5,-53.5,2023,7.4759
-10.5,-68.75,2023,3.241
-7.25,-59.75,2023,10.7411
-5.0,-62.25,2023,1.6933
-10.25,-59.25,2023,4.8723
2.75,-63.25,2023,0.4153
-9.5,-63.25,2023,2.5988
-8.5,-62.75,2023,6.6347
-12.0,-63.75,2023,1.7621
-10.0,-68.0,2023,3.0629
-7.25,-57.0,2023,0.7465
-12.25,-60.75,2023,6.5993
-8.25,-62.75,2023,15.3598
-5.0,-50.75,2023,7.1351
0.5,-59.75,2023,1.7684
-2.5,-48.0,2023,6.8184
-4.5,-49.0,2023,0.5066
-10.0,-68.25,2023,5.0693
-10.0,-65.25,2023,3.0904
-5.5,-50.0,2023,3.0278
-4.25,-55.0,2023,4.8903
-3.5,-54.5,2023,12.2412
-2.75,-54.25,2023,9.9347
1.0,-60.5,2023,5.2216
-6.0,-56.25,2023,3.927
-4.5,-49.5,2023,5.1453
2.5,-61.75,2023,4.0562
-3.5,-65.25,2023,1.2382
-9.0,-50.25,2023,2.7264
-12.75,-55.0,2023,3.1119
-9.25,-61.0,2023,9.5785
-5.75,-45.25,2023,7.5017
-2.25,-68.5,2023,2.4926
3.25,-61.75,2023,0.9002
-4.75,-50.75,2023,11.4875
-1.25,-53.75,2023,4.452
-14.0,-60.25,2023,6.8989
-8.25,-70.25,2023,5.886
-3.25,-49.75,2023,2.2988
-10.75,-68.75,2023,4.0911
-3.0,-69.0,2023,0.6519
-3.5,-54.0,2023,9.4863
-4.0,-49.0,2023,8.7154
-1.25,-54.25,2023,2.7257
-2.25,-46.5,2023,5.8964
2.5,-61.5,2023,3.8586
-1.5,-55.75,2023,6.8701
-3.0,-50.5,2023,15.2626
-3.0,-51.75,2023,6.8495
-3.75,-44.25,2023,4.2152
-4.25,-46.5,2023,0.9631
-9.0,-69.25,2023,7.7736
-11.0,-62.5,2023,2.7756
-3.0,-59.75,2023,0.1238
-9.0,-68.5,2023,2.4511
-10.25,-63.5,2023,4.6246
-3.75,-54.75,2023,5.468
-1.0,-54.25,2023,1.8507
-3.25,-49.5,2023,14.4862
-7.75,-50.25,2023,3.4681
-0.75,-52.5,2023,0.8915
-5.5,-56.75,2023,0.991
-3.0,-47.75,2023,4.9774
-4.75,-56.25,2023,4.435
-8.75,-63.0,2023,26.2663
-8.0,-51.5,2023,0.8244
-12.0,-57.5,2023,1.4926
-2.75,-49.25,2023,9.443
-9.5,-62.0,2023,0.1575
-8.25,-73.0,2023,1.61
-9.75,-68.25,2023,5.6063
-10.25,-67.25,2023,1.6919
-10.5,-65.25,2023,1.2603
-12.75,-54.0,2023,4.2725
-12.75,-52.25,2023,3.7484
-3.75,-51.25,2023,7.3543
-4.25,-63.0,2023,0.5362
-10.0,-68.75,2023,5.0569
3.5,-63.25,2023,0.3867
-4.25,-55.5,2023,6.6304
-2.5,-50.0,2023,0.2456
-10.25,-68.25,2023,2.8445
-3.5,-50.5,2023,19.3506
-7.0,-63.0,2023,22.8087
-3.25,-51.5,2023,7.753
-3.0,-54.5,2023,18.0065
-2.75,-45.25,2023,0.6338
2.5,-61.25,2023,2.0802
-2.0,-56.5,2023,3.5606
-8.0,-73.25,2023,0.2416
-2.75,-48.75,2023,6.7208
-5.25,-46.25,2023,7.3012
-10.5,-67.75,2023,3.5982
-9.5,-60.25,2023,2.8065
-10.75,-69.0,2023,4.7108
-12.5,-54.5,2023,5.4558
-4.25,-51.25,2023,0.6017
-6.75,-52.5,2023,7.791
-9.75,-64.75,2023,2.1584
-8.5,-64.0,2023,5.6974
-10.25,-54.25,2023,6.6062
-8.0,-61.5,2023,2.3281
-9.5,-54.5,2023,1.5059
-3.25,-44.25,2023,3.404
-3.5,-50.25,2023,30.7375
-4.0,-53.5,2023,4.9102
-3.25,-50.25,2023,23.2784
1.75,-60.25,2023,5.5838
-7.5,-67.75,2023,3.0999
-6.75,-59.75,2023,11.7073
-6.0,-47.0,2023,0.7881
-3.75,-64.5,2023,1.9415
-8.75,-64.25,2023,5.4565
-3.5,-64.75,2023,1.9132
-3.25,-50.5,2023,36.5983
-13.25,-54.25,2023,9.7965
-7.5,-56.5,2023,1.2735
-9.25,-67.5,2023,8.6502
-3.25,-48.75,2023,9.2891
-4.25,-53.75,2023,0.7178
-6.25,-56.25,2023,1.2802
-4.5,-50.75,2023,12.3016
-9.0,-51.5,2023,4.7832
-6.25,-53.5,2023,16.2555
-9.0,-69.5,2023,3.766
-11.0,-68.25,2023,3.6472
-4.0,-54.75,2023,2.5789
0.5,-60.25,2023,7.4185
-3.5,-51.25,2023,5.6719
-7.75,-73.0,2023,8.2023
-11.75,-60.5,2023,1.0902
-7.25,-72.75,2023,5.1082
-4.5,-50.5,2023,5.8538
-1.5,-53.5,2023,4.267
-2.5,-54.75,2023,1.4864
-8.5,-71.0,2023,1.6864
-2.75,-54.0,2023,11.1274
-5.75,-52.0,2023,3.3337
-4.0,-47.25,2023,1.5587
-2.5,-68.75,2023,0.3979
-8.5,-67.5,2023,1.5087
-2.5,-48.5,2023,3.4526
-6.5,-63.0,2023,12.4706
-6.75,-56.25,2023,2.9332
-10.75,-69.75,2023,1.5778
-5.75,-44.25,2023,4.2018
-10.75,-68.5,2023,3.4677
-1.75,-55.25,2023,6.824
-9.25,-58.5,2023,0.6301
-7.5,-64.25,2023,19.6771
-10.25,-57.5,2023,4.3136
-7.0,-56.5,2023,9.0492
-11.75,-57.0,2023,8.062
-3.75,-50.5,2023,5.2003
-9.0,-72.75,2023,5.0736
-4.25,-50.75,2023,17.0558
-10.0,-65.0,2023,18.3086
-3.75,-49.0,2023,3.6029
-10.25,-63.25,2023,6.2443
-7.75,-55.0,2023,14.2262
-8.5,-63.0,2023,2.7648
-2.0,-48.25,2023,1.8251
-4.75,-44.5,2023,1.761
1.0,-60.25,2023,9.0806
-3.5,-49.75,2023,1.8013
-9.25,-68.0,2023,3.7465
-3.25,-53.5,2023,11.6038
-8.5,-62.5,2023,11.9788
-5.25,-56.0,2023,3.3707
-1.0,-53.75,2023,6.045
-4.25,-69.75,2023,0.5822
-2.25,-48.75,2023,0.9226
-4.75,-51.0,2023,4.0402
-9.25,-68.25,2023,12.7285
-10.0,-63.25,2023,2.7045
-3.75,-52.25,2023,3.3412
-3.5,-44.5,2023,2.2344
-7.0,-55.25,2023,4.4273
-3.5,-50.0,2023,12.5257
-9.75,-67.75,2023,3.3786
-10.5,-58.5,2023,3.4856
-3.75,-55.5,2023,4.475
-4.5,-51.0,2023,3.2443
-3.5,-53.5,2023,4.4867
-8.0,-71.0,2023,6.5962
-3.5,-50.75,2023,6.1292
0.75,-50.75,2023,0.8646
-2.0,-46.25,2023,4.8383
-4.0,-50.5,2023,3.4532
-4.75,-55.75,2023,9.9059
-4.0,-51.75,2023,1.0065
-13.25,-52.25,2023,1.8788
-3.75,-60.75,2023,0.4528
-1.5,-54.75,2023,2.879
-3.25,-56.75,2023,0.0744
-4.75,-46.5,2023,7.5751
-8.25,-70.5,2023,6.8187
-4.0,-65.25,2023,0.8107
-10.25,-65.0,2023,3.5655
-9.75,-65.0,2023,34.901
-3.0,-51.5,2023,11.5955
-5.75,-56.75,2023,1.6406
0.25,-60.75,2023,1.0463
-2.25,-68.75,2023,6.5155
-3.0,-53.25,2023,14.9523
-2.5,-46.25,2023,0.3827
-6.25,-51.0,2023,1.0335
-9.25,-57.25,2023,3.7348
-2.0,-48.5,2023,1.5477
100743818295.25,201487636522.75,2023,0.0001
-1.5,-53.25,2023,2.4444
-3.5,-53.75,2023,7.3764
-10.0,-60.0,2023,1.8734
-8.25,-63.0,2023,10.9244
-9.25,-68.75,2023,6.9823
-3.0,-54.25,2023,31.249
-11.0,-54.0,2023,12.2822
2.25,-61.75,2023,11.2341
2.25,-61.5,2023,5.4453
-12.5,-64.25,2023,1.2728
-9.0,-63.0,2023,12.6619
-5.75,-59.25,2023,9.7327
-3.75,-59.0,2023,3.5597
-3.75,-59.75,2023,1.899
-12.5,-64.0,2023,4.4763
-0.5,-52.25,2023,0.5417
-7.0,-57.0,2023,1.2685
-5.25,-48.25,2023,1.5157
-6.25,-56.5,2023,2.1468
-2.25,-57.0,2023,1.4501
-9.75,-57.5,2023,11.4239
-1.75,-52.0,2023,0.921
-7.0,-52.75,2023,30.5133
-0.5,-51.75,2023,1.9728
-2.5,-51.25,2023,14.1279
-12.0,-63.5,2023,3.9767
-4.75,-57.5,2023,0.1014
-3.25,-53.0,2023,7.1368
-4.25,-50.0,2023,1.6861
-9.5,-57.75,2023,26.8335
-9.75,-67.5,2023,3.9707
-10.0,-58.75,2023,1.8768
-5.25,-50.75,2023,6.62
-9.25,-57.75,2023,14.8498
-10.5,-58.0,2023,7.8249
-7.0,-52.25,2023,7.1047
-10.75,-69.25,2023,4.4764
4.0,-64.25,2023,0.2651
-11.0,-56.75,2023,1.6012
1.75,-60.75,2023,8.2448
-11.75,-63.0,2023,1.309
-2.25,-68.25,2023,0.6004
-9.25,-63.75,2023,1.0586
-2.25,-52.75,2023,0.6441
-9.25,-63.5,2023,4.5393
2.5,-60.5,2023,1.0845
0.0,-67.0,2023,1.2852
-5.0,-49.75,2023,8.0093
-3.5,-51.0,2023,8.1382
-7.0,-59.25,2023,9.2255
-8.25,-72.75,2023,3.6264
-10.0,-60.25,2023,5.6236
-3.5,-54.25,2023,10.4133
-8.5,-70.75,2023,3.96
-2.75,-48.5,2023,9.0446
-14.5,-59.75,2023,0.4505
-7.25,-56.5,2023,1.8533
-9.25,-65.5,2023,20.5879
-1.25,-55.5,2023,2.0301
-13.25,-56.75,2023,1.3239
-11.75,-62.75,2023,0.6237
-4.0,-54.25,2023,7.5097
-9.25,-51.5,2023,3.4501
-10.75,-63.5,2023,5.4776
-9.75,-64.0,2023,8.5849
-4.75,-45.75,2023,15.6083
-3.75,-47.5,2023,3.0538
-10.25,-69.25,2023,0.3349
-3.75,-51.5,2023,6.1764
-10.5,-69.5,2023,1.904
-2.25,-49.0,2023,2.1682
-7.5,-50.25,2023,1.1634
-9.5,-57.0,2023,14.7592
-7.0,-49.25,2023,4.3347
-5.25,-49.25,2023,1.4881
1.0,-60.0,2023,2.3552
-2.75,-54.75,2023,4.709
-2.25,-50.0,2023,0.0978
-6.75,-55.5,2023,1.3791
-3.75,-55.25,2023,0.8385
0.75,-60.25,2023,10.8582
-11.0,-69.25,2023,3.2754
-7.5,-60.0,2023,6.4701
-7.25,-49.25,2023,3.7981
1.25,-60.75,2023,6.2506
-7.5,-63.5,2023,23.3254
-4.25,-44.25,2023,1.2466
-11.5,-59.0,2023,3.6587
-3.25,-53.25,2023,14.0654
-6.25,-57.75,2023,6.3267
-9.0,-64.25,2023,4.7384
-3.75,-59.25,2023,3.8516
-5.25,-49.5,2023,2.7294
-9.25,-50.0,2023,0.3698
-3.25,-52.5,2023,0.7556
-9.5,-63.75,2023,4.0863
-4.75,-48.75,2023,1.8893
-12.25,-57.75,2023,1.8411
-1.75,-51.75,2023,0.2228
-12.25,-51.0,2023,1.3057
-8.0,-71.75,2023,3.9961
-10.5,-61.25,2023,5.7728
-2.25,-51.75,2023,2.1508
-1.5,-55.0,2023,2.7446
-9.5,-67.75,2023,4.7493
-13.5,-57.0,2023,0.6318
-7.25,-60.75,2023,16.3916
-3.75,-57.25,2023,0.7759
-2.0,-52.5,2023,0.8485
-3.0,-53.0,2023,11.1436
-10.0,-64.0,2023,7.2879
-9.5,-64.25,2023,22.021
2.5,-60.25,2023,1.0712
-11.75,-62.5,2023,2.9404
-4.0,-56.25,2023,4.234
-5.0,-48.5,2023,2.2112
-6.0,-48.25,2023,0.57
3.25,-61.5,2023,2.4325
-14.5,-57.25,2023,0.3858
-9.5,-59.5,2023,8.9041
-7.25,-60.0,2023,5.2877
-7.25,-49.0,2023,0.2342
-2.5,-49.0,2023,8.8474
-0.75,-53.0,2023,0.658
-10.25,-69.0,2023,5.1192
-3.5,-56.25,2023,0.5873
-2.75,-52.0,2023,3.6297
-8.0,-54.75,2023,13.9737
-2.0,-48.0,2023,0.9985
-13.25,-53.0,2023,2.2175
-6.25,-52.5,2023,3.0783
-3.25,-48.25,2023,2.6953
-2.75,-51.75,2023,17.4719
-9.0,-64.0,2023,0.9774
-7.75,-61.25,2023,9.8516
-2.75,-53.0,2023,18.3992
-9.5,-67.5,2023,5.1776
-2.5,-54.0,2023,2.279
-1.5,-48.75,2023,0.1997
-3.25,-48.0,2023,3.6315
-6.75,-59.0,2023,23.7331
-1.75,-46.25,2023,1.2793
-9.25,-62.25,2023,9.1808
-9.75,-51.5,2023,1.7744
-2.0,-67.25,2023,0.161
-5.5,-51.0,2023,7.6516
-9.25,-70.25,2023,0.4925
-3.0,-46.75,2023,0.3009
-10.5,-64.75,2023,10.245
-9.0,-63.25,2023,3.1397
-7.0,-48.25,2023,1.1931
-8.75,-69.0,2023,4.8195
-12.0,-51.5,2023,1.9063
-9.75,-63.75,2023,2.7129
-3.75,-60.5,2023,1.44
-2.75,-50.0,2023,0.7308
-3.0,-49.25,2023,20.3023
-10.5,-68.5,2023,6.1058
-3.5,-51.75,2023,2.7434
-6.75,-56.0,2023,0.3282
-10.5,-69.75,2023,0.9835
-6.0,-45.75,2023,2.9567
-8.0,-73.0,2023,1.7135
-9.75,-64.5,2023,2.8107
-1.5,-54.5,2023,2.3968
-9.25,-63.25,2023,10.2732
-6.75,-59.25,2023,9.3523
-10.25,-59.5,2023,3.305
-2.0,-53.5,2023,0.267
-5.0,-51.0,2023,8.6869
-3.0,-54.0,2023,19.8562
-2.5,-56.0,2023,3.5212
-6.75,-55.25,2023,5.8985
-3.0,-51.0,2023,25.588
-9.75,-69.0,2023,2.8122
0.0,-53.5,2023,0.2561
-10.25,-59.75,2023,0.8035
-12.25,-56.75,2023,0.4185
-6.25,-57.5,2023,0.919
2.5,-63.75,2023,0.6148
-9.75,-61.75,2023,0.0789
-11.5,-55.5,2023,0.5832
-2.75,-67.75,2023,0.5714
-11.0,-59.0,2023,1.7591
-4.5,-61.0,2023,1.9772
-5.0,-57.5,2023,0.9533
-9.25,-69.0,2023,1.3404
-10.5,-54.75,2023,0.96
-5.5,-48.75,2023,0.4256
-8.75,-71.25,2023,1.3392
-4.0,-55.75,2023,4.7793
-6.5,-51.25,2023,0.18
-9.5,-66.5,2023,3.1366
-1.25,-53.5,2023,5.7716
-7.25,-55.5,2023,17.4894
-2.25,-53.75,2023,10.7384
-6.5,-55.25,2023,3.6659
-10.0,-63.5,2023,2.2988
-9.25,-67.75,2023,8.7074
-10.5,-51.25,2023,0.6478
-9.75,-55.25,2023,2.0111
-8.0,-71.5,2023,2.8999
-3.25,-61.25,2023,1.7158
-1.75,-46.75,2023,1.5104
-12.75,-60.75,2023,3.8376
-3.25,-50.75,2023,14.1618
-5.5,-44.75,2023,1.4111
-12.25,-63.75,2023,7.0079
-8.25,-69.75,2023,0.2328
1.5,-63.5,2023,0.0651
-8.0,-72.25,2023,3.942
-3.5,-44.75,2023,0.2422
-10.0,-66.75,2023,5.3306
-8.75,-66.5,2023,8.825
-3.5,-44.0,2023,3.1001
3.5,-62.0,2023,0.475
-12.0,-62.75,2023,1.8905
-2.0,-50.75,2023,2.1875
-3.5,-57.0,2023,0.0656
-8.75,-62.5,2023,26.0546
-11.5,-61.25,2023,0.8498
-9.25,-60.75,2023,12.8704
-4.0,-50.0,2023,5.9088
-9.75,-62.0,2023,1.418
-9.75,-65.25,2023,9.5198
-9.0,-70.75,2023,3.1028
-7.0,-59.5,2023,26.0521
-4.75,-49.75,2023,3.7352
-3.75,-53.25,2023,0.0762
-2.5,-67.5,2023,0.8842
-11.0,-61.5,2023,6.3857
-7.5,-61.5,2023,5.6996
-4.5,-55.0,2023,8.7163
-3.0,-49.5,2023,19.828
-6.5,-56.75,2023,0.7382
-9.0,-68.75,2023,5.0522
-7.5,-63.75,2023,40.6773
-3.5,-53.25,2023,3.5981
-3.75,-51.0,2023,5.1885
-13.0,-56.5,2023,1.9649
-3.5,-69.0,2023,1.0056
-14.5,-60.0,2023,0.2803
4.25,-61.5,2023,0.0705
-1.25,-54.5,2023,1.6132
-10.25,-54.0,2023,8.8533
3.75,-51.75,2023,0.5559
-3.75,-47.25,2023,0.6202
-5.0,-45.75,2023,5.1054
-3.0,-48.5,2023,5.1601
-2.75,-51.0,2023,1.0916
-2.0,-52.25,2023,2.1736
-9.5,-62.25,2023,2.4243
-13.0,-62.25,2023,2.0535
-10.0,-67.5,2023,1.6679
-6.75,-63.25,2023,4.8511
-14.0,-56.0,2023,3.8665
-9.0,-50.75,2023,2.931
-8.75,-68.75,2023,5.5138
-2.25,-52.0,2023,5.4457
-6.25,-53.25,2023,3.4847
-2.75,-47.5,2023,0.3373
-9.5,-59.75,2023,0.7978
1.25,-60.0,2023,6.8789
-1.75,-57.5,2023,0.1723
-11.0,-57.0,2023,1.4588
-12.0,-64.0,2023,2.8379
-1.75,-51.25,2023,0.4286
-7.25,-59.25,2023,0.8822
-5.5,-49.5,2023,4.1271
-7.5,-55.25,2023,3.684
-8.25,-54.75,2023,21.5199
-1.0,-47.0,2023,0.7581
-10.0,-69.0,2023,5.9375
-9.0,-67.0,2023,2.5978
-9.25,-59.0,2023,3.2939
0.25,-60.5,2023,4.795
-3.5,-68.25,2023,0.831
-3.25,-54.75,2023,13.8163
-12.5,-54.0,2023,0.1967
-12.75,-54.25,2023,6.9038
-4.25,-51.0,2023,11.3951
-9.0,-50.5,2023,0.0851
1.5,-51.0,2023,1.2006
-8.25,-73.25,2023,0.3406
-4.0,-55.5,2023,4.0745
-10.0,-58.0,2023,24.1121
-9.0,-62.5,2023,22.1612
0.75,-60.5,2023,15.2795
-9.75,-53.75,2023,19.5735
-4.25,-56.25,2023,2.8001
-10.75,-56.0,2023,0.7763
-3.5,-46.5,2023,0.1245
-5.5,-44.25,2023,7.5486
-3.0,-51.25,2023,18.1208
-7.25,-72.5,2023,3.7615
-6.75,-69.5,2023,0.4175
-0.75,-47.5,2023,0.2681
-3.25,-54.0,2023,13.9402
-10.0,-57.75,2023,11.164
-8.75,-63.25,2023,8.765
-5.75,-57.5,2023,5.9676
-4.0,-47.75,2023,5.7852
-3.5,-47.75,2023,2.923
-7.75,-62.5,2023,1.1768
-2.0,-47.75,2023,0.5751
-4.25,-48.5,2023,9.3279
-9.75,-68.5,2023,8.4227
-8.75,-62.75,2023,8.5142
-9.5,-65.75,2023,3.2156
-2.75,-48.0,2023,2.6682
1.0,-50.0,2023,0.5001
-6.75,-60.0,2023,9.2786
-9.75,-55.5,2023,1.0546
-12.25,-61.5,2023,1.1528
-6.75,-58.75,2023,27.9461
-12.0,-56.0,2023,1.0701
-9.5,-63.0,2023,2.1099
2.75,-63.75,2023,0.7643
-2.0,-52.75,2023,2.4167
-3.75,-50.0,2023,12.8898
-10.0,-55.5,2023,2.7943
-11.0,-68.75,2023,1.7855
2.25,-51.75,2023,0.5038
-3.5,-49.25,2023,2.7672
-4.0,-49.25,2023,1.2599
-4.0,-63.5,2023,0.5877
-3.75,-48.0,2023,0.9162
-5.25,-46.0,2023,3.6928
-9.5,-59.25,2023,1.7176
-11.5,-54.25,2023,9.2608
-2.25,-69.0,2023,6.0996
-3.5,-60.5,2023,0.985
-6.0,-51.5,2023,3.8644
-9.5,-69.0,2023,2.2975
-10.5,-63.75,2023,2.0967
-4.75,-48.5,2023,5.9686
-4.5,-60.0,2023,1.5236
-10.0,-63.75,2023,6.3253
-8.25,-50.75,2023,0.6089
-8.75,-54.5,2023,0.7275
-3.5,-59.5,2023,1.804
-2.75,-44.25,2023,1.3824
-9.0,-63.5,2023,8.2193
-12.75,-56.75,2023,1.3062
-2.5,-53.0,2023,0.2704
-10.0,-52.0,2023,3.6963
-10.75,-68.25,2023,1.554
-3.0,-65.5,2023,1.4944
-10.75,-64.75,2023,0.4259
-10.5,-57.5,2023,12.2516
-3.75,-54.5,2023,11.8464
-9.0,-71.5,2023,0.761
-11.25,-57.75,2023,1.2351
-9.25,-57.5,2023,5.5056
-5.5,-57.0,2023,1.4338
-1.25,-55.25,2023,0.5067
-9.0,-72.5,2023,1.7447
-1.5,-47.25,2023,0.5956
-1.0,-54.0,2023,0.2416
-11.25,-59.25,2023,1.2574
-3.75,-50.25,2023,16.2685
-9.0,-62.0,2023,2.8074
-4.25,-52.0,2023,1.0161
-12.25,-63.25,2023,3.4802
-3.25,-59.25,2023,2.7937
-3.25,-54.25,2023,31.0193
-4.25,-47.0,2023,1.8108
-8.5,-49.5,2023,1.4767
-3.75,-56.0,2023,2.2909
-9.5,-68.0,2023,2.8392
-7.0,-52.5,2023,41.4475
-4.5,-45.75,2023,4.5139
-4.0,-50.75,2023,13.1231
3.75,-64.0,2023,0.4308
-2.5,-55.25,2023,0.4436
-9.0,-67.5,2023,13.2794
-10.5,-51.75,2023,1.0602
-11.5,-57.5,2023,0.1505
-12.25,-60.5,2023,3.7122
-1.75,-52.25,2023,0.6543
-14.75,-60.0,2023,1.5027
-5.5,-44.0,2023,4.3156
-5.5,-46.0,2023,4.7139
-4.25,-54.25,2023,0.5235
-8.25,-55.0,2023,5.7021
-5.75,-57.0,2023,2.5781
-11.0,-68.5,2023,5.419
-6.25,-55.75,2023,7.4722
-12.75,-54.75,2023,16.6424
-7.5,-73.0,2023,1.98
3.0,-61.25,2023,0.9581
-4.5,-50.0,2023,1.3207
-3.25,-54.5,2023,7.6226
-12.0,-64.25,2023,1.8106
-9.25,-59.75,2023,17.2714
-10.75,-64.0,2023,1.9056
-8.25,-70.75,2023,2.6483
-4.5,-44.25,2023,2.6144
-10.75,-57.0,2023,3.4724
-1.75,-45.75,2023,5.8606
-13.0,-54.25,2023,5.3093
-7.5,-49.75,2023,0.5853
-11.25,-59.0,2023,0.8524
-3.75,-44.0,2023,0.8834
-4.75,-56.0,2023,5.4452
-4.25,-47.75,2023,1.1533
-4.5,-46.0,2023,4.2066
-3.0,-53.75,2023,4.5388
-6.0,-53.5,2023,6.6949
-4.75,-56.5,2023,0.0786
-0.5,-61.75,2023,0.0946
-2.0,-46.75,2023,2.4782
-7.5,-72.75,2023,3.2233
-2.5,-50.25,2023,2.0643
-8.5,-63.75,2023,0.9071
-9.25,-65.75,2023,15.7037
-9.75,-63.25,2023,3.6045
-5.25,-45.75,2023,1.1635
-9.0,-60.5,2023,5.4696
-10.25,-50.5,2023,1.1394
-4.0,-44.25,2023,0.7227
-5.5,-58.25,2023,0.18
-3.0,-48.75,2023,3.3436
-10.25,-58.5,2023,0.1663
-3.25,-52.0,2023,1.012
-6.75,-58.5,2023,4.8133
2.0,-60.5,2023,6.8761
-8.0,-70.25,2023,3.0352
-8.5,-73.0,2023,0.5578
1.0,-59.5,2023,16.7119
-5.25,-60.25,2023,6.8225
-7.75,-72.25,2023,5.3848
-3.25,-48.5,2023,6.1624
-3.25,-53.75,2023,14.056
-11.75,-59.0,2023,5.9877
-5.5,-51.75,2023,2.5043
0.5,-60.5,2023,5.0043
-3.75,-48.75,2023,0.0664
-12.25,-54.5,2023,7.2365
-11.5,-56.75,2023,4.1822
-6.0,-51.75,2023,2.8541
-3.75,-49.75,2023,1.3845
-5.25,-62.5,2023,0.4876
0.5,-51.5,2023,0.3419
-4.75,-46.75,2023,2.1524
-3.5,-45.0,2023,0.2582
-3.0,-68.0,2023,0.7825
-5.0,-44.25,2023,3.4046
-7.25,-73.0,2023,2.9984
-11.5,-55.0,2023,6.0104
-5.5,-48.5,2023,3.1708
-4.5,-55.5,2023,5.5144
-1.5,-56.0,2023,2.525
-2.0,-55.25,2023,0.3404
-8.0,-55.0,2023,10.8987
-2.25,-54.0,2023,1.3703
-2.75,-51.25,2023,4.5008
-8.0,-70.75,2023,2.1865
-1.75,-55.0,2023,5.2868
-10.0,-69.25,2023,1.2546
-9.0,-69.0,2023,4.7438
-5.25,-46.5,2023,1.0845
-2.75,-52.5,2023,2.4287
1.75,-60.5,2023,4.6888
-10.0,-64.75,2023,16.2101
-1.75,-54.0,2023,1.4283
-3.5,-66.0,2023,0.4473
-6.5,-52.75,2023,0.9853
-12.25,-54.75,2023,11.254
-10.0,-67.75,2023,1.359
-3.0,-50.25,2023,16.5613
-3.5,-52.0,2023,2.9543
-6.75,-55.75,2023,1.1921
-8.0,-55.5,2023,0.6688
-5.25,-57.75,2023,0.2438
-11.75,-62.0,2023,0.8912
-3.5,-65.0,2023,2.1208
-8.75,-66.75,2023,7.527
-3.0,-48.0,2023,5.1795
0.5,-50.75,2023,0.2888
-9.75,-68.0,2023,2.2507
-7.5,-60.25,2023,4.6003
-5.25,-51.0,2023,10.7674
-7.5,-55.0,2023,3.867
-12.25,-53.25,2023,0.0741
-6.75,-59.5,2023,32.2614
-5.5,-52.0,2023,1.5545
-6.25,-54.5,2023,14.7582
-9.5,-66.75,2023,8.1773
-2.5,-60.0,2023,0.0837
-2.0,-68.5,2023,3.2416
-9.25,-51.75,2023,1.0457
-2.5,-51.75,2023,4.6722
-7.25,-56.25,2023,0.4717
-11.5,-54.5,2023,14.2435
-9.0,-59.0,2023,8.5084
-0.25,-51.25,2023,0.0798
-6.0,-49.25,2023,0.6504
-11.5,-51.5,2023,0.4123
-7.5,-56.25,2023,0.4957
-10.25,-63.75,2023,0.6039
3.25,-61.25,2023,0.2766
-6.25,-57.25,2023,0.7307
-1.75,-54.25,2023,2.3741
4.0,-61.75,2023,1.1288
-5.5,-60.25,2023,8.6805
1.25,-69.0,2023,0.0928
-4.0,-49.5,2023,4.7738
-7.0,-56.75,2023,2.0199
-9.75,-60.75,2023,5.2899
-5.75,-50.5,2023,2.0766
-9.5,-55.0,2023,2.0821
-7.5,-70.25,2023,1.6108
-2.5,-44.25,2023,1.5029
-8.0,-72.0,2023,0.4873
-2.25,-48.5,2023,2.4418
-3.25,-45.5,2023,0.3473
-4.0,-51.25,2023,1.2792
-9.25,-60.25,2023,2.5515
-5.25,-44.0,2023,2.2987
-4.0,-60.5,2023,3.2271
-8.0,-49.5,2023,1.3164
-7.75,-50.75,2023,0.1379
-9.0,-67.25,2023,2.298
-13.5,-53.75,2023,0.1739
-11.25,-55.0,2023,11.4162
-6.25,-64.25,2023,0.3285
-12.5,-60.25,2023,1.45
2.75,-63.5,2023,0.2806
-5.25,-57.5,2023,1.3935
-2.75,-50.5,2023,3.6165
-2.75,-49.0,2023,3.5151
-5.75,-50.0,2023,2.8861
-8.5,-67.0,2023,12.8501
-3.5,-59.75,2023,1.3499
-3.5,-60.0,2023,0.4028
-4.25,-46.75,2023,3.1697
2.25,-62.0,2023,0.1566
-6.75,-63.0,2023,15.1719
-15.75,-58.25,2023,0.1327
-9.25,-62.5,2023,3.4671
-7.75,-67.25,2023,2.8137
-2.0,-68.0,2023,1.1886
-9.75,-63.0,2023,2.2379
-3.75,-59.5,2023,3.4814
-5.25,-44.75,2023,4.071
3.0,-60.25,2023,1.2437
-9.5,-56.75,2023,16.1917
-1.75,-56.25,2023,1.0687
-7.5,-70.0,2023,2.5098
-9.0,-61.5,2023,4.7392
-4.75,-49.25,2023,1.8486
-3.25,-61.5,2023,0.8144
-6.25,-51.5,2023,1.9024
-6.5,-52.5,2023,3.3886
-3.5,-61.5,2023,0.1726
-10.5,-64.25,2023,1.655
-2.75,-53.25,2023,9.18
-1.25,-55.75,2023,5.464
-7.5,-64.75,2023,1.285
-10.5,-63.25,2023,2.958
-6.25,-62.5,2023,3.4602
-9.5,-51.75,2023,1.717
-10.25,-51.75,2023,10.1493
-6.25,-52.75,2023,7.3932
-4.25,-53.5,2023,1.5121
-7.5,-50.75,2023,0.8672
-1.75,-54.5,2023,1.2049
-11.0,-69.0,2023,0.9963
-11.5,-55.25,2023,8.4986
-10.75,-58.5,2023,2.4758
-9.75,-59.25,2023,2.124
-4.5,-50.25,2023,3.0883
-4.0,-58.75,2023,0.2441
-12.0,-57.75,2023,21.9954
-3.25,-59.5,2023,2.9109
-11.75,-54.25,2023,12.6288
-6.75,-70.0,2023,0.9846
-5.25,-49.0,2023,1.0868
-7.75,-70.75,2023,0.5664
-7.25,-52.5,2023,6.4136
-7.5,-55.75,2023,1.8446
-12.5,-63.75,2023,4.4366
-3.5,-59.0,2023,1.4019
3.0,-61.75,2023,2.6474
-10.0,-58.25,2023,2.1637
-10.0,-59.5,2023,2.2693
-3.75,-44.5,2023,0.4907
-11.25,-60.75,2023,1.2257
2.25,-60.25,2023,3.742
0.75,-65.75,2023,0.1649
-5.0,-49.5,2023,3.6795
-12.0,-59.0,2023,0.8151
1.0,-51.25,2023,0.1768
-13.25,-60.75,2023,1.2551
-7.75,-56.5,2023,0.5274
-10.0,-50.5,2023,5.5461
-11.5,-58.75,2023,0.5663
2.75,-61.75,2023,5.186
-7.75,-51.0,2023,0.8819
-6.75,-70.5,2023,0.0917
-6.75,-49.0,2023,0.3023
0.75,-59.75,2023,3.8184
-6.0,-52.5,2023,1.8611
-8.75,-70.0,2023,2.1457
-1.75,-54.75,2023,1.5787
-3.75,-55.75,2023,3.1288
-4.75,-66.75,2023,0.1525
-8.75,-51.0,2023,0.383
-4.0,-48.75,2023,2.0736
-6.5,-53.0,2023,12.9834
-13.0,-60.75,2023,0.6952
-10.0,-62.5,2023,2.7924
-6.25,-51.75,2023,4.6787
-5.0,-46.0,2023,4.9496
-10.5,-59.25,2023,4.9563
-9.25,-72.0,2023,2.1189
-11.0,-55.25,2023,0.5072
-7.75,-63.5,2023,18.0312
-1.25,-53.0,2023,1.3856
-7.25,-64.75,2023,2.4932
-10.25,-64.0,2023,1.2912
-10.25,-68.0,2023,6.0142
-8.0,-70.5,2023,2.0458
-12.0,-57.0,2023,3.5889
-12.75,-62.0,2023,2.2211
0.25,-67.25,2023,0.3079
-11.25,-61.25,2023,1.5502
-4.0,-51.0,2023,7.4812
-12.0,-60.5,2023,3.4863
-8.0,-70.0,2023,5.7545
-1.5,-46.0,2023,1.9585
-3.0,-49.0,2023,3.4446
-13.25,-57.25,2023,2.3457
-6.75,-53.25,2023,8.2362
-10.5,-63.5,2023,8.463
-4.25,-48.0,2023,9.6623
-4.0,-53.75,2023,3.4498
-1.75,-46.5,2023,1.8884
-11.0,-53.25,2023,0.0676
-8.75,-55.25,2023,1.0894
-9.5,-52.0,2023,3.1125
-11.75,-54.5,2023,10.792
-3.0,-53.5,2023,4.6074
-4.0,-63.75,2023,1.3063
-9.75,-64.25,2023,10.292
-7.0,-59.0,2023,15.121
-1.0,-57.75,2023,0.0994
-6.75,-57.5,2023,0.1644
2.25,-60.5,2023,1.32
-8.5,-72.5,2023,1.6995
-11.75,-56.25,2023,1.7316
-10.5,-65.0,2023,0.505
-9.5,-68.75,2023,4.0303
-10.0,-59.75,2023,0.942
-10.0,-67.0,2023,3.4353
-11.75,-52.5,2023,5.3811
-9.5,-63.5,2023,5.9659
-7.5,-63.25,2023,6.2873
-2.25,-50.75,2023,1.1079
-1.5,-50.5,2023,0.5345
-6.75,-64.75,2023,0.115
-4.0,-59.0,2023,0.6597
-7.5,-64.0,2023,5.4539
-7.0,-71.75,2023,4.5911
-11.25,-64.75,2023,0.4608
-2.5,-53.75,2023,2.5495
-16.25,-58.25,2023,0.205
-5.0,-50.0,2023,5.7417
-5.5,-50.5,2023,3.9357
-7.5,-62.75,2023,3.902
-11.5,-52.5,2023,10.0333
-5.75,-68.0,2023,0.125
-7.0,-71.5,2023,1.0998
-4.0,-55.25,2023,2.3478
-3.75,-60.25,2023,1.319
-1.0,-47.5,2023,0.2081
-15.75,-57.75,2023,0.1854
-5.75,-52.25,2023,2.0405
-9.75,-66.5,2023,1.783
-10.5,-50.75,2023,0.3259
-2.0,-52.0,2023,3.6752
-5.5,-47.75,2023,1.081
-4.0,-54.5,2023,5.7957
-3.75,-61.0,2023,1.6988
-13.25,-60.5,2023,0.7678
-9.75,-59.75,2023,0.8172
-1.5,-51.5,2023,1.1918
-7.75,-55.5,2023,1.496
-9.0,-62.25,2023,2.5168
-9.5,-65.5,2023,8.3917
-2.5,-57.0,2023,0.1557
2.75,-61.5,2023,5.8425
-12.25,-64.0,2023,1.8923
1.75,-51.0,2023,0.405
-10.25,-56.25,2023,5.594
-2.5,-50.75,2023,0.6898
-7.75,-72.5,2023,4.074
-7.25,-55.0,2023,24.2454
-1.75,-55.5,2023,1.1252
-0.5,-61.25,2023,0.2999
-12.5,-62.0,2023,1.4089
-13.0,-54.75,2023,71.8108
-6.75,-51.5,2023,1.2671
-12.75,-52.75,2023,0.2075
-5.75,-49.75,2023,0.9201
-4.5,-54.75,2023,3.0221
-3.0,-52.5,2023,2.994
-3.5,-55.25,2023,0.9559
-9.25,-72.5,2023,0.323
-2.0,-49.0,2023,0.4633
-12.25,-60.0,2023,0.8946
-8.5,-71.5,2023,0.5372
-7.75,-70.25,2023,0.7453
-10.25,-58.0,2023,6.2435
-6.0,-53.75,2023,4.6646
-12.5,-57.25,2023,30.6199
-6.5,-56.25,2023,8.761
-1.25,-53.25,2023,2.6859
-3.5,-60.25,2023,1.2322
-5.75,-44.0,2023,2.9721
-8.25,-70.0,2023,1.4207
-6.0,-52.25,2023,1.8414
-11.75,-63.75,2023,0.344
-14.75,-59.25,2023,5.036
-9.0,-61.0,2023,3.8364
-7.0,-51.75,2023,1.4101
-3.75,-58.75,2023,0.6364
-7.0,-55.0,2023,1.8764
-9.25,-61.25,2023,0.4365
-6.0,-44.0,2023,1.5992
-2.25,-48.0,2023,1.9723
-11.5,-54.75,2023,15.4005
-4.5,-48.0,2023,4.4373
4.25,-61.25,2023,0.1062
-12.25,-64.5,2023,4.5174
-6.5,-54.75,2023,1.9813
-10.5,-64.0,2023,1.4368
-3.5,-49.5,2023,2.585
-9.25,-71.75,2023,1.3868
-9.25,-61.75,2023,4.3322
-10.5,-52.0,2023,6.1307
-9.75,-66.75,2023,1.5901
-1.0,-58.0,2023,0.0987
-12.5,-52.75,2023,0.0701
-3.5,-64.25,2023,0.3608
-0.25,-51.75,2023,0.1205
-12.0,-55.25,2023,1.2014
-12.0,-60.75,2023,1.6082
-7.75,-61.0,2023,9.965
-9.5,-60.5,2023,28.8361
-10.0,-64.5,2023,5.2834
-9.75,-67.25,2023,2.8313
-7.75,-73.5,2023,0.2751
-1.25,-45.75,2023,1.7973
-5.75,-49.25,2023,3.8625
-1.25,-54.0,2023,1.4319
-15.0,-59.5,2023,3.4053
-7.25,-73.25,2023,1.9229
-10.0,-53.5,2023,18.939
-7.25,-50.5,2023,3.5142
-7.75,-52.25,2023,0.1439
-3.0,-48.25,2023,1.7425
-5.5,-51.25,2023,2.9021
-1.5,-53.75,2023,2.134
-4.75,-50.5,2023,5.0799
-1.0,-46.5,2023,0.3061
-2.0,-51.0,2023,0.7907
0.5,-59.25,2023,0.1747
-7.5,-58.25,2023,1.0398
-5.75,-45.0,2023,1.2707
-2.0,-54.5,2023,3.723
-5.0,-55.75,2023,0.9522
-5.75,-49.0,2023,0.5569
-9.0,-67.75,2023,9.7246
-12.5,-57.75,2023,10.1463
-4.5,-48.75,2023,0.1826
-5.25,-45.5,2023,0.9901
-6.0,-49.75,2023,0.8317
-11.0,-54.25,2023,8.7496
-11.25,-54.0,2023,46.8549
-2.5,-61.0,2023,0.2095
-5.75,-58.0,2023,0.9909
-7.75,-61.5,2023,13.9635
-2.75,-55.75,2023,0.5982
-1.0,-47.25,2023,0.5093
-10.25,-68.75,2023,11.0205
-3.75,-52.5,2023,1.2784
-8.5,-70.5,2023,3.2805
-6.25,-46.25,2023,1.6568
-5.75,-56.25,2023,0.7122
-5.0,-60.25,2023,1.0666
-11.75,-65.0,2023,3.2812
-12.25,-64.25,2023,4.1327
-7.75,-73.25,2023,0.8127
-5.5,-45.0,2023,8.8531
-11.25,-54.75,2023,15.9523
-13.5,-61.0,2023,1.8455
1.5,-60.25,2023,4.6711
-11.25,-62.25,2023,0.8709
-2.25,-56.0,2023,1.1728
-5.5,-57.5,2023,0.542
-10.25,-58.25,2023,2.3819
1.25,-60.5,2023,2.3946
-2.5,-52.0,2023,1.4132
-11.0,-62.75,2023,1.5918
-6.25,-58.25,2023,6.0083
-12.25,-59.25,2023,0.8051
-5.0,-47.25,2023,1.0088
-13.5,-56.75,2023,4.8396
-10.0,-60.75,2023,5.7234
-9.0,-61.75,2023,2.5584
-6.25,-46.0,2023,0.8579
-8.75,-63.75,2023,0.4042
-9.25,-65.25,2023,4.0935
-3.75,-68.5,2023,0.2053
-7.25,-70.0,2023,0.6706
-9.75,-62.5,2023,7.2024
-3.0,-57.25,2023,0.2181
-5.0,-56.0,2023,1.1417
-5.75,-51.25,2023,0.2493
-9.75,-56.75,2023,3.2607
-8.75,-50.0,2023,5.8008
-3.25,-60.5,2023,1.3506
-9.0,-71.25,2023,1.2447
-11.25,-58.75,2023,1.7499
-4.25,-46.0,2023,0.4351
-5.75,-51.5,2023,1.1914
-4.0,-59.75,2023,2.8839
-5.25,-45.0,2023,3.6136
-10.25,-62.75,2023,1.8014
-5.0,-46.25,2023,1.9389
-8.0,-61.25,2023,6.5198
-4.25,-50.5,2023,4.6771
-8.75,-61.5,2023,4.2258
1.0,-50.75,2023,0.2463
-4.25,-69.5,2023,0.2119
-3.75,-57.0,2023,0.1968
-11.0,-69.5,2023,1.475
-3.5,-58.5,2023,1.8274
-9.5,-57.5,2023,1.283
-8.75,-70.75,2023,3.6414
-4.75,-47.75,2023,8.9969
-6.0,-45.5,2023,2.1992
-10.75,-57.5,2023,4.9299
-5.0,-62.5,2023,1.6718
-3.75,-61.25,2023,1.1252
-10.0,-57.25,2023,9.6463
-5.5,-46.75,2023,1.4616
-4.0,-46.5,2023,9.7027
-7.75,-70.0,2023,2.604
-4.25,-44.0,2023,1.2501
-9.5,-54.75,2023,4.2812
-11.0,-61.0,2023,0.8333
-1.75,-62.25,2023,0.5551
0.0,-60.5,2023,5.2046
-5.5,-51.5,2023,3.5682
-7.75,-56.75,2023,1.7481
-10.25,-56.75,2023,1.4555
-11.75,-61.75,2023,0.6332
0.0,-60.75,2023,8.0493
-9.5,-68.25,2023,2.3262
-2.5,-47.25,2023,3.743
-4.5,-48.5,2023,1.6013
-9.0,-72.25,2023,0.8232
-6.25,-49.25,2023,0.7081
-6.25,-55.25,2023,5.5461
-6.25,-52.25,2023,6.321
-6.25,-62.75,2023,7.2692
-3.25,-49.25,2023,4.0454
-10.25,-65.25,2023,0.5393
-6.5,-51.5,2023,2.7618
-4.5,-56.25,2023,3.2432
-8.75,-67.0,2023,14.4207
-6.75,-56.5,2023,1.9271
-8.5,-50.0,2023,0.766
-4.0,-63.0,2023,0.489
-9.5,-57.25,2023,1.9654
-10.25,-52.25,2023,1.1209
-9.75,-50.5,2023,0.4821
-2.5,-68.5,2023,2.2787
-6.25,-54.75,2023,6.9688
-6.5,-48.0,2023,0.4068
-7.5,-72.25,2023,0.2255
-2.25,-47.75,2023,1.5604
-6.5,-53.75,2023,3.4691
-3.0,-47.0,2023,4.7116
-4.25,-68.5,2023,0.2384
-6.0,-56.5,2023,1.3637
4.0,-64.5,2023,0.8764
-3.5,-47.5,2023,4.1172
-10.0,-60.5,2023,10.4145
-7.25,-60.5,2023,14.6961
-9.5,-64.0,2023,3.1029
-1.5,-60.5,2023,0.1174
-9.0,-54.5,2023,1.4597
-16.25,-58.0,2023,0.1086
-10.5,-53.75,2023,6.9318
-4.25,-50.25,2023,2.3449
-3.0,-65.25,2023,1.3047
-6.0,-52.75,2023,1.734
-5.75,-47.5,2023,0.5638
-11.75,-61.0,2023,0.3236
-8.75,-70.5,2023,1.5267
-10.0,-62.25,2023,0.8546
-10.25,-58.75,2023,0.6636
-9.5,-64.75,2023,4.6588
-9.0,-70.0,2023,0.4685
-4.5,-46.5,2023,2.8921
-9.25,-71.5,2023,0.067
-5.75,-45.75,2023,2.6197
-8.75,-70.25,2023,0.604
-6.75,-52.75,2023,41.597
-5.5,-45.75,2023,3.4235
1.75,-61.0,2023,3.4904
3.75,-63.5,2023,0.1867
-4.0,-46.25,2023,0.1416
-4.0,-56.0,2023,2.193
-3.0,-60.75,2023,0.7753
-10.25,-51.5,2023,0.3801
-1.75,-56.0,2023,0.6558
-9.75,-61.5,2023,4.1048
-2.75,-66.75,2023,1.1094
-7.25,-55.25,2023,3.5645
-8.75,-67.75,2023,0.9354
-3.0,-52.75,2023,1.723
-1.0,-57.5,2023,0.2722
-10.25,-64.75,2023,5.2661
-8.0,-63.5,2023,8.3278
-9.25,-70.75,2023,0.4578
-10.25,-67.75,2023,4.539
0.75,-51.5,2023,0.8408
-11.75,-62.25,2023,1.1613
-7.0,-50.75,2023,0.4889
-2.75,-50.25,2023,1.7633
-13.75,-59.75,2023,0.9938
-12.0,-56.5,2023,3.4491
-3.5,-52.25,2023,3.1078
-10.25,-59.0,2023,1.7758
-8.25,-72.5,2023,2.8176
1.25,-60.25,2023,2.7072
-11.25,-54.25,2023,12.0509
-4.0,-46.75,2023,2.8952
-3.0,-61.5,2023,0.1754
-7.75,-54.75,2023,4.6361
-9.25,-56.75,2023,1.3018
-5.5,-49.0,2023,1.2009
-1.25,-46.25,2023,0.063
-3.25,-65.25,2023,0.9559
-5.0,-57.0,2023,4.2393
-10.0,-54.0,2023,0.788
-2.75,-49.75,2023,1.0781
-2.75,-48.25,2023,0.9724
-6.25,-53.0,2023,6.8127
-2.5,-54.5,2023,0.8705
0.0,-51.75,2023,0.069
-7.5,-56.75,2023,1.6879
-10.25,-56.0,2023,1.9
-4.5,-46.25,2023,1.327
-4.25,-48.25,2023,5.4209
-7.75,-72.0,2023,1.7991
-7.5,-59.75,2023,2.3624
-14.75,-59.5,2023,1.4874
-2.5,-55.5,2023,1.8694
-2.25,-57.25,2023,0.3391
-10.25,-55.25,2023,0.5499
-9.5,-51.5,2023,3.7757
-2.5,-49.25,2023,0.4195
-4.25,-47.25,2023,1.4505
-9.75,-54.75,2023,1.2479
-1.0,-52.5,2023,0.2001
-4.0,-44.0,2023,1.114
-5.75,-57.75,2023,3.2807
-4.25,-60.0,2023,3.7861
3.5,-61.75,2023,1.405
-6.25,-48.0,2023,0.5414
-6.5,-55.5,2023,1.2481
-10.25,-63.0,2023,4.4295
-1.75,-60.25,2023,0.5132
-7.75,-72.75,2023,2.8663
-12.0,-62.0,2023,0.6703
2.5,-60.75,2023,0.1722
-2.0,-47.0,2023,0.589
-3.25,-47.5,2023,2.2299
-5.0,-48.0,2023,0.4871
-7.5,-55.5,2023,8.0955
-11.0,-65.0,2023,0.1592
-2.5,-47.75,2023,2.1998
-5.0,-50.5,2023,5.5431
-3.75,-47.75,2023,4.7693
-6.25,-68.25,2023,0.5918
-4.0,-68.25,2023,0.6886
-11.25,-62.0,2023,1.0228
-8.5,-50.25,2023,0.7463
-7.0,-63.25,2023,0.6486
-10.5,-54.25,2023,1.5411
-10.75,-62.5,2023,0.1549
-1.75,-55.75,2023,2.2796
-12.0,-56.75,2023,51.1594
-15.5,-60.0,2023,0.8691
-5.0,-56.25,2023,1.9439
-9.75,-62.75,2023,0.4183
-3.0,-59.25,2023,1.3633
-3.5,-59.25,2023,1.1534
-9.5,-62.5,2023,4.2228
-3.75,-65.25,2023,0.7477
-11.0,-54.75,2023,2.0877
-5.5,-45.5,2023,2.9628
-10.75,-56.75,2023,2.4355
-6.75,-50.25,2023,0.3214
-1.75,-68.25,2023,0.5573
-15.5,-57.75,2023,2.9986
-3.0,-59.0,2023,0.8367
-1.5,-52.5,2023,0.7478
-10.0,-56.75,2023,1.4287
-11.25,-55.5,2023,4.8897
-3.25,-55.0,2023,2.7239
-5.25,-50.0,2023,1.9782
-9.25,-67.25,2023,0.322
-2.0,-53.25,2023,0.2545
-4.0,-67.75,2023,0.0743
-2.0,-54.25,2023,1.1887
-8.75,-71.0,2023,3.0438
-8.25,-71.25,2023,1.0674
-9.75,-62.25,2023,3.6674
-5.75,-63.25,2023,4.9781
-3.0,-50.75,2023,5.9118
-4.25,-54.5,2023,0.455
-1.75,-49.5,2023,0.1546
-5.75,-47.25,2023,0.1868
-3.25,-59.0,2023,0.907
-9.25,-58.75,2023,9.194
-10.5,-69.0,2023,0.933
-4.25,-63.25,2023,1.1172
3.0,-63.75,2023,0.4
-10.25,-53.75,2023,3.382
-3.25,-51.75,2023,2.4583
-12.25,-63.0,2023,0.4335
-4.0,-62.25,2023,0.5916
-11.25,-55.25,2023,17.336
-5.25,-44.25,2023,4.5471
-7.75,-62.75,2023,1.2394
-8.5,-54.5,2023,1.3558
-10.5,-63.0,2023,2.3066
-6.5,-55.75,2023,3.1523
-6.0,-53.25,2023,5.9413
-10.25,-62.5,2023,1.0966
-11.5,-59.25,2023,0.8458
-10.25,-64.25,2023,3.9652
-2.25,-48.25,2023,2.6036
-2.5,-56.25,2023,0.9882
-9.75,-55.0,2023,0.8251
-10.5,-57.75,2023,9.6512
-8.75,-69.75,2023,2.107
-10.0,-58.5,2023,1.0932
-8.5,-72.75,2023,1.6484
-8.75,-67.5,2023,0.7508
-5.0,-67.0,2023,0.7078
-8.75,-50.5,2023,0.1243
-1.5,-52.75,2023,0.9206
-9.25,-62.0,2023,3.0015
-3.75,-53.75,2023,2.2183
-7.75,-71.75,2023,0.7554
-6.25,-56.0,2023,6.4497
2.25,-61.0,2023,0.6556
-6.25,-55.5,2023,1.5943
-2.25,-69.25,2023,3.6563
-7.75,-56.0,2023,0.3872
-8.75,-63.5,2023,3.4923
-3.75,-47.0,2023,1.8294
-10.25,-64.5,2023,7.02
-7.25,-72.0,2023,0.388
-7.0,-49.5,2023,0.6276
-1.25,-54.75,2023,0.8918
-11.75,-53.5,2023,0.106
-12.5,-60.0,2023,1.1812
-8.5,-71.75,2023,0.1161
-7.5,-73.5,2023,0.4468
-9.75,-51.25,2023,0.2001
-7.0,-59.75,2023,18.1736
-6.0,-48.5,2023,0.8072
-1.25,-56.25,2023,0.0631
-10.0,-55.25,2023,2.2423
-10.5,-54.0,2023,4.343
-3.25,-59.75,2023,0.7529
-5.75,-50.25,2023,0.7607
-12.0,-63.25,2023,1.9846
-0.25,-60.75,2023,3.5738
-5.75,-46.25,2023,2.7185
3.0,-61.5,2023,1.211
-9.25,-64.75,2023,0.9939
-10.5,-59.5,2023,3.6877
-12.25,-62.25,2023,0.2052
-6.5,-48.5,2023,0.4359
-6.0,-47.5,2023,0.3529
-6.75,-55.0,2023,7.547
-13.25,-53.25,2023,2.1881
-4.5,-44.0,2023,1.4452
-10.75,-61.5,2023,0.9358
-3.25,-46.5,2023,2.8799
-8.5,-55.25,2023,6.451
-2.0,-48.75,2023,1.4101
-8.0,-51.0,2023,0.6515
-9.0,-62.75,2023,1.2501
-10.5,-57.25,2023,2.7241
-6.5,-53.25,2023,8.6438
-4.5,-55.25,2023,2.4969
-6.5,-56.0,2023,1.7057
-7.75,-65.0,2023,0.2761
0.25,-69.5,2023,0.0922
-5.5,-48.0,2023,0.2941
-2.75,-56.5,2023,2.4908
-12.75,-57.0,2023,2.302
-0.25,-67.0,2023,0.253
-1.25,-56.0,2023,1.9721
-9.75,-65.5,2023,4.2702
-15.0,-59.75,2023,7.2464
-9.25,-68.5,2023,4.2382
-10.5,-70.0,2023,0.1966
-5.75,-45.5,2023,1.1333
-9.5,-51.25,2023,2.8045
-3.5,-64.5,2023,2.0959
-7.0,-51.25,2023,1.5477
-4.75,-44.25,2023,0.4615
-11.75,-63.25,2023,1.2486
-1.5,-56.5,2023,0.9047
-10.75,-54.25,2023,12.8141
-10.75,-63.75,2023,0.3206
-2.5,-58.0,2023,1.8972
-9.75,-60.5,2023,1.4555
-1.5,-53.0,2023,1.6603
-1.75,-49.0,2023,0.3145
-4.0,-59.25,2023,3.6553
-1.0,-57.25,2023,0.2246
-6.5,-62.75,2023,6.7464
-8.75,-72.75,2023,2.4149
-6.0,-62.5,2023,4.0142
-13.25,-61.25,2023,3.6139
-4.0,-50.25,2023,2.0867
-5.75,-53.5,2023,6.8209
-4.25,-45.75,2023,0.5682
2.25,-60.75,2023,0.5941
-5.0,-44.75,2023,1.216
-5.25,-46.75,2023,0.8886
-8.0,-72.75,2023,1.1015
-9.0,-68.25,2023,3.6003
2.5,-51.75,2023,1.3258
1.5,-60.0,2023,3.6521
-4.5,-46.75,2023,0.1695
-3.75,-49.25,2023,0.6054
-9.25,-67.0,2023,1.3944
-9.75,-56.25,2023,0.6475
-3.75,-50.75,2023,2.826
-2.25,-55.25,2023,0.277
-3.75,-65.0,2023,1.852
-11.25,-61.5,2023,0.9745
-1.5,-49.75,2023,0.1057
-6.75,-62.0,2023,0.2914
-4.75,-48.25,2023,1.2205
-0.25,-61.0,2023,0.4154
2.0,-61.75,2023,5.263
-4.0,-47.5,2023,2.0941
-3.5,-49.0,2023,1.0961
-10.5,-59.0,2023,2.0419
-9.0,-66.0,2023,9.2569
-6.5,-61.5,2023,7.0816
-11.75,-59.25,2023,6.7272
-7.5,-60.5,2023,18.8092
-1.0,-63.0,2023,0.0635
-6.0,-50.25,2023,0.1601
-2.5,-56.5,2023,0.3245
-8.0,-61.75,2023,4.737
-10.75,-67.75,2023,0.5923
-13.0,-56.75,2023,18.6602
-10.75,-65.0,2023,0.4614
-12.25,-54.0,2023,1.9669
-9.0,-65.5,2023,11.7368
-4.0,-58.5,2023,0.3394
-7.5,-50.0,2023,0.2709
-8.75,-54.75,2023,2.1057
-11.0,-69.75,2023,0.6966
-7.25,-51.0,2023,1.8794
-10.0,-54.5,2023,1.2368
-7.25,-59.5,2023,2.1984
-9.5,-62.75,2023,0.5137
-1.75,-62.0,2023,0.0812
-9.25,-51.25,2023,3.0877
-9.0,-63.75,2023,3.7743
2.75,-51.25,2023,0.0905
-8.25,-61.25,2023,5.3426
-12.5,-51.25,2023,0.1448
-14.25,-56.0,2023,0.1734
-10.75,-58.0,2023,2.9116
-7.5,-64.5,2023,4.4788
-7.5,-72.5,2023,1.4287
-7.75,-49.0,2023,0.1131
-9.75,-57.75,2023,2.486
2.0,-61.25,2023,1.7737
-9.75,-51.75,2023,3.8429
-9.0,-49.5,2023,0.816
-9.75,-66.25,2023,2.9735
-8.25,-72.0,2023,0.4099
-3.0,-60.0,2023,0.8351
-1.25,-47.5,2023,0.3557
-10.25,-50.75,2023,0.9179
-9.25,-66.5,2023,1.4057
-4.75,-50.0,2023,1.5658
-5.0,-48.75,2023,1.0871
-5.5,-56.25,2023,0.0678
-10.25,-62.0,2023,2.2841
0.75,-59.25,2023,5.9245
-2.5,-65.0,2023,0.3367
-7.0,-66.25,2023,0.2733
-10.0,-64.25,2023,2.6057
-6.75,-69.75,2023,1.0316
-11.5,-60.5,2023,1.2573
-5.0,-44.0,2023,0.7181
-3.5,-66.25,2023,0.714
-0.75,-51.0,2023,0.1089
-13.5,-60.75,2023,1.1484
-11.0,-59.25,2023,1.793
-8.25,-51.25,2023,0.1367
-1.75,-51.0,2023,0.9271
-2.0,-56.75,2023,3.0696
-11.5,-56.5,2023,15.0541
-1.75,-48.0,2023,0.3277
-7.5,-49.5,2023,0.6621
-6.75,-49.25,2023,0.3003
-12.5,-55.75,2023,0.2172
-1.75,-48.5,2023,0.4775
1.25,-69.25,2023,0.0628
-6.75,-52.0,2023,1.4953
-1.75,-56.5,2023,2.7755
-2.5,-64.75,2023,0.4504
2.5,-61.0,2023,0.4805
-3.75,-58.25,2023,0.8594
-15.5,-58.0,2023,0.6399
-6.75,-51.0,2023,0.3817
-5.5,-57.25,2023,0.8755
-12.75,-56.5,2023,2.393
-9.75,-60.0,2023,2.4648
-12.5,-54.25,2023,3.276
-6.0,-57.25,2023,1.0895
-1.0,-50.75,2023,0.0797
-6.75,-68.25,2023,0.2136
-4.25,-56.5,2023,0.8487
-11.0,-52.25,2023,1.0134
-8.5,-55.5,2023,4.4016
-4.5,-59.5,2023,1.1768
-0.75,-47.75,2023,0.4369
-5.25,-50.25,2023,1.111
-1.0,-48.0,2023,1.1421
-3.5,-45.25,2023,0.7276
-3.75,-66.0,2023,0.4009
-8.25,-61.5,2023,19.4729
-4.25,-49.5,2023,0.2136
2.0,-60.75,2023,2.5471
-3.5,-68.75,2023,0.1322
-5.75,-49.5,2023,0.5545
0.75,-52.25,2023,0.2999
3.5,-61.25,2023,0.2145
-2.0,-58.25,2023,0.4102
-5.75,-46.0,2023,6.8201
-2.75,-59.5,2023,0.5648
-3.5,-56.75,2023,0.14
-3.25,-44.5,2023,2.76
-6.0,-55.5,2023,0.6087
-3.0,-44.25,2023,1.0196
-3.75,-62.0,2023,0.9696
-1.25,-46.75,2023,0.4818
-4.25,-61.0,2023,0.1336
-3.0,-65.0,2023,0.0947
-4.75,-67.0,2023,0.3055
-5.75,-51.0,2023,1.2233
-5.75,-44.5,2023,2.0665
-3.75,-61.5,2023,0.1437
-4.5,-47.25,2023,1.7568
-2.0,-51.5,2023,0.2908
-6.0,-51.25,2023,3.7679
-3.25,-69.25,2023,0.1682
-6.75,-48.75,2023,0.9629
-4.5,-59.75,2023,0.9645
-7.5,-65.25,2023,0.0835
-3.25,-68.0,2023,0.243
-7.75,-49.5,2023,0.8362
-7.25,-63.0,2023,1.5969
-2.25,-56.75,2023,0.5855
-11.25,-54.5,2023,2.2273
-10.75,-62.75,2023,11.3202
-12.0,-61.0,2023,1.2426
-4.25,-67.5,2023,0.3738
-4.75,-48.0,2023,0.5478
-11.75,-49.75,2023,0.7744
-9.0,-56.75,2023,4.8179
-3.0,-58.5,2023,0.3001
-7.0,-52.0,2023,0.7934
-3.5,-45.5,2023,0.3999
-9.5,-55.25,2023,1.219
-10.25,-67.0,2023,0.7036
-6.5,-48.25,2023,0.2241
-2.25,-59.75,2023,0.409
-2.25,-51.0,2023,0.5073
-3.0,-64.5,2023,0.3302
-2.25,-49.25,2023,0.6216
-7.5,-50.5,2023,0.3872
-12.0,-52.5,2023,4.4484
-5.5,-46.5,2023,0.6833
-1.5,-60.25,2023,0.3483
-2.0,-49.5,2023,0.1362
2.75,-60.0,2023,0.8372
-4.75,-46.0,2023,1.6964
-9.25,-64.5,2023,2.5198
-3.0,-61.25,2023,0.8695
-10.75,-54.75,2023,0.1661
-6.0,-56.75,2023,0.3102
-8.0,-55.25,2023,2.0586
-6.75,-50.5,2023,1.1379
-0.5,-52.0,2023,0.4148
-12.0,-62.25,2023,1.3334
-8.5,-66.75,2023,2.4631
-12.25,-51.25,2023,1.3436
-4.25,-59.75,2023,0.792
-12.5,-56.25,2023,2.2975
-9.75,-57.0,2023,5.6235
-9.25,-57.0,2023,12.4072
-6.25,-63.25,2023,0.0868
-10.25,-69.5,2023,0.3576
-5.0,-49.25,2023,1.7816
3.5,-51.5,2023,0.0642
-5.5,-45.25,2023,8.1834
-5.75,-57.25,2023,0.6772
-11.0,-50.75,2023,0.0943
-6.75,-64.25,2023,0.3412
0.0,-51.5,2023,0.9051
-6.75,-50.0,2023,0.0902
-6.25,-58.0,2023,2.6793
-15.25,-59.0,2023,2.0709
-11.75,-58.75,2023,1.0968
-12.0,-61.25,2023,0.979
-8.75,-48.5,2023,0.4416
-8.0,-62.0,2023,0.2482
-11.5,-60.25,2023,0.1022
-11.5,-55.75,2023,0.2722
-12.75,-52.0,2023,0.7363
-2.0,-50.5,2023,0.4162
-6.5,-58.25,2023,1.4491
-1.25,-46.0,2023,0.0695
-3.25,-64.75,2023,0.4868
-3.75,-64.25,2023,1.5951
1.25,-52.75,2023,0.0718
-0.75,-48.0,2023,0.3213
-10.0,-54.75,2023,0.6335
-6.0,-50.0,2023,0.1842
-9.25,-72.75,2023,0.5729
3.75,-62.0,2023,0.9407
-10.5,-62.5,2023,0.5027
-6.75,-51.75,2023,2.0753
-2.25,-47.25,2023,0.2598
-2.25,-53.0,2023,0.1661
-3.5,-58.25,2023,0.4348
-5.0,-47.5,2023,0.1055
-3.25,-52.75,2023,1.0695
2.25,-61.25,2023,1.542
-2.75,-60.25,2023,0.4867
-2.75,-47.0,2023,3.0124
-4.25,-49.75,2023,2.7747
-12.5,-60.5,2023,0.8637
-15.25,-57.75,2023,0.2958
-2.5,-51.5,2023,0.2373
-10.0,-59.25,2023,8.492
-14.25,-59.75,2023,0.6364
-10.5,-52.25,2023,0.6789
3.0,-60.0,2023,0.1507
-7.5,-61.25,2023,14.9838
-8.5,-63.5,2023,3.0132
-1.0,-53.25,2023,0.4799
-6.0,-61.5,2023,0.2724
-7.25,-52.75,2023,7.6911
-7.25,-56.75,2023,0.8293
-7.25,-49.5,2023,1.2294
-9.75,-52.0,2023,0.8155
-4.0,-64.0,2023,0.1282
-11.75,-55.5,2023,1.6207
-5.75,-53.75,2023,3.9356
-5.25,-48.5,2023,0.2184
0.5,-50.25,2023,0.0625
-3.25,-63.0,2023,0.1782
-12.0,-58.5,2023,0.3219
-10.5,-58.75,2023,2.2845
-3.5,-58.75,2023,1.2977
-1.75,-57.0,2023,0.7491
-3.5,-62.0,2023,0.1597
-2.75,-53.5,2023,7.9831
-8.75,-50.75,2023,0.8623
-12.5,-57.5,2023,5.0612
-7.0,-60.25,2023,3.4265
-5.5,-55.75,2023,1.454
-2.0,-45.5,2023,0.2965
-8.25,-51.5,2023,0.1632
-7.5,-60.75,2023,2.2882
-6.5,-47.5,2023,1.3326
-2.0,-61.25,2023,0.0748
-10.75,-68.0,2023,0.5899
-2.25,-46.25,2023,0.5731
-3.0,-45.25,2023,0.2267
-3.0,-67.75,2023,0.6229
-9.5,-67.25,2023,4.2054
-4.25,-55.75,2023,1.7876
-9.0,-70.5,2023,0.7977
-7.5,-63.0,2023,1.4216
-4.25,-65.25,2023,1.0779
-11.75,-60.75,2023,0.9526
-3.75,-53.5,2023,1.1248
-8.75,-64.0,2023,1.8825
-2.5,-55.75,2023,0.7425
-12.5,-54.75,2023,11.0116
-6.25,-54.0,2023,0.585
-7.75,-70.5,2023,0.1972
-2.0,-50.25,2023,0.2857
-9.5,-61.75,2023,1.9303
-10.75,-59.5,2023,2.3183
-5.25,-50.5,2023,1.5946
-4.75,-49.5,2023,3.4094
-10.75,-57.25,2023,9.148
-10.25,-55.0,2023,0.2172
1.25,-51.0,2023,0.0728
-2.25,-49.75,2023,0.1392
-15.5,-57.25,2023,0.212
-0.5,-58.0,2023,0.2213
-12.0,-63.0,2023,2.4229
-4.0,-65.0,2023,0.5655
-4.5,-59.25,2023,2.6107
-9.0,-51.0,2023,1.6799
-9.0,-64.5,2023,1.6407
-1.75,-47.25,2023,0.1891
-10.25,-52.0,2023,1.5624
1.25,-51.25,2023,0.4015
-11.5,-62.25,2023,0.5613
-9.5,-70.75,2023,0.1656
-9.5,-70.5,2023,0.538
-7.75,-67.0,2023,2.4841
-11.5,-56.25,2023,3.4683
-7.0,-57.75,2023,0.0672
-1.75,-48.25,2023,0.2371
-10.75,-62.25,2023,0.672
-1.75,-62.5,2023,0.0681
-2.5,-52.25,2023,1.6455
-7.0,-50.0,2023,0.4292
-14.5,-57.5,2023,0.308
-2.75,-67.5,2023,0.1988
-9.5,-66.0,2023,11.1057
-3.5,-61.25,2023,0.1614
-4.0,-63.25,2023,0.3443
-11.75,-64.75,2023,0.0781
-1.5,-45.75,2023,2.3094
-6.0,-54.5,2023,0.2063
2.0,-60.25,2023,1.7357
-3.5,-60.75,2023,0.1872
-4.0,-69.5,2023,0.2701
-11.25,-56.75,2023,8.1707
-6.75,-57.0,2023,0.1801
-4.25,-56.0,2023,0.7131
-11.75,-53.0,2023,0.0886
-1.5,-46.5,2023,0.2684
-6.25,-67.75,2023,0.8168
-3.75,-61.75,2023,0.5534
2.75,-60.5,2023,0.2156
-2.0,-51.75,2023,0.2837
-5.75,-44.75,2023,1.8868
-0.75,-52.25,2023,0.1585
-10.75,-54.0,2023,3.299
-6.0,-57.0,2023,0.3017
-2.0,-54.0,2023,0.2819
-9.25,-70.5,2023,0.0625
-3.75,-64.75,2023,0.2691
-3.75,-63.5,2023,0.0705
-8.75,-62.25,2023,1.0513
-13.75,-56.0,2023,0.4068
-4.75,-55.0,2023,0.2727
-8.5,-66.5,2023,1.2053
-9.75,-55.75,2023,1.0989
-2.75,-49.5,2023,5.4478
-3.25,-66.25,2023,0.0647
-14.75,-57.5,2023,0.3697
-6.75,-48.25,2023,0.6511
-2.0,-60.0,2023,0.3388
-8.25,-49.25,2023,0.7933
-3.0,-67.0,2023,0.3177
-2.75,-60.0,2023,0.3203
-9.25,-64.0,2023,0.7039
-7.5,-56.0,2023,0.0677
-10.25,-67.5,2023,0.57
-2.75,-46.75,2023,1.627
-1.5,-48.25,2023,0.0764
-3.75,-58.5,2023,0.64
-1.25,-47.0,2023,0.8063
0.5,-67.25,2023,0.2027
-2.75,-66.25,2023,0.1751
-1.75,-47.0,2023,1.41
-10.75,-52.0,2023,2.7192
-7.25,-57.25,2023,0.1631
3.75,-61.75,2023,1.5765
-9.0,-65.25,2023,4.4983
-9.5,-56.5,2023,1.7806
-2.25,-47.5,2023,0.3813
-6.25,-47.0,2023,0.2005
-5.0,-47.75,2023,0.6745
-5.75,-46.75,2023,0.1818
2.75,-60.25,2023,0.6182
0.25,-69.75,2023,0.1382
1.5,-60.75,2023,1.4811
-12.0,-54.5,2023,15.7731
-6.75,-56.75,2023,0.6042
-7.5,-61.0,2023,9.7803
-4.25,-49.0,2023,1.6538
-12.5,-52.5,2023,1.3364
-13.5,-60.5,2023,1.5834
-5.75,-48.25,2023,2.5688
-2.75,-65.75,2023,0.0855
-3.25,-67.0,2023,0.0702
-6.5,-52.0,2023,0.7827
-6.25,-71.5,2023,0.1721
-7.75,-55.25,2023,0.4361
-8.25,-55.75,2023,0.4052
-3.25,-47.75,2023,3.347
-4.75,-44.75,2023,0.075
-10.0,-67.25,2023,2.8539
2.5,-63.0,2023,0.2671
-5.75,-47.0,2023,0.9219
-12.5,-56.5,2023,1.8535
3.25,-62.5,2023,0.247
-10.5,-56.75,2023,1.2093
-12.5,-58.0,2023,0.3651
-8.5,-47.25,2023,0.4467
-8.25,-49.5,2023,0.7521
-6.0,-45.25,2023,0.4157
-5.75,-61.0,2023,0.1881
-6.0,-58.0,2023,6.1786
-8.75,-50.25,2023,0.1575
2.0,-54.75,2023,0.0779
-2.25,-58.5,2023,0.2324
-12.25,-61.75,2023,0.7861
-4.25,-59.5,2023,0.8958
-5.75,-55.75,2023,0.3545
-11.5,-62.5,2023,0.1539
0.5,-53.75,2023,0.1232
-3.75,-58.0,2023,0.3243
-11.0,-56.0,2023,0.4585
-7.25,-63.25,2023,1.8848
-7.5,-72.0,2023,0.4329
-0.75,-48.5,2023,0.1948
-2.75,-55.0,2023,0.3664
-9.5,-65.0,2023,0.3177
-1.0,-47.75,2023,0.1575
-3.5,-44.25,2023,3.1907
-6.5,-56.5,2023,0.815
-10.25,-51.25,2023,0.2552
-5.5,-49.25,2023,0.4627
-10.5,-52.75,2023,3.093
-5.5,-58.0,2023,0.5678
-4.5,-70.0,2023,0.4237
-11.75,-55.0,2023,3.1238
-0.25,-66.75,2023,0.0845
-10.75,-57.75,2023,1.8587
-3.0,-61.0,2023,0.4146
-2.5,-50.5,2023,0.361
1.0,-59.25,2023,2.7964
-11.5,-54.0,2023,13.0581
-1.25,-47.25,2023,0.2857
-4.5,-65.5,2023,0.1827
-3.0,-52.25,2023,0.6461
-8.5,-50.75,2023,0.3939
-9.25,-58.25,2023,0.9187
-1.75,-61.5,2023,0.0906
-4.0,-61.5,2023,0.1046
-2.75,-58.5,2023,0.1889
-4.25,-57.0,2023,0.0904
-6.25,-47.25,2023,0.4649
-5.5,-44.5,2023,0.3151
-3.75,-60.0,2023,0.2902
-2.75,-50.75,2023,5.7947
-1.5,-47.5,2023,0.1685
-6.5,-47.0,2023,0.4591
-1.25,-52.5,2023,0.3413
-12.25,-54.25,2023,0.7557
-7.25,-71.75,2023,0.7628
-10.5,-56.5,2023,0.0769
-7.75,-64.5,2023,0.0701
-8.0,-61.0,2023,0.0757
-4.25,-59.25,2023,0.3859
-7.25,-60.25,2023,1.9289
-12.25,-63.5,2023,0.3011
-13.0,-57.25,2023,0.1794
-10.5,-54.5,2023,0.7963
-8.0,-63.0,2023,0.9535
-13.5,-55.75,2023,0.1674
-12.25,-61.25,2023,1.2073
-5.5,-60.0,2023,0.184
-3.5,-69.25,2023,0.19
-1.75,-50.25,2023,0.0675
-9.0,-65.75,2023,12.2733
-7.75,-60.5,2023,0.1063
2.0,-61.5,2023,1.0408
-7.5,-73.25,2023,1.9054
-3.5,-52.5,2023,0.7372
-2.25,-58.75,2023,0.0716
-12.25,-57.0,2023,11.3327
-12.5,-61.75,2023,0.6795
-4.5,-70.25,2023,0.1343
-8.5,-71.25,2023,0.8838
-5.5,-60.75,2023,0.3137
-5.0,-45.25,2023,0.0816
-6.5,-70.75,2023,0.0877
-5.75,-70.5,2023,0.1574
-4.0,-60.0,2023,0.2128
-7.25,-69.5,2023,0.1666
-11.25,-65.0,2023,0.6734
-3.75,-68.75,2023,0.3147
-6.0,-44.75,2023,0.4498
-12.5,-57.0,2023,0.2437
-1.75,-53.75,2023,0.3774
-3.0,-52.0,2023,0.3787
-10.25,-55.75,2023,0.1809
-12.75,-60.25,2023,0.7873
-12.5,-56.0,2023,0.0734
-5.75,-60.0,2023,0.5131
-16.0,-59.75,2023,0.1874
-8.0,-63.75,2023,1.4994
-4.5,-49.25,2023,0.437
-5.5,-60.5,2023,0.2714
-10.5,-53.5,2023,0.484
-13.5,-61.5,2023,1.0251
-7.0,-51.5,2023,1.257
-8.75,-71.75,2023,0.6471
-8.5,-64.25,2023,1.2325
-9.5,-58.0,2023,0.9583
-12.25,-52.0,2023,0.6364
-6.5,-47.25,2023,0.7498
-4.5,-61.25,2023,0.4579
-4.0,-59.5,2023,0.856
-10.25,-57.0,2023,6.9919
-6.25,-48.75,2023,0.0806
-6.75,-62.75,2023,2.6253
0.75,-60.75,2023,0.4798
-10.5,-62.75,2023,0.8433
-2.0,-51.25,2023,0.4431
-10.0,-51.5,2023,0.5956
-12.75,-61.75,2023,1.0048
-10.5,-58.25,2023,0.4072
-11.25,-58.0,2023,0.1729
-12.5,-51.0,2023,0.4042
-3.25,-49.0,2023,2.6446
-9.5,-50.25,2023,0.7634
-2.75,-52.75,2023,1.0423
-5.75,-47.75,2023,0.5865
-12.0,-62.5,2023,0.5022
-7.0,-50.25,2023,0.113
-11.25,-56.5,2023,0.173
-6.75,-71.0,2023,0.0633
-5.0,-46.75,2023,0.7189
-4.25,-60.75,2023,1.038
-3.25,-60.25,2023,0.2266
-6.75,-61.75,2023,0.2964
-11.75,-56.75,2023,28.9256
-6.75,-60.25,2023,0.1533
-9.75,-72.25,2023,0.0826
-6.5,-55.0,2023,2.0442
-2.0,-47.5,2023,0.0678
-5.25,-45.25,2023,1.0201
-10.5,-59.75,2023,0.0649
-7.0,-64.25,2023,0.0772
-3.25,-66.0,2023,0.084
-15.0,-56.75,2023,0.0957
-7.25,-48.5,2023,0.5769
-1.75,-61.0,2023,0.0732
-3.0,-44.0,2023,1.2449
-11.0,-57.5,2023,0.0979
-2.75,-47.75,2023,0.8649
-8.0,-57.75,2023,0.5108
-8.75,-49.25,2023,0.0707
-5.5,-54.25,2023,0.1351
-4.0,-57.5,2023,0.0954
-0.25,-66.25,2023,0.0754
-2.25,-54.5,2023,0.9019
-2.5,-55.0,2023,0.7359
-4.5,-48.25,2023,0.9446
-8.0,-56.25,2023,0.0717
-6.75,-66.5,2023,0.2273
-7.75,-61.75,2023,2.1027
-10.75,-61.75,2023,0.2108
-8.0,-63.25,2023,1.5235
-11.0,-56.25,2023,0.4128
-1.75,-53.5,2023,0.1996
-7.75,-51.5,2023,0.1928
-9.25,-50.5,2023,0.677
-11.5,-58.0,2023,7.3155
-6.25,-49.75,2023,0.0986
-6.25,-49.5,2023,0.5178
-3.5,-61.0,2023,0.0718
-10.75,-53.75,2023,25.4318
-11.5,-65.0,2023,0.0777
3.75,-63.25,2023,0.1554
-1.5,-46.75,2023,0.1196
0.5,-60.0,2023,0.3197
-3.0,-57.5,2023,0.2431
-5.25,-57.0,2023,0.2237
-12.5,-61.25,2023,1.8906
-7.25,-61.75,2023,0.7776
-16.5,-55.0,2023,0.2151
-8.75,-55.0,2023,2.5648
-11.25,-56.0,2023,3.186
-11.0,-58.75,2023,0.0764
-3.25,-60.75,2023,0.8941
-8.0,-67.25,2023,0.1622
-4.75,-50.25,2023,0.3807
-6.75,-48.0,2023,0.4826
-5.5,-61.5,2023,3.8263
-7.75,-63.75,2023,0.9759
-3.0,-56.0,2023,0.177
-12.5,-55.0,2023,3.6401
-1.75,-50.75,2023,0.1624
-9.75,-54.5,2023,0.821
-9.0,-68.0,2023,0.4876
-11.25,-52.75,2023,3.4312
-11.75,-54.75,2023,3.8311
-2.5,-58.25,2023,0.1331
-3.25,-67.25,2023,0.0823
-8.0,-49.75,2023,0.3354
-2.25,-55.5,2023,0.1948
-11.5,-61.75,2023,0.3591
-3.75,-52.75,2023,0.5273
2.75,-61.0,2023,0.3958
-6.5,-58.5,2023,0.6195
-2.5,-44.0,2023,0.2637
-2.75,-59.75,2023,0.2278
-7.25,-71.5,2023,0.2286
-9.0,-66.75,2023,4.948
-5.25,-51.75,2023,0.22
-8.5,-60.5,2023,1.1419
-11.25,-64.5,2023,0.126
-6.25,-60.0,2023,4.8106
-12.25,-57.5,2023,0.2047
1.25,-50.5,2023,0.1794
-6.0,-57.5,2023,0.8055
-6.5,-69.5,2023,0.1675
-0.5,-52.5,2023,0.1538
-7.0,-55.75,2023,3.5339
-3.25,-55.75,2023,0.083
-2.5,-66.0,2023,0.2983
-5.25,-56.75,2023,0.2551
-6.25,-51.25,2023,0.6475
3.5,-63.0,2023,0.0872
-4.5,-47.75,2023,2.21
-5.75,-52.5,2023,0.3879
-14.25,-57.5,2023,0.1919
-7.0,-69.75,2023,0.1906
-14.0,-51.75,2023,0.2132
-3.5,-58.0,2023,0.3163
-2.0,-50.0,2023,0.3049
-3.25,-45.25,2023,0.1748
2.75,-61.25,2023,0.5095
-11.5,-60.75,2023,0.4181
-9.75,-51.0,2023,0.3034
-1.75,-49.25,2023,0.0712
-3.25,-58.0,2023,0.3776
-8.0,-65.75,2023,0.0961
-13.0,-60.5,2023,0.4509
-9.75,-52.25,2023,0.6914
-6.5,-70.0,2023,0.2504
-1.5,-46.25,2023,0.7187
-7.75,-58.0,2023,0.0654
-6.25,-63.5,2023,0.1026
-7.25,-52.25,2023,0.1019
-2.25,-64.75,2023,0.0788
-3.75,-62.25,2023,0.1814
-9.75,-60.25,2023,0.9504
-10.75,-56.25,2023,0.6633
-2.5,-46.75,2023,0.1241
-3.25,-57.25,2023,0.1086
-10.75,-51.5,2023,0.2993
-8.0,-64.0,2023,0.8838
-4.75,-62.25,2023,0.0712
-12.25,-61.0,2023,0.2459
-6.5,-69.75,2023,0.4174
-1.75,-63.0,2023,0.076
0.75,-64.25,2023,0.0732
-14.75,-60.25,2023,0.4819
-1.75,-65.5,2023,0.1555
1.0,-51.5,2023,0.0925
-11.5,-58.5,2023,1.1
-4.0,-48.25,2023,2.3661
-12.0,-54.75,2023,3.1428
-7.75,-51.25,2023,0.2209
-9.25,-62.75,2023,0.4152
-6.0,-50.5,2023,0.4733
-5.25,-62.75,2023,0.1134
-6.0,-45.0,2023,0.3771
-3.0,-66.25,2023,0.3645
-11.75,-58.25,2023,1.3482
-14.0,-57.0,2023,0.5898
-12.75,-55.25,2023,0.622
-6.0,-49.5,2023,0.2171
-13.0,-57.0,2023,14.8365
-0.25,-53.5,2023,0.0125
-13.0,-52.75,2023,0.2689
-12.0,-53.25,2023,0.1343
-13.0,-61.25,2023,0.2685
-4.0,-64.25,2023,0.6415
-2.25,-69.5,2023,0.228
-3.25,-65.75,2023,0.0712
-1.0,-52.0,2023,0.0729
-11.0,-61.25,2023,0.0786
-10.0,-63.0,2023,0.6917
-1.75,-60.0,2023,0.3023
-10.0,-57.5,2023,1.7978
-2.5,-52.75,2023,0.0337
-11.75,-57.25,2023,11.4244
-5.5,-55.5,2023,0.274
-7.25,-49.75,2023,0.0727
-8.0,-49.25,2023,0.6212
-5.5,-50.75,2023,1.6075
-11.0,-54.5,2023,0.2064
-9.0,-50.0,2023,1.1429
-3.25,-55.25,2023,0.2773
-6.0,-52.0,2023,0.68
-8.5,-48.25,2023,0.498
-15.0,-58.75,2023,0.2849
-16.25,-59.25,2023,0.1257
-9.25,-52.0,2023,0.0916
-7.0,-50.5,2023,1.291
-14.0,-60.5,2023,0.0084
-5.0,-70.5,2023,0.0632
-9.25,-56.25,2023,0.1654
-3.75,-48.25,2023,0.9357
-11.0,-65.25,2023,0.3454
-8.0,-48.75,2023,0.0805
-9.25,-56.5,2023,1.5411
-2.25,-46.75,2023,0.1567
-10.75,-61.25,2023,0.0694
-13.0,-60.0,2023,0.9249
-9.75,-56.5,2023,0.4384
-11.5,-51.75,2023,5.722
-11.5,-52.0,2023,4.4314
-1.25,-60.25,2023,0.3838
-12.5,-58.5,2023,0.2317
-6.0,-46.25,2023,0.8574
-6.0,-44.25,2023,0.9809
-9.5,-65.25,2023,8.2714
-5.5,-50.25,2023,0.4458
-2.25,-67.25,2023,0.5349
-2.5,-47.5,2023,0.0924
-4.5,-60.25,2023,0.1812
-3.75,-44.75,2023,0.0756
-5.75,-48.75,2023,0.7124
-11.0,-57.75,2023,0.2637
-2.5,-57.25,2023,0.1503
-9.5,-56.25,2023,0.4692
-1.25,-69.5,2023,0.0872
-4.5,-68.0,2023,0.2075
-5.25,-47.25,2023,1.349
-6.0,-59.75,2023,1.2584
-4.0,-49.75,2023,0.0642
-6.75,-57.75,2023,0.2293
-1.5,-48.5,2023,0.0626
-9.75,-58.5,2023,6.3562
-11.75,-55.75,2023,0.7715
-2.75,-47.25,2023,2.2666
-12.75,-51.5,2023,0.3186
-12.5,-60.75,2023,0.1106
-3.25,-57.0,2023,0.0716
-10.25,-62.25,2023,0.9131
-13.0,-61.0,2023,0.4349
-11.5,-51.25,2023,2.9864
-8.0,-56.75,2023,0.1437
-4.25,-63.5,2023,0.1534
-12.5,-56.75,2023,2.1819
-13.0,-61.5,2023,0.125
-4.25,-67.25,2023,0.111
-11.75,-61.5,2023,0.7369
-4.25,-63.75,2023,0.2402
-0.75,-47.0,2023,0.149
-5.0,-48.25,2023,1.519
-9.25,-50.75,2023,0.6033
-3.25,-44.0,2023,0.5353
-10.25,-57.25,2023,5.0849
-9.25,-50.25,2023,0.5164
-5.25,-51.25,2023,0.0691
-6.5,-62.0,2023,1.1773
-5.75,-48.5,2023,0.3042
-10.0,-55.0,2023,0.2031
-11.25,-51.5,2023,0.1493
-11.5,-61.5,2023,0.0746
-12.0,-56.25,2023,0.5613
-12.0,-55.0,2023,0.5859
-9.0,-51.25,2023,0.5133
-10.75,-64.25,2023,0.5148
-0.75,-51.75,2023,0.0847
-7.0,-55.5,2023,1.4035
-5.5,-61.0,2023,0.2286
-9.5,-72.75,2023,0.0686
-6.75,-49.75,2023,0.2439
1.75,-61.25,2023,0.1325
-6.5,-57.75,2023,0.504
-4.0,-55.0,2023,0.4969
-5.25,-52.0,2023,0.6789
-11.75,-54.0,2023,22.1622
-12.25,-55.0,2023,26.4819
-2.5,-57.75,2023,0.3266
-1.75,-45.5,2023,0.1628
-12.25,-57.25,2023,26.3568
-11.25,-53.75,2023,0.3357
-4.0,-60.75,2023,0.4675
-3.5,-48.75,2023,0.4277
-2.0,-45.75,2023,0.312
-10.0,-51.75,2023,8.2553
-6.25,-68.5,2023,0.0765
-7.75,-71.0,2023,0.0743
-9.75,-50.75,2023,0.106
-0.75,-47.25,2023,0.7088
-5.0,-60.0,2023,0.0903
-7.75,-62.25,2023,0.3541
-2.0,-53.0,2023,0.2792
-9.0,-60.25,2023,0.481
-5.0,-59.75,2023,0.2563
-6.0,-73.25,2023,0.0795
-5.25,-48.0,2023,0.5323
-2.75,-59.25,2023,0.1335
-4.75,-46.25,2023,1.5981
-6.0,-54.0,2023,0.7406
-5.25,-72.0,2023,0.0666
-7.25,-72.25,2023,0.3427
-1.25,-48.0,2023,0.2021
-8.0,-58.25,2023,0.3292
-2.75,-58.25,2023,0.4989
-14.5,-59.5,2023,0.16
-2.0,-62.5,2023,0.2193
-12.75,-54.5,2023,8.4931
-2.75,-55.5,2023,0.0345
-4.0,-58.0,2023,0.364
-10.0,-53.75,2023,0.9875
-5.5,-48.25,2023,0.0629
-4.0,-61.25,2023,0.2479
-6.25,-55.0,2023,0.1063
-9.75,-57.25,2023,4.6191
-6.5,-47.75,2023,0.4205
-9.5,-61.0,2023,1.7143
-9.5,-55.75,2023,0.2053
-2.75,-44.0,2023,0.0664
2.0,-59.75,2023,0.1685
-15.0,-60.0,2023,0.1948
-12.5,-61.5,2023,4.0721
-10.75,-52.25,2023,1.5083
-15.0,-57.5,2023,6.1191
-5.5,-53.75,2023,1.1183
-7.75,-60.25,2023,0.6195
-12.5,-52.0,2023,0.5779
-9.25,-66.25,2023,5.9345
-13.0,-57.5,2023,0.2491
-3.25,-62.75,2023,0.0634
-4.5,-66.5,2023,0.1835
-7.25,-61.5,2023,0.1024
-9.0,-71.0,2023,0.4857
-12.5,-61.0,2023,0.3121
-10.5,-61.5,2023,0.1094
1.5,-55.75,2023,0.3289
-10.75,-63.0,2023,0.4524
-1.5,-61.25,2023,0.1258
-6.0,-55.75,2023,0.925
-10.0,-54.25,2023,0.4182
-6.5,-50.0,2023,0.4331
-4.25,-70.0,2023,0.2605
-15.5,-57.5,2023,1.4252
4.25,-64.25,2023,0.1641
-5.75,-53.25,2023,0.1872
-8.5,-61.25,2023,0.1162
-8.5,-69.25,2023,0.0697
-8.0,-62.75,2023,3.3116
-4.0,-62.0,2023,0.7793
-8.75,-49.5,2023,1.0638
-4.75,-44.0,2023,0.4256
-6.25,-52.0,2023,0.6758
-8.5,-68.25,2023,0.4436
-7.0,-58.25,2023,0.073
-9.75,-58.75,2023,0.4606
-9.75,-53.5,2023,14.6107
-5.25,-51.5,2023,0.5147
-11.5,-61.0,2023,0.2177
-8.0,-60.25,2023,0.6882
-3.25,-61.0,2023,0.3171
1.25,-59.25,2023,4.2916
-3.0,-59.5,2023,0.2816
-2.0,-47.25,2023,0.9232
-4.75,-47.0,2023,0.3989
-4.25,-67.0,2023,0.0781
-2.75,-55.25,2023,0.2265
-1.5,-58.5,2023,0.0858
-3.5,-47.25,2023,0.3977
-0.5,-60.5,2023,0.063
-12.75,-52.5,2023,0.6769
-1.5,-50.0,2023,0.2462
-13.75,-55.75,2023,0.1931
-12.25,-62.5,2023,0.106
-11.0,-56.5,2023,5.1891
-6.5,-58.0,2023,0.1543
-4.25,-49.25,2023,0.4185
-1.25,-49.75,2023,0.0633
-3.25,-65.0,2023,1.1278
-6.5,-63.25,2023,2.3127
-4.25,-62.5,2023,0.2138
-6.25,-50.75,2023,0.1988
-4.0,-52.5,2023,0.3201
0.0,-51.25,2023,0.0784
-9.0,-72.0,2023,0.1843
-6.75,-53.0,2023,3.7601
-6.0,-46.0,2023,1.579
-7.5,-61.75,2023,1.3535
-11.0,-55.5,2023,0.3297
-1.0,-53.5,2023,1.0014
-5.5,-56.0,2023,0.0666
-8.75,-71.5,2023,0.537
-1.0,-50.5,2023,0.1271
-12.0,-64.5,2023,0.0921
-4.25,-54.0,2023,0.0642
-5.75,-69.5,2023,0.085
-15.25,-59.5,2023,0.5105
-9.5,-72.25,2023,0.0768
-15.5,-60.25,2023,0.3649
-13.0,-60.25,2023,0.67
-10.75,-55.75,2023,0.076
-10.0,-56.0,2023,0.2005
-12.25,-55.5,2023,0.7835
-4.25,-47.5,2023,0.068
-7.25,-68.5,2023,0.0752
-7.0,-70.75,2023,0.1325
-6.0,-65.0,2023,0.0896
-12.25,-56.5,2023,0.1879
2.25,-50.75,2023,0.1611
-8.75,-68.5,2023,0.859
-10.5,-51.0,2023,0.5067
-11.0,-60.75,2023,0.4411
-15.25,-60.0,2023,0.5332
-11.5,-53.0,2023,0.2258
-8.75,-47.0,2023,0.0668
-13.0,-53.5,2023,7.3837
-1.75,-53.25,2023,0.58
-6.0,-58.25,2023,0.0632
-8.75,-49.75,2023,0.429
-15.0,-59.0,2023,4.8971
-9.25,-61.5,2023,1.0164
-6.0,-63.25,2023,0.3249
1.0,-52.25,2023,0.1355
-12.5,-55.25,2023,0.4964
2.5,-51.0,2023,0.0946
-3.0,-60.25,2023,0.2254
-9.0,-61.25,2023,11.4471
-10.0,-51.25,2023,0.16
-11.75,-57.5,2023,1.1913
-3.0,-56.5,2023,0.1337
-2.75,-61.0,2023,0.5296
-4.25,-70.75,2023,0.3492
-11.75,-57.75,2023,10.7435
-2.0,-68.25,2023,0.5704
-4.0,-62.75,2023,0.1485
-8.5,-66.25,2023,0.1383
-9.5,-56.0,2023,3.0003
-7.25,-55.75,2023,0.0934
-2.0,-67.75,2023,0.3007
0.5,-60.75,2023,0.279
-7.0,-56.25,2023,0.0916
-7.5,-52.75,2023,0.2311
-2.5,-49.5,2023,0.1949
3.25,-64.0,2023,0.3202
-5.0,-57.75,2023,0.1436
-8.25,-71.5,2023,0.2318
-9.0,-69.75,2023,0.2629
-2.5,-59.75,2023,0.1444
-5.25,-67.0,2023,0.2939
1.5,-61.0,2023,0.0632
-7.75,-60.75,2023,1.4565
-4.5,-68.5,2023,0.0874
-4.75,-63.75,2023,0.1436
-7.25,-51.25,2023,0.1735
-13.5,-56.5,2023,1.8313
-11.25,-57.5,2023,0.291
-1.75,-50.0,2023,0.0955
-8.25,-65.75,2023,0.1047
-11.75,-56.0,2023,0.3571
-1.5,-60.0,2023,0.2145
-2.5,-59.5,2023,0.2209
-6.5,-68.0,2023,0.4641
-5.75,-71.0,2023,0.0681
-4.5,-67.0,2023,0.0641
-5.25,-47.75,2023,0.4667
-2.25,-54.75,2023,0.0904
-11.5,-65.25,2023,0.0721
-8.25,-67.5,2023,0.2343
-3.25,-58.75,2023,0.7007
-10.0,-61.25,2023,0.1636
-3.0,-49.75,2023,0.2694
1.75,-69.5,2023,0.064
-12.75,-60.0,2023,0.2606
-2.75,-67.0,2023,0.0665
-4.5,-44.5,2023,0.5306
-11.25,-50.0,2023,0.0856
0.0,-67.25,2023,0.1916
-11.0,-58.5,2023,0.0657
-7.0,-53.0,2023,0.242
0.0,-70.0,2023,0.0645
-14.0,-56.25,2023,5.5528
-2.25,-58.0,2023,0.1518
-11.0,-63.0,2023,0.2971
-9.0,-49.75,2023,0.0812
-10.0,-52.25,2023,9.1112
-10.0,-62.0,2023,0.525
-3.0,-58.75,2023,0.4024
-3.75,-69.5,2023,0.23
-2.25,-52.25,2023,1.0465
-1.75,-58.5,2023,0.0631
-11.5,-53.5,2023,0.1179
-3.25,-60.0,2023,0.1803
-9.25,-54.5,2023,1.8962
-7.5,-71.25,2023,0.1757
-1.5,-61.5,2023,0.0677
-10.25,-61.5,2023,1.3575
-10.75,-51.75,2023,0.1982
3.0,-63.5,2023,0.239
-7.0,-62.75,2023,0.0654
-1.25,-55.0,2023,0.0833
-7.5,-71.0,2023,0.0656
-11.0,-55.0,2023,0.2051
-7.25,-70.25,2023,0.1477
-10.75,-55.25,2023,0.2399
-10.5,-56.0,2023,1.0729
-8.75,-60.5,2023,0.4859
-13.0,-53.25,2023,0.1085
-15.0,-58.5,2023,1.1607
-12.25,-59.5,2023,0.0713
-2.75,-67.25,2023,1.4201
-7.25,-71.0,2023,0.1011
-1.75,-47.5,2023,0.1663
-6.5,-59.0,2023,2.134
-6.25,-58.5,2023,0.0847
-9.0,-66.25,2023,0.491
-6.0,-60.0,2023,20.7038
-10.0,-49.25,2023,0.0637
-6.5,-50.5,2023,0.3617
-3.5,-63.75,2023,0.0638
-8.5,-47.0,2023,0.1219
-15.25,-59.25,2023,0.0671
-2.75,-56.75,2023,0.0631
-5.5,-54.5,2023,0.0838
-9.0,-59.5,2023,0.5184
-13.5,-54.25,2023,8.6161
-10.0,-66.5,2023,0.2009
-13.25,-61.5,2023,0.1019
-2.5,-53.5,2023,0.4499
-7.5,-65.5,2023,0.0854
-10.25,-54.5,2023,0.1089
-14.25,-60.25,2023,0.0921
-1.0,-65.75,2023,0.0971
-3.5,-61.75,2023,0.3952
-13.5,-59.75,2023,0.1585
-12.75,-58.25,2023,1.2704
-9.25,-71.0,2023,0.5743
-11.75,-52.25,2023,0.7188
-10.75,-53.0,2023,0.0632
-5.25,-48.75,2023,0.3981
-2.25,-60.0,2023,0.2962
3.25,-63.0,2023,0.0874
-5.25,-47.5,2023,0.1142
-12.0,-53.75,2023,0.063
-12.75,-53.75,2023,0.0852
-6.25,-47.5,2023,0.1939
-10.5,-57.0,2023,0.5939
-11.75,-51.75,2023,0.6425
-0.25,-61.25,2023,0.0751
-2.0,-67.0,2023,0.157
-6.5,-57.5,2023,0.1575
-13.75,-57.0,2023,0.1624
-4.0,-51.5,2023,0.1411
-14.75,-58.25,2023,2.6575
-2.5,-49.75,2023,0.1795
-6.0,-47.25,2023,0.3859
-9.5,-54.0,2023,0.1453
-12.0,-52.0,2023,7.6595
-5.0,-50.25,2023,0.0876
-12.75,-60.5,2023,0.4402
-8.25,-58.25,2023,0.0654
-9.75,-69.25,2023,0.3513
-9.5,-61.5,2023,6.3708
-16.25,-56.25,2023,0.1981
2.25,-51.0,2023,0.0798
-10.75,-59.0,2023,0.0789
-7.5,-71.75,2023,0.0839
-12.0,-58.75,2023,0.215
-13.0,-62.0,2023,3.9182
-9.75,-54.0,2023,1.7151
1.5,-63.25,2023,0.0682
-7.75,-49.75,2023,0.1058
-7.0,-63.5,2023,0.0816
-3.75,-56.75,2023,0.1331
-5.75,-48.0,2023,1.5791
4.5,-61.25,2023,0.1995
-6.5,-57.25,2023,0.1669
-4.5,-54.25,2023,0.0661
-2.5,-51.0,2023,0.3453
-6.5,-63.5,2023,0.1188
-3.0,-55.25,2023,0.1023
-11.25,-58.5,2023,0.2093
-8.25,-50.0,2023,0.2258
-1.25,-57.25,2023,0.1518
-13.25,-55.0,2023,11.7502
-8.25,-71.75,2023,0.0708
1.0,-50.25,2023,0.1079
-10.75,-58.75,2023,0.2258
-6.0,-60.25,2023,0.5672
-9.5,-49.75,2023,0.2116
-1.25,-47.75,2023,0.3268
-11.25,-61.0,2023,0.3512
2.5,-64.0,2023,0.5148
-13.25,-52.5,2023,0.1867
-6.5,-49.75,2023,0.1849
-10.5,-62.25,2023,0.0633
3.5,-64.0,2023,0.0633
-6.0,-46.75,2023,0.1596
-5.75,-61.25,2023,0.1814
-13.5,-60.25,2023,0.566
-12.0,-54.0,2023,7.0948
-6.5,-50.25,2023,0.3499
2.25,-60.0,2023,0.1301
-6.5,-51.75,2023,0.2133
-3.25,-56.5,2023,0.0712
-4.0,-69.25,2023,0.1826
-14.75,-58.5,2023,0.1138
-13.0,-53.75,2023,0.0685
-9.75,-58.25,2023,0.077
-1.0,-52.25,2023,0.2081
-4.75,-60.0,2023,0.1716
-6.5,-64.5,2023,0.0944
-12.0,-55.75,2023,0.7006
-12.25,-60.25,2023,0.4461
-7.25,-70.75,2023,0.0702
-2.0,-56.0,2023,0.079
-1.5,-52.25,2023,0.1083
-2.25,-60.25,2023,0.068
-9.5,-66.25,2023,0.6282
-2.25,-56.25,2023,0.2365
-4.75,-49.0,2023,0.0903
-0.5,-56.75,2023,0.0796
-2.25,-53.25,2023,0.0815
-10.25,-61.25,2023,4.0738
-3.25,-58.25,2023,0.295
-5.25,-49.75,2023,0.1983
-5.25,-47.0,2023,0.4544
-12.0,-57.25,2023,1.4851
-13.25,-52.75,2023,7.9542
-1.75,-50.5,2023,0.1085
-4.75,-59.5,2023,0.2068
-5.5,-57.75,2023,0.1086
-7.25,-50.75,2023,0.4522
-3.25,-58.5,2023,0.1193
-2.0,-49.25,2023,0.0652
-7.75,-71.5,2023,0.1555
1.0,-60.75,2023,0.2989
-7.5,-67.25,2023,0.3961
-4.0,-68.5,2023,0.2607
-4.25,-57.5,2023,0.222
-11.5,-58.25,2023,4.3954
-0.25,-65.0,2023,0.0633
-11.25,-57.25,2023,1.042
-1.5,-58.0,2023,0.2957
-4.25,-64.0,2023,0.0646
-6.75,-149.25,2023,0.0
-8.25,-65.0,2023,0.0682
-8.25,-57.75,2023,1.0231
-3.75,-46.5,2023,0.0906
-2.25,-47.0,2023,0.5942
-12.5,-52.25,2023,0.5971
4.0,-61.5,2023,0.5304
-10.75,-56.5,2023,1.2661
-9.0,-58.5,2023,0.2836
-9.75,-59.5,2023,0.158
-5.25,-56.25,2023,1.2394
-11.75,-63.5,2023,0.069
3.0,-60.5,2023,0.2301
-3.0,-69.5,2023,0.0893
-10.75,-52.5,2023,0.2853
-9.0,-71.75,2023,0.3725
-3.25,-68.25,2023,0.085
-2.0,-56.25,2023,0.0793
-7.25,-58.0,2023,0.0945
-11.25,-52.25,2023,5.6288
-0.5,-65.0,2023,0.1495
-2.5,-46.5,2023,0.4511
-8.0,-69.75,2023,0.0668
-12.0,-55.5,2023,0.4551
-5.75,-60.25,2023,0.7351
-0.5,-60.25,2023,0.0877
-3.5,-57.5,2023,0.0701
-12.0,-49.75,2023,0.3363
-6.25,-47.75,2023,0.3653
-3.5,-65.5,2023,0.2214
-6.5,-61.75,2023,0.0766
-14.0,-56.75,2023,6.7846
-4.25,-70.25,2023,0.1267
-14.25,-52.0,2023,0.3684
-1.25,-50.5,2023,0.072
-11.25,-61.75,2023,0.0947
-1.5,-50.75,2023,0.0793
-7.25,-69.75,2023,0.0631
-10.5,-67.5,2023,0.285
-5.25,-59.75,2023,0.0712
0.25,-50.5,2023,0.1856
1.0,-52.5,2023,0.0758
-3.75,-46.75,2023,0.0819
-12.25,-51.5,2023,0.1571
-7.5,-49.0,2023,0.2702
-5.25,-44.5,2023,0.0648
-7.25,-58.25,2023,0.0663
-6.25,-60.25,2023,0.7378
-4.0,-48.5,2023,0.1015
-11.75,-56.5,2023,1.0192
-2.25,-51.25,2023,0.1874
-4.0,-57.25,2023,0.0733
-13.75,-51.0,2023,0.067
-11.0,-51.5,2023,0.0983
-8.75,-48.25,2023,0.2357
-7.75,-64.75,2023,0.0669
-12.5,-53.5,2023,0.0652
-5.5,-72.0,2023,0.0911
-5.0,-49.0,2023,0.1968
-1.0,-62.25,2023,0.3466
-13.75,-60.25,2023,0.1096
-7.75,-65.5,2023,0.072
-8.25,-63.75,2023,0.1042
-8.0,-66.75,2023,0.0789
-6.25,-45.0,2023,0.1512
-4.75,-54.75,2023,0.1049
-9.25,-48.0,2023,0.4792
-11.0,-61.75,2023,0.1029
-0.5,-65.25,2023,0.0636
-9.25,-59.25,2023,0.5461
2.25,-62.75,2023,0.0635
-8.5,-57.75,2023,0.2147
-1.0,-62.0,2023,0.105
-7.75,-67.5,2023,0.0747
-15.75,-55.75,2023,0.0724
-11.0,-50.0,2023,3.2108
-6.25,-62.0,2023,0.0626
-6.0,-61.75,2023,0.3224
-5.75,-58.5,2023,0.0629
-11.0,-49.75,2023,3.3514
3.25,-63.75,2023,0.1212
-7.75,-49.25,2023,0.1436
-12.25,-52.5,2023,26.9772
-6.25,-53.75,2023,0.5206
-12.25,-58.0,2023,0.203
-8.75,-72.0,2023,0.076
-4.75,-57.0,2023,0.0639
-8.75,-72.25,2023,0.1416
-5.25,-60.5,2023,0.065
-3.75,-56.5,2023,0.0678
-11.75,-58.5,2023,0.092
-781874.5,781815.5,2023,0.0004
-7.0,-57.5,2023,0.2522
-13.0,-54.0,2023,0.1794
-8.75,-51.75,2023,0.2858
-8.5,-67.75,2023,0.0673
-3.5,-67.25,2023,0.0817
-6.5,-72.75,2023,0.0768
-1.5,-50.25,2023,0.1483
4.0,-62.0,2023,0.746
-13.75,-59.25,2023,0.0874
-5.75,-60.5,2023,0.094
-6.25,-56.75,2023,0.1288
-8.0,-56.5,2023,0.1462
-3.25,-57.5,2023,0.069
-12.0,-64.75,2023,0.0648
-10.25,-52.75,2023,0.941
-13.25,-57.0,2023,8.3839
-8.5,-53.75,2023,0.0757
-10.25,-52.5,2023,0.0897
-1.75,-67.25,2023,0.0634
-13.25,-54.0,2023,0.1735
-8.75,-73.0,2023,0.0677
-3.0,-47.5,2023,0.0925
-5.25,-67.25,2023,0.0694
-9.25,-69.25,2023,0.2328
-7.75,-66.75,2023,0.2255
-2.75,-57.0,2023,0.1254
-4.0,-58.25,2023,0.0819
-5.25,-54.75,2023,0.0708
-11.25,-55.75,2023,0.0841
-11.25,-57.0,2023,1.1787
-4.75,-47.25,2023,0.1252
-3.75,-64.0,2023,0.312
-5.75,-61.5,2023,0.0994
-8.25,-67.25,2023,0.0876
-6.75,-48.5,2023,0.1058
-10.0,-52.75,2023,0.6793
-1.25,-58.0,2023,0.0915
2.0,-61.0,2023,0.5775
-5.0,-47.0,2023,0.2361
-0.75,-60.75,2023,0.0813
-10.0,-62.75,2023,0.3577
-1.0,-48.75,2023,0.0655
-16.25,-55.5,2023,0.1347
-13.5,-61.25,2023,0.1107
-4.5,-53.75,2023,0.0864
-2.75,-52.25,2023,0.1036
-10.5,-55.5,2023,1.8163
-6.0,-44.5,2023,0.903
0.75,-52.5,2023,0.0653
-6.25,-62.25,2023,0.0647
-3.0,-55.75,2023,0.0684
-6.0,-70.75,2023,0.082
-6.5,-59.75,2023,1.2163
-13.0,-53.0,2023,0.0654
-14.5,-51.0,2023,0.0809
0.75,-54.5,2023,0.0643
-3.0,-61.75,2023,0.0802
3.5,-63.75,2023,0.0892
-2.25,-58.25,2023,0.0676
3.0,-64.0,2023,0.077
-11.75,-61.25,2023,0.0856
-1.75,-48.75,2023,0.1097
-9.0,-48.75,2023,0.08
-7.25,-64.5,2023,0.0275
-6.75,-51.25,2023,0.2069
-0.5,-61.0,2023,0.0792
-4.25,-46.25,2023,0.0805
-16.75,-54.75,2023,0.0788
-6.75,-70.25,2023,0.0847
-12.75,-57.5,2023,0.2415
1.75,-67.5,2023,0.0788
-10.75,-60.75,2023,0.0852
-1.25,-52.75,2023,0.1416
-15.0,-52.0,2023,0.0773
-12.75,-56.0,2023,0.1378
-7.5,-67.5,2023,0.1047
-7.5,-57.0,2023,0.0806
-0.75,-58.0,2023,0.0807
-16.0,-59.25,2023,0.2012
-6.75,-50.75,2023,0.2202
-0.25,-50.75,2023,0.0865
-7.5,-68.0,2023,0.091
-4.0,-67.5,2023,0.0896
-5.25,-72.75,2023,0.0869
-6.5,-49.25,2023,0.1103
-6.5,-48.75,2023,0.219
-3.0,-56.75,2023,0.0654
-6.25,-68.0,2023,0.0698
-10.25,-61.75,2023,0.2181
0.5,-58.25,2023,0.0657
-13.0,-51.75,2023,1.5044
-10.25,-55.5,2023,0.1454
-0.75,-52.75,2023,0.1937
-8.0,-67.0,2023,0.1517
-3.5,-69.5,2023,0.1423
-1.0,-50.0,2023,0.0652
-3.25,-65.5,2023,0.101
-5.75,-46.5,2023,0.1598
-8.25,-68.0,2023,0.068
-11.25,-53.25,2023,0.0648
-8.25,-73.5,2023,0.2059
-2.75,-53.75,2023,0.0664
-3.0,-67.25,2023,0.0757
-12.25,-53.5,2023,0.0746
0.0,-65.25,2023,0.099
0.5,-51.75,2023,0.0789
-10.5,-62.0,2023,0.1456
-9.0,-70.25,2023,0.1124
0.25,-51.75,2023,0.0721
-4.25,-52.25,2023,0.1647
-12.75,-53.25,2023,0.0805
-9.0,-57.25,2023,0.0697
-11.25,-56.25,2023,0.2593
-8.25,-58.75,2023,0.3987
-3.25,-46.75,2023,0.0931
-5.25,-57.25,2023,0.0705
-1.75,-65.75,2023,0.0823
-6.25,-65.5,2023,0.07
-11.25,-52.5,2023,3.5517
-2.25,-56.5,2023,0.065
-16.5,-58.25,2023,0.0685
-6.5,-52.25,2023,0.1821
1.5,-60.5,2023,0.2711
-8.75,-66.25,2023,0.0874
-7.0,-70.0,2023,0.0882
-11.0,-51.0,2023,0.0824
-2.5,-52.5,2023,0.0894
-3.5,-63.5,2023,0.0868
-7.75,-48.75,2023,0.1369
-11.5,-49.75,2023,0.068
-7.25,-51.75,2023,0.1138
-7.75,-55.75,2023,0.0776
-3.5,-63.0,2023,0.0731
-5.75,-60.75,2023,0.0733
-1.5,-56.25,2023,0.071
-6.0,-61.25,2023,0.8444
-1.25,-61.75,2023,0.0696
-13.5,-53.5,2023,4.7236
-8.5,-49.75,2023,0.1998
-10.75,-59.25,2023,0.0313
4.0,-64.0,2023,0.0727
-11.25,-51.25,2023,0.1318
-1.5,-54.25,2023,0.107
-16.25,-56.0,2023,0.066
-1.0,-56.0,2023,0.1598
-11.25,-52.0,2023,0.0633
-6.75,-64.5,2023,0.1782
2814691.75,-8444160.0,2023,0.0005
-6.25,-48.5,2023,0.1027
-6.0,-48.75,2023,0.0808
-1.0,-49.5,2023,0.068
-12.25,-55.25,2023,0.3766
-6.25,-49.0,2023,0.0911
