LatBin,LonBin,ym,p_fogo,rotulo_conformal,focos_roll12,fogo_roll6,meses_desde_fogo,estacao_seca,deter_roll6,deter_roll3
0.75,-60.25,2023-12,0.9243943578795278,fogo,51.0,4.0,0.0,0,5.4815,4.1316999999999995
3.0,-60.25,2023-12,0.9030162932626594,fogo,24.0,2.0,0.0,0,2.2920999999999996,2.2920999999999996
0.75,-60.5,2023-12,0.8988127086127078,fogo,74.0,4.0,0.0,0,1.6491999999999998,0.7157
4.0,-61.25,2023-12,0.896130958611036,fogo,21.0,2.0,1.0,0,0.0,0.0
1.0,-60.5,2023-12,0.8906732411988983,fogo,25.0,2.0,1.0,0,4.2031,2.4727
4.25,-60.5,2023-12,0.8891623364439708,fogo,17.0,2.0,1.0,0,0.0,0.0
3.0,-61.0,2023-12,0.8840317261450262,fogo,23.0,3.0,1.0,0,0.0,0.0
-11.75,-54.75,2023-12,0.8809065794968076,fogo,44.0,5.0,0.0,0,15.2097,0.9951
-12.75,-54.5,2023-12,0.8805761914886265,fogo,118.0,5.0,0.0,0,8.7939,2.7202
1.25,-60.25,2023-12,0.8787539960704821,fogo,16.0,1.0,0.0,0,1.3765,1.3765
3.5,-60.25,2023-12,0.8773986711005921,fogo,15.0,2.0,0.0,0,0.0,0.0
4.25,-60.0,2023-12,0.876603368115069,fogo,39.0,2.0,0.0,0,0.0,0.0
1.0,-60.0,2023-12,0.8760173325388207,fogo,26.0,4.0,0.0,0,1.1822,0.3247
4.25,-59.75,2023-12,0.872681960912086,fogo,22.0,2.0,0.0,0,0.0,0.0
1.0,-60.25,2023-12,0.8642101450065538,fogo,24.0,2.0,0.0,0,1.5212,0.3023
3.75,-59.75,2023-12,0.8641815676408464,fogo,17.0,3.0,0.0,0,0.0,0.0
3.25,-61.0,2023-12,0.8620819724442047,fogo,12.0,3.0,1.0,0,0.0,0.0
3.5,-59.75,2023-12,0.8597028654704314,fogo,17.0,2.0,0.0,0,0.0,0.0
3.25,-60.25,2023-12,0.8587702544022457,fogo,16.0,1.0,2.0,0,0.0,0.0
1.25,-60.5,2023-12,0.8541628276571804,fogo,11.0,1.0,0.0,0,2.2274000000000003,1.8036
1.0,-59.75,2023-12,0.8541426078089042,fogo,34.0,4.0,0.0,0,5.503,0.9651
-12.5,-54.5,2023-12,0.8528662904673177,fogo,41.0,5.0,0.0,0,5.3078,2.4229000000000003
-12.25,-54.25,2023-12,0.8520510373585223,fogo,53.0,4.0,0.0,0,12.6241,9.5311
3.5,-60.0,2023-12,0.849385059771838,fogo,21.0,1.0,0.0,0,0.0,0.0
-11.75,-55.0,2023-12,0.8472125269431785,fogo,30.0,5.0,0.0,0,14.1307,8.3995
3.0,-60.75,2023-12,0.8455502974835929,fogo,21.0,1.0,2.0,0,0.0,0.0
-12.0,-54.5,2023-12,0.841585995111663,fogo,60.0,6.0,0.0,0,23.2293,0.426
4.75,-60.75,2023-12,0.8379800895106554,fogo,10.0,2.0,1.0,0,0.0,0.0
-12.5,-54.75,2023-12,0.837866840733218,fogo,29.0,3.0,0.0,0,9.1966,0.6944
0.75,-59.75,2023-12,0.8358436974666921,fogo,34.0,4.0,0.0,0,0.8765000000000001,0.5183
1.5,-60.25,2023-12,0.8347913294143275,fogo,12.0,0.0,7.0,0,2.5126000000000004,1.9829
-12.25,-55.0,2023-12,0.8313294003259147,fogo,117.0,5.0,0.0,0,15.8683,5.789
0.75,-60.0,2023-12,0.8302823735688591,fogo,44.0,4.0,0.0,0,7.2489,1.521
2.75,-60.75,2023-12,0.8296889315443082,fogo,13.0,1.0,2.0,0,0.0,0.0
1.0,-59.5,2023-12,0.829014931881867,fogo,109.0,4.0,0.0,0,13.558599999999998,2.3082
-12.25,-54.75,2023-12,0.8285877197129824,fogo,215.0,5.0,0.0,0,0.0,0.0
1.25,-60.0,2023-12,0.8282909801366664,fogo,20.0,1.0,0.0,0,0.9769,0.1394
-12.75,-54.25,2023-12,0.8277854655925332,fogo,91.0,5.0,0.0,0,16.3307,12.753599999999999
3.25,-61.25,2023-12,0.8275794743419891,fogo,6.0,2.0,0.0,0,0.0,0.0
3.25,-60.75,2023-12,0.82699821368785,fogo,35.0,3.0,0.0,0,0.0,0.0
3.25,-60.0,2023-12,0.8245446842544835,fogo,26.0,2.0,1.0,0,0.0,0.0
4.25,-61.0,2023-12,0.8240068490489914,fogo,25.0,4.0,0.0,0,0.0,0.0
1.75,-61.25,2023-12,0.8222699926234225,fogo,8.0,1.0,1.0,0,0.0,0.0
0.5,-60.25,2023-12,0.8216379706715076,fogo,23.0,3.0,0.0,0,1.4322,0.5878
4.25,-60.25,2023-12,0.8202983808627493,fogo,27.0,3.0,0.0,0,0.0,0.0
-11.75,-56.25,2023-12,0.8201206215931328,fogo,33.0,5.0,0.0,0,3.3471,2.0249
3.75,-60.25,2023-12,0.8200750135681579,fogo,35.0,3.0,0.0,0,0.0,0.0
4.25,-60.75,2023-12,0.8187310688354662,fogo,38.0,3.0,0.0,0,0.0,0.0
-12.0,-54.25,2023-12,0.8155205688197765,fogo,90.0,6.0,0.0,0,36.000299999999996,3.4437
-12.75,-55.25,2023-12,0.8134471814261576,fogo,57.0,3.0,0.0,0,1.1293,0.4963
2.0,-61.0,2023-12,0.8116989897378103,fogo,12.0,2.0,0.0,0,0.1383,0.0
3.5,-61.0,2023-12,0.8114314296714308,fogo,9.0,1.0,3.0,0,0.0,0.0
0.25,-60.5,2023-12,0.8075280130048893,fogo,20.0,3.0,0.0,0,6.7509,6.1671
-12.5,-54.0,2023-12,0.802360188752392,fogo,34.0,6.0,0.0,0,7.1133,7.1133
5.0,-60.25,2023-12,0.8013647324829057,fogo,18.0,3.0,0.0,0,0.0,0.0
5.0,-60.5,2023-12,0.8010188153472736,fogo,26.0,1.0,3.0,0,0.0,0.0
-12.25,-52.5,2023-12,0.7998913229431465,fogo,61.0,6.0,0.0,0,7.3837,0.0
0.5,-60.5,2023-12,0.7996856342922898,fogo,17.0,2.0,1.0,0,2.2481,0.3033
0.75,-59.5,2023-12,0.7962697799204402,fogo,63.0,4.0,0.0,0,1.4223999999999999,1.2535999999999998
2.25,-60.25,2023-12,0.7962604310808438,fogo,20.0,2.0,0.0,0,0.9716,0.6714
1.75,-60.25,2023-12,0.7952063387793147,fogo,26.0,1.0,2.0,0,2.7897999999999996,0.45489999999999997
-12.5,-57.25,2023-12,0.7910525238364136,fogo,270.0,6.0,0.0,0,2.8334999999999995,0.7754
-13.0,-54.25,2023-12,0.7906598809968616,fogo,24.0,5.0,0.0,0,0.0,0.0
4.0,-59.75,2023-12,0.7903001841822372,fogo,32.0,3.0,0.0,0,0.0,0.0
4.25,-61.25,2023-12,0.7901268637243012,fogo,7.0,2.0,0.0,0,0.0,0.0
4.5,-60.5,2023-12,0.7890013462983281,fogo,11.0,4.0,0.0,0,0.0,0.0
-11.0,-54.0,2023-12,0.7885732792876092,fogo,35.0,4.0,0.0,0,16.157600000000002,8.768
-2.0,-54.25,2023-12,0.788136368206366,fogo,49.0,4.0,0.0,0,0.9656,0.7168
-12.25,-55.25,2023-12,0.787273019858907,fogo,21.0,2.0,2.0,0,0.4848,0.0
-13.0,-56.5,2023-12,0.7871910854934993,fogo,33.0,3.0,3.0,0,32.2808,0.0
-11.25,-54.0,2023-12,0.7870897295799998,fogo,43.0,5.0,0.0,0,15.4387,4.8617
1.75,-60.75,2023-12,0.7869623366783333,fogo,28.0,2.0,1.0,0,2.8775,1.1709
4.0,-60.25,2023-12,0.7846718868816732,fogo,30.0,3.0,0.0,0,0.0,0.0
-1.75,-45.0,2023-12,0.7846415709914424,fogo,54.0,3.0,0.0,0,0.0,0.0
-11.75,-54.25,2023-12,0.7822500780300835,fogo,119.0,6.0,0.0,0,17.1659,8.4696
-12.5,-52.0,2023-12,0.7773039200017837,fogo,62.0,3.0,0.0,0,0.0,0.0
-13.0,-53.5,2023-12,0.7765530750089479,fogo,23.0,2.0,0.0,0,0.0,0.0
3.0,-60.0,2023-12,0.7734473233837379,fogo,20.0,4.0,0.0,0,0.0,0.0
2.0,-60.5,2023-12,0.7733355828040006,fogo,19.0,2.0,2.0,0,2.6068000000000002,1.5843
-11.0,-54.25,2023-12,0.7728496159658772,fogo,25.0,5.0,0.0,0,13.931699999999998,10.0467
2.75,-60.0,2023-12,0.7711716808760545,fogo,16.0,2.0,1.0,0,0.2953,0.1577
3.5,-60.75,2023-12,0.7709325243841407,fogo,29.0,4.0,0.0,0,0.0,0.0
-13.25,-56.75,2023-12,0.7684119549936997,fogo,57.0,4.0,0.0,0,10.8528,4.5747
-11.5,-55.0,2023-12,0.7663357995125945,fogo,30.0,4.0,1.0,0,10.4223,0.6129
-12.75,-55.0,2023-12,0.7634012773563782,fogo,22.0,3.0,0.0,0,0.0,0.0
-11.75,-52.75,2023-12,0.7628820006439202,fogo,78.0,6.0,0.0,0,1.1595,0.0
-13.25,-53.25,2023-12,0.7622562426217403,fogo,42.0,2.0,1.0,0,3.3338,0.25379999999999997
-11.25,-52.75,2023-12,0.7597256803200834,fogo,35.0,5.0,0.0,0,8.3906,0.0
4.0,-60.75,2023-12,0.7588490796651709,fogo,40.0,3.0,0.0,0,0.0,0.0
-11.75,-54.5,2023-12,0.7567261093858203,fogo,63.0,6.0,0.0,0,5.0349,0.805
-12.0,-56.75,2023-12,0.7563602963975173,fogo,87.0,6.0,0.0,0,17.8035,2.0032
2.75,-61.0,2023-12,0.7540740838583847,fogo,13.0,3.0,0.0,0,0.122,0.0
-11.5,-55.5,2023-12,0.7540141329359169,fogo,31.0,4.0,0.0,0,2.3066,0.584
-11.25,-55.5,2023-12,0.7535414374023659,fogo,53.0,6.0,0.0,0,7.170599999999999,2.7462
-12.5,-54.25,2023-12,0.7497556698187764,fogo,14.0,3.0,1.0,0,3.6862,3.1833
-12.0,-57.0,2023-12,0.7493719898074174,fogo,15.0,3.0,0.0,0,9.6711,1.6928
-12.5,-57.75,2023-12,0.748498602865308,fogo,78.0,5.0,1.0,0,18.2161,0.9601000000000001
-12.75,-57.0,2023-12,0.7471740386137182,fogo,79.0,5.0,1.0,0,16.8046,16.8046
3.75,-60.5,2023-12,0.7460883728356383,fogo,25.0,4.0,0.0,0,0.0,0.0
3.75,-62.0,2023-12,0.7435421961417055,fogo,10.0,2.0,0.0,0,0.43080000000000007,0.31720000000000004
-12.25,-57.0,2023-12,0.7433540262060712,fogo,17.0,2.0,0.0,0,0.0861,0.0
-11.5,-54.25,2023-12,0.743134485748393,fogo,35.0,4.0,0.0,0,23.739700000000003,9.9603
1.75,-61.0,2023-12,0.7423010050286573,fogo,11.0,2.0,0.0,0,0.5606,0.2785
-12.0,-54.75,2023-12,0.7422955138604045,fogo,26.0,5.0,0.0,0,21.4752,15.7231
-11.75,-57.75,2023-12,0.741718584604351,fogo,30.0,5.0,0.0,0,23.9746,5.1861
-11.5,-52.5,2023-12,0.7413765196454621,fogo,76.0,5.0,0.0,0,0.0,0.0
-11.0,-52.5,2023-12,0.7402482084986947,fogo,23.0,4.0,0.0,0,0.0,0.0
-13.25,-53.5,2023-12,0.7376490336302125,fogo,23.0,3.0,0.0,0,0.1064,0.0
-13.25,-57.25,2023-12,0.7371233692128156,fogo,46.0,4.0,0.0,0,8.1115,7.0824
3.75,-61.0,2023-12,0.7368479576933031,fogo,26.0,3.0,0.0,0,0.0,0.0
2.5,-61.25,2023-12,0.7367651151251988,fogo,8.0,1.0,2.0,0,0.2237,0.0899
3.75,-60.0,2023-12,0.7351050731717357,fogo,35.0,3.0,0.0,0,0.0,0.0
4.0,-61.0,2023-12,0.7350445111446584,fogo,23.0,4.0,0.0,0,0.0,0.0
-12.0,-55.5,2023-12,0.7345142405853587,fogo,12.0,4.0,0.0,0,0.48660000000000003,0.18319999999999997
-11.5,-56.25,2023-12,0.7300118105303649,fogo,37.0,3.0,1.0,0,8.8508,0.4084
-3.0,-54.5,2023-12,0.7289285894984452,fogo,114.0,5.0,0.0,0,6.435999999999999,1.6056
3.5,-60.5,2023-12,0.7286491431057041,fogo,14.0,2.0,1.0,0,0.0,0.0
-11.25,-55.25,2023-12,0.7278571149761744,fogo,30.0,3.0,0.0,0,2.5473,2.5473
3.25,-60.5,2023-12,0.7271214704841792,fogo,20.0,4.0,0.0,0,0.0,0.0
-11.25,-52.25,2023-12,0.7248784519646809,fogo,26.0,6.0,0.0,0,0.8425,0.0
-13.25,-54.0,2023-12,0.7229184380626301,fogo,25.0,2.0,0.0,0,0.0,0.0
-1.75,-47.0,2023-12,0.7223967233873322,fogo,55.0,4.0,0.0,0,0.0,0.0
-12.5,-55.25,2023-12,0.7202065272926521,fogo,23.0,3.0,0.0,0,3.7087000000000003,3.7087000000000003
2.25,-60.5,2023-12,0.7195290720327288,fogo,12.0,1.0,1.0,0,0.3734,0.2982
-11.5,-52.75,2023-12,0.7187117132909955,fogo,18.0,3.0,0.0,0,0.0,0.0
-12.0,-57.5,2023-12,0.7186483495843393,fogo,90.0,6.0,0.0,0,7.6326,0.6197
0.5,-59.75,2023-12,0.7177711015643331,fogo,26.0,3.0,0.0,0,0.6601,0.4239
-11.75,-54.0,2023-12,0.717765001862091,fogo,25.0,6.0,0.0,0,25.8013,8.1596
-3.75,-47.75,2023-12,0.7161417650006496,fogo,85.0,6.0,0.0,0,5.2429,1.4601
-13.0,-53.25,2023-12,0.7156513437022137,fogo,15.0,2.0,0.0,0,0.9984,0.0
-1.5,-53.5,2023-12,0.7154315734239538,fogo,69.0,3.0,0.0,0,6.4102,3.8512
-11.5,-54.75,2023-12,0.7153081066854005,fogo,18.0,3.0,0.0,0,0.4583,0.0
3.75,-60.75,2023-12,0.7151283503320895,fogo,34.0,3.0,0.0,0,0.0,0.0
1.5,-60.5,2023-12,0.714632084560864,fogo,5.0,1.0,1.0,0,0.5064,0.4427
-1.5,-53.75,2023-12,0.7126276751251177,fogo,58.0,3.0,0.0,0,1.4688,0.4733
-13.0,-54.0,2023-12,0.7120117930226529,fogo,17.0,4.0,0.0,0,0.0,0.0
2.5,-60.0,2023-12,0.7086604920228745,fogo,3.0,1.0,1.0,0,0.0,0.0
-11.5,-54.5,2023-12,0.70738468269397,fogo,31.0,5.0,0.0,0,1.6399,0.3833
4.5,-60.75,2023-12,0.7055711752941778,fogo,17.0,3.0,0.0,0,0.0,0.0
-1.25,-46.0,2023-12,0.704845487204279,fogo,34.0,4.0,0.0,0,0.0,0.0
-12.25,-52.75,2023-12,0.7048096774565715,fogo,94.0,4.0,0.0,0,0.0,0.0
-13.0,-52.5,2023-12,0.7028969637417445,fogo,18.0,0.0,6.0,0,0.0,0.0
2.5,-61.0,2023-12,0.7028181814806942,fogo,9.0,2.0,2.0,0,0.0,0.0
4.75,-60.0,2023-12,0.7013545956244274,fogo,8.0,3.0,0.0,0,0.0,0.0
4.5,-61.25,2023-12,0.6981672098102737,fogo,9.0,2.0,0.0,0,0.0,0.0
3.5,-62.0,2023-12,0.6978529429158147,fogo,7.0,2.0,0.0,0,0.4167,0.2265
4.75,-60.5,2023-12,0.6976420996870156,fogo,17.0,2.0,1.0,0,0.0,0.0
-3.75,-47.25,2023-12,0.6969442145459773,fogo,27.0,5.0,0.0,0,1.4160000000000001,0.3503
2.5,-61.75,2023-12,0.6961574319877254,fogo,8.0,0.0,6.0,0,2.0424,1.8469
0.75,-60.75,2023-12,0.6929666357167973,fogo,7.0,2.0,0.0,0,1.1779,0.416
-2.25,-54.25,2023-12,0.6925269103193741,fogo,15.0,3.0,0.0,0,0.0,0.0
-2.0,-56.5,2023-12,0.6923782519007472,fogo,77.0,6.0,0.0,0,3.2281000000000004,2.18
-0.0,-60.5,2023-12,0.6909480762111696,fogo,22.0,4.0,0.0,0,0.8139,0.4023
3.0,-61.5,2023-12,0.6905070126425255,fogo,6.0,2.0,0.0,0,0.6939,0.5778
-2.5,-47.5,2023-12,0.6903179548433579,fogo,33.0,4.0,0.0,0,6.640499999999999,2.627
-12.5,-51.75,2023-12,0.6892290720767046,fogo,9.0,0.0,7.0,0,0.0,0.0
-2.75,-47.0,2023-12,0.6885609335956432,fogo,28.0,4.0,0.0,0,4.1671000000000005,3.2665
-12.5,-52.5,2023-12,0.6875456425679881,fogo,19.0,4.0,0.0,0,0.3949,0.0
-12.0,-54.0,2023-12,0.6868709406948377,fogo,22.0,5.0,0.0,0,4.2718,0.0
-1.5,-54.75,2023-12,0.6868632177008878,fogo,87.0,6.0,0.0,0,3.9708000000000006,0.8481000000000001
4.5,-60.25,2023-12,0.6863499567648194,fogo,21.0,3.0,0.0,0,0.0,0.0
-1.75,-54.25,2023-12,0.6860210277719168,fogo,22.0,3.0,0.0,0,2.8018,2.0816
-11.0,-52.75,2023-12,0.6858394568610283,fogo,19.0,3.0,0.0,0,0.0,0.0
-11.75,-57.25,2023-12,0.6853191060748567,fogo,43.0,6.0,0.0,0,2.4355,0.0
-12.0,-52.75,2023-12,0.6851110126839426,fogo,17.0,2.0,1.0,0,0.0,0.0
3.75,-59.5,2023-12,0.6848764900011992,fogo,6.0,1.0,0.0,0,0.0,0.0
-12.25,-52.0,2023-12,0.6838063321832788,fogo,11.0,4.0,0.0,0,0.0,0.0
-12.25,-54.5,2023-12,0.6832650024809415,fogo,42.0,5.0,0.0,0,27.7913,12.8456
-13.25,-52.5,2023-12,0.682737004071418,fogo,45.0,1.0,0.0,0,0.2472,0.2472
-2.0,-47.5,2023-12,0.6826337369768852,fogo,34.0,6.0,0.0,0,0.0,0.0
2.0,-59.75,2023-12,0.682325081912122,fogo,3.0,2.0,0.0,0,0.0633,0.0
3.0,-60.5,2023-12,0.6807820350136177,fogo,14.0,2.0,1.0,0,0.1878,0.1878
-12.0,-55.0,2023-12,0.6806723913935163,fogo,6.0,2.0,0.0,0,2.9779,1.1531
2.0,-60.75,2023-12,0.6805735156233971,fogo,26.0,0.0,7.0,0,1.4413,1.1852
4.5,-60.0,2023-12,0.678792719437568,fogo,5.0,2.0,0.0,0,0.0,0.0
5.0,-60.0,2023-12,0.6784275967417539,fogo,7.0,2.0,1.0,0,0.0,0.0
-2.0,-45.75,2023-12,0.6780234738859466,fogo,46.0,4.0,0.0,0,0.9864,0.5017
4.0,-60.0,2023-12,0.677570752947644,fogo,37.0,3.0,0.0,0,0.0,0.0
2.25,-61.0,2023-12,0.6772600145413938,fogo,10.0,3.0,0.0,0,0.4717,0.4717
2.0,-61.25,2023-12,0.6753099818301014,fogo,7.0,1.0,0.0,0,0.2673,0.0
-2.5,-66.0,2023-12,0.6750971413570818,fogo,18.0,4.0,0.0,0,0.0,0.0
-4.0,-47.25,2023-12,0.6749848788916161,fogo,47.0,4.0,0.0,0,0.6688999999999999,0.2359
-3.25,-48.0,2023-12,0.6730651481064438,incerto,15.0,4.0,1.0,0,4.1785,0.0
-11.5,-54.0,2023-12,0.6727039305150048,incerto,18.0,4.0,0.0,0,0.3585,0.0
2.5,-60.75,2023-12,0.672144171462209,incerto,6.0,0.0,6.0,0,0.687,0.687
2.0,-60.0,2023-12,0.6718751286706701,incerto,5.0,1.0,1.0,0,0.0,0.0
-9.5,-50.5,2023-12,0.670135650697774,incerto,23.0,3.0,1.0,0,0.0,0.0
-12.0,-57.25,2023-12,0.6695380370564781,incerto,107.0,6.0,0.0,0,0.0,0.0
-11.75,-56.75,2023-12,0.6688241862387467,incerto,17.0,3.0,2.0,0,6.0938,0.0
3.75,-61.25,2023-12,0.6683783776964017,incerto,14.0,3.0,0.0,0,0.0,0.0
-11.0,-52.25,2023-12,0.6674720112723358,incerto,26.0,3.0,2.0,0,0.1144,0.0
-13.0,-61.5,2023-12,0.6651853489372737,incerto,37.0,6.0,0.0,0,6.7459999999999996,2.742
-12.5,-55.0,2023-12,0.6650404395354262,incerto,13.0,3.0,0.0,0,1.5973,1.4015
-2.5,-47.75,2023-12,0.6627837525739726,incerto,47.0,6.0,0.0,0,2.024,0.9853999999999999
0.75,-59.25,2023-12,0.6622418595375946,incerto,9.0,1.0,1.0,0,1.4139,0.39139999999999997
-12.75,-56.75,2023-12,0.6617606384759254,incerto,20.0,2.0,4.0,0,9.2525,0.8878
-11.0,-56.25,2023-12,0.6609405456575013,incerto,27.0,3.0,0.0,0,0.0,0.0
-1.25,-47.0,2023-12,0.6592753593168151,incerto,38.0,5.0,0.0,0,0.0,0.0
4.75,-60.25,2023-12,0.6591949828248946,incerto,19.0,4.0,0.0,0,0.0,0.0
-12.0,-52.5,2023-12,0.6589968029193903,incerto,23.0,4.0,0.0,0,17.339100000000002,16.1077
-4.75,-47.75,2023-12,0.6584622890845292,incerto,45.0,6.0,0.0,0,10.119399999999999,0.0
-12.0,-52.0,2023-12,0.6584444100777526,incerto,6.0,1.0,1.0,0,8.8723,0.0
-4.25,-47.75,2023-12,0.6573996036619009,incerto,9.0,4.0,1.0,0,0.8526,0.8526
2.75,-60.25,2023-12,0.6573985467436728,incerto,42.0,3.0,0.0,0,0.4777,0.4777
-11.75,-55.75,2023-12,0.6569657624189702,incerto,9.0,1.0,0.0,0,0.288,0.0
-3.75,-47.0,2023-12,0.6565897690015793,incerto,19.0,4.0,0.0,0,0.5376,0.2481
1.75,-60.5,2023-12,0.6564741980854426,incerto,36.0,1.0,5.0,0,3.7741,2.2161999999999997
-2.25,-54.0,2023-12,0.6564610630622522,incerto,20.0,3.0,0.0,0,0.6778,0.3117
-11.5,-56.0,2023-12,0.6549552963604064,incerto,10.0,2.0,0.0,0,5.575799999999999,0.0
-11.5,-55.75,2023-12,0.6546995734377756,incerto,7.0,1.0,1.0,0,0.2636,0.1005
-1.5,-46.5,2023-12,0.6544810815647978,incerto,21.0,4.0,0.0,0,0.1567,0.1567
-0.0,-60.75,2023-12,0.654439129954614,incerto,13.0,2.0,1.0,0,3.1305,2.1414
-1.75,-54.0,2023-12,0.653032674781779,incerto,69.0,3.0,0.0,0,0.6387,0.3227
-13.75,-60.25,2023-12,0.6527418878055445,incerto,24.0,3.0,0.0,0,1.147,1.147
-12.5,-60.25,2023-12,0.6515612557852237,incerto,53.0,6.0,0.0,0,0.2211,0.0
-1.75,-47.25,2023-12,0.6513514015752635,incerto,37.0,5.0,0.0,0,0.0689,0.0689
-3.5,-59.25,2023-12,0.6504924863956123,incerto,121.0,6.0,0.0,0,0.0747,0.0
-1.75,-56.25,2023-12,0.6496919146014557,incerto,34.0,5.0,0.0,0,13.671199999999999,1.0866
2.5,-60.5,2023-12,0.6496596723700526,incerto,5.0,0.0,8.0,0,0.4365,0.2801
4.0,-60.5,2023-12,0.6494866239756477,incerto,40.0,3.0,0.0,0,0.0,0.0
-2.75,-54.75,2023-12,0.6493209282128175,incerto,69.0,6.0,0.0,0,1.9903999999999997,0.6449
1.25,-60.75,2023-12,0.6478907776450304,incerto,75.0,1.0,0.0,0,15.5099,0.9819
-2.0,-54.5,2023-12,0.6460180402060313,incerto,85.0,4.0,0.0,0,1.8857,0.713
-2.5,-48.0,2023-12,0.6451974819973458,incerto,55.0,6.0,0.0,0,7.4026,3.0412999999999997
3.25,-59.75,2023-12,0.6423286375288172,incerto,4.0,0.0,7.0,0,0.0,0.0
-1.0,-48.0,2023-12,0.6405148112375221,incerto,44.0,4.0,0.0,0,1.0993,0.5864
-1.25,-47.5,2023-12,0.6403214490641558,incerto,31.0,4.0,0.0,0,0.2082,0.0
-13.25,-53.75,2023-12,0.6399670377326326,incerto,14.0,1.0,0.0,0,0.0,0.0
-11.25,-56.0,2023-12,0.6397037626457437,incerto,34.0,4.0,0.0,0,0.2904,0.0
4.5,-61.0,2023-12,0.6390344765392325,incerto,5.0,0.0,7.0,0,0.0,0.0
-9.0,-65.75,2023-12,0.6358538072712282,incerto,99.0,5.0,0.0,0,8.6827,1.1166
-2.5,-45.5,2023-12,0.6357234403775606,incerto,33.0,3.0,0.0,0,1.1320999999999999,1.1320999999999999
-4.0,-47.5,2023-12,0.6354212148201532,incerto,17.0,4.0,0.0,0,0.2935,0.0
-11.75,-57.5,2023-12,0.6338644921130133,incerto,18.0,4.0,0.0,0,9.7941,1.8934000000000002
-2.25,-46.0,2023-12,0.6327385555325432,incerto,43.0,5.0,0.0,0,0.0,0.0
-13.25,-52.75,2023-12,0.6292539675806154,incerto,10.0,2.0,0.0,0,0.2471,0.0
-11.25,-56.75,2023-12,0.6292180229833899,incerto,38.0,3.0,0.0,0,7.9336,1.209
2.25,-61.75,2023-12,0.6291093648387608,incerto,7.0,0.0,7.0,0,4.7761000000000005,3.632
-4.75,-47.25,2023-12,0.6290963952210217,incerto,14.0,2.0,0.0,0,0.0,0.0
-3.25,-47.5,2023-12,0.628772666449304,incerto,8.0,3.0,0.0,0,1.2536,0.7129
-2.25,-45.25,2023-12,0.6284504703994104,incerto,13.0,3.0,0.0,0,0.0,0.0
-2.75,-48.0,2023-12,0.6277230228955012,incerto,27.0,4.0,0.0,0,30.3484,13.6236
0.25,-69.75,2023-12,0.6271394770606793,incerto,8.0,2.0,1.0,0,0.0,0.0
2.25,-60.0,2023-12,0.6262825787606787,incerto,9.0,0.0,8.0,0,0.0,0.0
-11.25,-51.75,2023-12,0.6257032414721093,incerto,22.0,2.0,1.0,0,0.0839,0.0839
-9.0,-66.0,2023-12,0.6254035751080397,incerto,170.0,5.0,0.0,0,37.6741,37.4099
2.25,-59.75,2023-12,0.6252110315234832,incerto,2.0,1.0,1.0,0,0.0,0.0
-1.75,-54.5,2023-12,0.6238575240897936,incerto,70.0,5.0,0.0,0,0.7217,0.1264
-1.5,-54.0,2023-12,0.6226826162920464,incerto,13.0,3.0,1.0,0,0.2375,0.2375
-10.75,-52.25,2023-12,0.6224496005141825,incerto,24.0,4.0,0.0,0,0.0,0.0
-1.5,-47.5,2023-12,0.622416403987308,incerto,45.0,5.0,0.0,0,0.0,0.0
-2.25,-47.25,2023-12,0.6217401740497338,incerto,26.0,2.0,0.0,0,0.096,0.0
-15.0,-57.25,2023-12,0.6208461200890455,incerto,9.0,1.0,5.0,0,0.0,0.0
-12.75,-52.75,2023-12,0.6190360491269977,incerto,6.0,2.0,4.0,0,0.0,0.0
-3.5,-65.0,2023-12,0.6187971646356843,incerto,72.0,4.0,1.0,0,0.5636,0.0
-13.5,-57.0,2023-12,0.6182037462440872,incerto,19.0,2.0,1.0,0,7.8317,5.5919
-1.5,-47.0,2023-12,0.6174198753111211,incerto,29.0,4.0,0.0,0,0.0,0.0
-1.25,-53.5,2023-12,0.6163539231132195,incerto,84.0,3.0,0.0,0,10.1844,4.8328
-12.0,-53.0,2023-12,0.6161987884902993,incerto,13.0,3.0,0.0,0,0.0,0.0
-3.75,-49.25,2023-12,0.6160085398439513,incerto,33.0,6.0,0.0,0,0.8019000000000001,0.2474
-13.0,-52.0,2023-12,0.61589482303978,incerto,12.0,2.0,4.0,0,0.0,0.0
-1.75,-47.5,2023-12,0.6158160157946224,incerto,63.0,5.0,0.0,0,0.091,0.0
-12.75,-52.25,2023-12,0.6156305153715386,incerto,7.0,1.0,0.0,0,0.0,0.0
-13.0,-53.0,2023-12,0.6144858240700591,incerto,5.0,1.0,2.0,0,0.0,0.0
1.75,-69.75,2023-12,0.6138915067566816,incerto,4.0,0.0,8.0,0,0.0,0.0
-2.25,-54.5,2023-12,0.6122039718501626,incerto,66.0,5.0,0.0,0,0.0,0.0
-13.0,-55.0,2023-12,0.611746303555003,incerto,5.0,1.0,5.0,0,5.2586,1.7505
-2.0,-47.25,2023-12,0.6116556055669863,incerto,28.0,4.0,0.0,0,0.1775,0.1775
-11.5,-57.25,2023-12,0.6114162471175346,incerto,12.0,5.0,1.0,0,0.0,0.0
-2.75,-49.0,2023-12,0.6110094874795623,incerto,46.0,6.0,0.0,0,1.1916999999999998,0.1377
-2.5,-45.75,2023-12,0.6099941138883157,incerto,62.0,6.0,0.0,0,0.0,0.0
-4.25,-48.0,2023-12,0.6093805194803026,incerto,28.0,6.0,0.0,0,6.2684999999999995,0.66
-13.0,-57.25,2023-12,0.608253142379156,incerto,26.0,5.0,0.0,0,11.956,10.9292
-1.25,-46.25,2023-12,0.6061677487906619,incerto,34.0,4.0,0.0,0,0.0,0.0
-11.0,-55.75,2023-12,0.6058533278083644,incerto,11.0,4.0,0.0,0,0.0,0.0
-1.0,-46.75,2023-12,0.6057936182663776,incerto,33.0,4.0,0.0,0,0.0,0.0
-4.0,-48.0,2023-12,0.6054443593736193,incerto,79.0,6.0,0.0,0,21.3965,6.2295
-2.5,-46.0,2023-12,0.6047282796357086,incerto,47.0,4.0,0.0,0,0.0,0.0
-11.5,-56.5,2023-12,0.6044274943384268,incerto,70.0,4.0,1.0,0,1.8398,0.2152
-2.25,-55.25,2023-12,0.6032134455589107,incerto,48.0,6.0,0.0,0,0.3315,0.3315
-15.0,-57.75,2023-12,0.6032001404519222,incerto,8.0,0.0,8.0,0,0.0,0.0
-2.5,-47.25,2023-12,0.602550877423759,incerto,54.0,5.0,0.0,0,6.760000000000001,3.7253
-2.5,-45.0,2023-12,0.6000622055774668,incerto,31.0,4.0,0.0,0,0.0,0.0
-2.75,-48.5,2023-12,0.5988127142734657,incerto,62.0,5.0,0.0,0,23.108999999999998,11.4031
-3.0,-48.0,2023-12,0.5987348018475798,incerto,45.0,4.0,0.0,0,18.4696,9.6021
-2.0,-46.0,2023-12,0.5971867304574562,incerto,39.0,4.0,0.0,0,0.0,0.0
-2.75,-45.5,2023-12,0.5971235109700646,incerto,18.0,6.0,0.0,0,0.0,0.0
-9.0,-50.0,2023-12,0.5970150017105942,incerto,45.0,4.0,1.0,0,0.4779,0.1304
2.0,-60.25,2023-12,0.5968125875472389,incerto,3.0,0.0,7.0,0,0.2401,0.0
3.5,-61.75,2023-12,0.5949262136584733,incerto,6.0,2.0,1.0,0,1.1789,0.9904
-12.75,-54.75,2023-12,0.594624124473516,incerto,29.0,3.0,1.0,0,14.765199999999998,8.2319
-13.25,-54.5,2023-12,0.5937694778876529,incerto,44.0,2.0,2.0,0,1.0194,0.0
-13.25,-54.25,2023-12,0.5933257792381776,incerto,109.0,4.0,0.0,0,14.7733,0.5642
-11.75,-55.5,2023-12,0.5928962972265359,incerto,3.0,0.0,7.0,0,1.9255,1.9255
-3.25,-55.0,2023-12,0.5917806579977865,incerto,18.0,4.0,0.0,0,1.2151,0.0796
-12.75,-57.75,2023-12,0.5913084483961778,incerto,17.0,4.0,1.0,0,0.0,0.0
0.25,-60.75,2023-12,0.5912049834037033,incerto,19.0,3.0,0.0,0,0.3832,0.204
-2.75,-47.75,2023-12,0.5905586738621776,incerto,27.0,5.0,0.0,0,16.3598,11.1051
-13.75,-60.5,2023-12,0.5903186257008399,incerto,17.0,5.0,0.0,0,0.0,0.0
-4.75,-47.0,2023-12,0.5900957349971635,incerto,15.0,2.0,0.0,0,0.1466,0.0
3.75,-61.75,2023-12,0.5897106243642111,incerto,15.0,3.0,0.0,0,2.523,1.5442
-9.25,-50.25,2023-12,0.5878592324176355,incerto,17.0,4.0,0.0,0,0.7983,0.3631
-13.0,-54.75,2023-12,0.5863835217005051,incerto,18.0,4.0,0.0,0,7.2688999999999995,5.4072
-12.25,-51.75,2023-12,0.5857880480733492,incerto,6.0,0.0,6.0,0,0.0,0.0
-4.5,-48.0,2023-12,0.5845567475825101,incerto,33.0,5.0,0.0,0,5.6334,1.8425
1.75,-69.0,2023-12,0.583970617205997,incerto,2.0,0.0,10.0,0,0.0,0.0
1.5,-61.0,2023-12,0.5831981193746993,incerto,25.0,3.0,0.0,0,0.5868,0.5868
-15.25,-57.5,2023-12,0.5831088384187292,incerto,24.0,1.0,5.0,0,7.8791,0.0
-3.75,-45.5,2023-12,0.5831045918362762,incerto,27.0,4.0,0.0,0,0.0,0.0
-3.25,-64.75,2023-12,0.5826859868124817,incerto,73.0,6.0,0.0,0,0.084,0.0
4.0,-64.5,2023-12,0.5822984081702144,incerto,14.0,3.0,1.0,0,0.0,0.0
-11.75,-56.0,2023-12,0.5816130951487373,incerto,8.0,1.0,3.0,0,4.994,1.8583
-1.5,-47.75,2023-12,0.5814151235506739,incerto,60.0,6.0,0.0,0,0.1293,0.1293
-11.25,-52.5,2023-12,0.5805146599652858,incerto,10.0,2.0,0.0,0,0.0,0.0
-13.5,-54.25,2023-12,0.5801498768401607,incerto,14.0,1.0,3.0,0,2.3732,0.0
-4.0,-54.75,2023-12,0.5798060209959102,incerto,69.0,5.0,0.0,0,0.7672,0.35769999999999996
-12.75,-52.0,2023-12,0.5787305104002629,incerto,14.0,2.0,3.0,0,2.5899,0.0
-10.25,-52.0,2023-12,0.578357274906464,incerto,22.0,3.0,0.0,0,0.0912,0.0912
-12.5,-63.75,2023-12,0.578300653030981,incerto,20.0,2.0,0.0,0,4.057799999999999,1.9253999999999998
-2.75,-54.5,2023-12,0.5777802389968042,incerto,65.0,4.0,0.0,0,1.4288999999999998,0.6329
2.5,-60.25,2023-12,0.5773779174875289,incerto,8.0,3.0,0.0,0,0.505,0.42669999999999997
-2.5,-54.75,2023-12,0.5771266046188896,incerto,38.0,4.0,0.0,0,0.3206,0.1589
-11.0,-54.5,2023-12,0.5759852598410535,incerto,8.0,1.0,2.0,0,1.9164,0.765
-1.25,-47.25,2023-12,0.5758086872878917,incerto,35.0,2.0,0.0,0,0.5673,0.4842
-4.0,-46.0,2023-12,0.5755098434789084,incerto,35.0,2.0,0.0,0,0.0,0.0
-1.75,-54.75,2023-12,0.5749806808848058,incerto,68.0,5.0,0.0,0,1.3050000000000002,0.3859
-1.0,-47.0,2023-12,0.5749747207816356,incerto,44.0,4.0,0.0,0,0.0,0.0
-2.75,-48.25,2023-12,0.5744594199680465,incerto,35.0,5.0,0.0,0,9.8019,0.7815000000000001
-15.25,-59.25,2023-12,0.5744142704549893,incerto,30.0,2.0,1.0,0,0.2614,0.0
-11.5,-55.25,2023-12,0.5740096132454487,incerto,29.0,2.0,1.0,0,20.9038,1.6867
-10.5,-52.0,2023-12,0.5739896257701519,incerto,34.0,4.0,0.0,0,1.4127,0.0
-12.0,-57.75,2023-12,0.5731658494979868,incerto,81.0,3.0,0.0,0,30.1083,8.572099999999999
-5.0,-47.75,2023-12,0.57292240550804,incerto,24.0,3.0,0.0,0,1.4059,0.9663
-11.0,-55.0,2023-12,0.5723301754998454,incerto,7.0,2.0,1.0,0,13.2088,7.850700000000001
-12.25,-57.75,2023-12,0.5709106144514198,incerto,10.0,2.0,0.0,0,5.6049,2.4601
-12.25,-57.25,2023-12,0.5709102369088036,incerto,19.0,2.0,0.0,0,9.0037,4.8304
-13.0,-52.75,2023-12,0.5694345047053475,incerto,17.0,3.0,0.0,0,0.2271,0.0
1.75,-69.5,2023-12,0.5691674756531883,incerto,2.0,0.0,8.0,0,0.0,0.0
-9.25,-63.25,2023-12,0.5686010635938917,incerto,67.0,6.0,0.0,0,11.5293,0.0824
-13.25,-57.0,2023-12,0.5682548567576324,incerto,16.0,3.0,0.0,0,0.8878,0.8878
-11.0,-55.5,2023-12,0.5663343812088979,incerto,12.0,3.0,0.0,0,0.4652,0.2783
-1.75,-45.25,2023-12,0.5650713337596408,incerto,27.0,4.0,0.0,0,0.0,0.0
-4.0,-47.75,2023-12,0.5648994962041818,incerto,45.0,6.0,0.0,0,3.2266999999999997,1.2612
-2.5,-55.75,2023-12,0.5640534682162139,incerto,40.0,4.0,0.0,0,1.1958,1.1958
-3.0,-48.75,2023-12,0.5638547067793865,incerto,52.0,6.0,0.0,0,5.3648,1.888
-13.25,-53.0,2023-12,0.5634000528687259,incerto,40.0,3.0,0.0,0,0.0,0.0
-10.0,-50.75,2023-12,0.5630484476867498,incerto,18.0,2.0,0.0,0,0.0,0.0
-1.75,-55.5,2023-12,0.5629626296992674,incerto,141.0,6.0,0.0,0,0.7293999999999999,0.173
-11.75,-57.0,2023-12,0.5627644067205254,incerto,13.0,4.0,1.0,0,1.7393,1.0531
-1.5,-55.0,2023-12,0.5624574897857209,incerto,77.0,4.0,0.0,0,0.9614,0.2901
2.25,-56.0,2023-12,0.5614361150382887,incerto,38.0,5.0,0.0,0,0.0,0.0
-11.75,-55.25,2023-12,0.5611951293162977,incerto,8.0,3.0,0.0,0,11.014100000000001,8.008700000000001
-4.25,-48.25,2023-12,0.5609499591862813,incerto,64.0,6.0,0.0,0,6.8892,2.4532000000000003
-11.5,-52.25,2023-12,0.5607560272892467,incerto,14.0,5.0,1.0,0,0.1462,0.0
-2.5,-57.25,2023-12,0.5605866060141838,incerto,36.0,6.0,0.0,0,1.0928,0.3028
-6.75,-48.75,2023-12,0.5605048870800289,incerto,16.0,3.0,0.0,0,0.3639,0.0
-1.0,-47.5,2023-12,0.5599491319363575,incerto,62.0,5.0,0.0,0,0.2083,0.2083
-2.25,-46.75,2023-12,0.5599332171406524,incerto,37.0,3.0,0.0,0,2.0202,2.0202
-1.5,-45.5,2023-12,0.5591477267057163,incerto,35.0,2.0,0.0,0,0.0,0.0
-12.25,-64.5,2023-12,0.5590995633146228,incerto,48.0,2.0,0.0,0,2.0167,0.6524
-1.75,-46.25,2023-12,0.5588351273989874,incerto,31.0,5.0,0.0,0,0.0,0.0
-0.75,-47.5,2023-12,0.5571140022905094,incerto,47.0,5.0,0.0,0,0.2295,0.2295
-11.75,-56.5,2023-12,0.5569001666334268,incerto,43.0,5.0,1.0,0,39.8606,3.09
-12.5,-56.5,2023-12,0.5564010872745849,incerto,6.0,3.0,0.0,0,5.2568,0.2193
-2.25,-48.0,2023-12,0.5556608832844474,incerto,73.0,6.0,0.0,0,13.5906,12.3515
-13.25,-55.0,2023-12,0.5552955214880764,incerto,7.0,1.0,2.0,0,0.0,0.0
-3.25,-61.0,2023-12,0.5551618109165223,incerto,68.0,6.0,0.0,0,0.0636,0.0
-11.5,-53.0,2023-12,0.5548996330422319,incerto,9.0,4.0,0.0,0,9.5969,7.5024
1.25,-68.75,2023-12,0.5548148984096034,incerto,4.0,1.0,1.0,0,0.0,0.0
-3.75,-49.5,2023-12,0.5542106936309371,incerto,26.0,4.0,0.0,0,0.5121,0.5121
-14.0,-60.25,2023-12,0.553633711070032,incerto,14.0,4.0,0.0,0,1.1354,0.1049
-12.25,-52.25,2023-12,0.5532480250476395,incerto,7.0,2.0,0.0,0,0.0,0.0
4.0,-61.75,2023-12,0.5529048283094584,incerto,5.0,1.0,2.0,0,0.671,0.671
1.5,-60.0,2023-12,0.5528823989368709,incerto,5.0,0.0,8.0,0,2.6623,0.0956
-1.0,-63.0,2023-12,0.5528308847503374,incerto,8.0,2.0,1.0,0,0.0,0.0
-2.5,-55.0,2023-12,0.5524821804365713,incerto,17.0,3.0,0.0,0,0.1932,0.0
-3.5,-49.5,2023-12,0.5517985008570658,incerto,28.0,5.0,0.0,0,1.9038,0.299
-3.25,-49.0,2023-12,0.5514182395696259,incerto,60.0,6.0,0.0,0,4.979699999999999,4.4749
-1.5,-47.25,2023-12,0.5511283031820088,incerto,76.0,5.0,0.0,0,1.048,0.0
-2.75,-52.0,2023-12,0.5506457204450182,incerto,37.0,3.0,0.0,0,4.9913,2.5383
-2.25,-55.5,2023-12,0.5490939525605302,incerto,39.0,5.0,0.0,0,0.2501,0.0
-4.0,-49.25,2023-12,0.5489075692589919,incerto,16.0,4.0,0.0,0,1.7023000000000001,0.2419
-12.25,-57.5,2023-12,0.5487205913943778,incerto,18.0,5.0,0.0,0,28.2511,0.4895
-12.5,-52.25,2023-12,0.5484933534468113,incerto,14.0,2.0,4.0,0,0.0661,0.0
-0.75,-47.25,2023-12,0.5483066433664147,incerto,22.0,4.0,0.0,0,0.5369,0.5369
-12.0,-63.25,2023-12,0.5478408588831358,incerto,37.0,5.0,0.0,0,0.0,0.0
-1.75,-56.0,2023-12,0.5472319553335895,incerto,32.0,6.0,0.0,0,0.2874,0.0
-13.25,-52.0,2023-12,0.5461282971950263,incerto,8.0,2.0,2.0,0,0.0,0.0
-2.25,-47.75,2023-12,0.5459226523138951,incerto,59.0,6.0,0.0,0,1.5392000000000001,0.0
-2.5,-56.0,2023-12,0.5457066765592062,incerto,63.0,5.0,0.0,0,18.4775,1.5129000000000001
-12.0,-51.75,2023-12,0.5444626476675168,incerto,8.0,2.0,1.0,0,0.0,0.0
2.75,-61.5,2023-12,0.5440660291688182,incerto,3.0,2.0,2.0,0,1.894,1.2003
-2.75,-56.75,2023-12,0.5433198351418739,incerto,29.0,6.0,0.0,0,0.5415,0.4021
-4.25,-46.25,2023-12,0.5423458880663022,incerto,32.0,4.0,0.0,0,0.0,0.0
-13.5,-54.5,2023-12,0.5416280109715149,incerto,17.0,2.0,0.0,0,0.0,0.0
-10.75,-52.0,2023-12,0.5396439971667615,incerto,45.0,5.0,0.0,0,0.0,0.0
-11.5,-52.0,2023-12,0.538741772796248,incerto,12.0,2.0,1.0,0,0.0,0.0
-4.25,-48.75,2023-12,0.5342891394556764,incerto,71.0,6.0,0.0,0,6.351800000000001,2.1847000000000003
3.5,-61.25,2023-12,0.5336342978854237,incerto,2.0,0.0,6.0,0,0.0,0.0
1.5,-69.5,2023-12,0.5335598908849927,incerto,3.0,0.0,10.0,0,0.0,0.0
-12.5,-57.0,2023-12,0.5335066399803866,incerto,54.0,6.0,0.0,0,7.1216,3.4193000000000002
-8.75,-49.75,2023-12,0.5317310707441993,incerto,130.0,6.0,0.0,0,0.0,0.0
-1.25,-46.5,2023-12,0.5317250914314683,incerto,64.0,3.0,0.0,0,0.0,0.0
-1.5,-46.0,2023-12,0.5311949781808186,incerto,82.0,3.0,0.0,0,0.8345,0.8345
-11.25,-54.75,2023-12,0.5311297846476818,incerto,30.0,5.0,1.0,0,14.8847,5.0914
-12.25,-56.5,2023-12,0.5311114019006515,incerto,6.0,2.0,0.0,0,18.1373,5.5233
-4.25,-47.0,2023-12,0.5310513271364031,incerto,20.0,5.0,0.0,0,0.6035,0.37270000000000003
-10.75,-53.0,2023-12,0.530166854863684,incerto,23.0,4.0,1.0,0,0.0,0.0
-3.5,-49.0,2023-12,0.5293581584776695,incerto,68.0,6.0,0.0,0,1.5758,1.5758
-3.75,-45.75,2023-12,0.5287641729645166,incerto,16.0,5.0,0.0,0,0.0,0.0
-12.0,-58.0,2023-12,0.5287620979447902,incerto,8.0,2.0,0.0,0,5.8551,3.2962
-2.25,-55.75,2023-12,0.5281939509886632,incerto,96.0,6.0,0.0,0,0.2231,0.0673
-7.75,-73.0,2023-12,0.527918107028219,incerto,140.0,5.0,0.0,0,1.9075000000000002,0.9730000000000001
-4.75,-47.5,2023-12,0.5275819972533063,incerto,11.0,1.0,2.0,0,0.0,0.0
-1.75,-47.75,2023-12,0.5269778350033743,incerto,117.0,6.0,0.0,0,0.3657,0.2173
-0.25,-60.75,2023-12,0.5264930641063948,incerto,4.0,0.0,7.0,0,0.4087,0.1863
-2.5,-55.5,2023-12,0.5252999304791949,incerto,44.0,5.0,0.0,0,0.9459,0.6154
-3.0,-47.25,2023-12,0.5252695989476176,incerto,4.0,2.0,0.0,0,4.3858,4.3858
3.25,-61.5,2023-12,0.5252556946231619,incerto,2.0,1.0,0.0,0,3.2255999999999996,2.0690999999999997
-1.75,-45.5,2023-12,0.5248223772451951,incerto,90.0,4.0,0.0,0,0.44079999999999997,0.2704
2.75,-60.5,2023-12,0.5246786225463822,incerto,21.0,4.0,0.0,0,0.0,0.0
-4.0,-47.0,2023-12,0.5233413980070707,incerto,29.0,6.0,0.0,0,1.653,0.9540000000000001
-2.0,-45.25,2023-12,0.5225721383269107,incerto,21.0,1.0,0.0,0,0.0803,0.0803
-3.0,-47.75,2023-12,0.5220217673287842,incerto,29.0,5.0,0.0,0,14.5375,4.7723
-4.25,-45.25,2023-12,0.5218345527324659,incerto,19.0,5.0,0.0,0,0.0,0.0
-12.5,-64.0,2023-12,0.519629752204694,incerto,52.0,3.0,0.0,0,0.5153,0.4026
-12.75,-57.25,2023-12,0.5195541912995804,incerto,15.0,2.0,0.0,0,41.4668,14.681
-13.0,-56.75,2023-12,0.5194869260566388,incerto,86.0,3.0,0.0,0,9.4599,0.0
-2.0,-46.5,2023-12,0.5192942369923731,incerto,94.0,4.0,0.0,0,10.1929,8.9823
-4.25,-47.25,2023-12,0.519081911417724,incerto,22.0,4.0,0.0,0,0.1893,0.1214
3.0,-61.25,2023-12,0.5185400165939056,incerto,13.0,4.0,0.0,0,0.3337,0.2324
-13.5,-60.75,2023-12,0.5185295393886703,incerto,7.0,1.0,1.0,0,0.0,0.0
-3.25,-47.75,2023-12,0.5183753744768588,incerto,15.0,3.0,1.0,0,3.7354000000000003,2.1206
-1.0,-53.0,2023-12,0.5182737455489589,incerto,24.0,3.0,0.0,0,0.7663,0.5821
-10.75,-54.0,2023-12,0.5180892623399578,incerto,54.0,5.0,0.0,0,3.638,2.7641
-3.0,-54.25,2023-12,0.5180647784231636,incerto,248.0,5.0,0.0,0,22.4345,7.4002
-11.0,-56.75,2023-12,0.5176775572619952,incerto,7.0,2.0,1.0,0,0.9473,0.9473
-2.0,-47.0,2023-12,0.517659058278965,incerto,67.0,5.0,0.0,0,0.0,0.0
-10.75,-56.25,2023-12,0.5174193743067396,incerto,21.0,5.0,0.0,0,2.2881,2.2224
-2.5,-57.0,2023-12,0.5170504946394024,incerto,67.0,5.0,0.0,0,0.20350000000000001,0.20350000000000001
-14.5,-60.0,2023-12,0.5162555119329034,incerto,13.0,4.0,0.0,0,0.0715,0.0
-3.5,-47.5,2023-12,0.5155658654378947,incerto,9.0,4.0,0.0,0,0.6094999999999999,0.2652
-12.25,-64.25,2023-12,0.5145088039935277,incerto,39.0,4.0,0.0,0,4.6722,2.3086
-1.5,-48.25,2023-12,0.5144794463375469,incerto,49.0,6.0,0.0,0,0.3277,0.0
-2.5,-47.0,2023-12,0.5138617636697398,incerto,57.0,5.0,0.0,0,4.974200000000001,3.2379
-3.0,-47.0,2023-12,0.5136234099939015,incerto,22.0,5.0,0.0,0,4.6719,2.7519
-3.0,-49.0,2023-12,0.5124617224579243,incerto,52.0,5.0,0.0,0,2.0263999999999998,1.081
-11.25,-55.0,2023-12,0.5112565925588748,incerto,71.0,5.0,1.0,0,40.5502,14.931
-3.25,-49.5,2023-12,0.5104770839049451,incerto,38.0,4.0,0.0,0,8.3013,3.6342
-3.0,-54.75,2023-12,0.5103183171332675,incerto,124.0,5.0,0.0,0,6.8918,4.4022
2.75,-61.25,2023-12,0.5098686434093904,incerto,5.0,0.0,7.0,0,0.1041,0.1041
-11.75,-52.5,2023-12,0.5096808535782563,incerto,10.0,2.0,0.0,0,0.2225,0.0978
-11.5,-56.75,2023-12,0.5095395585856672,incerto,7.0,3.0,1.0,0,2.8091,0.0
-2.5,-54.5,2023-12,0.50945545270111,incerto,13.0,3.0,0.0,0,0.1537,0.0
-12.25,-63.75,2023-12,0.5091631611809467,incerto,15.0,4.0,0.0,0,2.9699999999999998,1.972
-11.0,-53.0,2023-12,0.5091493333907032,incerto,9.0,4.0,2.0,0,0.0,0.0
-3.5,-53.5,2023-12,0.5084210807455958,incerto,64.0,4.0,0.0,0,0.8407,0.3892
-13.5,-52.0,2023-12,0.5066671691710632,incerto,10.0,3.0,0.0,0,0.0,0.0
-11.25,-52.0,2023-12,0.5065289325192409,incerto,8.0,1.0,0.0,0,0.346,0.0
-3.75,-47.5,2023-12,0.5062145346848154,incerto,23.0,6.0,0.0,0,9.0796,2.8217999999999996
-4.25,-45.75,2023-12,0.5047794420769484,incerto,49.0,4.0,0.0,0,0.0,0.0
1.75,-69.25,2023-12,0.5042192567467706,incerto,3.0,0.0,8.0,0,0.0,0.0
1.5,-69.0,2023-12,0.503979936009685,incerto,2.0,0.0,11.0,0,0.0,0.0
-5.5,-48.5,2023-12,0.5008693179695656,incerto,9.0,2.0,0.0,0,1.5764,0.0
-4.25,-70.0,2023-12,0.500691838992541,incerto,25.0,4.0,0.0,0,0.0,0.0
-3.25,-45.5,2023-12,0.5005505342664345,incerto,30.0,2.0,0.0,0,0.0,0.0
-1.75,-44.75,2023-12,0.5001822335078319,incerto,38.0,4.0,0.0,0,0.0,0.0
-15.0,-57.5,2023-12,0.5000998152885807,incerto,6.0,2.0,0.0,0,0.1179,0.0
-2.0,-55.25,2023-12,0.5000749307416928,incerto,72.0,6.0,0.0,0,0.181,0.0
2.0,-61.5,2023-12,0.49798755052497307,incerto,15.0,2.0,0.0,0,2.6858,2.2285
0.25,-70.0,2023-12,0.4976027397345609,incerto,5.0,3.0,1.0,0,0.0,0.0
-11.0,-54.75,2023-12,0.4972742680879125,incerto,5.0,1.0,0.0,0,0.3178,0.1957
-13.0,-55.25,2023-12,0.49631183750704794,incerto,2.0,0.0,9.0,0,4.742,1.7123
-11.0,-55.25,2023-12,0.49624670122956743,incerto,6.0,3.0,1.0,0,0.3244,0.0
-12.0,-55.25,2023-12,0.49597462517566204,incerto,3.0,1.0,1.0,0,2.4264,1.7245
-1.5,-45.25,2023-12,0.49565842898875756,incerto,13.0,3.0,0.0,0,0.0,0.0
-2.5,-54.25,2023-12,0.4955507068128949,incerto,64.0,4.0,0.0,0,2.2662,1.3568
-4.0,-46.5,2023-12,0.4948654041396123,incerto,70.0,5.0,0.0,0,7.223999999999999,4.2639
-9.5,-50.25,2023-12,0.4938646185551447,incerto,14.0,5.0,0.0,0,0.0,0.0
-1.75,-60.25,2023-12,0.49334941682178074,incerto,37.0,4.0,0.0,0,0.0806,0.0806
-4.5,-47.75,2023-12,0.49302131266758703,incerto,31.0,6.0,0.0,0,6.1263,3.7718999999999996
-10.75,-51.5,2023-12,0.4928030922420433,incerto,18.0,4.0,2.0,0,0.0,0.0
-11.75,-52.0,2023-12,0.4927429407807491,incerto,9.0,3.0,0.0,0,4.8423,0.2272
-1.75,-53.5,2023-12,0.4926175204294473,incerto,33.0,4.0,0.0,0,0.3519,0.0
0.5,-60.75,2023-12,0.49170024043717625,incerto,1.0,0.0,9.0,0,2.3134,1.7719
-14.75,-57.0,2023-12,0.49068273635851567,incerto,5.0,0.0,7.0,0,0.0,0.0
-3.5,-47.0,2023-12,0.4904215038366735,incerto,6.0,1.0,3.0,0,0.0,0.0
-2.25,-47.0,2023-12,0.48993101579045306,incerto,76.0,5.0,0.0,0,0.9835,0.5567
-3.5,-55.5,2023-12,0.4899283588092398,incerto,77.0,5.0,0.0,0,13.2089,11.151
-9.5,-50.75,2023-12,0.48908966666052317,incerto,38.0,6.0,0.0,0,0.0,0.0
-13.25,-54.75,2023-12,0.48878481338429913,incerto,2.0,0.0,7.0,0,2.2307,2.2307
-3.75,-48.25,2023-12,0.4886226136547394,incerto,7.0,2.0,0.0,0,3.3245,0.737
-12.75,-53.0,2023-12,0.48810125550780364,incerto,15.0,3.0,0.0,0,0.0,0.0
-15.75,-59.25,2023-12,0.48777453248456903,incerto,9.0,2.0,0.0,0,0.0,0.0
-3.0,-53.0,2023-12,0.4866208458415571,incerto,73.0,3.0,0.0,0,4.5974,2.0282999999999998
-11.25,-55.75,2023-12,0.4864874892170682,incerto,10.0,4.0,0.0,0,1.1963,0.8031999999999999
-7.5,-61.5,2023-12,0.48544877271584796,incerto,133.0,4.0,1.0,0,1.1328999999999998,0.0
-3.25,-48.25,2023-12,0.485290725748154,incerto,9.0,1.0,1.0,0,0.514,0.514
2.25,-60.75,2023-12,0.4848145893516391,incerto,7.0,0.0,7.0,0,0.2928,0.1479
-13.0,-57.0,2023-12,0.4846445732049815,incerto,62.0,4.0,0.0,0,0.3287,0.0
1.5,-68.5,2023-12,0.48431858089899077,incerto,4.0,1.0,1.0,0,0.0,0.0
-10.5,-55.5,2023-12,0.4841220883203878,incerto,8.0,2.0,0.0,0,0.0,0.0
-14.0,-60.0,2023-12,0.484012434502223,incerto,6.0,2.0,0.0,0,70.88879999999999,70.8093
-2.0,-49.0,2023-12,0.4832870825995731,incerto,52.0,6.0,0.0,0,0.0,0.0
-4.0,-46.75,2023-12,0.48307957589366696,incerto,24.0,3.0,0.0,0,1.084,0.6173
0.75,-67.5,2023-12,0.48278163813876085,incerto,0.0,0.0,12.0,0,0.0,0.0
-1.5,-45.75,2023-12,0.48257979327841843,incerto,78.0,5.0,0.0,0,0.4463,0.4463
-2.25,-53.5,2023-12,0.482428600964276,incerto,33.0,3.0,0.0,0,0.9309000000000001,0.4116
-1.0,-47.25,2023-12,0.4801759031227843,incerto,43.0,5.0,0.0,0,0.0,0.0
-4.5,-47.25,2023-12,0.48008440542546915,incerto,13.0,4.0,0.0,0,1.8023000000000002,0.0
-9.75,-54.0,2023-12,0.4796152495598939,incerto,26.0,6.0,0.0,0,16.2163,5.5598
-1.75,-46.0,2023-12,0.4793679308076539,incerto,75.0,3.0,0.0,0,0.7755000000000001,0.6429
-11.25,-54.5,2023-12,0.4790634063650484,incerto,10.0,3.0,2.0,0,6.7428,2.314
-10.75,-55.75,2023-12,0.47856229727183835,incerto,6.0,1.0,4.0,0,0.071,0.0
-2.5,-55.25,2023-12,0.4783865825108502,incerto,50.0,5.0,0.0,0,0.3032,0.1526
-13.0,-52.25,2023-12,0.47712770764564094,incerto,8.0,0.0,7.0,0,0.0,0.0
-2.5,-56.25,2023-12,0.475853569807656,incerto,98.0,5.0,0.0,0,1.0466,0.3166
-3.75,-54.5,2023-12,0.47491631262287515,incerto,136.0,4.0,0.0,0,1.9642000000000002,1.1131
-4.5,-50.5,2023-12,0.4746034343091057,incerto,45.0,4.0,0.0,0,1.3263,0.2023
-2.0,-44.75,2023-12,0.47458887535745453,incerto,83.0,3.0,0.0,0,0.0,0.0
-4.0,-49.0,2023-12,0.47416592513326467,incerto,36.0,6.0,0.0,0,9.6893,5.7167
-12.0,-56.25,2023-12,0.4740140945873246,incerto,4.0,1.0,0.0,0,5.3646,0.0
4.5,-59.75,2023-12,0.4738203387952048,incerto,5.0,1.0,0.0,0,0.0,0.0
-2.75,-54.25,2023-12,0.4734575623246655,incerto,93.0,4.0,0.0,0,3.6021,1.7451
-2.5,-53.75,2023-12,0.4732937802018556,incerto,40.0,3.0,0.0,0,10.976,6.354900000000001
-3.0,-52.5,2023-12,0.47326569481762143,incerto,27.0,5.0,0.0,0,1.6121000000000003,0.8159000000000001
-1.5,-52.75,2023-12,0.47289663532222886,incerto,46.0,3.0,0.0,0,1.7077,1.1914
-3.0,-65.0,2023-12,0.47195952800188257,incerto,65.0,6.0,0.0,0,0.44919999999999993,0.38639999999999997
-9.0,-50.25,2023-12,0.4719196381256065,incerto,24.0,5.0,0.0,0,1.291,0.6634
-3.5,-47.75,2023-12,0.47172302255034915,incerto,26.0,5.0,1.0,0,0.0,0.0
-14.5,-60.25,2023-12,0.47158666916644215,incerto,4.0,1.0,5.0,0,0.0,0.0
-13.5,-57.25,2023-12,0.47153180398445105,incerto,6.0,2.0,1.0,0,10.6678,7.2027
-3.75,-53.75,2023-12,0.4713110395047063,incerto,18.0,3.0,0.0,0,0.9932,0.1988
1.25,-59.5,2023-12,0.4700879165593938,incerto,6.0,1.0,0.0,0,0.5595,0.2549
-11.25,-54.25,2023-12,0.4698620712120172,incerto,19.0,2.0,0.0,0,5.280499999999999,2.1330999999999998
-3.5,-45.75,2023-12,0.4696786604654222,incerto,18.0,4.0,0.0,0,0.0,0.0
-3.5,-46.0,2023-12,0.46915598455547475,incerto,23.0,4.0,0.0,0,0.0,0.0
-4.0,-69.5,2023-12,0.4690466515930617,incerto,20.0,4.0,1.0,0,0.0,0.0
-1.5,-54.25,2023-12,0.46822912893303253,incerto,45.0,4.0,0.0,0,0.1955,0.0
-3.75,-49.0,2023-12,0.4645950559708584,incerto,76.0,6.0,0.0,0,5.609500000000001,1.8060999999999998
-3.75,-54.0,2023-12,0.4633890191221461,incerto,34.0,4.0,0.0,0,1.448,0.5625
-11.0,-56.5,2023-12,0.46069443708729774,incerto,35.0,2.0,0.0,0,8.3078,4.5584
-8.0,-49.5,2023-12,0.4605872193416475,incerto,20.0,4.0,1.0,0,1.0102,0.1602
-4.0,-54.0,2023-12,0.46018498740966707,incerto,76.0,5.0,0.0,0,4.6017,1.725
-4.5,-48.5,2023-12,0.4598852641328033,incerto,37.0,5.0,0.0,0,7.615899999999999,3.6727
-2.25,-47.5,2023-12,0.4585170338958336,incerto,9.0,3.0,0.0,0,0.064,0.0
-6.75,-48.25,2023-12,0.45829444364260097,incerto,21.0,5.0,0.0,0,0.3419,0.0731
-2.25,-45.0,2023-12,0.45768953413815683,incerto,26.0,3.0,0.0,0,0.0,0.0
-1.25,-47.75,2023-12,0.4568375321655162,incerto,39.0,5.0,0.0,0,0.261,0.0
3.75,-61.5,2023-12,0.4563726720708936,incerto,3.0,2.0,1.0,0,0.0,0.0
-12.5,-61.5,2023-12,0.4563659248489793,incerto,18.0,5.0,0.0,0,3.7726,0.0734
-10.5,-52.5,2023-12,0.4548982904457777,incerto,6.0,1.0,0.0,0,0.0,0.0
-2.0,-46.75,2023-12,0.4548956260808651,incerto,18.0,4.0,0.0,0,0.1102,0.1102
-0.75,-47.75,2023-12,0.45456214498705033,incerto,85.0,5.0,0.0,0,0.0784,0.0
-13.0,-53.75,2023-12,0.4542365227094349,incerto,3.0,0.0,6.0,0,0.0,0.0
-11.75,-58.25,2023-12,0.45408887463002395,incerto,28.0,5.0,0.0,0,8.32,0.0
-5.5,-46.25,2023-12,0.45400986382815267,incerto,27.0,3.0,0.0,0,0.0,0.0
-0.25,-67.0,2023-12,0.45359015334169517,incerto,6.0,3.0,0.0,0,0.0,0.0
-3.75,-69.5,2023-12,0.45352651062352134,incerto,19.0,4.0,1.0,0,0.0,0.0
-10.25,-52.75,2023-12,0.4529862532452681,incerto,92.0,6.0,0.0,0,0.0,0.0
-3.25,-53.0,2023-12,0.4523776081273435,incerto,62.0,6.0,0.0,0,3.6254999999999997,0.9392
-10.75,-54.75,2023-12,0.4521733144689223,incerto,4.0,1.0,1.0,0,2.6189999999999998,0.6774
-2.0,-45.5,2023-12,0.45215120049284974,incerto,55.0,2.0,0.0,0,2.4628,1.7721
-15.5,-57.75,2023-12,0.4519397580838833,incerto,9.0,4.0,1.0,0,0.1471,0.1471
-15.5,-59.5,2023-12,0.45118674965301986,incerto,7.0,2.0,0.0,0,0.0,0.0
-4.5,-46.25,2023-12,0.4506404761331596,incerto,29.0,4.0,0.0,0,0.2888,0.1085
-12.0,-63.0,2023-12,0.4501737945429106,incerto,13.0,5.0,0.0,0,0.5680000000000001,0.4389
-10.75,-54.5,2023-12,0.4495124087106279,incerto,3.0,1.0,2.0,0,13.629399999999999,1.2562
-1.25,-53.75,2023-12,0.44897789030822316,incerto,128.0,4.0,0.0,0,4.4344,2.1692
-9.25,-50.0,2023-12,0.4478478298424636,incerto,14.0,4.0,0.0,0,0.0,0.0
-3.5,-45.0,2023-12,0.4478236724337748,incerto,68.0,3.0,0.0,0,0.1613,0.1613
-3.25,-48.5,2023-12,0.44754714524111217,incerto,32.0,5.0,0.0,0,13.7162,10.4716
-1.25,-46.75,2023-12,0.44744165155210325,incerto,73.0,5.0,0.0,0,0.0,0.0
-3.25,-47.25,2023-12,0.4474255189125396,incerto,12.0,3.0,2.0,0,0.0,0.0
-9.25,-66.0,2023-12,0.44717682062146125,incerto,208.0,5.0,0.0,0,4.3026,0.5458
-3.5,-50.5,2023-12,0.4467573578378231,incerto,132.0,4.0,0.0,0,6.921099999999999,1.826
-13.0,-61.25,2023-12,0.4466252886116694,incerto,9.0,3.0,0.0,0,0.0855,0.0
-4.0,-56.25,2023-12,0.44639099374658203,incerto,68.0,5.0,0.0,0,1.4982,0.1744
-10.0,-50.5,2023-12,0.4463380047276934,incerto,34.0,5.0,0.0,0,1.0695000000000001,0.1451
-2.5,-45.25,2023-12,0.4460916969317262,incerto,19.0,3.0,0.0,0,0.3599,0.0
-2.25,-44.75,2023-12,0.44520360739168485,incerto,13.0,3.0,0.0,0,0.0,0.0
-2.5,-48.25,2023-12,0.444850822862029,incerto,26.0,6.0,0.0,0,1.7980999999999998,1.4345999999999999
1.5,-60.75,2023-12,0.44414268978781624,incerto,3.0,1.0,0.0,0,0.2558,0.0
1.5,-68.75,2023-12,0.44391148344028164,incerto,1.0,0.0,11.0,0,0.0,0.0
-8.75,-50.0,2023-12,0.44340482860921737,incerto,62.0,6.0,0.0,0,3.8644,0.9204
-10.75,-52.75,2023-12,0.4431722245226494,incerto,8.0,2.0,4.0,0,1.8477999999999999,0.0
-5.25,-48.0,2023-12,0.44250306271459133,incerto,13.0,2.0,0.0,0,0.0918,0.0918
-11.0,-52.0,2023-12,0.4424743530727156,incerto,5.0,1.0,5.0,0,0.0,0.0
0.25,-69.5,2023-12,0.44166184369004313,incerto,3.0,1.0,2.0,0,0.0,0.0
-13.5,-53.5,2023-12,0.44161077900966056,incerto,5.0,2.0,0.0,0,4.5388,0.0
-3.0,-53.75,2023-12,0.44122926561749964,incerto,63.0,3.0,0.0,0,2.9416,1.8372
-1.25,-54.75,2023-12,0.4411318361140011,incerto,33.0,3.0,0.0,0,0.5989,0.2652
-3.75,-48.0,2023-12,0.4408217170423644,incerto,26.0,5.0,1.0,0,15.384699999999999,4.4722
-7.0,-49.0,2023-12,0.4403266790726483,incerto,32.0,3.0,2.0,0,0.0,0.0
-8.0,-49.25,2023-12,0.4400695128274254,incerto,29.0,3.0,0.0,0,0.252,0.0
-13.0,-62.0,2023-12,0.439984521973871,incerto,50.0,4.0,0.0,0,0.0,0.0
-4.0,-53.5,2023-12,0.43975337161085054,incerto,47.0,3.0,0.0,0,3.0977,0.6661
-9.75,-52.25,2023-12,0.43953746522938464,incerto,9.0,3.0,1.0,0,0.8463999999999999,0.209
-3.5,-52.0,2023-12,0.4394592762641759,incerto,42.0,4.0,0.0,0,1.4026999999999998,0.4346
-3.5,-49.25,2023-12,0.4392834096914598,incerto,24.0,6.0,0.0,0,5.2274,0.46130000000000004
-1.5,-56.0,2023-12,0.4392601076780985,incerto,68.0,5.0,0.0,0,1.6247,0.9555
-2.25,-56.0,2023-12,0.43920778586360293,incerto,114.0,6.0,0.0,0,0.4376,0.2417
-10.0,-55.0,2023-12,0.4388172407728272,incerto,2.0,1.0,4.0,0,0.1683,0.1683
-3.5,-47.25,2023-12,0.43835168990976725,incerto,10.0,3.0,0.0,0,0.3663,0.114
-3.75,-54.75,2023-12,0.437610531148959,incerto,99.0,5.0,0.0,0,1.3801999999999999,0.5314
-9.5,-63.5,2023-12,0.43752487176592836,incerto,36.0,6.0,0.0,0,0.8848,0.7216
-12.5,-56.75,2023-12,0.4374705018885081,incerto,5.0,0.0,8.0,0,0.0,0.0
-2.75,-55.25,2023-12,0.43735013271312534,incerto,19.0,3.0,0.0,0,0.2708,0.2708
-4.5,-46.5,2023-12,0.4364701150623673,incerto,38.0,6.0,0.0,0,1.5484,1.3346
-7.0,-48.75,2023-12,0.4364163606434627,incerto,6.0,1.0,0.0,0,0.0,0.0
-9.5,-63.0,2023-12,0.43602796862455145,incerto,13.0,4.0,0.0,0,0.0812,0.0
-3.0,-55.0,2023-12,0.4359378002018175,incerto,46.0,5.0,0.0,0,4.1357,3.5496
-2.5,-56.5,2023-12,0.43584981322143806,incerto,35.0,5.0,0.0,0,0.3945,0.3945
-2.0,-47.75,2023-12,0.43547995920932936,incerto,79.0,6.0,0.0,0,0.1187,0.1187
-1.75,-60.0,2023-12,0.4354602017422476,incerto,23.0,6.0,0.0,0,0.28,0.1387
-1.75,-55.75,2023-12,0.43517111575437734,incerto,115.0,6.0,0.0,0,1.1656,0.5811
-2.75,-56.5,2023-12,0.4347239356615331,incerto,70.0,5.0,0.0,0,7.715300000000001,6.1332
-12.5,-55.5,2023-12,0.43429095033816567,incerto,3.0,1.0,0.0,0,0.0,0.0
-8.25,-49.75,2023-12,0.4334736546771289,incerto,28.0,6.0,0.0,0,0.0,0.0
-4.5,-47.0,2023-12,0.43328904182426864,incerto,17.0,5.0,0.0,0,0.2782,0.2782
-1.5,-48.0,2023-12,0.43294294883639817,incerto,50.0,6.0,0.0,0,0.07,0.07
-3.5,-45.25,2023-12,0.4328768494664623,incerto,59.0,3.0,0.0,0,0.1015,0.0
-10.75,-54.25,2023-12,0.43221894880660894,incerto,12.0,3.0,0.0,0,12.1845,2.419
-1.0,-46.5,2023-12,0.4321227301585046,incerto,18.0,4.0,0.0,0,0.0,0.0
-10.25,-54.75,2023-12,0.43195384908428214,incerto,6.0,2.0,1.0,0,0.0,0.0
-2.25,-46.5,2023-12,0.4316931251744914,incerto,106.0,4.0,0.0,0,11.714799999999999,9.0068
-10.25,-55.0,2023-12,0.43157908646615684,incerto,2.0,1.0,5.0,0,0.1517,0.0
-15.5,-57.5,2023-12,0.4315604213378835,incerto,7.0,2.0,0.0,0,2.8842,1.153
-13.5,-61.25,2023-12,0.43151093365799964,incerto,6.0,2.0,0.0,0,0.0,0.0
-14.25,-60.0,2023-12,0.4313574671781553,incerto,15.0,3.0,2.0,0,0.0,0.0
-12.75,-61.5,2023-12,0.43059441063735615,incerto,7.0,3.0,1.0,0,0.0,0.0
-5.0,-48.5,2023-12,0.4302084129984086,incerto,40.0,4.0,0.0,0,0.8216,0.2711
-3.5,-46.25,2023-12,0.4294659060233739,incerto,18.0,2.0,0.0,0,0.0,0.0
-3.25,-53.25,2023-12,0.42842672006351934,incerto,41.0,3.0,0.0,0,5.6565,2.1597
-8.5,-49.75,2023-12,0.42798003225526016,incerto,24.0,5.0,0.0,0,0.1698,0.0
-2.75,-57.25,2023-12,0.42751821685378283,incerto,29.0,5.0,0.0,0,0.473,0.473
-3.0,-45.75,2023-12,0.42750031614075107,incerto,31.0,3.0,0.0,0,0.0,0.0
-4.0,-48.75,2023-12,0.4271339060896108,incerto,33.0,4.0,0.0,0,0.7486999999999999,0.3689
-3.75,-64.5,2023-12,0.426900833866936,incerto,48.0,5.0,0.0,0,0.5223,0.0669
-5.0,-48.0,2023-12,0.4265401875861264,incerto,11.0,4.0,0.0,0,0.3064,0.3064
-12.5,-57.5,2023-12,0.4263371909320295,incerto,20.0,3.0,1.0,0,26.391000000000005,7.8704
-2.75,-46.0,2023-12,0.426240007684142,incerto,16.0,4.0,0.0,0,0.1839,0.1839
-10.25,-51.75,2023-12,0.42609228552997497,incerto,78.0,4.0,0.0,0,1.0317,0.1128
-2.75,-45.75,2023-12,0.4258407533306237,incerto,12.0,3.0,0.0,0,0.0,0.0
-3.5,-54.0,2023-12,0.42568577304212085,incerto,117.0,4.0,0.0,0,10.959799999999998,7.951099999999999
-4.0,-46.25,2023-12,0.42555698108117157,incerto,33.0,3.0,0.0,0,0.0,0.0
-4.0,-54.5,2023-12,0.42527453515359587,incerto,71.0,6.0,0.0,0,2.037,0.4945
-11.5,-57.0,2023-12,0.4252234869643755,incerto,4.0,1.0,5.0,0,0.8156,0.0
-4.0,-63.25,2023-12,0.4251028168915623,incerto,34.0,6.0,0.0,0,0.0,0.0
-2.25,-48.5,2023-12,0.4248685999090311,incerto,93.0,6.0,0.0,0,1.7949,0.6325
1.75,-68.25,2023-12,0.42437930070488306,incerto,1.0,0.0,11.0,0,0.0,0.0
-16.0,-59.75,2023-12,0.4242828335968748,incerto,12.0,3.0,1.0,0,0.0762,0.0
-4.5,-45.25,2023-12,0.423642475546517,incerto,16.0,4.0,0.0,0,0.0,0.0
-2.75,-45.0,2023-12,0.4234814546646824,incerto,41.0,6.0,0.0,0,0.0,0.0
-15.75,-58.0,2023-12,0.4231789867557706,incerto,2.0,0.0,8.0,0,0.0,0.0
-14.75,-57.5,2023-12,0.42274518577515857,incerto,3.0,2.0,0.0,0,0.3844,0.3814
-7.75,-72.75,2023-12,0.4224602686329435,incerto,73.0,6.0,0.0,0,1.3697,0.1996
-2.0,-45.0,2023-12,0.4224430801839989,incerto,13.0,3.0,0.0,0,0.0,0.0
-2.25,-48.25,2023-12,0.42239675436499147,incerto,81.0,6.0,0.0,0,0.6050000000000001,0.5419
1.75,-61.5,2023-12,0.4222638618547281,incerto,8.0,1.0,0.0,0,0.0,0.0
-4.0,-52.0,2023-12,0.4221438034340273,incerto,87.0,5.0,0.0,0,2.5922,1.5734000000000001
-12.75,-61.75,2023-12,0.4213467192888073,incerto,40.0,5.0,0.0,0,0.0,0.0
-3.75,-46.0,2023-12,0.4211381703975333,incerto,28.0,4.0,0.0,0,0.0,0.0
-10.0,-54.5,2023-12,0.4206057654519884,incerto,9.0,2.0,1.0,0,2.3436000000000003,0.0927
-2.75,-53.25,2023-12,0.4199996798458209,incerto,34.0,3.0,0.0,0,34.489799999999995,1.4104999999999999
-2.0,-60.0,2023-12,0.41975959544691716,incerto,16.0,4.0,0.0,0,0.0708,0.0
-12.75,-56.5,2023-12,0.41937170131003326,incerto,6.0,1.0,4.0,0,10.418299999999999,0.9499
-3.5,-53.75,2023-12,0.4191862072531372,incerto,51.0,4.0,0.0,0,0.6742,0.4741
-3.5,-53.25,2023-12,0.41918195758252497,incerto,26.0,4.0,0.0,0,1.5857999999999999,0.4267
-4.25,-49.0,2023-12,0.4189257072861839,incerto,9.0,3.0,0.0,0,1.1087,0.2011
-14.75,-57.25,2023-12,0.41879254411859806,incerto,4.0,2.0,1.0,0,1.0687,0.0
-3.25,-52.0,2023-12,0.4185277861277296,incerto,24.0,6.0,0.0,0,5.1222,4.6044
-13.5,-53.75,2023-12,0.4185067264524721,incerto,3.0,1.0,0.0,0,0.0,0.0
-13.5,-61.0,2023-12,0.4184301008420874,incerto,13.0,5.0,0.0,0,0.8173999999999999,0.1675
-3.25,-61.25,2023-12,0.4183452293387024,incerto,110.0,5.0,1.0,0,0.7302,0.0
-14.5,-59.75,2023-12,0.41831653535792,incerto,10.0,3.0,2.0,0,0.21300000000000002,0.1355
-3.5,-60.0,2023-12,0.41824559138422573,incerto,86.0,5.0,0.0,0,0.0,0.0
-14.75,-60.0,2023-12,0.4180541386172761,incerto,14.0,3.0,0.0,0,14.3696,0.16620000000000001
-3.0,-49.25,2023-12,0.4177365976573966,incerto,81.0,6.0,0.0,0,10.7324,4.2072
-7.0,-48.25,2023-12,0.4175156982804964,incerto,18.0,4.0,0.0,0,0.0,0.0
-1.0,-47.75,2023-12,0.41663056891132927,incerto,56.0,5.0,0.0,0,0.0,0.0
-4.0,-53.75,2023-12,0.41575547782027966,incerto,53.0,5.0,0.0,0,2.0906000000000002,0.5358
-3.0,-45.0,2023-12,0.41558393050218617,incerto,49.0,5.0,0.0,0,0.0,0.0
-5.25,-47.25,2023-12,0.4155484983614287,incerto,13.0,4.0,0.0,0,0.5038,0.0
-3.75,-56.0,2023-12,0.41537566442787055,incerto,41.0,5.0,0.0,0,17.869,0.3577
-3.25,-51.5,2023-12,0.41532669746998424,incerto,56.0,3.0,0.0,0,3.5752,0.6063000000000001
-5.0,-48.25,2023-12,0.4150451128396946,incerto,34.0,6.0,0.0,0,2.7493,2.6544
-12.25,-54.0,2023-12,0.4148112383427859,incerto,6.0,2.0,4.0,0,14.2344,7.8351
-4.5,-45.5,2023-12,0.4147557507390831,incerto,33.0,2.0,0.0,0,0.0,0.0
-12.25,-60.5,2023-12,0.41470278526011267,incerto,60.0,5.0,0.0,0,4.6677,0.4616
-2.5,-51.75,2023-12,0.4144037468954681,incerto,50.0,4.0,0.0,0,11.956000000000001,8.4809
-13.25,-57.5,2023-12,0.41401749081463096,incerto,5.0,2.0,1.0,0,4.715199999999999,3.9979999999999998
-3.25,-54.75,2023-12,0.41392859611212784,incerto,167.0,4.0,0.0,0,9.2939,4.2702
-9.75,-50.75,2023-12,0.4139073819031046,incerto,11.0,3.0,0.0,0,0.0,0.0
-3.75,-54.25,2023-12,0.41373681261415945,incerto,76.0,4.0,0.0,0,3.4505,1.3323
-11.5,-57.5,2023-12,0.41277193792933786,incerto,5.0,1.0,3.0,0,1.2525,0.6435
-4.25,-60.0,2023-12,0.41269282404682006,incerto,68.0,5.0,0.0,0,1.9474,0.0
-4.5,-47.5,2023-12,0.41250028682120315,incerto,17.0,5.0,0.0,0,0.0,0.0
-4.0,-49.5,2023-12,0.41105411286245275,incerto,18.0,3.0,0.0,0,1.3682999999999998,0.402
1.0,-64.75,2023-12,0.4096263243198408,incerto,0.0,0.0,99.0,0,0.0,0.0
-1.75,-45.75,2023-12,0.40914895857753736,incerto,93.0,5.0,0.0,0,4.0036,3.1245
-1.5,-54.5,2023-12,0.4084655702609102,incerto,90.0,6.0,0.0,0,1.8164,1.2166
-3.25,-59.5,2023-12,0.4082548257566694,incerto,70.0,6.0,0.0,0,1.9287999999999998,0.0
-13.5,-54.0,2023-12,0.40824212350726213,incerto,4.0,0.0,6.0,0,0.169,0.0
-7.5,-72.75,2023-12,0.40800580312801915,incerto,50.0,5.0,0.0,0,0.8287,0.0651
1.5,-68.25,2023-12,0.40760072357554517,incerto,1.0,0.0,11.0,0,0.0,0.0
2.25,-61.25,2023-12,0.40757703164342357,incerto,9.0,0.0,7.0,0,0.6377999999999999,0.3801
-3.0,-53.25,2023-12,0.40748467567075225,incerto,63.0,4.0,0.0,0,10.3936,4.9151
1.25,-68.0,2023-12,0.4067790688771728,incerto,3.0,0.0,11.0,0,0.0,0.0
-12.0,-60.75,2023-12,0.40617438806541906,incerto,15.0,5.0,0.0,0,9.9091,9.4848
-2.5,-54.0,2023-12,0.4056320676863348,incerto,55.0,4.0,0.0,0,11.9749,11.3484
-2.0,-53.0,2023-12,0.4049760464338338,incerto,29.0,2.0,0.0,0,0.0,0.0
-2.5,-46.75,2023-12,0.4046604594947108,incerto,28.0,3.0,0.0,0,7.4178999999999995,7.4178999999999995
-13.5,-60.25,2023-12,0.40453010174135207,incerto,3.0,1.0,5.0,0,6.2921,1.1658
-4.5,-49.0,2023-12,0.404091019461134,incerto,11.0,5.0,0.0,0,0.0,0.0
-1.0,-53.75,2023-12,0.4040385365317203,incerto,86.0,4.0,0.0,0,3.792,0.7771
-5.0,-47.0,2023-12,0.40312383841117644,incerto,10.0,3.0,0.0,0,2.66,2.66
-3.25,-54.0,2023-12,0.40232903034888795,incerto,172.0,4.0,0.0,0,38.3534,2.3628
-2.75,-47.25,2023-12,0.40229934738491263,incerto,7.0,1.0,3.0,0,13.745099999999999,5.6731
-3.0,-59.25,2023-12,0.40214656054664155,incerto,36.0,6.0,0.0,0,1.2159,1.0196
-4.25,-55.75,2023-12,0.4014519924037198,incerto,63.0,5.0,0.0,0,0.8081,0.3997
-14.25,-59.75,2023-12,0.40118033190455143,incerto,7.0,0.0,6.0,0,0.5667,0.4997
-3.25,-53.5,2023-12,0.40041616539470065,incerto,20.0,2.0,0.0,0,0.7321,0.1513
3.75,-64.0,2023-12,0.40024719308529505,incerto,5.0,1.0,2.0,0,0.0,0.0
-3.5,-54.75,2023-12,0.40022240749580806,incerto,186.0,6.0,0.0,0,8.213000000000001,6.6995000000000005
-15.5,-57.25,2023-12,0.3998052050484534,incerto,5.0,2.0,0.0,0,0.1082,0.1082
-10.0,-54.0,2023-12,0.3995888561826078,incerto,53.0,6.0,0.0,0,5.548299999999999,0.4674
-9.25,-61.75,2023-12,0.3993199920028684,incerto,18.0,4.0,0.0,0,7.270299999999999,0.9723999999999999
-3.25,-48.75,2023-12,0.3989336446660041,incerto,129.0,6.0,0.0,0,34.2787,8.4716
-11.5,-58.0,2023-12,0.3988965306416654,incerto,3.0,1.0,1.0,0,6.155399999999999,0.2512
-10.5,-52.25,2023-12,0.39880289368452104,incerto,14.0,3.0,2.0,0,0.0645,0.0645
-9.5,-63.25,2023-12,0.3987934556437908,incerto,36.0,5.0,0.0,0,0.8613,0.3809
-2.0,-46.25,2023-12,0.3985015774509173,incerto,43.0,4.0,0.0,0,3.0169,2.9521
-12.25,-60.75,2023-12,0.39821159112144866,incerto,47.0,5.0,0.0,0,4.0515,2.1170999999999998
-12.25,-56.75,2023-12,0.3978296410818373,incerto,2.0,1.0,0.0,0,4.0184,2.6736
-9.25,-50.5,2023-12,0.39753431709127196,incerto,31.0,5.0,1.0,0,0.6783,0.1864
1.5,-55.75,2023-12,0.3966085648948286,incerto,55.0,6.0,0.0,0,0.0,0.0
-3.25,-46.75,2023-12,0.3964988508716233,incerto,14.0,5.0,1.0,0,0.0,0.0
-2.25,-45.75,2023-12,0.3958495184878552,incerto,72.0,3.0,0.0,0,0.9218,0.6302
0.5,-60.0,2023-12,0.3957116983490871,incerto,9.0,3.0,0.0,0,0.0,0.0
-5.25,-48.5,2023-12,0.3952732123617215,incerto,19.0,5.0,0.0,0,0.0,0.0
-10.5,-53.5,2023-12,0.3950897635537052,incerto,48.0,6.0,0.0,0,2.2579,2.2579
-7.5,-61.25,2023-12,0.39485948894155637,incerto,113.0,5.0,0.0,0,4.0939,0.3418
-3.25,-59.75,2023-12,0.3947319352921024,incerto,66.0,6.0,0.0,0,5.3803,0.6815
-9.25,-63.75,2023-12,0.39461312667953585,incerto,32.0,5.0,1.0,0,5.9697,3.5501
-1.25,-56.0,2023-12,0.3941124572676565,incerto,49.0,4.0,0.0,0,0.4942,0.183
-10.25,-55.25,2023-12,0.39379950793614926,incerto,3.0,1.0,3.0,0,0.0,0.0
-3.25,-49.25,2023-12,0.39338414470481703,incerto,56.0,6.0,0.0,0,9.236400000000001,2.4242
-5.0,-45.75,2023-12,0.39295646687962865,incerto,25.0,3.0,0.0,0,0.7059,0.301
-3.25,-45.75,2023-12,0.3924240825499834,incerto,11.0,3.0,0.0,0,0.0,0.0
-0.5,-65.0,2023-12,0.39209616943865044,incerto,6.0,2.0,1.0,0,0.0,0.0
-3.0,-45.5,2023-12,0.39203437394254154,incerto,34.0,5.0,0.0,0,0.0,0.0
-9.25,-63.5,2023-12,0.3903421181215955,incerto,29.0,6.0,0.0,0,3.3912,0.1125
-4.0,-48.25,2023-12,0.3903132237570426,incerto,24.0,3.0,0.0,0,19.5546,3.4485
-2.5,-48.75,2023-12,0.3900437694016103,incerto,45.0,6.0,0.0,0,0.2145,0.1065
-10.75,-56.0,2023-12,0.3892852790431175,incerto,17.0,2.0,1.0,0,0.8507,0.3583
-15.25,-59.5,2023-12,0.38903523003061696,incerto,2.0,1.0,0.0,0,0.0,0.0
-4.25,-46.5,2023-12,0.3887380391239418,incerto,43.0,6.0,0.0,0,0.5367,0.063
-2.75,-46.75,2023-12,0.3884523880216244,incerto,47.0,3.0,0.0,0,5.291900000000001,4.170400000000001
-7.5,-63.75,2023-12,0.38831039083596347,incerto,137.0,5.0,0.0,0,5.4008,2.1253
-2.0,-44.5,2023-12,0.3880406463400326,incerto,12.0,3.0,0.0,0,0.0,0.0
-1.75,-55.0,2023-12,0.387876830148461,incerto,140.0,5.0,0.0,0,2.5336,0.5388
-4.25,-53.75,2023-12,0.3877323289078319,incerto,79.0,3.0,0.0,0,1.4242,0.4215
2.75,-63.75,2023-12,0.3876121092001496,incerto,10.0,2.0,1.0,0,0.0,0.0
-3.0,-48.5,2023-12,0.3871194778020063,incerto,52.0,5.0,0.0,0,15.1771,7.6529
-4.25,-47.5,2023-12,0.3868273990096934,incerto,5.0,3.0,2.0,0,0.0,0.0
-1.5,-45.0,2023-12,0.38651192131530326,incerto,19.0,3.0,0.0,0,0.0,0.0
-12.25,-56.25,2023-12,0.38502523113777626,incerto,0.0,0.0,12.0,0,3.5629,1.2952
-2.25,-52.0,2023-12,0.38494431389905653,incerto,91.0,3.0,0.0,0,4.746499999999999,4.0341
-1.25,-54.0,2023-12,0.38395300970391144,incerto,54.0,3.0,0.0,0,1.4856,0.562
-4.25,-45.5,2023-12,0.3836571927146589,incerto,26.0,4.0,0.0,0,0.0,0.0
-2.25,-54.75,2023-12,0.3834464086603973,incerto,6.0,1.0,0.0,0,0.0,0.0
-1.25,-54.5,2023-12,0.3825318856281251,incerto,30.0,4.0,0.0,0,0.8210999999999999,0.35529999999999995
-8.25,-50.0,2023-12,0.3821981651396572,incerto,8.0,2.0,0.0,0,0.0,0.0
-2.75,-44.5,2023-12,0.3820835558161908,incerto,4.0,1.0,0.0,0,0.0,0.0
-6.25,-48.5,2023-12,0.3820087157110305,incerto,13.0,2.0,0.0,0,0.0,0.0
-3.75,-50.25,2023-12,0.3814232010757288,incerto,78.0,4.0,0.0,0,6.0174,3.1633
-5.25,-46.0,2023-12,0.38093900867896646,incerto,28.0,4.0,0.0,0,1.6178000000000001,1.1344
-15.25,-60.0,2023-12,0.3797540446528978,incerto,12.0,3.0,1.0,0,0.15639999999999998,0.0
-4.5,-59.5,2023-12,0.37926472971184005,incerto,24.0,6.0,0.0,0,0.0,0.0
-1.75,-49.0,2023-12,0.3791449989757849,incerto,18.0,6.0,0.0,0,0.0,0.0
-1.5,-60.25,2023-12,0.3787471898790736,incerto,30.0,5.0,0.0,0,0.2429,0.0728
-1.5,-55.25,2023-12,0.3785338673809816,incerto,189.0,5.0,0.0,0,5.2218,1.4689999999999999
-7.5,-63.25,2023-12,0.3782976500082145,incerto,58.0,4.0,1.0,0,0.9229999999999999,0.0
-12.75,-51.75,2023-12,0.3781746715453455,incerto,4.0,0.0,7.0,0,0.0,0.0
-3.25,-45.25,2023-12,0.3780588359579256,incerto,36.0,6.0,0.0,0,0.1736,0.0
-3.5,-54.25,2023-12,0.377838206670431,incerto,243.0,5.0,0.0,0,9.111,6.448799999999999
-16.0,-59.25,2023-12,0.37773611229721593,incerto,7.0,1.0,2.0,0,0.0,0.0
-2.75,-54.0,2023-12,0.37756250798766067,incerto,109.0,6.0,0.0,0,14.0411,0.072
-3.75,-55.75,2023-12,0.37692762967538646,incerto,56.0,4.0,0.0,0,1.8329000000000002,0.3216
-14.25,-57.75,2023-12,0.3765972940392684,incerto,10.0,2.0,1.0,0,0.0,0.0
-3.5,-64.5,2023-12,0.37658032638090566,incerto,87.0,6.0,0.0,0,0.4465,0.0
4.0,-64.25,2023-12,0.37648413044135126,incerto,1.0,0.0,8.0,0,0.0,0.0
-3.25,-47.0,2023-12,0.3760640187181074,incerto,16.0,4.0,0.0,0,0.1305,0.0
-4.5,-48.25,2023-12,0.3758829430749498,incerto,7.0,2.0,1.0,0,0.2048,0.0
-2.75,-55.0,2023-12,0.3757253953693501,incerto,19.0,3.0,0.0,0,0.1117,0.1117
-11.25,-57.5,2023-12,0.3754473692390357,incerto,6.0,2.0,0.0,0,0.069,0.0
0.5,-70.0,2023-12,0.3747792724445859,incerto,1.0,1.0,2.0,0,0.0,0.0
-3.0,-50.25,2023-12,0.3741770411262733,incerto,86.0,4.0,0.0,0,2.4586000000000006,1.7848000000000002
-3.0,-57.25,2023-12,0.37401393800803456,incerto,39.0,5.0,0.0,0,2.2352,1.4202000000000001
2.0,-61.75,2023-12,0.37356865574693204,incerto,7.0,0.0,7.0,0,4.2299,3.7340999999999998
-6.75,-59.5,2023-12,0.37343222575935914,incerto,140.0,5.0,0.0,0,15.0926,0.0
-4.75,-48.5,2023-12,0.37319028261722265,incerto,58.0,6.0,0.0,0,0.3617,0.1809
-3.25,-49.75,2023-12,0.37268974507806363,incerto,30.0,4.0,0.0,0,1.2527,0.2271
-3.0,-58.5,2023-12,0.37232181788584917,incerto,36.0,5.0,0.0,0,0.0,0.0
-11.25,-53.75,2023-12,0.3722720383586239,incerto,5.0,1.0,2.0,0,4.5899,3.9057000000000004
-0.25,-65.5,2023-12,0.37132305741684357,incerto,2.0,0.0,10.0,0,0.0,0.0
-3.25,-60.0,2023-12,0.3712947791923296,incerto,25.0,5.0,0.0,0,0.41619999999999996,0.0954
2.5,-61.5,2023-12,0.3697928231470963,incerto,4.0,0.0,7.0,0,2.3661,0.9121
1.75,-67.5,2023-12,0.36974511447086233,incerto,0.0,0.0,12.0,0,0.0,0.0
-5.75,-48.75,2023-12,0.3695706222686453,incerto,8.0,3.0,0.0,0,0.0997,0.0
-4.0,-54.25,2023-12,0.3694140013899491,incerto,122.0,6.0,0.0,0,8.499600000000001,1.7732
-4.0,-44.75,2023-12,0.368587219163085,incerto,49.0,4.0,0.0,0,0.0,0.0
-15.25,-57.75,2023-12,0.3682940420278055,incerto,0.0,0.0,12.0,0,0.352,0.1069
-13.25,-60.0,2023-12,0.36784572092291334,incerto,6.0,3.0,0.0,0,0.0,0.0
-4.75,-48.0,2023-12,0.36753944398041793,incerto,10.0,5.0,0.0,0,0.0,0.0
-10.0,-56.0,2023-12,0.36748043812756725,incerto,7.0,4.0,1.0,0,0.16970000000000002,0.0654
-1.5,-46.75,2023-12,0.3671198280458075,incerto,27.0,4.0,0.0,0,0.0,0.0
-8.75,-50.25,2023-12,0.3665023288337777,incerto,24.0,4.0,1.0,0,0.28759999999999997,0.0781
-14.75,-59.75,2023-12,0.36634732048916785,incerto,10.0,2.0,0.0,0,0.0,0.0
-2.25,-46.25,2023-12,0.3655882331543617,incerto,60.0,5.0,0.0,0,0.7728,0.7728
-12.0,-58.25,2023-12,0.36509216076368617,incerto,4.0,0.0,7.0,0,0.4639,0.4639
-8.5,-55.0,2023-12,0.36507833322228733,incerto,147.0,6.0,0.0,0,23.592399999999998,2.7030000000000003
-13.25,-62.0,2023-12,0.3644418874009151,incerto,196.0,3.0,0.0,0,0.0,0.0
-3.25,-50.0,2023-12,0.36373345187946243,incerto,102.0,5.0,0.0,0,4.8289,0.4958
-2.0,-53.5,2023-12,0.3636388044923233,incerto,28.0,3.0,0.0,0,0.47959999999999997,0.40959999999999996
-3.25,-46.5,2023-12,0.3628501806459272,incerto,20.0,4.0,0.0,0,2.4231000000000003,1.7493
-4.5,-48.75,2023-12,0.36247378753891035,incerto,28.0,3.0,0.0,0,1.2023,0.0
-3.0,-51.75,2023-12,0.3620631665460013,incerto,48.0,5.0,0.0,0,2.0561000000000003,0.6226
-12.0,-56.5,2023-12,0.36125422723291895,incerto,6.0,3.0,0.0,0,0.0684,0.0
-10.5,-56.0,2023-12,0.36102621324907164,incerto,6.0,1.0,1.0,0,0.3493,0.0784
-2.75,-57.5,2023-12,0.36060483694057915,incerto,35.0,5.0,0.0,0,0.0,0.0
-10.25,-50.75,2023-12,0.36054540545131114,incerto,5.0,1.0,5.0,0,0.0,0.0
-4.25,-46.0,2023-12,0.3599840962528324,incerto,48.0,3.0,0.0,0,0.0,0.0
-9.5,-66.0,2023-12,0.3599758378186901,incerto,99.0,5.0,0.0,0,3.2229,0.2952
-13.0,-61.75,2023-12,0.3599202435010241,incerto,25.0,4.0,0.0,0,0.3892,0.0
-9.75,-56.0,2023-12,0.3598274127923706,incerto,17.0,4.0,2.0,0,0.48219999999999996,0.1305
-3.5,-59.75,2023-12,0.3597851800028426,incerto,68.0,6.0,0.0,0,0.0709,0.0
-0.75,-48.0,2023-12,0.35959029552998906,incerto,12.0,3.0,0.0,0,0.0918,0.0918
-2.0,-56.75,2023-12,0.3595761390828339,incerto,46.0,4.0,0.0,0,3.1372000000000004,1.1278000000000001
-3.0,-51.5,2023-12,0.3594198264936632,incerto,133.0,4.0,0.0,0,4.0028,1.2577
-3.25,-46.0,2023-12,0.359180305920833,incerto,31.0,4.0,0.0,0,0.0,0.0
-11.0,-53.75,2023-12,0.3586276907564018,incerto,24.0,5.0,0.0,0,0.2232,0.2232
-13.0,-60.0,2023-12,0.35821273326583225,incerto,8.0,3.0,0.0,0,0.8353999999999999,0.0821
-11.25,-58.5,2023-12,0.35808652994684537,incerto,11.0,3.0,1.0,0,0.0,0.0
-13.5,-53.25,2023-12,0.3576708026645859,incerto,8.0,2.0,2.0,0,0.0,0.0
-12.0,-63.5,2023-12,0.3575534621122975,incerto,19.0,5.0,0.0,0,1.2463,0.47219999999999995
-12.25,-61.0,2023-12,0.3573008183673555,incerto,1.0,1.0,0.0,0,4.9338999999999995,1.1084
-4.25,-48.5,2023-12,0.3569287545243368,incerto,59.0,4.0,0.0,0,16.4437,3.6387
-3.25,-50.25,2023-12,0.3566429250426518,incerto,197.0,4.0,0.0,0,5.4581,1.5075
1.0,-67.25,2023-12,0.35655247063537615,incerto,1.0,1.0,2.0,0,0.0,0.0
-5.75,-61.25,2023-12,0.3563663845468809,incerto,21.0,4.0,1.0,0,0.0,0.0
-3.75,-49.75,2023-12,0.3563472181777627,incerto,22.0,3.0,0.0,0,0.0736,0.0
-2.0,-55.5,2023-12,0.3562842042573998,incerto,8.0,4.0,0.0,0,0.0,0.0
-4.0,-56.0,2023-12,0.3561198513044917,incerto,52.0,5.0,0.0,0,1.7927000000000002,0.6836
-0.75,-52.25,2023-12,0.3558138798926297,incerto,29.0,4.0,0.0,0,2.9983999999999997,2.9983999999999997
-4.0,-45.0,2023-12,0.35528156239558345,incerto,25.0,5.0,0.0,0,0.0,0.0
-3.25,-50.75,2023-12,0.3552340933999975,incerto,115.0,4.0,0.0,0,2.9072000000000005,1.2719
-11.0,-56.0,2023-12,0.35519176676442304,incerto,4.0,1.0,5.0,0,2.3698,2.3698
-14.25,-60.25,2023-12,0.35408889439698094,incerto,9.0,2.0,1.0,0,0.0,0.0
-5.25,-49.25,2023-12,0.35395198589427457,incerto,32.0,5.0,0.0,0,0.2786,0.0
-3.75,-46.5,2023-12,0.3538364598621928,incerto,7.0,2.0,0.0,0,0.151,0.0
-1.0,-49.0,2023-12,0.35347436141486993,incerto,33.0,4.0,0.0,0,0.0,0.0
-1.25,-52.5,2023-12,0.35328167677779376,incerto,32.0,3.0,0.0,0,1.3645,0.8402999999999999
-10.5,-51.5,2023-12,0.35265511950686906,incerto,10.0,3.0,0.0,0,0.0,0.0
-3.5,-48.75,2023-12,0.35241688579940966,incerto,25.0,6.0,0.0,0,30.3772,18.5738
-3.0,-51.0,2023-12,0.35200107955299326,incerto,112.0,4.0,0.0,0,11.0381,3.0854999999999997
-4.75,-46.0,2023-12,0.35182226826080804,incerto,59.0,5.0,0.0,0,0.0668,0.0668
-10.0,-54.25,2023-12,0.35120860195099934,incerto,2.0,1.0,4.0,0,0.3383,0.214
-3.0,-65.5,2023-12,0.35103650007537407,incerto,43.0,4.0,0.0,0,0.6713,0.2425
-3.0,-46.75,2023-12,0.351020452006751,incerto,11.0,3.0,0.0,0,0.1607,0.1607
-3.5,-64.75,2023-12,0.3509881742245867,incerto,136.0,6.0,0.0,0,0.6418,0.0631
2.0,-56.0,2023-12,0.3505489659651932,incerto,10.0,4.0,0.0,0,0.0,0.0
-4.0,-55.75,2023-12,0.3503494760876102,incerto,101.0,5.0,0.0,0,1.3699000000000001,0.4114
4.25,-61.5,2023-12,0.3503023042658473,incerto,1.0,0.0,10.0,0,0.0,0.0
-6.5,-49.25,2023-12,0.35008045377238806,incerto,10.0,1.0,1.0,0,0.0,0.0
-1.5,-55.5,2023-12,0.3497989974982952,incerto,184.0,6.0,0.0,0,2.6181,1.2846000000000002
-12.0,-60.5,2023-12,0.3497648730639005,incerto,20.0,4.0,0.0,0,5.752800000000001,3.1929
-6.25,-55.75,2023-12,0.3492849226811597,incerto,58.0,6.0,0.0,0,2.4018,0.7456
-8.5,-54.75,2023-12,0.34904948276445397,incerto,260.0,4.0,0.0,0,11.6267,0.434
-6.75,-50.5,2023-12,0.3490426344202952,incerto,12.0,3.0,1.0,0,0.5845,0.0
-3.5,-50.0,2023-12,0.3489711288417859,incerto,81.0,4.0,0.0,0,2.7639,0.7996
-7.75,-63.5,2023-12,0.3487014783737038,incerto,98.0,5.0,0.0,0,4.0344,0.47
0.5,-67.25,2023-12,0.34833655969038924,incerto,2.0,1.0,1.0,0,0.0,0.0
-13.5,-61.5,2023-12,0.34820281101774725,incerto,81.0,3.0,0.0,0,0.1292,0.0
-2.25,-50.0,2023-12,0.34771633912573663,incerto,37.0,6.0,0.0,0,0.0,0.0
-2.25,-44.5,2023-12,0.3471557106721819,incerto,21.0,2.0,0.0,0,0.0,0.0
-7.25,-64.75,2023-12,0.34706690043463206,incerto,46.0,5.0,0.0,0,4.065799999999999,3.5887
4.25,-64.25,2023-12,0.3465137690346577,incerto,1.0,0.0,10.0,0,0.0,0.0
-9.25,-65.5,2023-12,0.34611891572930836,incerto,199.0,5.0,0.0,0,4.6218,1.075
-3.5,-57.75,2023-12,0.345721581443666,incerto,29.0,6.0,0.0,0,0.0,0.0
-12.25,-64.0,2023-12,0.34545994169044203,incerto,11.0,4.0,1.0,0,0.6814,0.2555
-5.0,-47.5,2023-12,0.3452760510463449,incerto,11.0,5.0,0.0,0,0.0,0.0
-9.5,-65.25,2023-12,0.3452222605889647,incerto,25.0,5.0,0.0,0,6.4233,0.0
-15.75,-58.75,2023-12,0.3451528733226975,incerto,3.0,2.0,1.0,0,0.0,0.0
-5.25,-47.5,2023-12,0.34481481358627897,incerto,10.0,5.0,0.0,0,0.0789,0.0789
-3.0,-57.5,2023-12,0.3444772247055438,incerto,67.0,4.0,0.0,0,0.2919,0.1465
4.0,-59.5,2023-12,0.3437307723672535,incerto,5.0,1.0,2.0,0,0.0,0.0
-1.25,-53.25,2023-12,0.3435289667205905,incerto,26.0,5.0,0.0,0,2.2144,1.2985
2.75,-63.5,2023-12,0.34329074109696134,incerto,5.0,1.0,2.0,0,0.0,0.0
-9.25,-60.5,2023-12,0.3432087262655771,incerto,95.0,5.0,0.0,0,5.3053,0.0
-12.0,-62.75,2023-12,0.34301577923681464,incerto,8.0,3.0,1.0,0,0.0,0.0
-2.75,-48.75,2023-12,0.3428415710960549,incerto,44.0,5.0,0.0,0,11.833699999999999,7.1991
-3.5,-60.5,2023-12,0.34199329844156573,incerto,80.0,6.0,0.0,0,0.9539000000000001,0.8584
-5.25,-47.0,2023-12,0.3419599030591499,incerto,7.0,2.0,0.0,0,0.49860000000000004,0.2312
-15.0,-59.5,2023-12,0.34167129426218934,incerto,0.0,0.0,13.0,0,1.3723999999999998,0.6986999999999999
-3.0,-52.75,2023-12,0.3410619582568532,incerto,12.0,3.0,0.0,0,4.2781,3.6211
-7.5,-60.5,2023-12,0.3409510684767074,incerto,104.0,4.0,1.0,0,1.0312000000000001,0.0
-5.25,-47.75,2023-12,0.3409042775572921,incerto,19.0,6.0,0.0,0,0.19319999999999998,0.111
-7.0,-59.0,2023-12,0.34080524367561715,incerto,150.0,5.0,0.0,0,1.6574,0.4155
-3.75,-60.5,2023-12,0.34072556713534397,incerto,83.0,5.0,0.0,0,0.1464,0.0
-3.75,-52.75,2023-12,0.34045745680585965,incerto,9.0,1.0,0.0,0,0.2689,0.0
-9.25,-55.0,2023-12,0.33981277599466025,incerto,4.0,0.0,9.0,0,0.0,0.0
-4.25,-56.25,2023-12,0.33980208731272044,incerto,49.0,5.0,0.0,0,7.6655999999999995,0.0778
-13.0,-62.25,2023-12,0.3392072712570544,incerto,63.0,4.0,0.0,0,0.5681999999999999,0.1626
1.0,-60.75,2023-12,0.3389040640580263,incerto,0.0,0.0,13.0,0,0.5678000000000001,0.5678000000000001
-3.5,-54.5,2023-12,0.33877267883150186,incerto,234.0,5.0,0.0,0,5.9197999999999995,2.7498
-8.5,-50.25,2023-12,0.33848197215324693,incerto,27.0,5.0,0.0,0,0.9672,0.1305
-3.0,-44.75,2023-12,0.33782821740403257,incerto,22.0,3.0,0.0,0,0.0,0.0
-15.75,-59.75,2023-12,0.3368858399275349,incerto,17.0,3.0,0.0,0,0.0,0.0
-3.0,-65.25,2023-12,0.3366440460780999,incerto,100.0,6.0,0.0,0,0.5861,0.0801
-3.25,-51.0,2023-12,0.33650231068585434,incerto,85.0,5.0,0.0,0,9.598,1.3044
-14.5,-57.0,2023-12,0.3364441265692247,incerto,6.0,2.0,4.0,0,0.0,0.0
-12.25,-55.5,2023-12,0.3360047350873377,incerto,3.0,2.0,3.0,0,0.0715,0.0
-12.25,-58.0,2023-12,0.33584972178660305,incerto,10.0,3.0,1.0,0,0.0,0.0
-4.5,-55.25,2023-12,0.3347404965910279,incerto,38.0,5.0,0.0,0,0.8881000000000001,0.2227
-10.25,-59.25,2023-12,0.33464064992064174,incerto,12.0,2.0,0.0,0,4.5545,3.9794
-4.5,-56.25,2023-12,0.33416207903200196,incerto,48.0,6.0,0.0,0,0.7126,0.0
-14.0,-57.0,2023-12,0.3338344944961796,incerto,7.0,1.0,3.0,0,0.3937,0.3937
-2.75,-61.0,2023-12,0.33360648929584025,incerto,18.0,5.0,0.0,0,0.9198,0.1766
-10.5,-54.0,2023-12,0.3334412383638685,incerto,47.0,4.0,2.0,0,2.9021,0.9502
-3.25,-60.5,2023-12,0.33332137646710397,incerto,20.0,5.0,0.0,0,1.1105999999999998,0.494
-4.25,-49.25,2023-12,0.3319163310411988,incerto,3.0,1.0,1.0,0,0.0,0.0
-4.0,-55.25,2023-12,0.33186091589564537,incerto,72.0,4.0,0.0,0,0.9661,0.1543
-12.25,-63.0,2023-12,0.33180565314160293,incerto,14.0,6.0,0.0,0,0.0,0.0
-3.0,-55.75,2023-12,0.33163992864579184,incerto,6.0,2.0,1.0,0,3.258,0.0
-3.25,-56.75,2023-12,0.3315476183871267,incerto,39.0,6.0,0.0,0,0.23909999999999998,0.23909999999999998
-4.75,-48.75,2023-12,0.3315360760007585,incerto,61.0,3.0,0.0,0,2.947,2.2024
-13.5,-52.25,2023-12,0.33111337991732076,incerto,3.0,0.0,8.0,0,0.0,0.0
-6.75,-59.25,2023-12,0.3307461654899446,incerto,209.0,5.0,0.0,0,1.6001999999999998,0.0
-3.0,-58.25,2023-12,0.33005066108352304,incerto,11.0,5.0,0.0,0,0.0,0.0
-3.25,-65.0,2023-12,0.3298670643950284,incerto,63.0,5.0,0.0,0,0.0749,0.0
-11.75,-65.0,2023-12,0.3296297975680323,incerto,99.0,5.0,0.0,0,2.6769000000000003,0.9917
-3.5,-52.25,2023-12,0.3296254289573816,incerto,24.0,2.0,0.0,0,2.318,0.9048
-10.25,-56.0,2023-12,0.32949646995458876,incerto,16.0,2.0,1.0,0,0.9689,0.9689
-7.5,-64.25,2023-12,0.329325507418383,incerto,69.0,4.0,0.0,0,5.73,0.8448
-4.5,-49.75,2023-12,0.3292126721243463,incerto,48.0,4.0,0.0,0,2.2442,1.2287000000000001
-3.75,-53.5,2023-12,0.3290984929580086,incerto,50.0,4.0,0.0,0,1.2893,0.5052
-7.5,-72.5,2023-12,0.32856367389792535,incerto,31.0,5.0,0.0,0,0.17070000000000002,0.0
-3.5,-51.25,2023-12,0.32842445156890504,incerto,53.0,5.0,0.0,0,1.4756,0.337
-2.25,-53.75,2023-12,0.32797722463382595,incerto,196.0,3.0,0.0,0,9.7472,4.1768
-5.75,-60.0,2023-12,0.3279392868845362,incerto,34.0,5.0,0.0,0,0.1669,0.0
-10.5,-54.75,2023-12,0.3277549735345426,incerto,3.0,2.0,1.0,0,0.1325,0.1325
-5.75,-49.25,2023-12,0.3277003758675787,incerto,20.0,4.0,1.0,0,0.5707,0.3751
-1.25,-55.5,2023-12,0.3269075057643219,incerto,47.0,5.0,0.0,0,6.5104,1.7035
-13.0,-60.75,2023-12,0.32676321913191675,incerto,5.0,2.0,1.0,0,0.0,0.0
-7.5,-73.0,2023-12,0.3264484917826076,incerto,37.0,5.0,0.0,0,0.4131,0.2817
-12.25,-61.25,2023-12,0.3262394258751581,incerto,5.0,1.0,5.0,0,2.0659,2.0659
1.0,-69.75,2023-12,0.3260827526864733,incerto,1.0,0.0,11.0,0,0.0,0.0
-2.0,-48.0,2023-12,0.32577360029412294,incerto,99.0,6.0,0.0,0,0.09,0.09
-5.75,-50.5,2023-12,0.32559873073331974,incerto,7.0,4.0,1.0,0,0.7008999999999999,0.2839
-3.25,-54.5,2023-12,0.3255701404364523,incerto,98.0,4.0,0.0,0,8.1276,5.4451
-2.25,-56.25,2023-12,0.3253677918616896,incerto,17.0,3.0,0.0,0,0.0874,0.0874
-10.25,-54.0,2023-12,0.3252836852435306,incerto,19.0,4.0,0.0,0,2.9072999999999998,0.0
-7.75,-55.25,2023-12,0.32484054958755687,incerto,23.0,3.0,0.0,0,2.222,0.1637
-4.75,-48.25,2023-12,0.32474584695858183,incerto,16.0,3.0,0.0,0,0.5569,0.1818
-6.75,-59.75,2023-12,0.3245962610272823,incerto,106.0,4.0,1.0,0,2.3249,0.0
-12.75,-62.75,2023-12,0.32408040151261513,incerto,129.0,4.0,0.0,0,0.0,0.0
-3.5,-60.25,2023-12,0.3238436522632118,incerto,107.0,6.0,0.0,0,1.0127000000000002,0.2336
-4.75,-46.25,2023-12,0.3233540167179712,incerto,19.0,5.0,0.0,0,1.2859,0.24730000000000002
-0.5,-64.75,2023-12,0.3232490060012688,incerto,2.0,1.0,1.0,0,0.0,0.0
-6.5,-48.0,2023-12,0.3230173560844831,incerto,7.0,2.0,0.0,0,0.2656,0.0
2.25,-62.0,2023-12,0.3222246442702411,incerto,1.0,0.0,8.0,0,2.1078,2.1078
-5.0,-49.0,2023-12,0.3221847820707631,incerto,9.0,4.0,0.0,0,0.0,0.0
-9.25,-62.25,2023-12,0.3219595791948863,incerto,73.0,6.0,0.0,0,1.4228,0.612
0.75,-67.25,2023-12,0.32152674962712924,incerto,2.0,1.0,3.0,0,0.0,0.0
-2.75,-53.0,2023-12,0.32142954004112917,incerto,58.0,4.0,0.0,0,8.2995,0.8335
-10.75,-55.0,2023-12,0.32078378599818586,incerto,9.0,4.0,1.0,0,0.1555,0.1555
-5.0,-46.75,2023-12,0.32053649912971083,incerto,16.0,5.0,0.0,0,0.1738,0.0
-15.5,-59.75,2023-12,0.32053302730449484,incerto,1.0,0.0,9.0,0,0.0,0.0
-1.75,-48.25,2023-12,0.32008736306406016,incerto,167.0,6.0,0.0,0,0.0658,0.0
-4.25,-54.5,2023-12,0.31954502731136714,nao-fogo,15.0,4.0,0.0,0,0.5755,0.0
-12.75,-58.0,2023-12,0.3191186071101371,nao-fogo,3.0,2.0,0.0,0,0.0,0.0
-4.0,-51.0,2023-12,0.31907719035738075,nao-fogo,94.0,5.0,0.0,0,1.6393,0.1086
-5.0,-48.75,2023-12,0.3190489155547934,nao-fogo,11.0,2.0,0.0,0,0.4239,0.067
-3.25,-45.0,2023-12,0.3189604557516445,nao-fogo,26.0,5.0,0.0,0,0.0932,0.0932
-2.75,-45.25,2023-12,0.3186658083338225,nao-fogo,55.0,5.0,0.0,0,0.5067,0.5067
-15.5,-59.25,2023-12,0.31859089790624495,nao-fogo,5.0,4.0,1.0,0,2.2641,2.2641
-10.0,-63.75,2023-12,0.318339873957625,nao-fogo,28.0,3.0,0.0,0,0.9814,0.5289
-7.75,-61.0,2023-12,0.3182072115428448,nao-fogo,122.0,5.0,0.0,0,4.4349,3.0987
-9.75,-53.5,2023-12,0.31803527712537716,nao-fogo,112.0,4.0,0.0,0,16.630499999999998,0.0
-10.5,-51.75,2023-12,0.3177065037957012,nao-fogo,12.0,3.0,0.0,0,0.2677,0.0718
-9.25,-65.75,2023-12,0.3174913541103222,nao-fogo,206.0,6.0,0.0,0,15.145700000000001,9.0014
-7.75,-72.25,2023-12,0.31734075600194994,nao-fogo,108.0,6.0,0.0,0,1.7233,0.5659
-8.0,-50.25,2023-12,0.3167705241585201,nao-fogo,10.0,3.0,0.0,0,0.0,0.0
-0.0,-69.75,2023-12,0.31672680546070464,nao-fogo,3.0,1.0,1.0,0,0.0,0.0
-4.25,-50.0,2023-12,0.3165494312923149,nao-fogo,22.0,3.0,0.0,0,0.3932,0.0706
-2.25,-60.25,2023-12,0.3162332251811303,nao-fogo,5.0,2.0,0.0,0,0.0,0.0
-1.25,-55.75,2023-12,0.31577518250841613,nao-fogo,96.0,5.0,0.0,0,5.429,2.3865
-7.5,-49.75,2023-12,0.3156025995123976,nao-fogo,13.0,4.0,1.0,0,0.27790000000000004,0.0728
-5.25,-60.25,2023-12,0.3154800321431863,nao-fogo,192.0,5.0,0.0,0,8.2067,0.6768000000000001
-13.25,-61.5,2023-12,0.31533933573269324,nao-fogo,54.0,5.0,0.0,0,0.0,0.0
2.25,-55.75,2023-12,0.31530540758063613,nao-fogo,35.0,5.0,0.0,0,0.0,0.0
-3.75,-45.0,2023-12,0.31520871744391354,nao-fogo,59.0,6.0,0.0,0,0.0,0.0
-2.0,-56.25,2023-12,0.31510612651882336,nao-fogo,13.0,4.0,0.0,0,0.023,0.023
-11.75,-52.25,2023-12,0.31487302963222763,nao-fogo,3.0,1.0,1.0,0,0.0,0.0
-10.0,-65.0,2023-12,0.31473683078669357,nao-fogo,78.0,6.0,0.0,0,3.8628,0.31079999999999997
-9.75,-55.25,2023-12,0.314614372600611,nao-fogo,9.0,2.0,1.0,0,0.6332,0.0979
3.75,-62.5,2023-12,0.3145897221590683,nao-fogo,4.0,2.0,1.0,0,0.0,0.0
-5.75,-48.0,2023-12,0.31418000310868804,nao-fogo,14.0,4.0,0.0,0,0.0,0.0
-4.0,-55.5,2023-12,0.3132564845445379,nao-fogo,135.0,5.0,0.0,0,2.0594,1.1595
-13.25,-61.75,2023-12,0.3132027333884381,nao-fogo,169.0,3.0,0.0,0,0.0,0.0
-3.25,-59.0,2023-12,0.3130332131198883,nao-fogo,37.0,6.0,0.0,0,0.8947,0.5866
-3.75,-59.25,2023-12,0.3130052746739995,nao-fogo,158.0,5.0,0.0,0,0.7128,0.2728
-1.5,-52.25,2023-12,0.31298517637653955,nao-fogo,35.0,2.0,0.0,0,0.0,0.0
-3.25,-58.75,2023-12,0.3129786737454728,nao-fogo,44.0,6.0,0.0,0,0.3897,0.1437
-4.5,-45.75,2023-12,0.31265802877789034,nao-fogo,113.0,4.0,0.0,0,2.0205,0.668
-11.25,-58.0,2023-12,0.3122251085684899,nao-fogo,6.0,3.0,0.0,0,15.3491,8.392199999999999
-2.25,-48.75,2023-12,0.3120955032167257,nao-fogo,100.0,6.0,0.0,0,0.4445,0.0
-0.75,-63.25,2023-12,0.31169062512599593,nao-fogo,11.0,3.0,1.0,0,0.0,0.0
-3.75,-45.25,2023-12,0.31163033457072514,nao-fogo,61.0,6.0,0.0,0,0.0,0.0
-9.0,-56.75,2023-12,0.31000440556108366,nao-fogo,7.0,2.0,2.0,0,0.786,0.786
-13.5,-60.5,2023-12,0.3096890694631198,nao-fogo,3.0,1.0,0.0,0,0.46820000000000006,0.0629
-9.75,-55.5,2023-12,0.3095863338009324,nao-fogo,5.0,2.0,1.0,0,1.4785000000000001,0.0698
-4.5,-55.0,2023-12,0.3093372737865647,nao-fogo,116.0,5.0,0.0,0,7.8871,3.6345
-3.25,-54.25,2023-12,0.30929782560605557,nao-fogo,166.0,4.0,0.0,0,24.643000000000004,12.0073
-0.5,-64.5,2023-12,0.3092363716474421,nao-fogo,2.0,2.0,0.0,0,0.0,0.0
-0.0,-67.25,2023-12,0.3083761105671187,nao-fogo,2.0,1.0,0.0,0,0.0,0.0
-2.25,-55.0,2023-12,0.30814553049420984,nao-fogo,10.0,2.0,0.0,0,0.0,0.0
-10.0,-56.25,2023-12,0.3076086151114211,nao-fogo,2.0,1.0,2.0,0,0.0,0.0
-4.25,-63.25,2023-12,0.3074568334368717,nao-fogo,50.0,4.0,1.0,0,0.0627,0.0
-8.0,-55.25,2023-12,0.30736564269587613,nao-fogo,80.0,6.0,0.0,0,0.9513,0.1425
2.75,-61.75,2023-12,0.3066948994203418,nao-fogo,1.0,0.0,7.0,0,3.5435,1.5379
-12.25,-63.25,2023-12,0.3063439052557289,nao-fogo,20.0,5.0,0.0,0,0.0929,0.0
-9.75,-65.0,2023-12,0.3055536409236862,nao-fogo,245.0,6.0,0.0,0,18.5164,4.3402
-2.0,-52.75,2023-12,0.3054869883167844,nao-fogo,27.0,5.0,0.0,0,0.5900000000000001,0.2943
-7.75,-63.25,2023-12,0.30451836215530664,nao-fogo,76.0,5.0,0.0,0,2.2176,0.4988
1.25,-61.0,2023-12,0.30421048962637925,nao-fogo,38.0,2.0,0.0,0,0.0,0.0
-2.75,-58.0,2023-12,0.30392210278467546,nao-fogo,17.0,5.0,0.0,0,0.1117,0.0
4.0,-61.5,2023-12,0.30369993899354436,nao-fogo,2.0,1.0,1.0,0,0.6091,0.4682
-1.0,-46.25,2023-12,0.30333029765771896,nao-fogo,7.0,3.0,0.0,0,0.0,0.0
-8.75,-50.75,2023-12,0.3032734005449133,nao-fogo,28.0,3.0,0.0,0,1.1477,0.5725
-0.75,-60.25,2023-12,0.30311376513708205,nao-fogo,2.0,2.0,0.0,0,0.0895,0.0
-11.0,-57.0,2023-12,0.3029671565610983,nao-fogo,8.0,2.0,2.0,0,0.7221,0.4475
-3.25,-57.0,2023-12,0.30246326449004657,nao-fogo,53.0,6.0,0.0,0,0.2862,0.17459999999999998
-6.75,-59.0,2023-12,0.30220860994027315,nao-fogo,193.0,5.0,0.0,0,4.8103,1.5446
-11.25,-56.5,2023-12,0.30170427674340683,nao-fogo,6.0,2.0,1.0,0,73.7179,2.0563
-5.25,-50.5,2023-12,0.30165324819334655,nao-fogo,17.0,5.0,0.0,0,0.9136,0.0639
0.5,-69.25,2023-12,0.3016490473466924,nao-fogo,2.0,1.0,1.0,0,0.0,0.0
-3.25,-51.25,2023-12,0.30150594588076113,nao-fogo,88.0,4.0,0.0,0,4.0153,0.1618
-12.75,-62.0,2023-12,0.30122119601122777,nao-fogo,41.0,3.0,0.0,0,0.957,0.6304
-2.75,-44.75,2023-12,0.30045934927382795,nao-fogo,17.0,3.0,0.0,0,0.0,0.0
-13.0,-57.75,2023-12,0.2992007902507767,nao-fogo,2.0,1.0,2.0,0,0.0,0.0
-16.25,-60.0,2023-12,0.2990747521445778,nao-fogo,2.0,0.0,7.0,0,0.0,0.0
2.75,-62.25,2023-12,0.2983284915067446,nao-fogo,1.0,0.0,8.0,0,0.0,0.0
-2.25,-49.0,2023-12,0.2979953637158314,nao-fogo,113.0,6.0,0.0,0,0.9262,0.15300000000000002
-4.25,-50.25,2023-12,0.2979792150366218,nao-fogo,19.0,3.0,0.0,0,0.2753,0.0
-2.75,-46.5,2023-12,0.2975983898774969,nao-fogo,2.0,2.0,0.0,0,0.0,0.0
-10.25,-56.25,2023-12,0.2963935878351027,nao-fogo,4.0,2.0,0.0,0,2.9032999999999998,0.6327
-1.5,-56.25,2023-12,0.29625788311210666,nao-fogo,15.0,4.0,0.0,0,0.0,0.0
-9.75,-56.5,2023-12,0.2960185505449523,nao-fogo,3.0,1.0,1.0,0,0.2294,0.1081
-3.0,-50.5,2023-12,0.2958484676061692,nao-fogo,117.0,5.0,0.0,0,4.9967,3.3024
-12.5,-61.25,2023-12,0.29538257982397753,nao-fogo,9.0,2.0,2.0,0,0.704,0.0
-10.0,-55.25,2023-12,0.2951069645919653,nao-fogo,6.0,2.0,2.0,0,2.0803,1.2504
-3.75,-48.75,2023-12,0.295058917058619,nao-fogo,13.0,5.0,0.0,0,24.2137,5.3794
-0.0,-67.0,2023-12,0.2947328354431169,nao-fogo,2.0,1.0,2.0,0,0.1376,0.0
-10.5,-54.25,2023-12,0.29461623411104865,nao-fogo,11.0,5.0,0.0,0,0.7204999999999999,0.0
-15.25,-58.0,2023-12,0.29458051254612555,nao-fogo,2.0,1.0,4.0,0,0.0,0.0
-10.5,-55.0,2023-12,0.29435300940844455,nao-fogo,5.0,3.0,0.0,0,0.0,0.0
-5.5,-49.25,2023-12,0.2941447900963697,nao-fogo,12.0,4.0,0.0,0,0.2087,0.2087
-2.0,-54.75,2023-12,0.2940835178606464,nao-fogo,18.0,4.0,0.0,0,0.0,0.0
-4.75,-50.75,2023-12,0.2939689001433987,nao-fogo,51.0,3.0,0.0,0,3.9813,2.6631
-1.5,-53.0,2023-12,0.29387028127794135,nao-fogo,58.0,4.0,0.0,0,1.7517,0.611
-3.5,-51.75,2023-12,0.29360038688325923,nao-fogo,27.0,4.0,0.0,0,1.1272,0.1483
-7.5,-48.75,2023-12,0.2933504299998061,nao-fogo,8.0,2.0,0.0,0,0.077,0.0
-4.25,-50.75,2023-12,0.29333326806497534,nao-fogo,89.0,4.0,0.0,0,1.7167,0.4986
-3.5,-51.5,2023-12,0.2931444686238294,nao-fogo,105.0,5.0,0.0,0,6.6103000000000005,1.1458
-7.75,-61.5,2023-12,0.29293060681241284,nao-fogo,137.0,5.0,0.0,0,7.0149,3.5535
-1.75,-53.75,2023-12,0.29281690014719913,nao-fogo,26.0,3.0,0.0,0,0.4117,0.3446
-3.0,-47.5,2023-12,0.29270260208422266,nao-fogo,10.0,4.0,0.0,0,0.0,0.0
-3.0,-48.25,2023-12,0.29268008830207604,nao-fogo,17.0,3.0,0.0,0,28.4676,2.4661
3.5,-61.5,2023-12,0.29264460889675953,nao-fogo,1.0,1.0,3.0,0,0.1077,0.0
-4.0,-45.75,2023-12,0.2925829258293204,nao-fogo,14.0,3.0,0.0,0,0.0,0.0
-3.5,-49.75,2023-12,0.2923701298156148,nao-fogo,32.0,4.0,0.0,0,0.2353,0.0
-3.5,-59.5,2023-12,0.29234046741079656,nao-fogo,169.0,6.0,0.0,0,1.717,0.4775
-6.75,-48.0,2023-12,0.2922844969165842,nao-fogo,10.0,3.0,0.0,0,0.183,0.0
-1.5,-48.5,2023-12,0.29203068314959046,nao-fogo,14.0,5.0,0.0,0,0.0,0.0
-3.75,-61.75,2023-12,0.29175133601720993,nao-fogo,42.0,4.0,1.0,0,0.0,0.0
-5.0,-47.25,2023-12,0.2916902758235746,nao-fogo,4.0,3.0,0.0,0,0.31479999999999997,0.0646
-8.25,-49.25,2023-12,0.29164815579525405,nao-fogo,20.0,5.0,0.0,0,0.2542,0.147
-2.25,-59.75,2023-12,0.2911503362204678,nao-fogo,4.0,2.0,0.0,0,0.5857,0.0
-6.25,-52.75,2023-12,0.29113899270222743,nao-fogo,182.0,5.0,0.0,0,4.6215,1.5785
-5.0,-46.0,2023-12,0.2909126149670771,nao-fogo,37.0,6.0,0.0,0,1.2146,0.6456999999999999
-9.75,-65.25,2023-12,0.29043187710691454,nao-fogo,39.0,6.0,0.0,0,1.9567999999999999,0.6947
-1.0,-53.5,2023-12,0.2904195202236795,nao-fogo,7.0,2.0,1.0,0,13.190000000000001,1.8378
-4.0,-59.75,2023-12,0.29030897302263536,nao-fogo,69.0,5.0,0.0,0,1.5129000000000001,0.0
-3.25,-53.75,2023-12,0.2902364468357487,nao-fogo,102.0,4.0,0.0,0,12.5762,8.7446
-11.75,-58.0,2023-12,0.2899634687358448,nao-fogo,5.0,1.0,5.0,0,3.334,2.0661
-4.5,-50.25,2023-12,0.28978427622867475,nao-fogo,24.0,3.0,0.0,0,0.3348,0.0
-0.75,-60.0,2023-12,0.2890892666704712,nao-fogo,3.0,1.0,0.0,0,0.0,0.0
2.0,-55.75,2023-12,0.2888447583868339,nao-fogo,79.0,5.0,0.0,0,0.0,0.0
-13.5,-55.0,2023-12,0.28853449931684544,nao-fogo,1.0,0.0,10.0,0,0.0,0.0
-6.25,-53.0,2023-12,0.28853126009893737,nao-fogo,179.0,5.0,0.0,0,5.9352,0.5982
-3.0,-54.0,2023-12,0.2879386804758046,nao-fogo,198.0,4.0,0.0,0,12.7155,4.740600000000001
-4.75,-49.25,2023-12,0.2879126159011428,nao-fogo,12.0,3.0,0.0,0,1.5511000000000001,0.4869
-7.0,-55.0,2023-12,0.28788469454066246,nao-fogo,37.0,6.0,0.0,0,0.0,0.0
1.25,-69.0,2023-12,0.2873558660356366,nao-fogo,5.0,1.0,2.0,0,0.0,0.0
-10.0,-52.25,2023-12,0.28670764426234124,nao-fogo,24.0,4.0,2.0,0,0.37360000000000004,0.2214
-12.25,-53.5,2023-12,0.2867003529863188,nao-fogo,8.0,3.0,0.0,0,0.0,0.0
-2.0,-48.5,2023-12,0.2866038468590501,nao-fogo,113.0,6.0,0.0,0,0.45389999999999997,0.0
-10.5,-55.75,2023-12,0.2860397783851166,nao-fogo,3.0,2.0,2.0,0,0.0,0.0
-12.75,-61.25,2023-12,0.28568376769151577,nao-fogo,4.0,0.0,6.0,0,0.0,0.0
-10.5,-53.75,2023-12,0.28519615209323423,nao-fogo,35.0,4.0,0.0,0,10.1053,0.0728
0.5,-69.75,2023-12,0.2851512867401108,nao-fogo,1.0,0.0,11.0,0,0.0,0.0
-2.0,-53.25,2023-12,0.2849657533795146,nao-fogo,12.0,3.0,0.0,0,0.0,0.0
-2.5,-51.25,2023-12,0.2849418366790564,nao-fogo,27.0,4.0,0.0,0,0.2416,0.0
-4.0,-63.75,2023-12,0.2847799194843733,nao-fogo,34.0,5.0,0.0,0,0.9205,0.3136
-13.0,-54.5,2023-12,0.28473698450625623,nao-fogo,0.0,0.0,18.0,0,3.0302,3.0302
-2.75,-67.0,2023-12,0.2844089467932784,nao-fogo,18.0,4.0,0.0,0,0.225,0.225
-9.25,-60.25,2023-12,0.2843473139909703,nao-fogo,67.0,5.0,0.0,0,0.3984,0.1707
-9.0,-63.75,2023-12,0.284186129258188,nao-fogo,17.0,5.0,0.0,0,0.4193,0.1122
-3.25,-55.25,2023-12,0.28411692471129235,nao-fogo,16.0,4.0,0.0,0,0.0,0.0
-2.75,-51.5,2023-12,0.2838698109904144,nao-fogo,67.0,4.0,0.0,0,3.8552,0.4383
-4.5,-46.0,2023-12,0.2837679755970683,nao-fogo,85.0,6.0,0.0,0,1.0269,0.7875
-7.0,-49.25,2023-12,0.2836436297369512,nao-fogo,23.0,4.0,0.0,0,1.5021,0.5997
-0.25,-65.0,2023-12,0.28339603175182076,nao-fogo,1.0,1.0,3.0,0,0.0,0.0
-5.0,-50.0,2023-12,0.28328339738102454,nao-fogo,38.0,4.0,0.0,0,1.6056,0.6802
-9.5,-65.5,2023-12,0.28327381564723836,nao-fogo,70.0,5.0,0.0,0,6.2677000000000005,0.7338
-2.75,-58.25,2023-12,0.28296729193339504,nao-fogo,31.0,6.0,0.0,0,0.1839,0.0
-4.75,-50.5,2023-12,0.2826674612748495,nao-fogo,25.0,4.0,0.0,0,2.1763000000000003,1.3054000000000001
-10.0,-53.75,2023-12,0.28244299647568505,nao-fogo,17.0,4.0,0.0,0,0.2357,0.0
-2.75,-44.0,2023-12,0.28243667486272106,nao-fogo,19.0,4.0,0.0,0,0.0,0.0
-3.0,-57.0,2023-12,0.2820087828798591,nao-fogo,33.0,5.0,0.0,0,0.4636,0.0776
-3.0,-52.25,2023-12,0.2816476220724912,nao-fogo,25.0,4.0,0.0,0,7.3079,0.8604
-13.25,-52.25,2023-12,0.2813992521129153,nao-fogo,1.0,0.0,8.0,0,0.0984,0.0984
-7.0,-60.0,2023-12,0.2813788852493673,nao-fogo,117.0,5.0,0.0,0,1.2777,0.1338
-1.75,-52.0,2023-12,0.28070351467235166,nao-fogo,73.0,5.0,0.0,0,0.7854000000000001,0.5841000000000001
-9.25,-50.75,2023-12,0.28060657037519227,nao-fogo,14.0,3.0,1.0,0,0.41709999999999997,0.0
-3.25,-65.25,2023-12,0.28044739279712905,nao-fogo,36.0,5.0,0.0,0,0.3145,0.0
-2.75,-60.25,2023-12,0.28031719322046816,nao-fogo,3.0,2.0,0.0,0,0.16499999999999998,0.0751
-7.25,-59.5,2023-12,0.2799803382358566,nao-fogo,53.0,5.0,0.0,0,0.9267000000000001,0.0
-3.75,-51.0,2023-12,0.2797911288807545,nao-fogo,72.0,4.0,0.0,0,2.5677000000000003,1.4802000000000002
-3.75,-50.0,2023-12,0.27969001624039963,nao-fogo,54.0,4.0,0.0,0,1.3111000000000002,0.3268
-1.25,-45.75,2023-12,0.27929487253695434,nao-fogo,7.0,2.0,0.0,0,0.0,0.0
-1.75,-61.0,2023-12,0.27914656367029406,nao-fogo,3.0,2.0,0.0,0,0.0,0.0
-8.75,-63.0,2023-12,0.2791239815310197,nao-fogo,209.0,5.0,0.0,0,5.752600000000001,0.19740000000000002
0.5,-67.5,2023-12,0.278986083637175,nao-fogo,3.0,1.0,3.0,0,0.0,0.0
-2.25,-49.25,2023-12,0.2789077646501978,nao-fogo,128.0,6.0,0.0,0,0.302,0.302
-8.0,-61.25,2023-12,0.2788997894462145,nao-fogo,139.0,5.0,0.0,0,0.9158,0.0
-10.75,-57.25,2023-12,0.27888286532487583,nao-fogo,27.0,3.0,0.0,0,4.3053,2.5791
-10.75,-56.5,2023-12,0.2788198712629461,nao-fogo,34.0,4.0,0.0,0,8.5054,4.1854
-6.25,-55.5,2023-12,0.27870938605682033,nao-fogo,50.0,5.0,0.0,0,3.3403,0.4597
-3.75,-61.25,2023-12,0.27846379257537435,nao-fogo,30.0,5.0,0.0,0,0.0818,0.0
-8.0,-54.75,2023-12,0.2784399054677958,nao-fogo,115.0,4.0,0.0,0,18.749499999999998,4.3667
-6.5,-55.25,2023-12,0.27827808916304875,nao-fogo,89.0,5.0,0.0,0,6.374,0.0789
-4.25,-52.0,2023-12,0.27776881913122003,nao-fogo,16.0,4.0,0.0,0,0.5703,0.5703
-12.0,-65.0,2023-12,0.2777044126228045,nao-fogo,47.0,4.0,0.0,0,0.8509,0.0
-10.5,-56.5,2023-12,0.2775884334938599,nao-fogo,10.0,3.0,0.0,0,0.0,0.0
-4.75,-56.25,2023-12,0.27757203426730254,nao-fogo,64.0,5.0,0.0,0,2.9385,0.929
-2.25,-56.75,2023-12,0.27682233441267307,nao-fogo,80.0,6.0,0.0,0,1.0827,0.3477
1.5,-56.0,2023-12,0.2765616894460766,nao-fogo,44.0,4.0,0.0,0,0.0,0.0
-12.0,-56.0,2023-12,0.2764875756941658,nao-fogo,1.0,0.0,7.0,0,1.5679,0.4116
-6.25,-60.0,2023-12,0.2764485722192153,nao-fogo,83.0,3.0,1.0,0,1.3592,0.19090000000000001
-0.5,-65.25,2023-12,0.27625411728153826,nao-fogo,3.0,2.0,0.0,0,0.0,0.0
-12.5,-63.5,2023-12,0.2760053906794713,nao-fogo,29.0,4.0,0.0,0,0.0,0.0
-2.75,-47.5,2023-12,0.27593894916433626,nao-fogo,20.0,4.0,0.0,0,0.4138,0.1784
-3.0,-45.25,2023-12,0.27584508093793686,nao-fogo,80.0,6.0,0.0,0,0.4334,0.4334
-14.75,-60.25,2023-12,0.2756366878346632,nao-fogo,5.0,1.0,1.0,0,0.0,0.0
3.25,-61.75,2023-12,0.2755727125154221,nao-fogo,1.0,0.0,11.0,0,0.1736,0.0
-4.25,-56.0,2023-12,0.27551193437925847,nao-fogo,16.0,6.0,0.0,0,0.28559999999999997,0.1974
-4.75,-49.75,2023-12,0.2754064505881575,nao-fogo,17.0,4.0,0.0,0,0.8683000000000001,0.2482
-8.75,-62.75,2023-12,0.2753017428525721,nao-fogo,90.0,4.0,0.0,0,61.8815,16.2714
-11.75,-61.0,2023-12,0.2749298638694078,nao-fogo,2.0,2.0,0.0,0,3.3811999999999998,2.2571999999999997
-2.0,-57.0,2023-12,0.2746394630891184,nao-fogo,26.0,5.0,0.0,0,2.0079000000000002,0.7897000000000001
-11.0,-62.5,2023-12,0.27448897541686373,nao-fogo,17.0,4.0,0.0,0,2.6718,0.325
-5.0,-49.5,2023-12,0.2744839653350153,nao-fogo,22.0,5.0,0.0,0,0.8293999999999999,0.0694
-6.25,-57.75,2023-12,0.27444945464977716,nao-fogo,81.0,5.0,0.0,0,2.0161,0.2964
-4.0,-45.25,2023-12,0.27425372227097294,nao-fogo,19.0,4.0,0.0,0,0.0,0.0
-11.0,-51.5,2023-12,0.2742323078943421,nao-fogo,2.0,0.0,6.0,0,0.0,0.0
-7.0,-62.75,2023-12,0.27409461312188205,nao-fogo,28.0,5.0,0.0,0,0.0,0.0
-7.25,-52.75,2023-12,0.2739546531860049,nao-fogo,15.0,4.0,0.0,0,0.0,0.0
-8.0,-50.0,2023-12,0.27387464776162984,nao-fogo,6.0,3.0,0.0,0,0.0635,0.0
-5.5,-50.5,2023-12,0.2738299137272816,nao-fogo,50.0,6.0,0.0,0,0.3676,0.0
-1.25,-48.0,2023-12,0.27382453472510115,nao-fogo,18.0,6.0,0.0,0,0.0,0.0
1.5,-61.5,2023-12,0.2736385274103282,nao-fogo,48.0,1.0,0.0,0,0.0,0.0
-5.5,-49.0,2023-12,0.2731750278085545,nao-fogo,25.0,6.0,0.0,0,0.0851,0.0
-14.25,-57.0,2023-12,0.27300195924131315,nao-fogo,4.0,2.0,3.0,0,0.0,0.0
-12.75,-52.5,2023-12,0.27270458110780554,nao-fogo,1.0,1.0,3.0,0,0.0,0.0
-10.25,-52.5,2023-12,0.2725227025126298,nao-fogo,45.0,5.0,0.0,0,0.0,0.0
-4.0,-55.0,2023-12,0.2724572029705758,nao-fogo,11.0,4.0,0.0,0,0.1089,0.0
-6.75,-55.75,2023-12,0.27205902225998757,nao-fogo,53.0,4.0,0.0,0,2.3768999999999996,2.256
-4.25,-46.75,2023-12,0.2719933511619815,nao-fogo,40.0,5.0,0.0,0,4.2395,3.5662
-3.75,-51.75,2023-12,0.27183584255254395,nao-fogo,129.0,4.0,0.0,0,8.8875,2.2177
-3.5,-58.0,2023-12,0.2715571683726249,nao-fogo,58.0,6.0,0.0,0,0.0,0.0
-9.0,-62.5,2023-12,0.27119306688592765,nao-fogo,119.0,3.0,1.0,0,4.2895,0.8235
-3.5,-52.75,2023-12,0.2710788699858161,nao-fogo,20.0,4.0,0.0,0,0.5234,0.0
-13.25,-61.25,2023-12,0.2709884480909056,nao-fogo,28.0,3.0,0.0,0,2.9046,2.9046
-15.25,-60.25,2023-12,0.2709401962117278,nao-fogo,5.0,2.0,1.0,0,0.163,0.0
-2.75,-51.25,2023-12,0.2709236277364159,nao-fogo,60.0,4.0,0.0,0,13.4655,6.9702
-3.5,-50.75,2023-12,0.27082143654775603,nao-fogo,55.0,3.0,0.0,0,0.1573,0.1573
-2.0,-49.75,2023-12,0.27068849872207495,nao-fogo,35.0,5.0,0.0,0,0.0,0.0
3.75,-62.75,2023-12,0.2699705940181538,nao-fogo,2.0,1.0,2.0,0,0.0,0.0
-2.5,-49.0,2023-12,0.2696388352860378,nao-fogo,153.0,6.0,0.0,0,1.5525,0.5033
-7.5,-60.75,2023-12,0.26926909237436364,nao-fogo,75.0,4.0,1.0,0,0.733,0.0
-2.75,-60.0,2023-12,0.2692383798133886,nao-fogo,19.0,4.0,1.0,0,2.6445,1.5292
-1.75,-46.5,2023-12,0.26923631775037304,nao-fogo,27.0,4.0,0.0,0,0.8585,0.8585
-4.5,-70.0,2023-12,0.2690283838152388,nao-fogo,13.0,4.0,0.0,0,0.0,0.0
-10.75,-52.5,2023-12,0.26883003078433343,nao-fogo,9.0,1.0,5.0,0,0.5338,0.0
-3.0,-44.0,2023-12,0.2683884429978374,nao-fogo,32.0,5.0,0.0,0,0.0,0.0
-3.5,-61.25,2023-12,0.26826740934470056,nao-fogo,42.0,4.0,1.0,0,0.0,0.0
-2.5,-46.25,2023-12,0.26811965118058756,nao-fogo,24.0,3.0,0.0,0,1.1373,0.9217
-3.5,-68.25,2023-12,0.26808151502248473,nao-fogo,9.0,2.0,1.0,0,0.0823,0.0823
-6.75,-58.75,2023-12,0.2679019105292614,nao-fogo,157.0,4.0,1.0,0,7.3378,2.6177
-9.25,-61.25,2023-12,0.26772495436011473,nao-fogo,23.0,4.0,0.0,0,42.501999999999995,7.6128
-8.75,-55.0,2023-12,0.26737713533884466,nao-fogo,21.0,4.0,2.0,0,2.5007,0.0
-12.0,-61.0,2023-12,0.2673428558730803,nao-fogo,6.0,2.0,0.0,0,0.8300000000000001,0.3935
-3.75,-51.5,2023-12,0.26733144788303037,nao-fogo,42.0,4.0,0.0,0,1.377,0.2292
-3.75,-59.0,2023-12,0.2669069869812707,nao-fogo,92.0,5.0,0.0,0,0.5198,0.0
-1.75,-55.25,2023-12,0.266900668200945,nao-fogo,212.0,6.0,0.0,0,2.0002,0.3386
-2.5,-58.0,2023-12,0.266823913531722,nao-fogo,68.0,4.0,0.0,0,2.9762999999999997,1.013
-10.75,-55.25,2023-12,0.26677011790276733,nao-fogo,8.0,2.0,2.0,0,0.1552,0.0837
-6.5,-55.0,2023-12,0.2664663663470502,nao-fogo,156.0,5.0,0.0,0,6.249700000000001,0.3774
-12.0,-64.0,2023-12,0.26642994164586925,nao-fogo,14.0,5.0,0.0,0,0.2479,0.0
-3.0,-46.5,2023-12,0.26639083229008215,nao-fogo,2.0,1.0,1.0,0,5.7959,5.7959
-0.5,-61.25,2023-12,0.2663380329065441,nao-fogo,3.0,2.0,0.0,0,0.0,0.0
-10.0,-59.25,2023-12,0.2660648889016764,nao-fogo,40.0,6.0,0.0,0,20.11,7.5512
-11.5,-58.5,2023-12,0.2658404523351568,nao-fogo,6.0,1.0,2.0,0,4.1489,3.0162
-7.25,-72.5,2023-12,0.2658336460510221,nao-fogo,58.0,6.0,0.0,0,1.2151999999999998,0.2521
-7.0,-59.25,2023-12,0.2657984327404192,nao-fogo,140.0,5.0,0.0,0,8.768899999999999,0.2966
-4.0,-65.25,2023-12,0.2656767066020866,nao-fogo,31.0,5.0,0.0,0,0.0,0.0
-16.0,-59.5,2023-12,0.2656747220567535,nao-fogo,7.0,1.0,0.0,0,0.0891,0.0
-15.75,-57.5,2023-12,0.26559775069369607,nao-fogo,0.0,0.0,12.0,0,0.0,0.0
-7.5,-64.5,2023-12,0.2654789451992926,nao-fogo,60.0,5.0,0.0,0,1.3581,0.8746
-4.25,-59.5,2023-12,0.26545350453059274,nao-fogo,20.0,6.0,0.0,0,0.2525,0.0
-4.0,-50.75,2023-12,0.26538921134474525,nao-fogo,41.0,3.0,0.0,0,1.1640000000000001,0.8274
-7.5,-63.5,2023-12,0.26464358312699787,nao-fogo,154.0,5.0,0.0,0,4.1609,0.9387000000000001
-2.5,-59.75,2023-12,0.26403881145437574,nao-fogo,4.0,2.0,0.0,0,0.2176,0.0
1.25,-59.25,2023-12,0.2638697926302841,nao-fogo,2.0,1.0,2.0,0,0.5733,0.0
-5.0,-50.75,2023-12,0.263552962422167,nao-fogo,37.0,5.0,0.0,0,1.2309,0.2525
-3.75,-55.25,2023-12,0.2633298332628676,nao-fogo,15.0,4.0,0.0,0,0.5112,0.0
-15.0,-60.0,2023-12,0.2633174065459914,nao-fogo,46.0,2.0,0.0,0,0.0,0.0
-8.0,-49.75,2023-12,0.2633046966249213,nao-fogo,32.0,6.0,0.0,0,0.1172,0.0
-4.25,-55.5,2023-12,0.2632425096941289,nao-fogo,95.0,6.0,0.0,0,1.8397000000000001,0.1249
-4.0,-48.5,2023-12,0.2623823107418201,nao-fogo,11.0,5.0,1.0,0,15.9448,1.9215999999999998
-11.75,-62.75,2023-12,0.2623010725933493,nao-fogo,7.0,3.0,0.0,0,0.0982,0.0982
-1.5,-52.5,2023-12,0.26215982895075274,nao-fogo,55.0,2.0,0.0,0,0.7458,0.3256
-4.25,-55.0,2023-12,0.26173168287097537,nao-fogo,105.0,5.0,0.0,0,1.2295,0.3163
-14.0,-56.75,2023-12,0.2615631997050805,nao-fogo,0.0,0.0,12.0,0,7.519399999999999,0.8039
-10.75,-51.75,2023-12,0.261555071457076,nao-fogo,16.0,5.0,1.0,0,0.0,0.0
-2.5,-48.5,2023-12,0.2615245632883503,nao-fogo,111.0,6.0,0.0,0,1.4222000000000001,0.3162
3.25,-64.0,2023-12,0.2614359664321268,nao-fogo,1.0,1.0,2.0,0,0.0,0.0
-5.25,-48.75,2023-12,0.26108979429867735,nao-fogo,7.0,4.0,0.0,0,0.077,0.0
-2.5,-44.75,2023-12,0.2609306001786588,nao-fogo,17.0,4.0,0.0,0,0.0,0.0
-1.25,-54.25,2023-12,0.26082162586792507,nao-fogo,117.0,5.0,0.0,0,3.0553999999999997,0.8355
-3.75,-52.25,2023-12,0.26074160776465893,nao-fogo,105.0,5.0,0.0,0,7.919299999999999,3.0962
-4.5,-45.0,2023-12,0.26049052723143307,nao-fogo,6.0,3.0,0.0,0,0.0,0.0
-7.75,-50.0,2023-12,0.26034628782406743,nao-fogo,29.0,6.0,0.0,0,0.0,0.0
-1.75,-52.5,2023-12,0.2600995726692629,nao-fogo,59.0,2.0,0.0,0,0.0,0.0
-4.5,-59.75,2023-12,0.2600939465400777,nao-fogo,30.0,4.0,0.0,0,0.1838,0.0
-12.25,-56.0,2023-12,0.2600426105032687,nao-fogo,1.0,0.0,8.0,0,0.0,0.0
-3.5,-60.75,2023-12,0.2600005521768115,nao-fogo,34.0,4.0,1.0,0,0.1416,0.0
-4.25,-54.25,2023-12,0.25983686862897115,nao-fogo,12.0,3.0,0.0,0,0.9354999999999999,0.39359999999999995
-3.25,-50.5,2023-12,0.2598232719807363,nao-fogo,193.0,4.0,0.0,0,3.6165,0.2017
-6.0,-49.5,2023-12,0.25977027944011727,nao-fogo,18.0,3.0,0.0,0,0.0,0.0
-8.75,-62.5,2023-12,0.2597664033755563,nao-fogo,361.0,5.0,0.0,0,10.6973,2.9439
-3.0,-62.0,2023-12,0.25970269530271983,nao-fogo,7.0,2.0,0.0,0,0.0,0.0
-7.25,-48.75,2023-12,0.2596599458986673,nao-fogo,2.0,1.0,1.0,0,0.0,0.0
-5.25,-50.25,2023-12,0.2594947812202127,nao-fogo,15.0,4.0,0.0,0,0.452,0.0
-15.25,-59.75,2023-12,0.25918043964475657,nao-fogo,18.0,1.0,1.0,0,0.0,0.0
-12.75,-54.0,2023-12,0.2590698455050531,nao-fogo,2.0,0.0,9.0,0,0.4917,0.0
-8.25,-64.0,2023-12,0.2590535229006925,nao-fogo,75.0,5.0,0.0,0,13.875800000000002,1.0889
-2.0,-48.75,2023-12,0.2580489538391388,nao-fogo,135.0,6.0,0.0,0,0.4818,0.0777
-9.25,-59.5,2023-12,0.2579788640149322,nao-fogo,242.0,5.0,0.0,0,21.9512,2.6783
-2.0,-50.0,2023-12,0.25792992389454816,nao-fogo,76.0,4.0,0.0,0,0.0,0.0
-3.25,-58.0,2023-12,0.2578953021198992,nao-fogo,59.0,5.0,0.0,0,0.27180000000000004,0.0
-7.25,-59.75,2023-12,0.25785548447461215,nao-fogo,77.0,5.0,0.0,0,1.6319,0.1153
-12.0,-52.25,2023-12,0.25751197329023473,nao-fogo,3.0,2.0,1.0,0,0.0,0.0
-2.5,-44.5,2023-12,0.2574185360676279,nao-fogo,19.0,3.0,0.0,0,0.0,0.0
-2.75,-52.75,2023-12,0.2573265254348339,nao-fogo,24.0,3.0,0.0,0,20.9592,5.5094
-4.25,-59.75,2023-12,0.2572509284708613,nao-fogo,12.0,3.0,0.0,0,0.0,0.0
-12.75,-62.25,2023-12,0.2569203987843037,nao-fogo,11.0,3.0,0.0,0,0.6464,0.0
-4.75,-49.5,2023-12,0.2568278941564347,nao-fogo,19.0,3.0,0.0,0,1.6537,0.4437
-7.0,-59.5,2023-12,0.25567541902346685,nao-fogo,285.0,5.0,0.0,0,2.2377000000000002,0.6585
-10.5,-57.25,2023-12,0.25511189696322445,nao-fogo,71.0,5.0,0.0,0,5.6659999999999995,1.848
-12.5,-60.5,2023-12,0.2547234760983542,nao-fogo,9.0,4.0,0.0,0,0.0,0.0
-7.25,-60.5,2023-12,0.25467863275095737,nao-fogo,49.0,4.0,1.0,0,0.4104,0.0
-15.75,-58.25,2023-12,0.25451361400665384,nao-fogo,2.0,1.0,3.0,0,0.1179,0.1179
-2.25,-57.5,2023-12,0.2544197387865978,nao-fogo,8.0,3.0,0.0,0,0.1185,0.0
-16.25,-59.75,2023-12,0.25441074457557844,nao-fogo,1.0,0.0,11.0,0,0.0,0.0
-5.25,-48.25,2023-12,0.2543156342163907,nao-fogo,16.0,4.0,0.0,0,0.1106,0.1106
-3.0,-49.75,2023-12,0.25430198835682616,nao-fogo,51.0,4.0,0.0,0,0.0,0.0
-5.75,-48.5,2023-12,0.25427346295644077,nao-fogo,2.0,1.0,0.0,0,0.0,0.0
-10.25,-54.5,2023-12,0.2541359116836691,nao-fogo,5.0,2.0,1.0,0,0.0,0.0
-11.75,-64.0,2023-12,0.2538138427540224,nao-fogo,13.0,2.0,0.0,0,0.0,0.0
-8.0,-63.5,2023-12,0.2534976602898367,nao-fogo,69.0,4.0,1.0,0,0.7050000000000001,0.0668
-3.25,-44.0,2023-12,0.25348949496852513,nao-fogo,36.0,4.0,0.0,0,0.0825,0.0825
-2.75,-49.25,2023-12,0.2532175093626267,nao-fogo,137.0,6.0,0.0,0,2.8583,1.2013
-16.0,-60.0,2023-12,0.2527052842097327,nao-fogo,1.0,0.0,10.0,0,0.0,0.0
-3.0,-46.0,2023-12,0.2526827771189341,nao-fogo,24.0,4.0,0.0,0,0.982,0.0761
-9.75,-61.5,2023-12,0.25254769855664017,nao-fogo,34.0,6.0,0.0,0,20.6748,0.8434999999999999
-5.5,-48.25,2023-12,0.252373808142828,nao-fogo,9.0,1.0,1.0,0,0.5578,0.5578
-14.5,-56.75,2023-12,0.251033013728422,nao-fogo,4.0,3.0,2.0,0,0.0,0.0
-5.5,-52.0,2023-12,0.2510000436162258,nao-fogo,28.0,5.0,0.0,0,0.6452,0.2743
-1.25,-53.0,2023-12,0.2507767339123861,nao-fogo,26.0,4.0,0.0,0,0.6399,0.4056
-9.0,-50.75,2023-12,0.25073279720495345,nao-fogo,53.0,5.0,1.0,0,3.9546,2.1811
-8.75,-63.25,2023-12,0.2506978579207039,nao-fogo,69.0,5.0,0.0,0,0.6374,0.0
-8.25,-55.25,2023-12,0.25061993692597734,nao-fogo,59.0,6.0,0.0,0,6.1633,0.1931
-6.0,-60.0,2023-12,0.25056962637565705,nao-fogo,71.0,4.0,1.0,0,3.7666,0.0
-1.25,-61.25,2023-12,0.2505226561589977,nao-fogo,4.0,0.0,11.0,0,0.0,0.0
-13.25,-60.75,2023-12,0.25037577385261517,nao-fogo,2.0,1.0,4.0,0,0.3885,0.0
-10.75,-53.75,2023-12,0.2503584768945924,nao-fogo,51.0,6.0,0.0,0,30.567899999999995,19.990199999999998
-14.25,-57.5,2023-12,0.2502775608031444,nao-fogo,3.0,2.0,0.0,0,0.0,0.0
-3.25,-46.25,2023-12,0.2502462974815027,nao-fogo,20.0,2.0,0.0,0,0.1104,0.1104
-2.75,-57.0,2023-12,0.2498472997457174,nao-fogo,30.0,4.0,0.0,0,0.5057,0.0
-4.0,-59.0,2023-12,0.24983894561118197,nao-fogo,42.0,5.0,0.0,0,0.6006,0.0
-9.25,-51.0,2023-12,0.24976502624802416,nao-fogo,9.0,3.0,0.0,0,0.0,0.0
-3.5,-51.0,2023-12,0.2495850577615116,nao-fogo,48.0,5.0,0.0,0,0.8381000000000001,0.0
-3.0,-61.0,2023-12,0.24941820898145894,nao-fogo,16.0,4.0,1.0,0,0.5294,0.2
-9.5,-63.75,2023-12,0.24941498645913263,nao-fogo,79.0,6.0,0.0,0,1.4362,0.7634
-2.75,-43.75,2023-12,0.24931757916727149,nao-fogo,5.0,1.0,0.0,0,0.0,0.0
-9.5,-64.75,2023-12,0.2492650349171428,nao-fogo,61.0,5.0,0.0,0,1.8407999999999998,0.5972999999999999
-11.25,-51.5,2023-12,0.24922920316039213,nao-fogo,1.0,1.0,2.0,0,1.8864,0.206
-9.25,-56.0,2023-12,0.24910174511521394,nao-fogo,17.0,4.0,0.0,0,0.2566,0.2566
-6.75,-60.0,2023-12,0.2490914192820229,nao-fogo,176.0,5.0,0.0,0,5.4196,1.6126
-3.5,-55.25,2023-12,0.2489275087971547,nao-fogo,12.0,4.0,0.0,0,0.464,0.1087
-3.75,-50.5,2023-12,0.24874352943284517,nao-fogo,32.0,3.0,0.0,0,1.5143,0.7101
-2.5,-57.5,2023-12,0.2486951449398446,nao-fogo,13.0,4.0,0.0,0,0.0,0.0
-7.0,-48.0,2023-12,0.24860778874397776,nao-fogo,7.0,3.0,0.0,0,0.0,0.0
-15.5,-58.0,2023-12,0.24851294366380963,nao-fogo,0.0,0.0,12.0,0,1.1322,0.584
-10.5,-52.75,2023-12,0.24838441240297565,nao-fogo,16.0,2.0,1.0,0,0.0,0.0
-2.25,-45.5,2023-12,0.24837596785914978,nao-fogo,48.0,4.0,0.0,0,3.3050000000000006,2.2933000000000003
-3.75,-58.75,2023-12,0.24791469769634492,nao-fogo,52.0,6.0,0.0,0,0.3449,0.0
-5.5,-51.5,2023-12,0.24785572955382548,nao-fogo,61.0,4.0,0.0,0,3.9982000000000006,0.8517000000000001
-8.5,-55.25,2023-12,0.2477688517400558,nao-fogo,112.0,4.0,0.0,0,5.5323,3.8582
-3.75,-50.75,2023-12,0.2477399960012946,nao-fogo,27.0,3.0,0.0,0,0.2637,0.0
-10.25,-54.25,2023-12,0.24697559150261114,nao-fogo,23.0,5.0,0.0,0,2.6159,1.3982
-1.25,-52.75,2023-12,0.24690611124904227,nao-fogo,19.0,3.0,0.0,0,5.1861,0.3678
-10.0,-58.0,2023-12,0.246689339612201,nao-fogo,40.0,3.0,0.0,0,20.5565,1.7570000000000001
-10.0,-59.5,2023-12,0.24654633721102237,nao-fogo,29.0,5.0,0.0,0,0.7914,0.4982
-8.25,-62.75,2023-12,0.24647916199126496,nao-fogo,226.0,5.0,0.0,0,1.879,0.2804
-9.75,-62.25,2023-12,0.24626317535602657,nao-fogo,29.0,5.0,0.0,0,1.7530999999999999,0.5382
-1.75,-62.5,2023-12,0.2461175238520911,nao-fogo,13.0,3.0,0.0,0,0.0,0.0
-9.25,-64.5,2023-12,0.24588818269699234,nao-fogo,44.0,5.0,0.0,0,0.5805,0.47300000000000003
-1.75,-48.0,2023-12,0.24566913074802738,nao-fogo,122.0,6.0,0.0,0,0.1735,0.0
-9.25,-67.0,2023-12,0.24534624096228383,nao-fogo,62.0,4.0,0.0,0,0.0,0.0
1.75,-56.0,2023-12,0.2447825041572324,nao-fogo,52.0,5.0,0.0,0,0.0,0.0
-12.75,-57.5,2023-12,0.24472403066775722,nao-fogo,2.0,0.0,8.0,0,0.0,0.0
-12.5,-64.25,2023-12,0.2443944656999417,nao-fogo,10.0,4.0,0.0,0,0.6922,0.3597
-12.75,-55.5,2023-12,0.24409665483328155,nao-fogo,1.0,0.0,9.0,0,0.0,0.0
-8.75,-63.75,2023-12,0.2437275937462475,nao-fogo,14.0,4.0,0.0,0,0.2142,0.0
-10.75,-58.5,2023-12,0.2437229455919265,nao-fogo,21.0,3.0,1.0,0,4.3562,2.7437
-2.5,-52.25,2023-12,0.2434924063509835,nao-fogo,21.0,3.0,0.0,0,0.395,0.395
-3.0,-57.75,2023-12,0.24346150065947775,nao-fogo,43.0,4.0,0.0,0,0.0,0.0
-2.0,-54.0,2023-12,0.24335882987535268,nao-fogo,30.0,2.0,1.0,0,0.0741,0.0
-6.0,-49.25,2023-12,0.24332716929655437,nao-fogo,14.0,4.0,0.0,0,0.1538,0.0
-3.5,-44.75,2023-12,0.24312000468676664,nao-fogo,49.0,5.0,0.0,0,0.0,0.0
-0.25,-66.75,2023-12,0.24306767927195558,nao-fogo,2.0,1.0,3.0,0,0.0,0.0
-2.0,-48.25,2023-12,0.24257025818951436,nao-fogo,189.0,6.0,0.0,0,0.4144,0.0867
-10.5,-57.5,2023-12,0.24256803597748713,nao-fogo,7.0,3.0,0.0,0,5.67,0.0
-9.0,-64.5,2023-12,0.2424043042226777,nao-fogo,36.0,6.0,0.0,0,0.9214,0.1169
-10.0,-55.5,2023-12,0.2423127497950428,nao-fogo,19.0,4.0,1.0,0,2.7855,0.3758
-11.75,-61.25,2023-12,0.24229454254485716,nao-fogo,8.0,4.0,0.0,0,0.0,0.0
-2.0,-61.25,2023-12,0.24226815771638657,nao-fogo,4.0,2.0,0.0,0,0.0,0.0
-10.25,-52.25,2023-12,0.24224857576044986,nao-fogo,31.0,5.0,0.0,0,0.3959,0.0
-10.0,-61.25,2023-12,0.24205337555103898,nao-fogo,20.0,4.0,0.0,0,0.0,0.0
-1.0,-60.5,2023-12,0.24133211318048475,nao-fogo,5.0,2.0,1.0,0,0.0,0.0
-3.5,-48.0,2023-12,0.2412322899626286,nao-fogo,3.0,2.0,1.0,0,21.2245,0.0
-4.5,-49.25,2023-12,0.24095133895552245,nao-fogo,12.0,2.0,1.0,0,0.0,0.0
-9.25,-59.0,2023-12,0.24071496767766354,nao-fogo,45.0,5.0,0.0,0,5.4209000000000005,3.1495
-2.5,-61.0,2023-12,0.24057445436454616,nao-fogo,14.0,3.0,1.0,0,0.081,0.081
-3.0,-56.5,2023-12,0.24041547193861448,nao-fogo,25.0,5.0,0.0,0,17.749499999999998,13.3455
-4.25,-51.0,2023-12,0.24024441288952217,nao-fogo,63.0,4.0,0.0,0,2.4851,0.0714
-1.5,-46.25,2023-12,0.2402118688102853,nao-fogo,18.0,3.0,0.0,0,0.8002,0.476
-4.25,-54.75,2023-12,0.2400605093880956,nao-fogo,94.0,4.0,0.0,0,1.9203,0.2162
-0.75,-60.75,2023-12,0.23991459555224934,nao-fogo,0.0,0.0,12.0,0,0.0882,0.0
-2.25,-49.5,2023-12,0.23982989312813927,nao-fogo,102.0,6.0,0.0,0,0.0,0.0
-5.0,-49.25,2023-12,0.2396083854799757,nao-fogo,23.0,4.0,0.0,0,0.19490000000000002,0.0646
-4.0,-45.5,2023-12,0.23948676756966128,nao-fogo,15.0,4.0,0.0,0,0.0,0.0
-3.25,-60.25,2023-12,0.23946480474166976,nao-fogo,8.0,4.0,1.0,0,1.7681,0.40569999999999995
-3.75,-59.75,2023-12,0.23907847081716482,nao-fogo,100.0,5.0,0.0,0,1.1226,0.1358
-12.5,-52.75,2023-12,0.23900746254442365,nao-fogo,2.0,1.0,3.0,0,0.0,0.0
-4.25,-49.75,2023-12,0.23888828885942429,nao-fogo,10.0,3.0,0.0,0,1.5266,0.5809
-3.75,-60.25,2023-12,0.2387046883208832,nao-fogo,51.0,5.0,0.0,0,0.6302,0.0
-4.5,-51.0,2023-12,0.2386725478605915,nao-fogo,68.0,4.0,0.0,0,0.7488,0.48760000000000003
-13.0,-60.5,2023-12,0.2382549799453559,nao-fogo,2.0,1.0,2.0,0,0.1886,0.0832
-11.5,-58.75,2023-12,0.2377650529084448,nao-fogo,4.0,1.0,3.0,0,5.0458,1.027
-14.0,-60.5,2023-12,0.23773748589589103,nao-fogo,31.0,3.0,0.0,0,0.0979,0.0979
-12.75,-61.0,2023-12,0.2376598164962153,nao-fogo,10.0,4.0,0.0,0,0.0,0.0
-5.25,-46.75,2023-12,0.23715790367749176,nao-fogo,13.0,3.0,1.0,0,0.4435,0.0
-10.75,-57.0,2023-12,0.23704995076353716,nao-fogo,16.0,3.0,0.0,0,7.577299999999999,4.6486
-8.25,-49.0,2023-12,0.2369730657665032,nao-fogo,6.0,4.0,0.0,0,0.0,0.0
-6.75,-55.0,2023-12,0.23694342361321774,nao-fogo,89.0,4.0,0.0,0,2.3195,0.7425999999999999
-16.0,-59.0,2023-12,0.23690597231270533,nao-fogo,0.0,0.0,12.0,0,0.0,0.0
-6.5,-50.0,2023-12,0.2366270206499786,nao-fogo,7.0,3.0,1.0,0,0.2155,0.0
-3.5,-45.5,2023-12,0.23660127190567995,nao-fogo,32.0,4.0,0.0,0,0.851,0.6168
-4.75,-56.0,2023-12,0.23639661048972743,nao-fogo,144.0,5.0,0.0,0,2.4779000000000004,1.5071
-2.75,-55.75,2023-12,0.2363534874885207,nao-fogo,34.0,4.0,0.0,0,23.5936,0.2654
-7.0,-49.5,2023-12,0.2361365503534403,nao-fogo,11.0,1.0,2.0,0,0.1196,0.0
-8.0,-55.0,2023-12,0.23599033542809877,nao-fogo,113.0,5.0,0.0,0,4.741899999999999,1.8475000000000001
-13.5,-59.75,2023-12,0.23597412568835435,nao-fogo,4.0,1.0,5.0,0,0.0,0.0
-7.25,-72.75,2023-12,0.23585404737628002,nao-fogo,97.0,5.0,0.0,0,0.9000999999999999,0.1665
4.75,-61.0,2023-12,0.23562167572888548,nao-fogo,0.0,0.0,21.0,0,0.0,0.0
-13.25,-60.25,2023-12,0.23540693806848784,nao-fogo,5.0,1.0,3.0,0,0.2591,0.0743
-13.75,-60.75,2023-12,0.23536900028559937,nao-fogo,4.0,1.0,2.0,0,0.0,0.0
-9.75,-50.25,2023-12,0.23522741619921897,nao-fogo,7.0,3.0,0.0,0,0.0,0.0
-5.25,-51.0,2023-12,0.23518986833231473,nao-fogo,69.0,6.0,0.0,0,5.535500000000001,0.0
-7.75,-49.25,2023-12,0.23480820376546338,nao-fogo,11.0,3.0,1.0,0,0.3281,0.1898
0.25,-60.25,2023-12,0.23462543969776342,nao-fogo,0.0,0.0,14.0,0,0.116,0.0
-9.0,-64.25,2023-12,0.23442615581402174,nao-fogo,39.0,6.0,0.0,0,0.7243,0.40049999999999997
-15.0,-57.0,2023-12,0.2341434459283499,nao-fogo,0.0,0.0,12.0,0,0.0,0.0
-3.75,-65.0,2023-12,0.23401569105848577,nao-fogo,38.0,4.0,1.0,0,1.0872,0.0
-3.75,-46.25,2023-12,0.2337022117135438,nao-fogo,10.0,3.0,1.0,0,0.0,0.0
-12.25,-60.25,2023-12,0.23354893930405468,nao-fogo,11.0,2.0,2.0,0,1.1275,0.5665
-3.25,-60.75,2023-12,0.23343534763511406,nao-fogo,24.0,5.0,0.0,0,0.5762999999999999,0.2668
-5.25,-49.75,2023-12,0.23338746009987982,nao-fogo,8.0,3.0,0.0,0,0.0629,0.0
-0.75,-47.0,2023-12,0.2333431166209456,nao-fogo,5.0,2.0,0.0,0,0.1934,0.1934
-3.25,-52.25,2023-12,0.23282565830729052,nao-fogo,12.0,4.0,0.0,0,0.15200000000000002,0.0821
-3.5,-58.5,2023-12,0.2324448043268059,nao-fogo,119.0,6.0,0.0,0,0.23609999999999998,0.0
-10.75,-56.75,2023-12,0.23195539342418234,nao-fogo,16.0,3.0,1.0,0,0.744,0.2649
-1.75,-53.25,2023-12,0.23185536981110313,nao-fogo,37.0,5.0,0.0,0,0.328,0.1899
-4.0,-63.5,2023-12,0.2316111447522449,nao-fogo,12.0,5.0,0.0,0,0.5813,0.0
-2.75,-52.5,2023-12,0.23132086221950737,nao-fogo,15.0,2.0,0.0,0,5.5531999999999995,4.3556
-5.75,-49.0,2023-12,0.23125357127806198,nao-fogo,14.0,5.0,0.0,0,0.20879999999999999,0.0993
2.25,-61.5,2023-12,0.23123387561297423,nao-fogo,0.0,0.0,20.0,0,4.8938,3.7721999999999998
-3.75,-64.25,2023-12,0.2310120929768891,nao-fogo,47.0,6.0,0.0,0,0.0844,0.0
-11.25,-57.25,2023-12,0.23060957612402846,nao-fogo,8.0,3.0,1.0,0,0.2346,0.1524
-5.0,-46.25,2023-12,0.23055561395050755,nao-fogo,12.0,5.0,0.0,0,0.5105999999999999,0.2741
0.75,-66.25,2023-12,0.23014078851473233,nao-fogo,1.0,1.0,0.0,0,0.0,0.0
1.25,-56.0,2023-12,0.22986659053660075,nao-fogo,6.0,1.0,0.0,0,0.0,0.0
-1.25,-48.75,2023-12,0.2296826717572747,nao-fogo,7.0,2.0,0.0,0,0.0,0.0
-1.75,-60.5,2023-12,0.22966968744710492,nao-fogo,7.0,3.0,1.0,0,0.0,0.0
-4.25,-53.5,2023-12,0.22907437823357715,nao-fogo,18.0,3.0,0.0,0,0.7126,0.1868
-16.0,-57.75,2023-12,0.22902897910564435,nao-fogo,13.0,2.0,0.0,0,0.0,0.0
-11.5,-51.75,2023-12,0.2290203374643556,nao-fogo,2.0,1.0,3.0,0,0.1947,0.0
-2.75,-59.75,2023-12,0.2287644473582668,nao-fogo,10.0,5.0,0.0,0,0.9544,0.1973
-9.25,-57.75,2023-12,0.22831763454325715,nao-fogo,111.0,5.0,1.0,0,24.841800000000003,17.5179
-0.0,-51.25,2023-12,0.22810367302893927,nao-fogo,59.0,3.0,0.0,0,0.0,0.0
4.0,-62.0,2023-12,0.22810104474636908,nao-fogo,1.0,0.0,7.0,0,0.0,0.0
-4.75,-51.0,2023-12,0.22807883072375282,nao-fogo,36.0,3.0,0.0,0,2.0895,0.5670999999999999
-3.25,-44.75,2023-12,0.22802843499221206,nao-fogo,9.0,5.0,0.0,0,0.0,0.0
-4.75,-49.0,2023-12,0.22718457680472556,nao-fogo,11.0,3.0,0.0,0,0.0,0.0
-4.25,-45.0,2023-12,0.22711290813374496,nao-fogo,5.0,3.0,1.0,0,0.0,0.0
-14.25,-60.5,2023-12,0.22707602828369106,nao-fogo,5.0,1.0,2.0,0,0.0,0.0
-5.75,-49.5,2023-12,0.22686835938820404,nao-fogo,5.0,3.0,0.0,0,0.071,0.071
-3.0,-49.5,2023-12,0.22679031513720507,nao-fogo,184.0,6.0,0.0,0,8.091500000000002,4.298900000000001
-9.25,-59.75,2023-12,0.22662878525776683,nao-fogo,108.0,4.0,0.0,0,7.9776,0.6832
-9.5,-66.5,2023-12,0.22634955589556768,nao-fogo,43.0,5.0,0.0,0,1.6856,0.6595
-1.75,-46.75,2023-12,0.22633502512427034,nao-fogo,4.0,3.0,0.0,0,0.5706,0.4008
0.25,-66.75,2023-12,0.2263152958735426,nao-fogo,0.0,0.0,14.0,0,0.0,0.0
-2.25,-60.0,2023-12,0.22612426985120754,nao-fogo,17.0,3.0,1.0,0,2.4589,0.2553
-15.0,-58.0,2023-12,0.22609154368195916,nao-fogo,0.0,0.0,12.0,0,0.0,0.0
-2.5,-57.75,2023-12,0.22598933469593532,nao-fogo,36.0,5.0,1.0,0,1.8073,1.3973
-3.25,-57.25,2023-12,0.22569628333129116,nao-fogo,20.0,6.0,0.0,0,0.0,0.0
3.25,-62.5,2023-12,0.22555076839402485,nao-fogo,4.0,1.0,2.0,0,0.0,0.0
-10.0,-52.0,2023-12,0.2250164721280963,nao-fogo,23.0,3.0,1.0,0,2.182,0.0
-11.25,-60.75,2023-12,0.22485842290410168,nao-fogo,10.0,2.0,0.0,0,1.5091,1.5091
-3.25,-58.25,2023-12,0.22467179026804862,nao-fogo,30.0,6.0,0.0,0,0.2081,0.0
-4.0,-59.25,2023-12,0.2246113315734474,nao-fogo,31.0,4.0,0.0,0,0.9321999999999999,0.1142
-1.0,-48.75,2023-12,0.22460530764716252,nao-fogo,35.0,5.0,0.0,0,0.0,0.0
-10.0,-64.75,2023-12,0.22434552036752486,nao-fogo,56.0,4.0,0.0,0,2.8635,1.0123
-7.5,-49.25,2023-12,0.2240864372400367,nao-fogo,6.0,4.0,0.0,0,0.0,0.0
-8.0,-61.5,2023-12,0.22378337970592801,nao-fogo,56.0,6.0,0.0,0,0.37,0.21140000000000003
-4.75,-46.75,2023-12,0.2236466204846532,nao-fogo,27.0,4.0,0.0,0,1.7079,0.7441
-7.25,-55.25,2023-12,0.22362762477072068,nao-fogo,42.0,6.0,0.0,0,1.1736,0.266
-6.75,-55.5,2023-12,0.2235044627179293,nao-fogo,60.0,6.0,0.0,0,0.569,0.2689
-6.0,-48.5,2023-12,0.22349944151804715,nao-fogo,4.0,1.0,0.0,0,0.0,0.0
-16.25,-59.25,2023-12,0.2233593869785732,nao-fogo,3.0,1.0,1.0,0,0.0,0.0
-10.0,-51.0,2023-12,0.2231450849215716,nao-fogo,8.0,3.0,1.0,0,0.0,0.0
-2.0,-50.75,2023-12,0.22309365588997834,nao-fogo,115.0,6.0,0.0,0,0.895,0.3845
-9.5,-65.75,2023-12,0.22280785974438058,nao-fogo,63.0,5.0,0.0,0,2.7222,0.0
-3.75,-57.0,2023-12,0.2224812886961624,nao-fogo,76.0,5.0,1.0,0,0.5216,0.0
-9.25,-56.5,2023-12,0.2223630125461533,nao-fogo,12.0,5.0,0.0,0,1.0322,0.8795
-3.75,-55.5,2023-12,0.22233586744001804,nao-fogo,99.0,6.0,0.0,0,3.3381,1.4639
-3.0,-50.75,2023-12,0.22214223065119396,nao-fogo,35.0,3.0,0.0,0,3.197,0.0821
-3.25,-44.5,2023-12,0.22198245724466054,nao-fogo,36.0,6.0,0.0,0,1.3041,0.0
-9.0,-54.5,2023-12,0.22189260595914803,nao-fogo,53.0,4.0,0.0,0,0.9505,0.3286
-0.5,-61.0,2023-12,0.22187478877223005,nao-fogo,2.0,1.0,0.0,0,0.0811,0.0
-9.0,-66.25,2023-12,0.22186682030851868,nao-fogo,46.0,4.0,0.0,0,18.369,3.9529
-4.75,-45.75,2023-12,0.22163340821729194,nao-fogo,109.0,3.0,0.0,0,9.469800000000001,4.7001
-8.0,-63.75,2023-12,0.22155840097876198,nao-fogo,67.0,5.0,0.0,0,1.3132,1.226
-11.75,-51.5,2023-12,0.2215043217880928,nao-fogo,2.0,1.0,0.0,0,3.7385999999999995,0.0664
-3.5,-61.5,2023-12,0.22133654084885032,nao-fogo,56.0,5.0,0.0,0,0.2319,0.0
-10.5,-54.5,2023-12,0.22100888507666097,nao-fogo,30.0,3.0,1.0,0,0.5333,0.0716
-1.0,-52.25,2023-12,0.2209403613682035,nao-fogo,21.0,4.0,0.0,0,0.0,0.0
-10.0,-62.75,2023-12,0.22090286628944347,nao-fogo,11.0,3.0,0.0,0,0.0,0.0
-6.5,-49.5,2023-12,0.22077545300047102,nao-fogo,11.0,2.0,0.0,0,0.0,0.0
-2.75,-55.5,2023-12,0.22067440910955646,nao-fogo,7.0,3.0,0.0,0,0.0782,0.0
1.25,-67.75,2023-12,0.2201816661950765,nao-fogo,1.0,0.0,8.0,0,0.0,0.0
-3.0,-44.5,2023-12,0.2200763747465849,nao-fogo,12.0,3.0,1.0,0,0.0,0.0
-6.0,-48.25,2023-12,0.22005087352892683,nao-fogo,11.0,4.0,0.0,0,0.38189999999999996,0.0984
-2.0,-57.25,2023-12,0.21958367046193292,nao-fogo,13.0,1.0,1.0,0,0.0,0.0
-4.0,-50.25,2023-12,0.21954481422074443,nao-fogo,12.0,3.0,0.0,0,0.3363,0.0
3.25,-63.25,2023-12,0.21952418749730804,nao-fogo,1.0,1.0,2.0,0,0.0,0.0
-2.25,-57.0,2023-12,0.21949223624310243,nao-fogo,133.0,6.0,0.0,0,2.6049,0.6852
-8.5,-50.5,2023-12,0.21934870640656487,nao-fogo,11.0,5.0,0.0,0,0.0,0.0
-9.0,-63.5,2023-12,0.21927494816827162,nao-fogo,38.0,6.0,0.0,0,0.5434,0.0901
0.5,-67.75,2023-12,0.21898156128986196,nao-fogo,1.0,1.0,1.0,0,0.0,0.0
-1.75,-48.75,2023-12,0.2189474121955294,nao-fogo,92.0,6.0,0.0,0,0.0789,0.0
-2.75,-53.5,2023-12,0.21883214881132532,nao-fogo,11.0,3.0,0.0,0,34.1894,8.1997
-5.5,-48.75,2023-12,0.21875682509048233,nao-fogo,13.0,4.0,0.0,0,0.0906,0.0
-1.5,-55.75,2023-12,0.21860300643910324,nao-fogo,148.0,6.0,0.0,0,3.2838000000000003,1.4556
-3.5,-57.5,2023-12,0.21833018241482258,nao-fogo,32.0,6.0,0.0,0,0.0849,0.0849
-5.75,-48.25,2023-12,0.21813486721585343,nao-fogo,9.0,2.0,0.0,0,0.5822,0.4355
-7.75,-49.0,2023-12,0.21801075266844291,nao-fogo,12.0,3.0,1.0,0,0.0,0.0
-2.75,-59.5,2023-12,0.21792486349352772,nao-fogo,25.0,3.0,0.0,0,0.0914,0.0914
-7.25,-49.0,2023-12,0.21781819283472725,nao-fogo,4.0,0.0,6.0,0,0.1715,0.0
-0.0,-65.25,2023-12,0.21744365084636633,nao-fogo,1.0,1.0,1.0,0,0.0,0.0
-3.75,-59.5,2023-12,0.21687233114466345,nao-fogo,145.0,6.0,0.0,0,0.537,0.0737
-14.5,-57.5,2023-12,0.21681883132829533,nao-fogo,6.0,1.0,2.0,0,0.0783,0.0
-3.5,-57.0,2023-12,0.21671734154140346,nao-fogo,70.0,5.0,1.0,0,1.8685,0.5648
-4.5,-50.75,2023-12,0.21639562929410147,nao-fogo,104.0,4.0,0.0,0,4.2052,0.8422000000000001
-1.5,-61.5,2023-12,0.21635619916645854,nao-fogo,9.0,2.0,0.0,0,0.0,0.0
-12.25,-55.75,2023-12,0.21628120024946093,nao-fogo,2.0,0.0,8.0,0,0.0,0.0
-4.75,-46.5,2023-12,0.21611777230703916,nao-fogo,31.0,3.0,0.0,0,8.1296,3.4985999999999997
-1.75,-48.5,2023-12,0.21607704915950549,nao-fogo,142.0,6.0,0.0,0,0.0714,0.0714
-7.75,-49.75,2023-12,0.21590788423286006,nao-fogo,12.0,5.0,0.0,0,0.0,0.0
-5.5,-49.75,2023-12,0.21568550623100732,nao-fogo,22.0,4.0,0.0,0,0.8601,0.0911
-5.75,-50.0,2023-12,0.21536376451022093,nao-fogo,51.0,4.0,0.0,0,0.9759,0.1369
3.25,-64.25,2023-12,0.21532257229113122,nao-fogo,1.0,1.0,2.0,0,0.0,0.0
-10.0,-60.5,2023-12,0.21528825890934095,nao-fogo,70.0,5.0,0.0,0,22.533099999999997,15.692
-1.75,-57.25,2023-12,0.21523094000917395,nao-fogo,3.0,2.0,0.0,0,0.1684,0.0757
-9.0,-60.5,2023-12,0.2149272213719111,nao-fogo,103.0,4.0,1.0,0,14.667399999999999,2.0468
-3.0,-46.25,2023-12,0.21484847574381669,nao-fogo,1.0,0.0,10.0,0,0.0,0.0
-2.0,-52.0,2023-12,0.2146865743823832,nao-fogo,102.0,5.0,0.0,0,2.1307,0.8261000000000001
-8.25,-50.5,2023-12,0.21454847941472044,nao-fogo,8.0,3.0,1.0,0,0.1191,0.1191
-2.0,-61.75,2023-12,0.21431457675264778,nao-fogo,3.0,2.0,0.0,0,0.0,0.0
-4.25,-50.5,2023-12,0.21391508817875746,nao-fogo,30.0,3.0,0.0,0,0.4554,0.1382
-0.25,-61.0,2023-12,0.2137179493572375,nao-fogo,1.0,1.0,1.0,0,0.1327,0.0
-7.0,-50.25,2023-12,0.21371219225090976,nao-fogo,18.0,6.0,0.0,0,0.1711,0.1711
-3.25,-58.5,2023-12,0.21364913677728234,nao-fogo,10.0,4.0,0.0,0,0.0,0.0
-9.75,-64.0,2023-12,0.21317068971312544,nao-fogo,46.0,5.0,0.0,0,2.3525,0.5315
-2.5,-56.75,2023-12,0.21308749098609556,nao-fogo,6.0,3.0,0.0,0,0.0,0.0
-7.0,-52.75,2023-12,0.21295298573045343,nao-fogo,54.0,5.0,0.0,0,11.006,1.9526999999999999
-15.0,-60.25,2023-12,0.2129264239490218,nao-fogo,7.0,3.0,0.0,0,0.0,0.0
-3.0,-55.25,2023-12,0.21291174640452307,nao-fogo,15.0,4.0,0.0,0,0.0,0.0
-10.5,-57.0,2023-12,0.2127999502050806,nao-fogo,3.0,2.0,1.0,0,10.0198,0.0
-11.25,-56.25,2023-12,0.2127779536110825,nao-fogo,2.0,1.0,2.0,0,0.5563,0.0
-3.75,-52.0,2023-12,0.21232385141308752,nao-fogo,201.0,4.0,0.0,0,7.8991,3.5801
-8.25,-49.5,2023-12,0.21210639567868786,nao-fogo,15.0,3.0,1.0,0,0.6620999999999999,0.1492
-4.75,-55.75,2023-12,0.21187136980351637,nao-fogo,126.0,5.0,0.0,0,5.2097,1.3836
3.25,-63.75,2023-12,0.21177011138698182,nao-fogo,2.0,1.0,2.0,0,0.0,0.0
-4.5,-49.5,2023-12,0.21155689334706532,nao-fogo,15.0,3.0,0.0,0,1.7575,0.24109999999999998
-12.25,-60.0,2023-12,0.21146058971891452,nao-fogo,3.0,1.0,2.0,0,0.0,0.0
-3.5,-48.25,2023-12,0.21134560857337176,nao-fogo,5.0,2.0,1.0,0,26.4588,0.0
-14.75,-57.75,2023-12,0.2110499536876733,nao-fogo,14.0,2.0,3.0,0,0.15760000000000002,0.0
-10.0,-60.75,2023-12,0.210953163111501,nao-fogo,67.0,4.0,0.0,0,0.0,0.0
-8.75,-67.0,2023-12,0.210922947721173,nao-fogo,116.0,5.0,0.0,0,3.4754,1.0018
-10.0,-54.75,2023-12,0.2108085956022416,nao-fogo,25.0,5.0,0.0,0,0.4579,0.0933
-7.75,-61.25,2023-12,0.21072372165538603,nao-fogo,151.0,4.0,1.0,0,3.3522,0.0
-0.5,-58.0,2023-12,0.21045937801932368,nao-fogo,9.0,3.0,0.0,0,0.0,0.0
-14.5,-57.25,2023-12,0.21032904590065907,nao-fogo,1.0,1.0,1.0,0,0.2936,0.2936
0.75,-69.75,2023-12,0.2102628289073745,nao-fogo,0.0,0.0,14.0,0,0.0,0.0
-2.75,-50.5,2023-12,0.21026159186445287,nao-fogo,15.0,2.0,0.0,0,33.5828,2.3821
-10.25,-57.0,2023-12,0.21009081266084248,nao-fogo,13.0,2.0,0.0,0,5.945799999999999,5.597099999999999
-2.5,-59.5,2023-12,0.20999618951416277,nao-fogo,6.0,4.0,0.0,0,0.0,0.0
-5.5,-49.5,2023-12,0.20995121874972678,nao-fogo,12.0,2.0,0.0,0,1.2555,0.18
-9.75,-61.25,2023-12,0.20994655161967943,nao-fogo,8.0,3.0,0.0,0,17.813299999999998,0.4986
0.25,-67.25,2023-12,0.20992880696587293,nao-fogo,1.0,1.0,2.0,0,0.0,0.0
-4.0,-50.0,2023-12,0.20992439061127144,nao-fogo,32.0,3.0,0.0,0,0.7227,0.0
-2.25,-51.75,2023-12,0.20978823260625415,nao-fogo,5.0,2.0,0.0,0,4.144499999999999,3.8295
-7.0,-63.0,2023-12,0.2092754730643648,nao-fogo,298.0,5.0,0.0,0,3.8648,0.495
-3.0,-59.5,2023-12,0.2088769984573405,nao-fogo,23.0,5.0,0.0,0,0.0,0.0
-4.25,-63.0,2023-12,0.20866102000906123,nao-fogo,23.0,5.0,0.0,0,0.2161,0.1359
-9.0,-59.5,2023-12,0.20865472964657464,nao-fogo,19.0,2.0,0.0,0,5.253799999999999,0.4499
-9.5,-64.5,2023-12,0.2086079380552916,nao-fogo,45.0,5.0,0.0,0,0.9538,0.37129999999999996
-3.75,-51.25,2023-12,0.2082917190441552,nao-fogo,84.0,4.0,0.0,0,2.7230999999999996,1.0831
-6.5,-48.75,2023-12,0.20772548052674006,nao-fogo,3.0,2.0,0.0,0,0.0,0.0
-2.0,-55.75,2023-12,0.20769597616439275,nao-fogo,8.0,2.0,0.0,0,0.0,0.0
-12.0,-55.75,2023-12,0.20757442407227233,nao-fogo,1.0,0.0,10.0,0,0.0,0.0
-3.0,-58.0,2023-12,0.2075169792427386,nao-fogo,46.0,3.0,1.0,0,0.0,0.0
-7.5,-49.5,2023-12,0.20733517161115747,nao-fogo,14.0,4.0,1.0,0,0.4086,0.0
0.25,-69.25,2023-12,0.207158965292532,nao-fogo,1.0,1.0,1.0,0,0.0,0.0
-3.0,-60.25,2023-12,0.20698960634644906,nao-fogo,5.0,3.0,1.0,0,0.0,0.0
-12.25,-61.5,2023-12,0.20698377220947947,nao-fogo,1.0,1.0,1.0,0,0.0726,0.0726
-12.25,-53.75,2023-12,0.2068452352101294,nao-fogo,0.0,0.0,13.0,0,0.0,0.0
-2.5,-50.0,2023-12,0.20674059668542696,nao-fogo,35.0,4.0,0.0,0,0.3207,0.3207
-1.75,-52.25,2023-12,0.20664194564979116,nao-fogo,38.0,4.0,0.0,0,0.8845,0.2338
-4.5,-55.75,2023-12,0.20660785996516334,nao-fogo,123.0,5.0,0.0,0,1.8314,0.4974
-1.25,-51.75,2023-12,0.20643186553723347,nao-fogo,10.0,2.0,0.0,0,0.5998,0.5998
-9.5,-62.25,2023-12,0.20640239103175043,nao-fogo,17.0,5.0,0.0,0,0.6903999999999999,0.312
-2.0,-51.0,2023-12,0.20634770622774248,nao-fogo,68.0,5.0,0.0,0,0.2545,0.2545
-3.5,-58.75,2023-12,0.20622990135911573,nao-fogo,46.0,6.0,0.0,0,0.5005,0.1401
-6.75,-63.0,2023-12,0.2060559255885227,nao-fogo,166.0,6.0,0.0,0,3.0286,0.0
-1.75,-52.75,2023-12,0.206033707254487,nao-fogo,25.0,2.0,0.0,0,0.0,0.0
-3.75,-52.5,2023-12,0.20560578965028956,nao-fogo,24.0,3.0,0.0,0,1.5923,1.3288
-9.75,-63.25,2023-12,0.20549309554053835,nao-fogo,18.0,4.0,2.0,0,0.6379,0.36050000000000004
-12.75,-63.0,2023-12,0.20497605187724297,nao-fogo,48.0,2.0,0.0,0,0.0,0.0
-9.75,-63.75,2023-12,0.2046326390777564,nao-fogo,19.0,6.0,0.0,0,1.0723,0.6194
-6.5,-48.25,2023-12,0.2040690131943484,nao-fogo,14.0,4.0,0.0,0,0.1037,0.0
-8.75,-64.0,2023-12,0.20376921276352242,nao-fogo,16.0,5.0,0.0,0,0.41940000000000005,0.0
-4.5,-50.0,2023-12,0.20352549992534938,nao-fogo,10.0,3.0,0.0,0,0.1997,0.0
-11.0,-60.75,2023-12,0.20324708916064796,nao-fogo,15.0,3.0,0.0,0,0.4886,0.1028
-11.0,-61.0,2023-12,0.20322652607315586,nao-fogo,16.0,3.0,0.0,0,0.9182,0.4556
-4.5,-56.0,2023-12,0.20315323399794957,nao-fogo,104.0,5.0,0.0,0,1.0893000000000002,0.3657
-2.0,-59.5,2023-12,0.20295801237356215,nao-fogo,3.0,2.0,0.0,0,0.0,0.0
-1.25,-55.0,2023-12,0.2027765722800244,nao-fogo,2.0,2.0,0.0,0,0.0,0.0
-10.0,-56.75,2023-12,0.2026974972165396,nao-fogo,4.0,2.0,4.0,0,0.1098,0.0
-2.5,-49.25,2023-12,0.2025712400022388,nao-fogo,316.0,6.0,0.0,0,0.1504,0.1504
-8.25,-70.75,2023-12,0.20251454800818358,nao-fogo,84.0,6.0,0.0,0,14.363999999999999,0.2989
-11.5,-60.75,2023-12,0.20248893804393311,nao-fogo,3.0,2.0,0.0,0,0.4141,0.2059
-10.25,-55.5,2023-12,0.2024211682851138,nao-fogo,5.0,2.0,3.0,0,0.0,0.0
-8.5,-64.25,2023-12,0.202371481635088,nao-fogo,22.0,4.0,1.0,0,1.109,0.0
-10.5,-63.0,2023-12,0.20179009551097066,nao-fogo,9.0,3.0,0.0,0,0.2192,0.2192
-9.0,-61.5,2023-12,0.2014971485349146,nao-fogo,36.0,3.0,0.0,0,0.7081,0.0
-11.0,-65.25,2023-12,0.20141603027136518,nao-fogo,19.0,4.0,0.0,0,0.747,0.747
-5.5,-60.25,2023-12,0.20132782566795823,nao-fogo,204.0,5.0,0.0,0,4.535900000000001,0.4226
-1.25,-61.75,2023-12,0.20119178436144725,nao-fogo,2.0,1.0,0.0,0,0.0,0.0
-3.25,-59.25,2023-12,0.20090306999641946,nao-fogo,13.0,3.0,1.0,0,1.0095,0.0
-3.75,-44.75,2023-12,0.2007115799895681,nao-fogo,30.0,4.0,0.0,0,0.0,0.0
-0.75,-52.5,2023-12,0.2006244897788503,nao-fogo,17.0,3.0,0.0,0,0.48360000000000003,0.4142
-6.5,-48.5,2023-12,0.20052448982250776,nao-fogo,5.0,4.0,0.0,0,0.072,0.0
-9.75,-62.5,2023-12,0.2003930578786714,nao-fogo,26.0,5.0,0.0,0,0.4661,0.0
-5.5,-51.25,2023-12,0.2001244463847158,nao-fogo,42.0,5.0,0.0,0,1.8211,0.6073
-6.25,-62.5,2023-12,0.20007017852848652,nao-fogo,51.0,3.0,2.0,0,1.9313,0.3993
-7.0,-51.75,2023-12,0.20002286274258255,nao-fogo,42.0,5.0,0.0,0,0.3698,0.265
-9.25,-61.0,2023-12,0.19998244896738432,nao-fogo,110.0,4.0,0.0,0,1.6602999999999999,1.0036
-3.5,-50.25,2023-12,0.19985573016719593,nao-fogo,218.0,5.0,0.0,0,11.048599999999999,5.3408999999999995
-1.25,-55.25,2023-12,0.19978928647775288,nao-fogo,22.0,3.0,0.0,0,0.48519999999999996,0.1273
-0.25,-48.5,2023-12,0.19961801092279166,nao-fogo,12.0,4.0,0.0,0,0.0,0.0
-10.0,-53.5,2023-12,0.19945487910786122,nao-fogo,3.0,2.0,2.0,0,10.2188,0.0
-6.0,-49.0,2023-12,0.19895222788495812,nao-fogo,5.0,3.0,0.0,0,0.1467,0.0
-16.25,-59.5,2023-12,0.1989401186226661,nao-fogo,3.0,1.0,0.0,0,0.0,0.0
2.5,-64.0,2023-12,0.1989263797213404,nao-fogo,1.0,1.0,2.0,0,0.0,0.0
-1.25,-60.5,2023-12,0.19859707946293131,nao-fogo,2.0,2.0,1.0,0,0.0,0.0
-3.5,-53.0,2023-12,0.1985454066311151,nao-fogo,25.0,5.0,0.0,0,0.922,0.4178
-11.0,-68.5,2023-12,0.1982719415385465,nao-fogo,35.0,3.0,1.0,0,1.7332,0.4401
-3.75,-58.5,2023-12,0.19826421716308085,nao-fogo,62.0,6.0,0.0,0,0.22139999999999999,0.0
-3.75,-61.0,2023-12,0.19820744097685836,nao-fogo,35.0,4.0,1.0,0,0.0,0.0
-2.25,-50.75,2023-12,0.19815105343223813,nao-fogo,128.0,5.0,0.0,0,1.8628,0.8192
-9.75,-55.0,2023-12,0.19799269856670182,nao-fogo,10.0,2.0,0.0,0,0.4512,0.3046
-9.75,-56.25,2023-12,0.1979910040856321,nao-fogo,3.0,1.0,1.0,0,0.9745999999999999,0.6341
-9.5,-51.0,2023-12,0.19797767161954627,nao-fogo,11.0,4.0,1.0,0,0.0,0.0
-3.5,-58.25,2023-12,0.19781495997385087,nao-fogo,76.0,6.0,0.0,0,0.1423,0.1423
-2.5,-44.0,2023-12,0.19764939009437582,nao-fogo,5.0,2.0,3.0,0,0.0,0.0
-5.0,-49.75,2023-12,0.19759008456095525,nao-fogo,45.0,5.0,0.0,0,4.1548,2.7903000000000002
-6.5,-49.75,2023-12,0.19755014030810128,nao-fogo,5.0,3.0,1.0,0,0.0,0.0
1.25,-68.25,2023-12,0.19742414740632896,nao-fogo,0.0,0.0,99.0,0,0.0,0.0
-4.5,-46.75,2023-12,0.19701438860692805,nao-fogo,20.0,3.0,0.0,0,0.7167999999999999,0.41569999999999996
-2.5,-66.5,2023-12,0.19684858290243412,nao-fogo,8.0,3.0,0.0,0,0.0,0.0
-9.0,-54.75,2023-12,0.1968361093733635,nao-fogo,18.0,3.0,0.0,0,0.0,0.0
-15.5,-58.75,2023-12,0.1963717247290083,nao-fogo,1.0,1.0,4.0,0,0.0,0.0
-2.0,-50.5,2023-12,0.19630484354620317,nao-fogo,63.0,5.0,0.0,0,0.4395,0.2608
-9.0,-48.75,2023-12,0.19600631984249514,nao-fogo,4.0,2.0,0.0,0,0.0,0.0
-0.0,-66.75,2023-12,0.19582848645702652,nao-fogo,2.0,1.0,2.0,0,0.0,0.0
-0.5,-64.25,2023-12,0.19570323333715184,nao-fogo,1.0,1.0,0.0,0,0.0,0.0
-0.0,-70.0,2023-12,0.1956664398245159,nao-fogo,0.0,0.0,48.0,0,0.0,0.0
-15.0,-59.25,2023-12,0.1954037243739473,nao-fogo,2.0,1.0,2.0,0,0.0,0.0
-1.25,-49.25,2023-12,0.19519284508736265,nao-fogo,61.0,6.0,0.0,0,0.0,0.0
-11.5,-60.5,2023-12,0.1951288127441079,nao-fogo,10.0,3.0,2.0,0,0.3265,0.0
-8.75,-50.5,2023-12,0.19512264328722895,nao-fogo,14.0,4.0,1.0,0,0.3184,0.1711
-7.25,-48.25,2023-12,0.19497299455798675,nao-fogo,12.0,6.0,0.0,0,0.0,0.0
-1.5,-49.25,2023-12,0.1949552569200401,nao-fogo,16.0,6.0,0.0,0,0.0,0.0
-2.5,-44.25,2023-12,0.19489267579598638,nao-fogo,4.0,2.0,0.0,0,0.2569,0.2569
-12.25,-63.5,2023-12,0.19477629709254388,nao-fogo,23.0,3.0,0.0,0,0.0,0.0
-2.75,-67.75,2023-12,0.19468389943008063,nao-fogo,8.0,2.0,2.0,0,0.0,0.0
-13.75,-59.5,2023-12,0.19461786029149036,nao-fogo,3.0,0.0,11.0,0,0.0,0.0
-6.0,-48.75,2023-12,0.1945211406806604,nao-fogo,5.0,2.0,1.0,0,0.1466,0.1466
-4.25,-59.25,2023-12,0.19442571338123402,nao-fogo,11.0,5.0,0.0,0,0.0,0.0
-10.0,-51.25,2023-12,0.19442433973691872,nao-fogo,4.0,2.0,2.0,0,0.0,0.0
1.75,-67.25,2023-12,0.19439724025876046,nao-fogo,0.0,0.0,36.0,0,0.0,0.0
-7.25,-73.0,2023-12,0.19413639908755218,nao-fogo,30.0,5.0,1.0,0,0.5395,0.0
-4.25,-55.25,2023-12,0.19401773969917555,nao-fogo,161.0,6.0,0.0,0,2.9111,0.3756
-9.5,-57.75,2023-12,0.193643921707068,nao-fogo,101.0,6.0,0.0,0,8.874899999999998,6.633699999999999
-3.5,-56.25,2023-12,0.19361644126830374,nao-fogo,5.0,3.0,0.0,0,28.5948,11.3928
-2.75,-52.25,2023-12,0.19359788015016743,nao-fogo,9.0,3.0,0.0,0,17.3998,7.053699999999999
-10.75,-55.5,2023-12,0.19330600992712837,nao-fogo,5.0,0.0,6.0,0,0.0,0.0
-9.5,-62.5,2023-12,0.19325075033921668,nao-fogo,37.0,4.0,0.0,0,0.4399,0.4399
-9.25,-61.5,2023-12,0.19312358574193464,nao-fogo,16.0,3.0,0.0,0,67.1629,4.353899999999999
-13.0,-60.25,2023-12,0.1928245028225941,nao-fogo,4.0,3.0,0.0,0,0.0,0.0
-5.25,-46.25,2023-12,0.1926497227557176,nao-fogo,83.0,5.0,0.0,0,1.5433999999999999,0.9591
-2.0,-49.5,2023-12,0.1926195071413946,nao-fogo,42.0,5.0,0.0,0,0.0,0.0
-9.0,-63.25,2023-12,0.19211933100372394,nao-fogo,16.0,5.0,0.0,0,0.2807,0.2807
-8.5,-64.0,2023-12,0.19204013724844177,nao-fogo,65.0,6.0,0.0,0,2.5993,0.8203
-7.5,-61.0,2023-12,0.192024530280859,nao-fogo,61.0,3.0,1.0,0,3.4108,0.0
-0.5,-63.5,2023-12,0.19201299366486194,nao-fogo,1.0,1.0,0.0,0,0.0,0.0
-11.0,-57.75,2023-12,0.19157535616109708,nao-fogo,17.0,3.0,1.0,0,0.0,0.0
-5.5,-50.0,2023-12,0.19109846218439164,nao-fogo,12.0,4.0,0.0,0,0.4769,0.0
-9.25,-62.5,2023-12,0.19109305758494285,nao-fogo,28.0,5.0,0.0,0,0.5189,0.0
-9.75,-60.5,2023-12,0.19108182480734628,nao-fogo,42.0,4.0,0.0,0,23.286700000000003,3.4714
-3.5,-64.25,2023-12,0.19090966434086995,nao-fogo,29.0,4.0,1.0,0,0.0,0.0
-6.25,-49.5,2023-12,0.19088982208717845,nao-fogo,6.0,4.0,0.0,0,0.0,0.0
-4.25,-54.0,2023-12,0.1908650649672973,nao-fogo,22.0,4.0,0.0,0,0.5999000000000001,0.0
-4.0,-52.25,2023-12,0.19079219894682647,nao-fogo,63.0,5.0,0.0,0,1.7933,0.4346
-6.5,-49.0,2023-12,0.1907285893467637,nao-fogo,3.0,2.0,0.0,0,0.0,0.0
-9.5,-56.0,2023-12,0.19066891402440328,nao-fogo,34.0,5.0,0.0,0,6.5456,2.3566
-11.25,-57.0,2023-12,0.19052305611334786,nao-fogo,4.0,2.0,2.0,0,0.3796,0.0
-9.5,-61.5,2023-12,0.19032769046874354,nao-fogo,24.0,4.0,0.0,0,3.0727,0.0
-4.25,-52.25,2023-12,0.19023556845181847,nao-fogo,9.0,2.0,0.0,0,0.1977,0.1977
-2.75,-51.75,2023-12,0.19017866314576046,nao-fogo,211.0,5.0,0.0,0,31.540599999999994,24.696299999999997
-9.5,-61.75,2023-12,0.19015124673376674,nao-fogo,10.0,2.0,0.0,0,8.164399999999999,4.9437999999999995
-10.0,-57.5,2023-12,0.19011176463826507,nao-fogo,27.0,4.0,1.0,0,0.6239,0.0
-13.0,-57.5,2023-12,0.19005050257672668,nao-fogo,1.0,0.0,8.0,0,0.0,0.0
-6.5,-63.0,2023-12,0.18988953011552656,nao-fogo,96.0,3.0,1.0,0,1.044,0.088
-9.0,-50.5,2023-12,0.1898709526696281,nao-fogo,17.0,3.0,0.0,0,0.0934,0.0934
-13.25,-60.5,2023-12,0.1897069144464263,nao-fogo,3.0,1.0,3.0,0,0.1474,0.1474
-2.5,-46.5,2023-12,0.18962507710035692,nao-fogo,29.0,3.0,0.0,0,0.9464,0.6883
-10.5,-58.75,2023-12,0.18947208630864387,nao-fogo,7.0,3.0,0.0,0,8.2595,8.1175
-9.75,-60.75,2023-12,0.18930567312095917,nao-fogo,55.0,4.0,0.0,0,0.1627,0.0
-4.25,-51.25,2023-12,0.1892954810492165,nao-fogo,13.0,4.0,0.0,0,0.867,0.2659
-6.0,-49.75,2023-12,0.18863499148799723,nao-fogo,14.0,5.0,0.0,0,0.1666,0.0
-4.75,-59.5,2023-12,0.1883693033880278,nao-fogo,24.0,4.0,0.0,0,0.0,0.0
-2.25,-67.25,2023-12,0.18826288791310858,nao-fogo,7.0,3.0,0.0,0,0.0,0.0
-14.75,-56.75,2023-12,0.18783212018254392,nao-fogo,1.0,0.0,6.0,0,0.0,0.0
-11.75,-62.5,2023-12,0.18766063187115745,nao-fogo,6.0,3.0,1.0,0,1.0864,0.2178
-9.75,-65.75,2023-12,0.18720818007066747,nao-fogo,38.0,5.0,0.0,0,1.7134,0.3187
-8.5,-62.5,2023-12,0.18715877535817316,nao-fogo,110.0,4.0,1.0,0,4.0244,0.2104
-5.25,-46.5,2023-12,0.18713040855053442,nao-fogo,12.0,4.0,0.0,0,0.0,0.0
-9.5,-64.0,2023-12,0.18705455819027383,nao-fogo,56.0,4.0,0.0,0,1.1892,0.14100000000000001
-2.75,-60.75,2023-12,0.18700220265149162,nao-fogo,7.0,2.0,1.0,0,0.0686,0.0
-15.75,-60.0,2023-12,0.1869571769827971,nao-fogo,2.0,1.0,5.0,0,0.0,0.0
-9.75,-54.75,2023-12,0.18686007265565432,nao-fogo,15.0,5.0,0.0,0,0.7162,0.46699999999999997
-0.75,-52.75,2023-12,0.18674963975244618,nao-fogo,11.0,4.0,0.0,0,0.0,0.0
-1.25,-62.5,2023-12,0.1867429173332258,nao-fogo,2.0,1.0,0.0,0,0.0,0.0
-9.5,-51.75,2023-12,0.18661228945455807,nao-fogo,6.0,3.0,1.0,0,0.8569,0.3991
-3.25,-52.75,2023-12,0.18660904390886576,nao-fogo,3.0,2.0,0.0,0,0.9372,0.5779
-6.25,-52.5,2023-12,0.18652020754989238,nao-fogo,63.0,4.0,0.0,0,1.9737,0.6512
-2.5,-49.75,2023-12,0.1861509031311114,nao-fogo,204.0,6.0,0.0,0,0.0,0.0
-1.75,-56.5,2023-12,0.1859137203119349,nao-fogo,7.0,2.0,1.0,0,22.6223,2.2497
-3.0,-60.0,2023-12,0.1859081259823363,nao-fogo,5.0,3.0,2.0,0,0.3974,0.0
-5.75,-53.5,2023-12,0.18589591777890987,nao-fogo,176.0,5.0,0.0,0,7.8795,2.1763000000000003
-6.0,-50.0,2023-12,0.185704781053019,nao-fogo,31.0,4.0,0.0,0,0.0,0.0
-14.75,-58.0,2023-12,0.18569138558063678,nao-fogo,1.0,0.0,8.0,0,0.0,0.0
-10.0,-62.25,2023-12,0.18560679878329103,nao-fogo,11.0,3.0,0.0,0,0.0,0.0
-7.25,-49.75,2023-12,0.18548747304520516,nao-fogo,7.0,2.0,2.0,0,0.3211,0.0
-7.5,-50.25,2023-12,0.1854633634184517,nao-fogo,23.0,5.0,0.0,0,0.7465,0.7465
-1.0,-51.75,2023-12,0.1853275024686546,nao-fogo,16.0,2.0,0.0,0,0.0,0.0
-0.5,-60.25,2023-12,0.1853183458746775,nao-fogo,3.0,2.0,1.0,0,0.0806,0.0
-9.0,-62.75,2023-12,0.18507878717272763,nao-fogo,15.0,4.0,0.0,0,5.5299000000000005,1.2293
-2.0,-49.25,2023-12,0.1850277411396627,nao-fogo,9.0,2.0,1.0,0,0.0,0.0
-6.75,-49.0,2023-12,0.18465249793501481,nao-fogo,5.0,3.0,1.0,0,0.0,0.0
-9.75,-62.0,2023-12,0.1846030907855993,nao-fogo,8.0,3.0,0.0,0,0.3113,0.1407
-3.5,-46.5,2023-12,0.18457564786770675,nao-fogo,5.0,2.0,0.0,0,0.0,0.0
-10.25,-57.25,2023-12,0.18436424697546666,nao-fogo,23.0,4.0,0.0,0,1.3883,1.0682
-11.75,-60.75,2023-12,0.18413765098774962,nao-fogo,7.0,4.0,0.0,0,2.0368000000000004,1.6251000000000002
-14.25,-57.25,2023-12,0.18404375572093506,nao-fogo,1.0,0.0,11.0,0,0.0,0.0
-13.5,-60.0,2023-12,0.18390997252299177,nao-fogo,1.0,1.0,2.0,0,0.36879999999999996,0.2563
-9.0,-62.0,2023-12,0.18384603151575857,nao-fogo,5.0,2.0,0.0,0,6.2344,6.0552
-2.75,-49.75,2023-12,0.18379574943598526,nao-fogo,121.0,5.0,0.0,0,2.1946999999999997,2.0195
-0.0,-68.5,2023-12,0.18363188107858544,nao-fogo,1.0,1.0,3.0,0,0.0,0.0
-12.0,-61.5,2023-12,0.18347214932204506,nao-fogo,1.0,0.0,11.0,0,0.0,0.0
-15.75,-58.5,2023-12,0.18313778843815012,nao-fogo,0.0,0.0,27.0,0,0.0,0.0
-15.25,-57.0,2023-12,0.18301597648385556,nao-fogo,0.0,0.0,23.0,0,0.0,0.0
-8.25,-55.0,2023-12,0.1829350264222525,nao-fogo,45.0,6.0,0.0,0,2.2876,0.2509
-7.75,-49.5,2023-12,0.18292031697783342,nao-fogo,22.0,5.0,0.0,0,0.4162,0.0669
-8.5,-63.0,2023-12,0.1826986284922533,nao-fogo,71.0,5.0,0.0,0,19.2891,0.636
-8.75,-67.25,2023-12,0.1826863415119744,nao-fogo,116.0,6.0,0.0,0,1.5329,1.1339
-6.0,-51.75,2023-12,0.18266313855852848,nao-fogo,35.0,4.0,0.0,0,0.9876,0.0
-5.5,-47.25,2023-12,0.18239844239763378,nao-fogo,1.0,0.0,10.0,0,0.0,0.0
-5.25,-50.0,2023-12,0.18230607963273848,nao-fogo,27.0,4.0,0.0,0,0.4942,0.1719
-10.0,-55.75,2023-12,0.18226861950860618,nao-fogo,3.0,3.0,1.0,0,0.0,0.0
-15.25,-58.25,2023-12,0.18222788149339,nao-fogo,1.0,1.0,2.0,0,0.0,0.0
-11.75,-61.5,2023-12,0.1821439973544119,nao-fogo,1.0,0.0,11.0,0,0.1935,0.0
-9.0,-61.75,2023-12,0.18198433447875625,nao-fogo,16.0,4.0,0.0,0,0.78,0.063
-11.25,-57.75,2023-12,0.18185276004612086,nao-fogo,8.0,4.0,0.0,0,0.2074,0.0
-3.0,-61.75,2023-12,0.1817775395924136,nao-fogo,8.0,4.0,0.0,0,0.0,0.0
-10.0,-58.75,2023-12,0.18129480737436449,nao-fogo,8.0,2.0,0.0,0,3.5429,3.1397
-2.5,-60.0,2023-12,0.18121047738290372,nao-fogo,5.0,2.0,2.0,0,0.0939,0.0
-9.75,-50.5,2023-12,0.1812075841395267,nao-fogo,17.0,3.0,0.0,0,0.8708,0.0
-9.25,-60.75,2023-12,0.1811688373621879,nao-fogo,160.0,5.0,0.0,0,40.271699999999996,7.479700000000001
-15.75,-59.0,2023-12,0.18112290972365427,nao-fogo,6.0,3.0,0.0,0,0.0,0.0
-2.25,-51.0,2023-12,0.18100221938528496,nao-fogo,51.0,6.0,0.0,0,0.34219999999999995,0.2537
-1.25,-56.75,2023-12,0.180899703139746,nao-fogo,0.0,0.0,99.0,0,0.0,0.0
-5.25,-49.5,2023-12,0.18042960565561683,nao-fogo,4.0,2.0,0.0,0,1.3543999999999998,0.239
0.25,-61.0,2023-12,0.1800163377906794,nao-fogo,1.0,1.0,2.0,0,0.0,0.0
-2.0,-59.75,2023-12,0.17992456316111383,nao-fogo,12.0,4.0,1.0,0,0.0,0.0
-10.75,-57.5,2023-12,0.1797635335441507,nao-fogo,108.0,6.0,0.0,0,6.6193,2.2443999999999997
-6.0,-52.5,2023-12,0.17975240039093085,nao-fogo,33.0,4.0,0.0,0,0.2548,0.0
-6.0,-57.75,2023-12,0.17966749673156898,nao-fogo,183.0,5.0,0.0,0,7.3364,1.3926
-9.75,-63.0,2023-12,0.17919863301314493,nao-fogo,10.0,4.0,1.0,0,0.7387,0.20029999999999998
-15.75,-59.5,2023-12,0.17904940894587984,nao-fogo,34.0,2.0,0.0,0,0.0,0.0
-8.25,-50.25,2023-12,0.1789334294628514,nao-fogo,14.0,4.0,0.0,0,0.0666,0.0
-8.75,-48.75,2023-12,0.17874540545022954,nao-fogo,7.0,4.0,1.0,0,0.2338,0.0
-10.5,-59.0,2023-12,0.17834138249781084,nao-fogo,6.0,1.0,1.0,0,7.216700000000001,0.0
-2.25,-52.25,2023-12,0.17823204609067633,nao-fogo,12.0,3.0,0.0,0,0.1474,0.1474
-3.0,-60.5,2023-12,0.17792964365713446,nao-fogo,0.0,0.0,13.0,0,0.3821,0.0
-11.75,-61.75,2023-12,0.17781967580602423,nao-fogo,2.0,1.0,1.0,0,0.0,0.0
-12.5,-60.75,2023-12,0.17758363263928462,nao-fogo,3.0,2.0,0.0,0,0.0,0.0
-4.25,-49.5,2023-12,0.17757960165910136,nao-fogo,3.0,2.0,0.0,0,0.1773,0.0785
-3.25,-56.5,2023-12,0.17755898924112085,nao-fogo,11.0,3.0,1.0,0,34.1235,10.3195
-3.5,-59.0,2023-12,0.177308662932089,nao-fogo,116.0,5.0,0.0,0,0.7085,0.07
0.5,-59.25,2023-12,0.17702513040754636,nao-fogo,6.0,3.0,0.0,0,0.0,0.0
-5.25,-60.0,2023-12,0.17702081540652903,nao-fogo,66.0,5.0,0.0,0,0.7525,0.5034
-12.5,-61.0,2023-12,0.17688317472139678,nao-fogo,1.0,0.0,6.0,0,1.8724999999999998,1.6743
-10.25,-59.5,2023-12,0.17685082847457143,nao-fogo,18.0,4.0,1.0,0,2.8184,1.8902
-7.75,-72.5,2023-12,0.1767040680627981,nao-fogo,94.0,6.0,0.0,0,0.6722,0.184
-9.0,-51.0,2023-12,0.17645498312469415,nao-fogo,23.0,2.0,1.0,0,2.1782,0.1975
-0.75,-62.75,2023-12,0.17611039219024963,nao-fogo,1.0,1.0,1.0,0,0.0,0.0
-10.0,-60.0,2023-12,0.17610294963947112,nao-fogo,18.0,4.0,0.0,0,5.9211,4.5479
-9.0,-57.5,2023-12,0.17596835227119714,nao-fogo,9.0,3.0,0.0,0,0.0,0.0
-13.5,-54.75,2023-12,0.17592645326886908,nao-fogo,0.0,0.0,22.0,0,0.0,0.0
-8.75,-48.5,2023-12,0.17573561201404744,nao-fogo,6.0,4.0,0.0,0,0.0,0.0
3.25,-63.0,2023-12,0.1754625205904661,nao-fogo,1.0,1.0,1.0,0,0.0,0.0
-10.5,-56.25,2023-12,0.17542790384077706,nao-fogo,8.0,3.0,2.0,0,0.0,0.0
-8.5,-49.5,2023-12,0.17507459084915764,nao-fogo,19.0,4.0,0.0,0,2.9093999999999998,0.9111
2.75,-62.5,2023-12,0.17480539717306323,nao-fogo,1.0,1.0,2.0,0,0.0,0.0
-6.0,-52.75,2023-12,0.1748047475940947,nao-fogo,32.0,4.0,0.0,0,1.1101,0.3128
-1.0,-62.75,2023-12,0.1747963950498291,nao-fogo,1.0,1.0,2.0,0,0.0,0.0
-1.5,-57.75,2023-12,0.1746195780120217,nao-fogo,7.0,1.0,1.0,0,0.0,0.0
-10.25,-51.5,2023-12,0.17460966865721056,nao-fogo,9.0,5.0,1.0,0,0.3769,0.0
-2.5,-52.5,2023-12,0.1745527095885374,nao-fogo,7.0,2.0,0.0,0,0.0,0.0
-2.25,-57.25,2023-12,0.1742338702475116,nao-fogo,12.0,4.0,0.0,0,0.3382,0.0
-3.5,-68.75,2023-12,0.1742327695933469,nao-fogo,10.0,2.0,1.0,0,0.1648,0.0
-3.0,-59.0,2023-12,0.17414429003945356,nao-fogo,14.0,4.0,0.0,0,0.4304,0.0
-15.0,-56.75,2023-12,0.1735172894937537,nao-fogo,1.0,0.0,9.0,0,0.0,0.0
-7.5,-64.0,2023-12,0.1733011846868777,nao-fogo,21.0,2.0,1.0,0,0.4762,0.0
-9.0,-65.5,2023-12,0.17317572395249353,nao-fogo,49.0,4.0,0.0,0,4.2773,0.0742
-10.25,-53.75,2023-12,0.1730544933063997,nao-fogo,12.0,3.0,1.0,0,13.1019,2.7997
-6.5,-60.0,2023-12,0.17300073241248887,nao-fogo,108.0,5.0,0.0,0,1.6649,0.5157
-4.5,-55.5,2023-12,0.17299562368800742,nao-fogo,184.0,6.0,0.0,0,1.8154,0.5832
-0.25,-51.5,2023-12,0.17294593966800442,nao-fogo,74.0,3.0,0.0,0,0.0,0.0
-7.5,-48.5,2023-12,0.17293829388794948,nao-fogo,5.0,2.0,0.0,0,0.0,0.0
-10.5,-63.25,2023-12,0.1728948290719762,nao-fogo,11.0,4.0,0.0,0,0.496,0.0
-1.5,-48.75,2023-12,0.1728660731933064,nao-fogo,7.0,3.0,0.0,0,0.2422,0.0
-10.75,-65.0,2023-12,0.1728370929658357,nao-fogo,8.0,3.0,1.0,0,0.0,0.0
-10.0,-64.25,2023-12,0.17279673482298366,nao-fogo,47.0,4.0,0.0,0,0.6464,0.2283
-10.25,-62.0,2023-12,0.17250975553932554,nao-fogo,30.0,4.0,1.0,0,0.852,0.2324
-9.5,-59.0,2023-12,0.17238174416053315,nao-fogo,24.0,3.0,0.0,0,1.5941,0.0766
-10.25,-62.25,2023-12,0.1723712363354734,nao-fogo,4.0,0.0,8.0,0,0.8171,0.1492
-7.25,-50.75,2023-12,0.17228497550153285,nao-fogo,23.0,5.0,0.0,0,0.1297,0.1297
-13.0,-62.75,2023-12,0.17212775648525463,nao-fogo,38.0,2.0,0.0,0,0.0,0.0
-1.5,-60.5,2023-12,0.17189086289077338,nao-fogo,2.0,2.0,2.0,0,0.0752,0.0752
-11.25,-62.0,2023-12,0.17179201013442674,nao-fogo,4.0,1.0,3.0,0,0.0,0.0
-10.25,-63.25,2023-12,0.17167262078383466,nao-fogo,8.0,4.0,0.0,0,0.9531,0.0
-7.0,-50.0,2023-12,0.17159551973235296,nao-fogo,3.0,1.0,0.0,0,0.0,0.0
-10.5,-64.25,2023-12,0.1714566929535503,nao-fogo,44.0,4.0,0.0,0,0.0,0.0
-10.5,-58.0,2023-12,0.17124724265038155,nao-fogo,14.0,4.0,0.0,0,1.4943,1.2498
1.75,-55.75,2023-12,0.1707105929132192,nao-fogo,140.0,4.0,1.0,0,0.0,0.0
-8.5,-62.75,2023-12,0.17054789792241018,nao-fogo,205.0,4.0,1.0,0,3.6712000000000002,0.2567
-5.75,-57.75,2023-12,0.17040168503927142,nao-fogo,57.0,4.0,1.0,0,0.6924,0.0
-12.0,-64.25,2023-12,0.17038009368789805,nao-fogo,15.0,4.0,0.0,0,3.6887,0.1283
-5.75,-51.25,2023-12,0.17036896872128882,nao-fogo,17.0,5.0,0.0,0,0.0904,0.0904
-10.5,-59.25,2023-12,0.17016752709385513,nao-fogo,2.0,1.0,5.0,0,4.333200000000001,0.7888
-12.25,-62.25,2023-12,0.1701625141284561,nao-fogo,7.0,3.0,0.0,0,0.0,0.0
-13.0,-61.0,2023-12,0.17004629609369917,nao-fogo,1.0,0.0,7.0,0,0.0,0.0
-5.25,-49.0,2023-12,0.1699686239128712,nao-fogo,15.0,4.0,0.0,0,0.0646,0.0
-15.75,-57.75,2023-12,0.16975469165634816,nao-fogo,2.0,1.0,0.0,0,0.23070000000000002,0.0
-11.0,-62.0,2023-12,0.1697356010785987,nao-fogo,2.0,1.0,3.0,0,0.0,0.0
-6.25,-62.75,2023-12,0.16965555634179777,nao-fogo,43.0,4.0,0.0,0,0.0713,0.0713
-6.0,-51.0,2023-12,0.1695506472556291,nao-fogo,20.0,4.0,0.0,0,0.0922,0.0922
0.75,-64.5,2023-12,0.16933527427882808,nao-fogo,1.0,0.0,11.0,0,0.0,0.0
-6.25,-49.25,2023-12,0.16923020737173292,nao-fogo,6.0,3.0,1.0,0,0.3093,0.1106
-4.25,-44.75,2023-12,0.16907844608467792,nao-fogo,4.0,2.0,0.0,0,0.0,0.0
-7.75,-67.0,2023-12,0.16883649908830375,nao-fogo,72.0,5.0,0.0,0,1.7163000000000002,0.0
-3.25,-57.5,2023-12,0.16879427147659143,nao-fogo,27.0,5.0,0.0,0,0.3798,0.0
-7.25,-49.25,2023-12,0.16826191471233445,nao-fogo,7.0,2.0,1.0,0,2.7201000000000004,0.6096
0.5,-68.75,2023-12,0.16771015580005968,nao-fogo,0.0,0.0,99.0,0,0.0,0.0
-10.5,-55.25,2023-12,0.16760074605964617,nao-fogo,3.0,2.0,0.0,0,0.0,0.0
3.0,-63.75,2023-12,0.16754423272518537,nao-fogo,5.0,3.0,1.0,0,0.0,0.0
-8.0,-48.5,2023-12,0.16754002253361802,nao-fogo,5.0,2.0,2.0,0,0.0,0.0
-9.75,-57.5,2023-12,0.16743551718785973,nao-fogo,52.0,6.0,0.0,0,0.0967,0.0
-7.5,-49.0,2023-12,0.16714593080523804,nao-fogo,4.0,2.0,1.0,0,0.2652,0.2652
-8.5,-63.25,2023-12,0.16699531827353142,nao-fogo,48.0,5.0,0.0,0,1.0698,0.2163
-8.5,-67.25,2023-12,0.1669679086339281,nao-fogo,54.0,4.0,1.0,0,1.5436,0.9626000000000001
-1.75,-50.0,2023-12,0.16692634486234745,nao-fogo,41.0,5.0,0.0,0,0.0,0.0
-2.5,-49.5,2023-12,0.16648672858478406,nao-fogo,151.0,6.0,0.0,0,0.4053,0.0
-8.5,-50.0,2023-12,0.16609970569124086,nao-fogo,12.0,4.0,0.0,0,0.48239999999999994,0.0
-6.5,-51.25,2023-12,0.16582059755234152,nao-fogo,24.0,4.0,1.0,0,0.0,0.0
-2.75,-53.75,2023-12,0.16579091438781157,nao-fogo,3.0,1.0,1.0,0,40.3227,7.5964
-1.75,-49.75,2023-12,0.16578220744652067,nao-fogo,58.0,5.0,0.0,0,0.0,0.0
-12.25,-61.75,2023-12,0.1657676952427707,nao-fogo,7.0,3.0,0.0,0,0.1814,0.0
-0.75,-63.0,2023-12,0.16564294515917494,nao-fogo,4.0,3.0,0.0,0,0.0,0.0
-3.0,-51.25,2023-12,0.16553616478484942,nao-fogo,124.0,4.0,0.0,0,7.670399999999999,3.1552
-1.0,-53.25,2023-12,0.1654094107429223,nao-fogo,8.0,2.0,0.0,0,0.2706,0.2706
-4.0,-50.5,2023-12,0.1653696607096969,nao-fogo,26.0,3.0,0.0,0,0.4167,0.1457
-3.0,-52.0,2023-12,0.16535936053589761,nao-fogo,5.0,2.0,0.0,0,0.5351,0.3478
-12.0,-63.75,2023-12,0.16519952168398983,nao-fogo,5.0,2.0,2.0,0,0.241,0.241
-1.0,-60.25,2023-12,0.16515179945652153,nao-fogo,1.0,1.0,1.0,0,0.0,0.0
-9.0,-69.0,2023-12,0.1650607362668146,nao-fogo,24.0,3.0,1.0,0,5.487,0.9865999999999999
1.0,-67.75,2023-12,0.16491246611878335,nao-fogo,1.0,1.0,2.0,0,0.0,0.0
-11.75,-64.75,2023-12,0.1648566377296845,nao-fogo,9.0,3.0,1.0,0,0.221,0.221
-9.25,-57.0,2023-12,0.16485598206935678,nao-fogo,56.0,5.0,1.0,0,2.2371000000000003,0.2269
-6.5,-62.75,2023-12,0.1647678194074005,nao-fogo,64.0,4.0,1.0,0,0.4526,0.1053
-2.75,-65.75,2023-12,0.1644748302747834,nao-fogo,2.0,2.0,0.0,0,0.0,0.0
-7.0,-59.75,2023-12,0.16441289078759724,nao-fogo,233.0,5.0,0.0,0,3.0164999999999997,0.8412
-1.0,-52.0,2023-12,0.1642611217601674,nao-fogo,43.0,4.0,0.0,0,0.0,0.0
-10.25,-60.75,2023-12,0.16400028132522285,nao-fogo,4.0,2.0,0.0,0,0.0,0.0
-10.0,-57.75,2023-12,0.1637235723841118,nao-fogo,55.0,5.0,0.0,0,1.9296000000000002,0.2107
-8.0,-63.0,2023-12,0.16355863814649976,nao-fogo,62.0,3.0,1.0,0,0.3631,0.2612
-10.5,-53.0,2023-12,0.16313319029739856,nao-fogo,14.0,3.0,1.0,0,0.0,0.0
-1.75,-62.25,2023-12,0.16304944206759522,nao-fogo,6.0,3.0,0.0,0,0.0,0.0
-4.25,-69.75,2023-12,0.16300174216852653,nao-fogo,12.0,3.0,1.0,0,0.0,0.0
-3.0,-58.75,2023-12,0.1628318165950045,nao-fogo,4.0,4.0,1.0,0,0.0,0.0
-1.75,-62.0,2023-12,0.16281203277352824,nao-fogo,4.0,1.0,0.0,0,0.0,0.0
-1.0,-54.0,2023-12,0.16277197747618546,nao-fogo,10.0,3.0,0.0,0,1.3578000000000001,0.3734
-11.25,-59.25,2023-12,0.16275206261398922,nao-fogo,7.0,1.0,2.0,0,0.2166,0.0
-10.75,-58.0,2023-12,0.16265342566811417,nao-fogo,16.0,3.0,2.0,0,32.0573,14.8429
-12.25,-62.0,2023-12,0.16263328961649476,nao-fogo,2.0,2.0,0.0,0,0.6304,0.39549999999999996
-10.5,-65.0,2023-12,0.16258075260165583,nao-fogo,14.0,5.0,0.0,0,0.43789999999999996,0.1004
-4.5,-60.0,2023-12,0.16225576239705192,nao-fogo,35.0,4.0,0.0,0,1.013,0.0
-7.75,-48.75,2023-12,0.16214028386823004,nao-fogo,4.0,2.0,0.0,0,0.0,0.0
-13.5,-61.75,2023-12,0.1620861157103486,nao-fogo,3.0,2.0,1.0,0,0.0,0.0
-1.25,-58.0,2023-12,0.16182573627439126,nao-fogo,7.0,2.0,1.0,0,0.0,0.0
-7.25,-55.5,2023-12,0.1617608531901051,nao-fogo,76.0,5.0,0.0,0,2.9055,2.0162
-15.5,-60.0,2023-12,0.16165482693834884,nao-fogo,3.0,2.0,4.0,0,0.0863,0.0
-2.5,-67.25,2023-12,0.1616526729267705,nao-fogo,17.0,4.0,0.0,0,0.0,0.0
-7.25,-49.5,2023-12,0.16144063389113256,nao-fogo,18.0,4.0,0.0,0,0.5551,0.0
-2.25,-50.5,2023-12,0.1613751927848249,nao-fogo,51.0,6.0,0.0,0,0.4132,0.3386
-15.0,-59.75,2023-12,0.16097124272184576,nao-fogo,4.0,1.0,5.0,0,0.2355,0.0
-0.0,-51.5,2023-12,0.16097102657927892,nao-fogo,62.0,3.0,0.0,0,0.6324000000000001,0.4586
-7.0,-48.5,2023-12,0.16084089197089257,nao-fogo,3.0,0.0,11.0,0,0.0,0.0
-5.5,-60.5,2023-12,0.16071682325725378,nao-fogo,29.0,4.0,1.0,0,0.0929,0.0
-1.5,-56.75,2023-12,0.16058626379328783,nao-fogo,3.0,2.0,0.0,0,0.0,0.0
-10.75,-59.0,2023-12,0.16057661104881257,nao-fogo,8.0,3.0,0.0,0,5.3304,1.7175
-9.75,-56.75,2023-12,0.16051049958684674,nao-fogo,10.0,5.0,1.0,0,0.8061,0.0757
-2.5,-60.25,2023-12,0.16032539397176143,nao-fogo,0.0,0.0,14.0,0,0.0,0.0
-11.5,-58.25,2023-12,0.16030856638902374,nao-fogo,7.0,1.0,5.0,0,10.5315,2.3216
-2.75,-59.25,2023-12,0.15981822685074548,nao-fogo,11.0,4.0,0.0,0,0.0,0.0
-4.0,-60.0,2023-12,0.15980350086861708,nao-fogo,16.0,3.0,0.0,0,0.0835,0.0
-9.25,-51.75,2023-12,0.15956286962144747,nao-fogo,5.0,1.0,2.0,0,2.5778999999999996,0.266
-3.0,-44.25,2023-12,0.1595182936712727,nao-fogo,66.0,5.0,0.0,0,0.1575,0.0801
-10.25,-57.75,2023-12,0.15928151149408057,nao-fogo,12.0,4.0,0.0,0,4.8442,2.9309
-10.75,-64.75,2023-12,0.15892780682597554,nao-fogo,8.0,2.0,1.0,0,0.0,0.0
-15.5,-59.0,2023-12,0.15862242193282874,nao-fogo,3.0,2.0,2.0,0,0.0,0.0
-0.25,-64.25,2023-12,0.15849306163094645,nao-fogo,0.0,0.0,99.0,0,0.0,0.0
-2.0,-56.0,2023-12,0.15818247034932073,nao-fogo,6.0,4.0,0.0,0,0.0,0.0
-10.5,-59.5,2023-12,0.15807616856729598,nao-fogo,34.0,4.0,0.0,0,2.9061000000000003,2.1541
-3.25,-51.75,2023-12,0.1578162228037988,nao-fogo,9.0,3.0,0.0,0,1.4822,0.2278
-3.75,-61.5,2023-12,0.15765443324795939,nao-fogo,9.0,2.0,0.0,0,0.0,0.0
-12.0,-62.5,2023-12,0.15763664000041439,nao-fogo,37.0,5.0,0.0,0,0.1102,0.0
-8.25,-54.75,2023-12,0.15762967631879604,nao-fogo,221.0,5.0,0.0,0,15.614999999999998,1.3754
-2.0,-53.75,2023-12,0.15740564658629477,nao-fogo,2.0,2.0,0.0,0,0.0,0.0
-9.75,-63.5,2023-12,0.15725129554359718,nao-fogo,13.0,4.0,2.0,0,0.7406999999999999,0.5812999999999999
3.75,-64.5,2023-12,0.1570201746490868,nao-fogo,0.0,0.0,46.0,0,0.0,0.0
-3.5,-44.5,2023-12,0.15687343468078987,nao-fogo,40.0,6.0,0.0,0,0.0,0.0
-5.0,-56.0,2023-12,0.1568244953189155,nao-fogo,79.0,6.0,0.0,0,1.2409,0.7678
-0.25,-69.25,2023-12,0.15667871969171954,nao-fogo,1.0,1.0,2.0,0,0.0,0.0
-10.0,-63.5,2023-12,0.15652036524375837,nao-fogo,10.0,4.0,0.0,0,0.5006999999999999,0.3251
-8.25,-63.0,2023-12,0.15639176523469822,nao-fogo,109.0,4.0,0.0,0,3.4638,2.3845
-6.5,-53.0,2023-12,0.15635936240866022,nao-fogo,159.0,4.0,0.0,0,9.2477,0.5855
-2.75,-57.75,2023-12,0.15633163399690958,nao-fogo,15.0,3.0,0.0,0,0.0,0.0
-10.75,-62.0,2023-12,0.1560693138017744,nao-fogo,2.0,1.0,0.0,0,0.0,0.0
-4.0,-60.5,2023-12,0.1557661635181082,nao-fogo,20.0,3.0,1.0,0,0.8207,0.2152
-1.5,-56.5,2023-12,0.1556723279699265,nao-fogo,7.0,2.0,3.0,0,0.0714,0.0
-2.25,-52.5,2023-12,0.15551316660753584,nao-fogo,7.0,2.0,0.0,0,12.7109,2.6137
-6.75,-51.75,2023-12,0.15550889651610816,nao-fogo,12.0,4.0,0.0,0,0.7797,0.0
-8.75,-67.5,2023-12,0.15541967872510354,nao-fogo,39.0,5.0,0.0,0,1.0706,0.868
-10.25,-64.5,2023-12,0.15535592874315132,nao-fogo,66.0,5.0,0.0,0,3.0654999999999997,1.8959
-5.75,-49.75,2023-12,0.1550864710397253,nao-fogo,29.0,5.0,0.0,0,0.3094,0.0
-5.75,-57.5,2023-12,0.1546497742559911,nao-fogo,25.0,3.0,1.0,0,4.665699999999999,1.0149
0.75,-69.5,2023-12,0.15462646890176399,nao-fogo,0.0,0.0,15.0,0,0.0,0.0
-2.75,-44.25,2023-12,0.15438173980931305,nao-fogo,18.0,4.0,0.0,0,0.7783,0.1979
1.5,-68.0,2023-12,0.1541744653374584,nao-fogo,0.0,0.0,57.0,0,0.0,0.0
-5.5,-50.25,2023-12,0.1541351551032047,nao-fogo,17.0,4.0,0.0,0,0.0,0.0
-8.5,-57.75,2023-12,0.1539603610411734,nao-fogo,19.0,4.0,0.0,0,0.0,0.0
-10.25,-63.5,2023-12,0.15388114179727627,nao-fogo,9.0,3.0,0.0,0,0.8397,0.0
-5.5,-48.0,2023-12,0.15379754486507044,nao-fogo,5.0,2.0,1.0,0,0.1356,0.1356
-2.5,-64.75,2023-12,0.15369756270689253,nao-fogo,11.0,4.0,1.0,0,0.0,0.0
5.25,-60.5,2023-12,0.15340257192239826,nao-fogo,3.0,0.0,7.0,0,0.0,0.0
-12.75,-60.25,2023-12,0.15325554780054715,nao-fogo,3.0,2.0,2.0,0,0.1663,0.0
-3.25,-55.75,2023-12,0.15321562359324,nao-fogo,5.0,1.0,1.0,0,0.0,0.0
-2.75,-60.5,2023-12,0.15320855832929275,nao-fogo,2.0,1.0,2.0,0,0.0,0.0
-9.5,-67.25,2023-12,0.15312557902386817,nao-fogo,70.0,4.0,1.0,0,3.2819,0.8155
-1.5,-49.5,2023-12,0.1530839108921022,nao-fogo,18.0,5.0,0.0,0,0.0,0.0
-3.25,-68.25,2023-12,0.15280191148760555,nao-fogo,9.0,3.0,1.0,0,0.0,0.0
-10.25,-58.75,2023-12,0.15279741959309845,nao-fogo,2.0,2.0,0.0,0,0.2777,0.1503
-6.5,-58.5,2023-12,0.15274986141436797,nao-fogo,61.0,3.0,1.0,0,2.5122,0.6451
-5.0,-51.0,2023-12,0.1527431783610194,nao-fogo,15.0,3.0,2.0,0,2.0496,0.0
-7.0,-55.75,2023-12,0.1525664511452699,nao-fogo,39.0,4.0,1.0,0,4.0898,2.7353
-12.5,-58.0,2023-12,0.152320620896939,nao-fogo,0.0,0.0,12.0,0,0.0,0.0
-5.25,-56.25,2023-12,0.15230455151773473,nao-fogo,27.0,4.0,0.0,0,2.4964999999999997,0.0
-9.25,-64.25,2023-12,0.15215701000165935,nao-fogo,26.0,4.0,0.0,0,1.4847000000000001,0.2744
-9.5,-57.5,2023-12,0.15197674017775045,nao-fogo,12.0,4.0,1.0,0,2.0099,0.0
-8.75,-66.75,2023-12,0.15188275013240748,nao-fogo,135.0,5.0,0.0,0,0.5189,0.2474
-1.0,-48.25,2023-12,0.15183318076402733,nao-fogo,11.0,5.0,0.0,0,0.097,0.0
-8.5,-48.75,2023-12,0.1518142504042712,nao-fogo,6.0,2.0,1.0,0,0.0,0.0
-6.5,-55.5,2023-12,0.15148855195410882,nao-fogo,102.0,5.0,0.0,0,1.6928,1.3963
-3.75,-57.5,2023-12,0.15118399062465177,nao-fogo,13.0,4.0,1.0,0,0.0,0.0
0.75,-54.5,2023-12,0.15103006131971475,nao-fogo,5.0,3.0,0.0,0,0.0,0.0
2.5,-63.75,2023-12,0.15097649871398114,nao-fogo,0.0,0.0,22.0,0,0.0,0.0
-9.75,-58.0,2023-12,0.1509732236630951,nao-fogo,34.0,6.0,0.0,0,0.5312,0.0911
-11.25,-53.0,2023-12,0.1508580832160353,nao-fogo,1.0,0.0,9.0,0,0.0,0.0
-1.5,-61.0,2023-12,0.15081391878047642,nao-fogo,2.0,1.0,2.0,0,0.0,0.0
-7.5,-63.0,2023-12,0.15078101719109213,nao-fogo,24.0,5.0,0.0,0,0.1506,0.1506
-5.25,-50.75,2023-12,0.15075515715013377,nao-fogo,20.0,5.0,0.0,0,2.2134,0.5356
-3.75,-60.75,2023-12,0.1502969950077881,nao-fogo,16.0,3.0,1.0,0,0.0,0.0
-9.75,-54.5,2023-12,0.1502360791786971,nao-fogo,10.0,3.0,0.0,0,0.2267,0.0
-10.0,-64.0,2023-12,0.15005448796629745,nao-fogo,20.0,2.0,1.0,0,1.1644999999999999,0.1956
-7.5,-67.75,2023-12,0.14996002603787814,nao-fogo,27.0,4.0,0.0,0,0.0,0.0
-10.25,-57.5,2023-12,0.14991305545160877,nao-fogo,44.0,5.0,0.0,0,1.3353,0.1979
-8.75,-63.5,2023-12,0.14980834724785064,nao-fogo,19.0,5.0,0.0,0,0.1016,0.0
-1.5,-60.0,2023-12,0.14971921349651504,nao-fogo,5.0,3.0,0.0,0,0.0,0.0
-10.75,-61.5,2023-12,0.14938144182205962,nao-fogo,22.0,5.0,0.0,0,0.4502,0.0
-4.0,-59.5,2023-12,0.14934026991531832,nao-fogo,31.0,5.0,0.0,0,0.3157,0.0
-9.25,-58.75,2023-12,0.14933481559767714,nao-fogo,49.0,3.0,2.0,0,16.644599999999997,0.8466
-10.5,-58.5,2023-12,0.14922552355188423,nao-fogo,6.0,3.0,0.0,0,3.9050000000000002,0.8183
-1.5,-52.0,2023-12,0.1491151895674387,nao-fogo,34.0,2.0,0.0,0,0.7954,0.0
-15.25,-57.25,2023-12,0.14900333096710067,nao-fogo,0.0,0.0,17.0,0,0.0,0.0
-11.0,-58.5,2023-12,0.14895097990659434,nao-fogo,2.0,1.0,0.0,0,12.6836,4.003
-6.25,-51.75,2023-12,0.14871333486523508,nao-fogo,101.0,5.0,0.0,0,2.6424000000000003,1.1384
-3.5,-52.5,2023-12,0.14858457936503694,nao-fogo,3.0,2.0,0.0,0,0.6805,0.5959
-10.5,-56.75,2023-12,0.1480660094085584,nao-fogo,13.0,4.0,0.0,0,0.0,0.0
0.5,-50.75,2023-12,0.14802809512755083,nao-fogo,55.0,5.0,0.0,0,0.0,0.0
-7.75,-61.75,2023-12,0.14802221151835876,nao-fogo,32.0,5.0,0.0,0,0.251,0.0
-1.75,-59.75,2023-12,0.14791271741095618,nao-fogo,1.0,1.0,0.0,0,0.0,0.0
-3.25,-57.75,2023-12,0.14790800255022926,nao-fogo,46.0,5.0,0.0,0,0.0,0.0
-0.5,-51.75,2023-12,0.14790266568692365,nao-fogo,89.0,4.0,0.0,0,0.0,0.0
-9.75,-54.25,2023-12,0.14786892390351997,nao-fogo,8.0,1.0,2.0,0,0.5546,0.3615
-6.5,-52.25,2023-12,0.1478377303583634,nao-fogo,19.0,6.0,0.0,0,1.5567,0.0
-2.0,-52.5,2023-12,0.14772261418922464,nao-fogo,12.0,2.0,0.0,0,0.0,0.0
-6.5,-51.5,2023-12,0.14757393629381743,nao-fogo,56.0,5.0,0.0,0,1.5072,0.1345
-7.0,-71.75,2023-12,0.1471674998606773,nao-fogo,42.0,4.0,1.0,0,0.2092,0.0
-10.25,-56.5,2023-12,0.1471025781176811,nao-fogo,1.0,1.0,2.0,0,4.4394,1.458
1.25,-69.25,2023-12,0.14701544042998474,nao-fogo,0.0,0.0,33.0,0,0.0,0.0
-11.25,-65.0,2023-12,0.14693538473039527,nao-fogo,17.0,2.0,1.0,0,0.0,0.0
-7.75,-54.75,2023-12,0.14690690666104703,nao-fogo,38.0,4.0,0.0,0,3.0794,1.226
1.25,-68.5,2023-12,0.14689893126961986,nao-fogo,0.0,0.0,46.0,0,0.0,0.0
-0.25,-49.0,2023-12,0.14688592757497768,nao-fogo,17.0,3.0,0.0,0,0.0,0.0
-12.0,-61.25,2023-12,0.1468565696114412,nao-fogo,1.0,1.0,1.0,0,0.5275000000000001,0.0
-1.5,-61.25,2023-12,0.14674683939009286,nao-fogo,4.0,2.0,1.0,0,0.0,0.0
-8.0,-51.0,2023-12,0.14636188458645283,nao-fogo,19.0,4.0,0.0,0,0.0,0.0
-9.75,-53.75,2023-12,0.14613852528629612,nao-fogo,40.0,3.0,0.0,0,2.2293,0.0
-9.5,-52.0,2023-12,0.14613161316911313,nao-fogo,29.0,4.0,0.0,0,2.8402000000000003,0.1556
-8.25,-61.25,2023-12,0.14608444024139233,nao-fogo,53.0,4.0,0.0,0,1.8647,0.0
-11.75,-53.5,2023-12,0.1460476333157177,nao-fogo,0.0,0.0,13.0,0,0.0,0.0
-9.25,-62.75,2023-12,0.14580850522933306,nao-fogo,12.0,4.0,1.0,0,0.5394,0.5394
-10.75,-57.75,2023-12,0.14577536217961393,nao-fogo,3.0,3.0,0.0,0,2.8794,2.5854
-6.5,-56.0,2023-12,0.14568028330453725,nao-fogo,109.0,5.0,0.0,0,0.072,0.072
-3.0,-60.75,2023-12,0.14538214250807632,nao-fogo,10.0,3.0,1.0,0,0.6542,0.4576
-3.75,-58.25,2023-12,0.1449914946497872,nao-fogo,32.0,4.0,0.0,0,0.0815,0.0
-9.25,-56.75,2023-12,0.14498379003839962,nao-fogo,16.0,2.0,1.0,0,12.3881,10.9612
-9.75,-57.25,2023-12,0.14496010593447178,nao-fogo,3.0,2.0,1.0,0,6.9495,5.7451
-1.0,-62.0,2023-12,0.14492793677169044,nao-fogo,1.0,1.0,0.0,0,0.0,0.0
-6.5,-52.75,2023-12,0.14488910009428757,nao-fogo,152.0,4.0,0.0,0,3.5257,2.3406000000000002
-6.0,-52.25,2023-12,0.1445819059790759,nao-fogo,45.0,6.0,0.0,0,1.6166999999999998,0.2883
-10.25,-56.75,2023-12,0.14454133566993058,nao-fogo,10.0,3.0,1.0,0,0.9460000000000001,0.16599999999999998
-9.0,-63.0,2023-12,0.14421693779711522,nao-fogo,23.0,5.0,0.0,0,7.6785,0.0
-9.5,-60.5,2023-12,0.14377915553071877,nao-fogo,96.0,5.0,0.0,0,47.5993,1.5931
-5.75,-50.25,2023-12,0.14343992368971317,nao-fogo,23.0,4.0,0.0,0,0.8289,0.6324
-8.0,-50.75,2023-12,0.1434031587299437,nao-fogo,18.0,2.0,1.0,0,0.0,0.0
-8.5,-67.0,2023-12,0.14328994536851983,nao-fogo,91.0,4.0,0.0,0,0.9037,0.6252
-2.75,-62.0,2023-12,0.1430784291799309,nao-fogo,2.0,2.0,0.0,0,0.0,0.0
-1.25,-60.25,2023-12,0.14305429796378466,nao-fogo,1.0,1.0,3.0,0,0.13319999999999999,0.0
-9.5,-58.25,2023-12,0.14299514008554448,nao-fogo,3.0,2.0,1.0,0,7.774799999999999,1.9762
-2.5,-52.0,2023-12,0.14285863997802345,nao-fogo,19.0,2.0,1.0,0,1.1645,0.6067
-3.5,-48.5,2023-12,0.14279380023895627,nao-fogo,4.0,1.0,1.0,0,50.1105,7.0526
-5.5,-51.0,2023-12,0.14270372175637763,nao-fogo,43.0,5.0,0.0,0,1.4784,0.0837
-0.25,-67.25,2023-12,0.14269151295832813,nao-fogo,0.0,0.0,38.0,0,0.0,0.0
-1.0,-58.0,2023-12,0.1426442864830129,nao-fogo,5.0,2.0,1.0,0,0.0,0.0
-6.0,-55.75,2023-12,0.1425611538302543,nao-fogo,38.0,5.0,0.0,0,0.1864,0.0
-11.0,-59.0,2023-12,0.14221643692648064,nao-fogo,13.0,5.0,0.0,0,1.5903,1.3294
-8.25,-61.5,2023-12,0.14205917268726667,nao-fogo,106.0,6.0,0.0,0,2.7399,0.0
-15.5,-58.25,2023-12,0.14198696693327062,nao-fogo,0.0,0.0,15.0,0,0.0,0.0
-0.5,-66.5,2023-12,0.14186198336231715,nao-fogo,0.0,0.0,15.0,0,0.0,0.0
-8.5,-63.5,2023-12,0.14185838510586193,nao-fogo,41.0,5.0,0.0,0,0.5048,0.0
-0.25,-51.25,2023-12,0.14148651634502266,nao-fogo,22.0,5.0,0.0,0,0.089,0.089
-5.0,-56.25,2023-12,0.14127906952858477,nao-fogo,102.0,6.0,0.0,0,1.9647999999999999,0.1678
-3.5,-69.0,2023-12,0.14121843050237634,nao-fogo,9.0,3.0,1.0,0,0.0,0.0
-3.0,-68.0,2023-12,0.1408551388553995,nao-fogo,15.0,5.0,0.0,0,0.1077,0.1077
-1.0,-48.5,2023-12,0.14083079787090616,nao-fogo,4.0,2.0,0.0,0,0.0,0.0
-6.75,-55.25,2023-12,0.140814696071822,nao-fogo,90.0,4.0,0.0,0,3.3914,1.167
-12.75,-62.5,2023-12,0.14079805020096034,nao-fogo,18.0,2.0,0.0,0,0.0,0.0
-2.25,-49.75,2023-12,0.14064339509999757,nao-fogo,133.0,6.0,0.0,0,0.0,0.0
-9.5,-66.75,2023-12,0.14028439979110408,nao-fogo,155.0,5.0,0.0,0,6.8979,5.275
-3.25,-55.5,2023-12,0.14016146576140548,nao-fogo,0.0,0.0,13.0,0,0.0,0.0
-11.0,-57.25,2023-12,0.13997772861316005,nao-fogo,0.0,0.0,12.0,0,2.6379,0.1737
-1.75,-50.25,2023-12,0.1395865579833984,nao-fogo,12.0,6.0,0.0,0,0.0,0.0
-5.25,-56.0,2023-12,0.1395630460853272,nao-fogo,114.0,5.0,0.0,0,1.8844999999999998,0.3665
-7.0,-49.75,2023-12,0.13941849447320448,nao-fogo,3.0,1.0,2.0,0,0.0886,0.0
-12.0,-62.0,2023-12,0.1392512305725324,nao-fogo,0.0,0.0,12.0,0,0.1981,0.0
-3.0,-61.25,2023-12,0.13924782560324053,nao-fogo,29.0,5.0,1.0,0,0.1424,0.0
-3.25,-44.25,2023-12,0.13922749435369355,nao-fogo,67.0,6.0,0.0,0,2.4027,1.2419
-3.5,-69.25,2023-12,0.13905039258810645,nao-fogo,8.0,3.0,0.0,0,0.0,0.0
-7.0,-50.5,2023-12,0.13896136399057443,nao-fogo,23.0,3.0,0.0,0,1.0562,0.5524
-12.5,-61.75,2023-12,0.1381849048646549,nao-fogo,1.0,1.0,3.0,0,0.3209,0.3209
-9.25,-67.75,2023-12,0.1380297255194491,nao-fogo,133.0,3.0,1.0,0,26.4392,2.1755
-2.0,-59.25,2023-12,0.1376671711827168,nao-fogo,2.0,1.0,1.0,0,0.0,0.0
-2.25,-59.5,2023-12,0.13742356202433195,nao-fogo,1.0,1.0,2.0,0,0.0,0.0
-11.5,-51.25,2023-12,0.13741243736272624,nao-fogo,1.0,1.0,1.0,0,0.0,0.0
-8.0,-63.25,2023-12,0.137259196901894,nao-fogo,9.0,5.0,0.0,0,0.335,0.26180000000000003
-3.75,-64.75,2023-12,0.13717866798044967,nao-fogo,19.0,4.0,1.0,0,0.2386,0.1494
-7.5,-55.25,2023-12,0.13712216379388384,nao-fogo,42.0,4.0,1.0,0,3.4561,0.1756
-8.5,-50.75,2023-12,0.1369358082749475,nao-fogo,11.0,2.0,1.0,0,0.2755,0.0
-9.75,-51.25,2023-12,0.1369218020877584,nao-fogo,3.0,2.0,0.0,0,0.0,0.0
-9.5,-55.25,2023-12,0.13677066438297936,nao-fogo,2.0,1.0,2.0,0,0.5743,0.0
-2.0,-60.25,2023-12,0.13657050998980505,nao-fogo,1.0,1.0,2.0,0,0.0639,0.0
-1.0,-52.5,2023-12,0.13642351861275892,nao-fogo,15.0,2.0,0.0,0,0.0809,0.0
-3.75,-63.5,2023-12,0.13639161644397765,nao-fogo,7.0,3.0,1.0,0,0.0,0.0
-5.0,-50.5,2023-12,0.13626560758028153,nao-fogo,11.0,4.0,0.0,0,0.8428,0.2994
-10.0,-57.25,2023-12,0.13626544412094987,nao-fogo,28.0,3.0,1.0,0,0.0,0.0
-10.75,-65.25,2023-12,0.13619174810347667,nao-fogo,10.0,3.0,1.0,0,0.0,0.0
-10.5,-67.75,2023-12,0.1361028758677978,nao-fogo,29.0,4.0,1.0,0,0.7595000000000001,0.4073
-6.75,-49.75,2023-12,0.1360570049756259,nao-fogo,4.0,3.0,1.0,0,0.0,0.0
-6.25,-48.25,2023-12,0.13584304451550638,nao-fogo,6.0,2.0,1.0,0,0.0,0.0
-1.0,-56.0,2023-12,0.13578497419672475,nao-fogo,5.0,1.0,1.0,0,7.1487,0.0
-9.5,-64.25,2023-12,0.13571930747778332,nao-fogo,180.0,4.0,0.0,0,3.0103999999999997,0.4108
-2.0,-52.25,2023-12,0.13538264795520333,nao-fogo,34.0,3.0,0.0,0,0.4065,0.4065
-16.25,-60.25,2023-12,0.1352184908113852,nao-fogo,1.0,0.0,9.0,0,0.0,0.0
-1.75,-60.75,2023-12,0.13487799108725834,nao-fogo,1.0,1.0,2.0,0,0.0,0.0
-5.0,-45.5,2023-12,0.1348779477357661,nao-fogo,4.0,2.0,0.0,0,0.084,0.0
-1.75,-50.75,2023-12,0.1347645275241306,nao-fogo,35.0,5.0,0.0,0,0.0,0.0
-9.0,-67.0,2023-12,0.13461150834099295,nao-fogo,88.0,5.0,0.0,0,1.3986,0.9481999999999999
-4.0,-49.75,2023-12,0.13450527901533194,nao-fogo,12.0,2.0,0.0,0,0.0,0.0
-1.75,-61.25,2023-12,0.1343755646625684,nao-fogo,6.0,2.0,1.0,0,0.0,0.0
-8.0,-61.75,2023-12,0.13419803822118584,nao-fogo,91.0,5.0,0.0,0,1.4421,0.1009
-11.25,-63.25,2023-12,0.13409621214866363,nao-fogo,28.0,3.0,0.0,0,0.0,0.0
-3.75,-63.75,2023-12,0.13404717457142648,nao-fogo,4.0,2.0,0.0,0,0.0,0.0
-9.25,-65.25,2023-12,0.13395189565584129,nao-fogo,39.0,4.0,0.0,0,1.1243,0.7821
-1.25,-56.5,2023-12,0.13382824035786303,nao-fogo,4.0,1.0,1.0,0,0.0,0.0
-9.75,-64.25,2023-12,0.13359821016505807,nao-fogo,148.0,4.0,0.0,0,3.6676,0.5538000000000001
-6.25,-55.25,2023-12,0.13331007444401774,nao-fogo,161.0,5.0,0.0,0,0.7676,0.2288
-7.5,-73.5,2023-12,0.13327987013531184,nao-fogo,35.0,5.0,0.0,0,0.1412,0.0729
-11.25,-62.5,2023-12,0.13268757366472683,nao-fogo,6.0,3.0,0.0,0,0.6770999999999999,0.5851999999999999
-0.75,-58.0,2023-12,0.13229586182782158,nao-fogo,3.0,3.0,0.0,0,0.0,0.0
-3.0,-56.75,2023-12,0.1322021196376343,nao-fogo,20.0,4.0,0.0,0,29.3447,0.1014
-3.75,-62.0,2023-12,0.1321595973193208,nao-fogo,18.0,4.0,0.0,0,0.43189999999999995,0.3681
-11.5,-62.25,2023-12,0.13206009448388908,nao-fogo,0.0,0.0,12.0,0,0.0749,0.0
-4.0,-58.5,2023-12,0.13201512788982567,nao-fogo,16.0,3.0,1.0,0,0.0,0.0
-9.75,-66.5,2023-12,0.13199100853078727,nao-fogo,32.0,4.0,0.0,0,3.4532000000000003,1.6320000000000001
-0.75,-64.75,2023-12,0.1318953709536016,nao-fogo,2.0,1.0,1.0,0,0.0,0.0
-5.75,-51.0,2023-12,0.13182252087008134,nao-fogo,19.0,3.0,0.0,0,0.1331,0.0
-3.75,-65.25,2023-12,0.131798513051073,nao-fogo,25.0,4.0,1.0,0,0.24330000000000002,0.0
-11.75,-60.5,2023-12,0.1317201545148861,nao-fogo,10.0,2.0,1.0,0,0.8499,0.3892
-9.75,-58.75,2023-12,0.13156011423004335,nao-fogo,5.0,3.0,1.0,0,4.9018999999999995,1.9614
0.5,-66.0,2023-12,0.13155819873783042,nao-fogo,0.0,0.0,44.0,0,0.0,0.0
-5.5,-55.75,2023-12,0.13155077213167116,nao-fogo,11.0,3.0,0.0,0,0.5672999999999999,0.0
-1.75,-53.0,2023-12,0.13143570019110332,nao-fogo,13.0,2.0,0.0,0,0.0,0.0
-8.0,-71.25,2023-12,0.13126780610702243,nao-fogo,92.0,6.0,0.0,0,1.1086,0.5491999999999999
-11.0,-61.5,2023-12,0.13089785513584895,nao-fogo,7.0,1.0,2.0,0,0.7746999999999999,0.1074
-1.5,-51.75,2023-12,0.13089505209704233,nao-fogo,16.0,5.0,0.0,0,0.3278,0.3278
-1.25,-48.5,2023-12,0.1308898304718068,nao-fogo,4.0,3.0,0.0,0,0.0,0.0
-1.75,-58.5,2023-12,0.13079043311046518,nao-fogo,12.0,4.0,1.0,0,0.1571,0.1571
-11.75,-62.0,2023-12,0.1307488425578536,nao-fogo,4.0,2.0,0.0,0,0.0727,0.0
-10.75,-58.75,2023-12,0.13068440373186843,nao-fogo,6.0,1.0,2.0,0,4.586,4.586
-4.0,-60.75,2023-12,0.13060303298348197,nao-fogo,8.0,2.0,0.0,0,0.6143,0.0809
-2.25,-51.25,2023-12,0.1305864909530387,nao-fogo,23.0,5.0,0.0,0,0.0658,0.0
-11.25,-61.0,2023-12,0.13052953402939615,nao-fogo,5.0,2.0,0.0,0,0.33640000000000003,0.0709
-14.75,-59.25,2023-12,0.1300037230627683,nao-fogo,2.0,1.0,2.0,0,2.2367999999999997,0.0937
-10.0,-52.5,2023-12,0.12973534394982075,nao-fogo,1.0,1.0,5.0,0,0.0,0.0
-1.25,-56.25,2023-12,0.1296225548051317,nao-fogo,15.0,4.0,0.0,0,47.89619999999999,26.4352
-9.0,-59.25,2023-12,0.1296066697881838,nao-fogo,22.0,3.0,3.0,0,16.1231,0.7644
-9.0,-61.0,2023-12,0.12935547735343886,nao-fogo,22.0,5.0,0.0,0,0.0,0.0
-2.0,-61.5,2023-12,0.12928986352836752,nao-fogo,2.0,1.0,2.0,0,0.0,0.0
-5.25,-60.5,2023-12,0.1292242666833973,nao-fogo,14.0,4.0,1.0,0,0.0,0.0
-2.75,-49.5,2023-12,0.12901152167666405,nao-fogo,183.0,6.0,0.0,0,1.7075,1.1148
-11.25,-58.75,2023-12,0.12884116776950583,nao-fogo,4.0,2.0,0.0,0,0.1069,0.0
-6.25,-49.0,2023-12,0.12851156547152817,nao-fogo,4.0,2.0,1.0,0,0.0957,0.0
-7.25,-50.5,2023-12,0.12780647358968641,nao-fogo,9.0,2.0,0.0,0,0.133,0.0
-1.5,-49.0,2023-12,0.12761038154978072,nao-fogo,25.0,4.0,1.0,0,0.0,0.0
-9.5,-56.25,2023-12,0.1274766563665851,nao-fogo,7.0,3.0,0.0,0,3.2588,1.9711
-9.0,-62.25,2023-12,0.1274655390840814,nao-fogo,53.0,4.0,0.0,0,2.1794000000000002,2.0093
-13.5,-52.5,2023-12,0.12745090711241153,nao-fogo,4.0,0.0,6.0,0,0.0,0.0
-3.0,-67.25,2023-12,0.12743177825997126,nao-fogo,8.0,3.0,1.0,0,0.0,0.0
-3.5,-65.25,2023-12,0.12741917266085845,nao-fogo,20.0,3.0,2.0,0,0.4254,0.0
0.25,-50.75,2023-12,0.12707730920204685,nao-fogo,26.0,3.0,0.0,0,0.0,0.0
-9.75,-51.0,2023-12,0.12702487754869954,nao-fogo,6.0,3.0,0.0,0,0.1321,0.0
-6.75,-49.25,2023-12,0.12674660649726666,nao-fogo,2.0,1.0,2.0,0,0.2901,0.0
-10.25,-64.75,2023-12,0.126315961627352,nao-fogo,5.0,1.0,0.0,0,1.3234,0.3763
-2.5,-50.25,2023-12,0.1263109306810911,nao-fogo,47.0,5.0,0.0,0,9.949800000000002,9.5259
-1.5,-58.5,2023-12,0.12627823264875326,nao-fogo,0.0,0.0,12.0,0,0.0,0.0
-10.75,-61.75,2023-12,0.12621168694450666,nao-fogo,6.0,3.0,2.0,0,0.18109999999999998,0.1037
-4.0,-51.25,2023-12,0.1261254478886824,nao-fogo,15.0,3.0,0.0,0,0.6301,0.0
-3.25,-65.5,2023-12,0.12601150720972476,nao-fogo,0.0,0.0,13.0,0,0.0,0.0
-8.75,-62.25,2023-12,0.1257487869830912,nao-fogo,33.0,3.0,1.0,0,7.4355,1.2749000000000001
-9.0,-64.0,2023-12,0.1256972189306572,nao-fogo,20.0,5.0,1.0,0,1.9821,0.0964
-1.25,-57.0,2023-12,0.12560783115578983,nao-fogo,7.0,2.0,1.0,0,0.1058,0.1058
-2.5,-53.0,2023-12,0.1255833565374442,nao-fogo,7.0,2.0,1.0,0,0.0,0.0
-6.5,-52.5,2023-12,0.12555117128045556,nao-fogo,33.0,4.0,0.0,0,2.5056,0.5097
-1.75,-62.75,2023-12,0.1254444100835066,nao-fogo,4.0,4.0,0.0,0,0.0,0.0
-9.5,-62.0,2023-12,0.1252972369962077,nao-fogo,3.0,2.0,0.0,0,0.0773,0.0773
-9.5,-54.75,2023-12,0.12523884857582623,nao-fogo,38.0,4.0,2.0,0,1.484,0.7728
-2.0,-65.25,2023-12,0.12520145921006987,nao-fogo,1.0,1.0,0.0,0,0.0,0.0
-0.75,-48.75,2023-12,0.12518092744328882,nao-fogo,22.0,3.0,0.0,0,0.0,0.0
-10.5,-62.5,2023-12,0.1251708421683007,nao-fogo,1.0,0.0,9.0,0,0.0,0.0
-1.5,-57.5,2023-12,0.12515370766597522,nao-fogo,3.0,2.0,2.0,0,0.0,0.0
-8.0,-71.0,2023-12,0.12507292104975534,nao-fogo,76.0,5.0,0.0,0,0.9822,0.2789
-6.75,-52.0,2023-12,0.1246233863199604,nao-fogo,15.0,5.0,0.0,0,0.4281,0.1133
-2.5,-43.75,2023-12,0.12453568518324082,nao-fogo,7.0,1.0,0.0,0,0.0,0.0
-9.5,-59.75,2023-12,0.12453166319144225,nao-fogo,26.0,2.0,2.0,0,22.0475,19.3878
-10.25,-53.5,2023-12,0.12434892671326735,nao-fogo,1.0,1.0,3.0,0,0.0,0.0
-12.5,-62.25,2023-12,0.12434617984389618,nao-fogo,4.0,2.0,0.0,0,0.0748,0.0
-2.75,-50.0,2023-12,0.12429845437697212,nao-fogo,26.0,3.0,0.0,0,0.1206,0.1206
-11.5,-51.5,2023-12,0.1242916608916713,nao-fogo,1.0,1.0,3.0,0,0.0,0.0
-6.75,-52.75,2023-12,0.12415067975637799,nao-fogo,105.0,5.0,0.0,0,16.1992,0.5918
-1.0,-61.5,2023-12,0.1237340879887406,nao-fogo,1.0,1.0,1.0,0,0.0,0.0
-8.75,-49.5,2023-12,0.1236977750238114,nao-fogo,21.0,4.0,0.0,0,1.0069,0.1754
-9.75,-52.5,2023-12,0.12359058360325978,nao-fogo,2.0,2.0,0.0,0,0.0,0.0
-6.0,-51.5,2023-12,0.12346744213446285,nao-fogo,29.0,4.0,0.0,0,2.0702000000000003,0.0
-3.75,-46.75,2023-12,0.1231053128336323,nao-fogo,4.0,1.0,3.0,0,0.0,0.0
-5.75,-51.75,2023-12,0.1228826157816102,nao-fogo,50.0,4.0,0.0,0,6.2299999999999995,0.1568
-3.75,-57.75,2023-12,0.12284315440342825,nao-fogo,10.0,2.0,1.0,0,0.0,0.0
-3.25,-52.5,2023-12,0.12281265641648322,nao-fogo,15.0,3.0,0.0,0,0.31789999999999996,0.2312
-9.5,-51.25,2023-12,0.12278621577676069,nao-fogo,16.0,2.0,1.0,0,1.7473,0.0
-7.25,-60.0,2023-12,0.1227638732277464,nao-fogo,51.0,5.0,1.0,0,0.5317000000000001,0.0
-0.0,-51.0,2023-12,0.12267454916896237,nao-fogo,13.0,4.0,0.0,0,0.0,0.0
0.25,-49.75,2023-12,0.1225761862619688,nao-fogo,8.0,1.0,0.0,0,0.0,0.0
-0.5,-66.25,2023-12,0.12236735996248885,nao-fogo,0.0,0.0,14.0,0,0.0,0.0
-9.75,-67.75,2023-12,0.12225567913696839,nao-fogo,29.0,4.0,1.0,0,0.1925,0.0924
-11.5,-57.75,2023-12,0.12210304058287291,nao-fogo,1.0,1.0,0.0,0,0.0,0.0
-10.5,-62.25,2023-12,0.12206752560661972,nao-fogo,3.0,2.0,0.0,0,0.0,0.0
-11.5,-61.75,2023-12,0.12193415127242684,nao-fogo,2.0,1.0,2.0,0,0.1574,0.0
-3.0,-59.75,2023-12,0.12186674113252483,nao-fogo,6.0,2.0,2.0,0,0.7752,0.7752
-6.5,-56.25,2023-12,0.12184260668361963,nao-fogo,42.0,5.0,0.0,0,9.7873,0.0654
-10.5,-64.0,2023-12,0.12170746479783677,nao-fogo,18.0,3.0,1.0,0,0.26839999999999997,0.0
1.0,-54.75,2023-12,0.12163290367895283,nao-fogo,2.0,2.0,0.0,0,0.0,0.0
-3.0,-69.0,2023-12,0.12161954897485362,nao-fogo,6.0,2.0,1.0,0,0.0,0.0
-13.25,-61.0,2023-12,0.12153180753747077,nao-fogo,1.0,1.0,0.0,0,0.0,0.0
-0.75,-69.25,2023-12,0.12151040143626371,nao-fogo,1.0,0.0,8.0,0,0.0,0.0
-2.75,-50.25,2023-12,0.12108809512036486,nao-fogo,8.0,5.0,0.0,0,7.7128,7.5758
-4.0,-63.0,2023-12,0.12107401332463819,nao-fogo,14.0,4.0,1.0,0,0.0,0.0
-1.25,-52.0,2023-12,0.1207251983835328,nao-fogo,37.0,2.0,0.0,0,0.2937,0.2937
-2.25,-59.0,2023-12,0.12067140249411684,nao-fogo,1.0,1.0,0.0,0,0.0,0.0
-10.0,-51.75,2023-12,0.12059971244401257,nao-fogo,18.0,3.0,0.0,0,0.0,0.0
-2.5,-58.25,2023-12,0.12033501283735677,nao-fogo,12.0,5.0,1.0,0,0.0,0.0
-6.25,-51.5,2023-12,0.12032923026641322,nao-fogo,19.0,5.0,1.0,0,1.3548,0.0
-9.5,-59.5,2023-12,0.12025408048865602,nao-fogo,9.0,2.0,0.0,0,6.6894,2.2089
-11.0,-58.0,2023-12,0.12010603385460987,nao-fogo,7.0,2.0,0.0,0,18.7765,16.5622
-14.75,-59.5,2023-12,0.1200923826266368,nao-fogo,23.0,4.0,0.0,0,0.35330000000000006,0.0832
-6.25,-56.0,2023-12,0.12008222915580703,nao-fogo,27.0,4.0,1.0,0,0.43729999999999997,0.2181
-7.25,-55.0,2023-12,0.12005698480318205,nao-fogo,75.0,4.0,0.0,0,2.1554,0.1643
-10.0,-65.25,2023-12,0.1199697373909062,nao-fogo,10.0,4.0,0.0,0,0.2234,0.2234
-14.5,-58.0,2023-12,0.11994563089780932,nao-fogo,0.0,0.0,13.0,0,0.0,0.0
-5.75,-55.75,2023-12,0.11988325101699095,nao-fogo,41.0,4.0,1.0,0,0.0,0.0
-2.25,-58.0,2023-12,0.11972111280858555,nao-fogo,3.0,1.0,1.0,0,0.5803,0.5153
-3.5,-61.0,2023-12,0.11960238906718958,nao-fogo,7.0,1.0,1.0,0,0.0,0.0
-7.75,-55.5,2023-12,0.11956562949096698,nao-fogo,17.0,5.0,0.0,0,0.0817,0.0817
-10.0,-52.75,2023-12,0.11931978046214117,nao-fogo,9.0,2.0,0.0,0,0.0,0.0
-3.25,-63.0,2023-12,0.11916944537744033,nao-fogo,8.0,2.0,2.0,0,0.0,0.0
-10.25,-50.5,2023-12,0.11893142136178288,nao-fogo,47.0,4.0,1.0,0,0.1214,0.1214
-11.75,-53.0,2023-12,0.11889723009464061,nao-fogo,53.0,5.0,0.0,0,0.0,0.0
-9.75,-66.75,2023-12,0.11883028860932023,nao-fogo,18.0,5.0,0.0,0,6.451700000000001,5.0437
-11.25,-61.25,2023-12,0.11878471509249865,nao-fogo,24.0,2.0,1.0,0,0.9594,0.2788
-9.75,-57.75,2023-12,0.11855426307940986,nao-fogo,16.0,4.0,0.0,0,2.7283999999999997,2.6405
-6.0,-54.0,2023-12,0.11855264221172666,nao-fogo,24.0,4.0,0.0,0,0.2861,0.0
0.5,-65.0,2023-12,0.11855161771110394,nao-fogo,0.0,0.0,33.0,0,0.0,0.0
-3.75,-58.0,2023-12,0.11852160290395553,nao-fogo,19.0,4.0,1.0,0,0.1002,0.1002
-10.5,-63.5,2023-12,0.11846437996781199,nao-fogo,54.0,4.0,0.0,0,3.2329,0.6185999999999999
-1.75,-49.5,2023-12,0.11845200349731638,nao-fogo,6.0,4.0,0.0,0,0.0,0.0
-15.0,-58.25,2023-12,0.11834072650652153,nao-fogo,1.0,0.0,6.0,0,0.0,0.0
-9.75,-58.5,2023-12,0.11831233404736478,nao-fogo,25.0,2.0,1.0,0,1.7204000000000002,0.423
-6.5,-59.0,2023-12,0.11806635045010888,nao-fogo,24.0,4.0,0.0,0,0.0,0.0
-9.5,-68.5,2023-12,0.1180577064414855,nao-fogo,130.0,6.0,0.0,0,4.2748,3.118
-3.75,-57.25,2023-12,0.11785361041792458,nao-fogo,90.0,5.0,0.0,0,0.1318,0.0
-2.5,-60.75,2023-12,0.11780559108290972,nao-fogo,0.0,0.0,14.0,0,0.0,0.0
-1.0,-57.5,2023-12,0.11747744833587426,nao-fogo,6.0,4.0,0.0,0,0.0,0.0
-4.25,-57.5,2023-12,0.1171932844140155,nao-fogo,3.0,3.0,1.0,0,0.0,0.0
-9.75,-60.0,2023-12,0.11684354229385994,nao-fogo,6.0,3.0,0.0,0,0.2897,0.0
-10.0,-63.0,2023-12,0.11674992068209275,nao-fogo,6.0,5.0,1.0,0,0.0,0.0
-6.25,-52.25,2023-12,0.11663062473375768,nao-fogo,68.0,5.0,0.0,0,3.3486000000000002,0.1202
-9.75,-59.75,2023-12,0.11634801332763978,nao-fogo,33.0,4.0,0.0,0,33.8366,12.3522
-1.25,-52.25,2023-12,0.1162994510780021,nao-fogo,21.0,2.0,0.0,0,0.1138,0.1138
-10.25,-63.0,2023-12,0.11627935506217815,nao-fogo,8.0,2.0,0.0,0,0.4952,0.2296
-8.5,-66.75,2023-12,0.11626206614941689,nao-fogo,19.0,4.0,0.0,0,0.0667,0.0
-3.0,-61.5,2023-12,0.11607048091293407,nao-fogo,18.0,3.0,1.0,0,0.0,0.0
-3.5,-55.0,2023-12,0.11606096904482012,nao-fogo,11.0,4.0,1.0,0,28.5276,3.9693
-0.75,-49.0,2023-12,0.11603965336914789,nao-fogo,4.0,1.0,2.0,0,0.0,0.0
-3.5,-66.25,2023-12,0.11577093950077981,nao-fogo,9.0,3.0,0.0,0,0.0,0.0
-6.75,-62.75,2023-12,0.11574679407026865,nao-fogo,29.0,2.0,0.0,0,0.3404,0.0
-1.25,-57.25,2023-12,0.11562049531721057,nao-fogo,5.0,4.0,1.0,0,0.0,0.0
-10.0,-62.5,2023-12,0.11557808148832056,nao-fogo,14.0,4.0,0.0,0,1.6559000000000001,0.3309
1.75,-50.75,2023-12,0.11554952162496525,nao-fogo,98.0,3.0,0.0,0,0.0,0.0
-0.75,-62.0,2023-12,0.11547895825509273,nao-fogo,0.0,0.0,13.0,0,0.0,0.0
-10.0,-58.5,2023-12,0.11528650328815743,nao-fogo,12.0,2.0,1.0,0,0.1286,0.0
-13.0,-62.5,2023-12,0.11528050565368139,nao-fogo,6.0,1.0,0.0,0,0.0,0.0
-9.75,-64.5,2023-12,0.11527897831503893,nao-fogo,19.0,4.0,1.0,0,0.0974,0.0
-9.0,-67.25,2023-12,0.11525894045418733,nao-fogo,34.0,4.0,0.0,0,0.8819,0.0
-10.0,-60.25,2023-12,0.11524794746897388,nao-fogo,85.0,4.0,0.0,0,1.0333999999999999,0.22749999999999998
-2.75,-56.25,2023-12,0.11516887513835947,nao-fogo,0.0,0.0,13.0,0,1.8575,0.0
-9.25,-66.5,2023-12,0.11513897695462864,nao-fogo,42.0,4.0,1.0,0,0.1891,0.082
-15.25,-58.5,2023-12,0.1150861508432389,nao-fogo,0.0,0.0,12.0,0,0.0,0.0
-3.75,-53.25,2023-12,0.11499079266727513,nao-fogo,8.0,3.0,0.0,0,0.3665,0.1412
-12.5,-62.0,2023-12,0.11497831039148988,nao-fogo,5.0,3.0,0.0,0,0.5351999999999999,0.3535
-4.0,-57.25,2023-12,0.11470903728282067,nao-fogo,20.0,4.0,1.0,0,0.0,0.0
-9.5,-56.75,2023-12,0.11468136070813041,nao-fogo,9.0,3.0,1.0,0,3.9313,0.5049
-2.75,-67.25,2023-12,0.11421416029092907,nao-fogo,6.0,3.0,1.0,0,0.0,0.0
-10.75,-51.25,2023-12,0.1141495386537626,nao-fogo,3.0,1.0,2.0,0,0.0,0.0
-8.5,-51.0,2023-12,0.11407897645534594,nao-fogo,26.0,4.0,0.0,0,0.0,0.0
-1.25,-62.0,2023-12,0.11401546460413742,nao-fogo,1.0,0.0,7.0,0,0.0,0.0
-10.25,-59.0,2023-12,0.11381580440088264,nao-fogo,17.0,3.0,0.0,0,3.0797,0.0
-1.0,-54.25,2023-12,0.11352907466409518,nao-fogo,40.0,3.0,1.0,0,1.5434999999999999,0.4671
-9.5,-55.0,2023-12,0.11344719072534253,nao-fogo,10.0,2.0,2.0,0,0.5609,0.1096
-13.75,-59.75,2023-12,0.11324524916951247,nao-fogo,4.0,0.0,6.0,0,0.2177,0.079
-6.25,-53.75,2023-12,0.11320585008042935,nao-fogo,76.0,4.0,0.0,0,0.3559,0.0
-7.5,-50.0,2023-12,0.1131111876140484,nao-fogo,8.0,3.0,2.0,0,0.4295,0.0959
1.75,-55.5,2023-12,0.11308831161886457,nao-fogo,33.0,2.0,1.0,0,0.0,0.0
-10.5,-64.5,2023-12,0.11307992742554193,nao-fogo,61.0,5.0,0.0,0,5.0036000000000005,2.1694
-10.25,-63.75,2023-12,0.11300093341184622,nao-fogo,4.0,1.0,4.0,0,0.13840000000000002,0.0
-8.25,-55.5,2023-12,0.11281015741083109,nao-fogo,72.0,5.0,0.0,0,1.1149,0.0
-11.0,-57.5,2023-12,0.11262164385120585,nao-fogo,3.0,2.0,1.0,0,0.0979,0.0
-6.5,-51.75,2023-12,0.11220179114435636,nao-fogo,27.0,5.0,0.0,0,0.45899999999999996,0.45899999999999996
-10.5,-64.75,2023-12,0.11211486503996614,nao-fogo,40.0,3.0,1.0,0,4.5514,0.0
-1.25,-49.0,2023-12,0.11203843548077723,nao-fogo,25.0,4.0,1.0,0,0.0,0.0
-6.5,-55.75,2023-12,0.11198534665286303,nao-fogo,21.0,4.0,0.0,0,0.2818,0.1088
-10.75,-62.25,2023-12,0.11184665958439252,nao-fogo,1.0,0.0,9.0,0,0.0785,0.0
-2.25,-56.5,2023-12,0.11142630631363265,nao-fogo,0.0,0.0,13.0,0,0.0,0.0
-3.0,-69.25,2023-12,0.11141499413969808,nao-fogo,6.0,2.0,1.0,0,0.0,0.0
-9.25,-62.0,2023-12,0.1112243936900916,nao-fogo,7.0,3.0,0.0,0,0.4359,0.4359
-11.75,-51.75,2023-12,0.11119218270461421,nao-fogo,5.0,2.0,2.0,0,2.7077,0.2146
1.5,-50.75,2023-12,0.11089642167065232,nao-fogo,45.0,5.0,0.0,0,0.0,0.0
-9.25,-58.25,2023-12,0.11077841246524325,nao-fogo,60.0,5.0,1.0,0,0.9795,0.246
-3.75,-64.0,2023-12,0.1106276459949131,nao-fogo,15.0,2.0,2.0,0,0.0,0.0
-2.25,-50.25,2023-12,0.11060387882076485,nao-fogo,32.0,5.0,0.0,0,0.0,0.0
-11.5,-61.0,2023-12,0.11044721124774724,nao-fogo,1.0,1.0,5.0,0,0.0678,0.0
-9.0,-59.0,2023-12,0.11037825318354512,nao-fogo,48.0,6.0,0.0,0,1.7555000000000003,1.3234000000000001
-9.75,-65.5,2023-12,0.11032353787633682,nao-fogo,36.0,5.0,0.0,0,0.4354,0.0
-9.5,-58.0,2023-12,0.11031038527833004,nao-fogo,18.0,4.0,0.0,0,0.0,0.0
-9.5,-56.5,2023-12,0.11020765478765682,nao-fogo,2.0,1.0,2.0,0,1.0795,0.3455
-8.75,-62.0,2023-12,0.11012075715033495,nao-fogo,16.0,3.0,1.0,0,0.0,0.0
-0.25,-66.25,2023-12,0.10998467533854826,nao-fogo,0.0,0.0,31.0,0,0.0,0.0
-2.25,-61.25,2023-12,0.1096400601521354,nao-fogo,2.0,1.0,3.0,0,0.0,0.0
-9.75,-64.75,2023-12,0.10948479300976248,nao-fogo,16.0,4.0,0.0,0,0.6365000000000001,0.074
-5.25,-60.75,2023-12,0.10895185199759122,nao-fogo,8.0,2.0,1.0,0,0.0,0.0
-8.75,-66.5,2023-12,0.10881337431807253,nao-fogo,78.0,4.0,0.0,0,2.6622,0.2077
-10.0,-62.0,2023-12,0.10864284954604896,nao-fogo,11.0,3.0,3.0,0,0.0,0.0
-13.0,-51.75,2023-12,0.10841224779669632,nao-fogo,1.0,0.0,6.0,0,0.0,0.0
-11.0,-69.25,2023-12,0.10833295562478892,nao-fogo,29.0,5.0,1.0,0,0.1702,0.1702
0.75,-65.25,2023-12,0.10822971618038799,nao-fogo,0.0,0.0,45.0,0,0.0,0.0
0.25,-62.0,2023-12,0.1080319883411557,nao-fogo,0.0,0.0,20.0,0,0.0,0.0
-7.75,-50.25,2023-12,0.1080092824127427,nao-fogo,39.0,3.0,0.0,0,0.8227,0.1063
-2.0,-58.25,2023-12,0.10783253329658767,nao-fogo,4.0,2.0,1.0,0,0.0842,0.0
-3.5,-44.25,2023-12,0.10752303818053043,nao-fogo,2.0,1.0,1.0,0,0.0,0.0
2.0,-55.5,2023-12,0.10751907126265699,nao-fogo,17.0,2.0,1.0,0,0.0,0.0
-10.75,-69.5,2023-12,0.10734764790600333,nao-fogo,123.0,5.0,0.0,0,2.3897,1.8619
-8.5,-48.5,2023-12,0.10722107590081963,nao-fogo,7.0,1.0,2.0,0,0.0,0.0
-2.0,-50.25,2023-12,0.10701536280238184,nao-fogo,28.0,4.0,0.0,0,0.0,0.0
-9.75,-55.75,2023-12,0.10663578318943065,nao-fogo,6.0,4.0,0.0,0,0.1789,0.1789
-3.5,-61.75,2023-12,0.10663422907942062,nao-fogo,15.0,4.0,0.0,0,14.3767,0.0
-14.5,-57.75,2023-12,0.10661890782611373,nao-fogo,0.0,0.0,22.0,0,0.0,0.0
-10.25,-58.0,2023-12,0.10629620657096855,nao-fogo,17.0,4.0,0.0,0,4.1011,0.47709999999999997
-6.25,-52.0,2023-12,0.10628991971664589,nao-fogo,44.0,5.0,0.0,0,0.7295999999999999,0.2106
-2.25,-53.25,2023-12,0.1059131650235258,nao-fogo,2.0,2.0,0.0,0,0.0,0.0
-6.5,-53.5,2023-12,0.10589413189110582,nao-fogo,133.0,4.0,0.0,0,5.4723999999999995,0.0
-1.0,-57.75,2023-12,0.10585417339498723,nao-fogo,3.0,1.0,1.0,0,0.0,0.0
-11.0,-62.75,2023-12,0.10581004646241031,nao-fogo,4.0,1.0,0.0,0,0.5695,0.1508
-1.75,-57.0,2023-12,0.10547624841275267,nao-fogo,6.0,2.0,1.0,0,27.0691,3.6259
-10.75,-69.0,2023-12,0.10533259988993303,nao-fogo,59.0,5.0,0.0,0,1.7564,1.049
-10.25,-62.75,2023-12,0.10530990073196575,nao-fogo,5.0,4.0,0.0,0,0.0,0.0
-7.75,-55.0,2023-12,0.10528512347417696,nao-fogo,96.0,5.0,0.0,0,3.6582,0.9232
-11.5,-53.75,2023-12,0.10519058233141881,nao-fogo,0.0,0.0,13.0,0,0.0,0.0
-4.5,-61.25,2023-12,0.10500702788416193,nao-fogo,21.0,3.0,1.0,0,0.069,0.0
-3.25,-61.5,2023-12,0.1049269589793913,nao-fogo,24.0,4.0,1.0,0,0.1677,0.088
-7.0,-56.75,2023-12,0.10489656161423153,nao-fogo,14.0,5.0,0.0,0,0.9569000000000001,0.46030000000000004
-15.5,-58.5,2023-12,0.10473551813670832,nao-fogo,5.0,2.0,2.0,0,0.0,0.0
-2.25,-58.75,2023-12,0.10467102169940486,nao-fogo,2.0,2.0,3.0,0,0.0,0.0
-9.5,-59.25,2023-12,0.10460499565207625,nao-fogo,15.0,3.0,1.0,0,0.4165,0.1145
-14.25,-56.75,2023-12,0.10419796349681949,nao-fogo,0.0,0.0,14.0,0,0.0,0.0
-11.0,-58.25,2023-12,0.10399262600257166,nao-fogo,2.0,1.0,1.0,0,8.0533,1.5114
0.25,-62.5,2023-12,0.10399218145677881,nao-fogo,1.0,1.0,5.0,0,0.0,0.0
-9.25,-68.5,2023-12,0.10377622048768205,nao-fogo,18.0,4.0,0.0,0,0.8286999999999999,0.484
-2.0,-62.0,2023-12,0.10375711183306503,nao-fogo,2.0,1.0,2.0,0,0.0,0.0
-1.75,-50.5,2023-12,0.10363736843746273,nao-fogo,22.0,4.0,0.0,0,0.0,0.0
-8.75,-67.75,2023-12,0.10356622230492223,nao-fogo,26.0,3.0,0.0,0,0.1823,0.0
-7.75,-50.5,2023-12,0.10350555102384716,nao-fogo,7.0,2.0,1.0,0,0.0698,0.0698
0.5,-51.75,2023-12,0.10349819385988825,nao-fogo,14.0,4.0,0.0,0,0.3421,0.2303
-8.0,-72.5,2023-12,0.1030843750110382,nao-fogo,98.0,5.0,0.0,0,1.1635,0.159
0.25,-50.25,2023-12,0.10303503950596601,nao-fogo,11.0,3.0,0.0,0,0.0,0.0
-3.0,-55.5,2023-12,0.10281947604679613,nao-fogo,0.0,0.0,23.0,0,0.0,0.0
-7.25,-60.25,2023-12,0.10270868177052016,nao-fogo,32.0,3.0,1.0,0,0.2167,0.1223
-6.75,-51.25,2023-12,0.10227418356777591,nao-fogo,25.0,3.0,1.0,0,0.0,0.0
-10.0,-68.75,2023-12,0.10215525160462502,nao-fogo,66.0,4.0,0.0,0,17.842399999999998,6.6555
-7.5,-48.25,2023-12,0.10215200193304415,nao-fogo,1.0,1.0,2.0,0,0.0,0.0
0.75,-65.0,2023-12,0.1020858990396675,nao-fogo,0.0,0.0,33.0,0,0.0,0.0
-8.75,-61.5,2023-12,0.10196989990615724,nao-fogo,20.0,4.0,0.0,0,0.9071,0.0
-10.0,-63.25,2023-12,0.10182500046591123,nao-fogo,3.0,2.0,0.0,0,0.3981,0.0
-5.75,-61.0,2023-12,0.10181057440257518,nao-fogo,16.0,4.0,1.0,0,0.0,0.0
0.5,-65.75,2023-12,0.10172737036204253,nao-fogo,0.0,0.0,58.0,0,0.0,0.0
0.5,-64.5,2023-12,0.10109261290915231,nao-fogo,0.0,0.0,99.0,0,0.0,0.0
-2.75,-51.0,2023-12,0.10102008659957572,nao-fogo,9.0,4.0,0.0,0,2.1465,2.1465
-0.75,-49.25,2023-12,0.10085237318487662,nao-fogo,31.0,4.0,0.0,0,0.0,0.0
-9.75,-57.0,2023-12,0.100792112167361,nao-fogo,44.0,5.0,1.0,0,0.3875,0.1231
-5.5,-61.5,2023-12,0.10055577746639298,nao-fogo,26.0,3.0,1.0,0,0.0,0.0
-6.5,-58.25,2023-12,0.10040099550784015,nao-fogo,33.0,5.0,0.0,0,0.48669999999999997,0.1329
-3.0,-66.75,2023-12,0.10031951980527459,nao-fogo,1.0,1.0,1.0,0,0.0,0.0
-9.75,-52.0,2023-12,0.1003073063144632,nao-fogo,14.0,2.0,4.0,0,0.3524,0.0
2.5,-51.75,2023-12,0.09948230004208011,nao-fogo,3.0,2.0,0.0,0,0.7916000000000001,0.3227
-3.25,-56.0,2023-12,0.09945382808471463,nao-fogo,0.0,0.0,15.0,0,84.7561,10.1479
-2.0,-58.5,2023-12,0.09944933534894289,nao-fogo,1.0,1.0,1.0,0,0.0,0.0
-5.75,-51.5,2023-12,0.09934490712874758,nao-fogo,5.0,3.0,1.0,0,1.3,0.2878
-4.25,-60.75,2023-12,0.09922989355840017,nao-fogo,10.0,3.0,1.0,0,0.0,0.0
-10.75,-69.25,2023-12,0.09922391501732622,nao-fogo,52.0,5.0,0.0,0,0.9024,0.49749999999999994
-2.25,-58.25,2023-12,0.09915932077439026,nao-fogo,0.0,0.0,14.0,0,0.081,0.0
-3.5,-63.0,2023-12,0.09894887265144846,nao-fogo,2.0,1.0,0.0,0,0.0,0.0
1.0,-59.25,2023-12,0.09891613967324825,nao-fogo,0.0,0.0,45.0,0,0.0,0.0
-9.0,-68.75,2023-12,0.09889858504841717,nao-fogo,29.0,4.0,0.0,0,1.2025000000000001,0.6046
-2.75,-65.5,2023-12,0.09883636481670441,nao-fogo,3.0,2.0,2.0,0,0.0,0.0
-5.75,-63.25,2023-12,0.098615279777358,nao-fogo,46.0,5.0,0.0,0,0.5063,0.1387
-6.75,-49.5,2023-12,0.09858678294656266,nao-fogo,15.0,4.0,1.0,0,0.0,0.0
-3.5,-62.0,2023-12,0.09846288017101354,nao-fogo,7.0,4.0,2.0,0,0.0713,0.0
-2.75,-61.25,2023-12,0.0983994733668597,nao-fogo,0.0,0.0,99.0,0,0.0,0.0
-7.75,-67.25,2023-12,0.09804622842861482,nao-fogo,25.0,4.0,0.0,0,2.7214,0.0
-15.0,-60.5,2023-12,0.09802183532214666,nao-fogo,1.0,1.0,2.0,0,0.0,0.0
-11.25,-61.75,2023-12,0.09764843309799925,nao-fogo,4.0,1.0,4.0,0,0.0,0.0
-4.0,-61.25,2023-12,0.09753236400020668,nao-fogo,8.0,4.0,1.0,0,0.0,0.0
-0.25,-61.25,2023-12,0.09721650060282212,nao-fogo,0.0,0.0,23.0,0,0.0,0.0
-1.5,-50.0,2023-12,0.09712326881358824,nao-fogo,40.0,5.0,0.0,0,0.0,0.0
1.25,-56.25,2023-12,0.09704134911781663,nao-fogo,1.0,1.0,1.0,0,0.0,0.0
-1.75,-51.25,2023-12,0.09676129032520522,nao-fogo,33.0,5.0,0.0,0,0.0,0.0
0.25,-50.0,2023-12,0.09667384587066478,nao-fogo,12.0,3.0,0.0,0,0.0,0.0
0.5,-54.25,2023-12,0.09662780811452205,nao-fogo,2.0,1.0,1.0,0,0.0,0.0
-3.5,-62.75,2023-12,0.09654748140618159,nao-fogo,2.0,0.0,9.0,0,0.0,0.0
-9.0,-57.0,2023-12,0.09652093857252503,nao-fogo,4.0,3.0,1.0,0,0.0,0.0
-2.5,-67.0,2023-12,0.09647438045038789,nao-fogo,1.0,0.0,8.0,0,0.0,0.0
-10.0,-56.5,2023-12,0.09630096408970147,nao-fogo,0.0,0.0,12.0,0,0.0,0.0
-13.75,-60.0,2023-12,0.09629733198461647,nao-fogo,0.0,0.0,14.0,0,0.0,0.0
-12.0,-51.5,2023-12,0.09620977231136144,nao-fogo,0.0,0.0,84.0,0,10.6503,5.0427
-5.5,-50.75,2023-12,0.09611523317109617,nao-fogo,15.0,4.0,0.0,0,1.0365,0.0
1.25,-50.5,2023-12,0.09594245308276333,nao-fogo,62.0,2.0,0.0,0,0.0,0.0
-2.75,-66.75,2023-12,0.09583265397907477,nao-fogo,5.0,2.0,1.0,0,0.1933,0.1933
1.25,-65.0,2023-12,0.0956496907712399,nao-fogo,0.0,0.0,94.0,0,0.0,0.0
-9.75,-51.75,2023-12,0.09560293367193758,nao-fogo,1.0,1.0,2.0,0,1.2317,0.0
2.0,-50.75,2023-12,0.09493321770995373,nao-fogo,46.0,5.0,0.0,0,0.0,0.0
-1.5,-50.5,2023-12,0.09480359296653153,nao-fogo,58.0,5.0,0.0,0,0.0806,0.0806
-3.75,-56.75,2023-12,0.09452758392611707,nao-fogo,41.0,5.0,1.0,0,0.905,0.905
-11.5,-62.0,2023-12,0.09434380448658229,nao-fogo,2.0,1.0,1.0,0,0.0,0.0
-2.0,-51.25,2023-12,0.09434041829945036,nao-fogo,21.0,4.0,0.0,0,0.0,0.0
-10.0,-57.0,2023-12,0.09411465589919504,nao-fogo,6.0,2.0,2.0,0,0.0,0.0
-8.0,-50.5,2023-12,0.0940322790041207,nao-fogo,3.0,3.0,1.0,0,0.0,0.0
-7.25,-56.25,2023-12,0.09398335714530014,nao-fogo,3.0,2.0,0.0,0,0.0,0.0
-6.75,-50.75,2023-12,0.0939789940317903,nao-fogo,9.0,5.0,1.0,0,0.0864,0.0
-1.5,-51.0,2023-12,0.09376095398412293,nao-fogo,4.0,3.0,1.0,0,0.0,0.0
-11.5,-61.25,2023-12,0.09319509962098681,nao-fogo,3.0,2.0,0.0,0,0.1679,0.0
-11.0,-61.75,2023-12,0.09318822143260748,nao-fogo,0.0,0.0,12.0,0,0.0669,0.0
-7.25,-50.25,2023-12,0.09300984395679004,nao-fogo,6.0,3.0,0.0,0,0.0,0.0
-10.0,-67.75,2023-12,0.09298392318383523,nao-fogo,22.0,5.0,1.0,0,0.0,0.0
-5.5,-56.0,2023-12,0.09296799995588202,nao-fogo,25.0,3.0,0.0,0,0.0902,0.0
-4.75,-56.5,2023-12,0.09275543647678125,nao-fogo,3.0,3.0,0.0,0,0.0,0.0
1.0,-61.0,2023-12,0.09238429140645546,nao-fogo,0.0,0.0,44.0,0,0.0,0.0
-9.25,-57.5,2023-12,0.09228093786702146,nao-fogo,55.0,6.0,0.0,0,6.3149999999999995,1.4878
-12.75,-60.5,2023-12,0.09216328720159518,nao-fogo,4.0,2.0,2.0,0,1.1342,0.0
-9.0,-66.75,2023-12,0.0921349611537269,nao-fogo,71.0,4.0,0.0,0,1.466,0.0
-6.5,-52.0,2023-12,0.09196826897348025,nao-fogo,13.0,3.0,1.0,0,0.3304,0.0
-2.75,-65.25,2023-12,0.09162739691786921,nao-fogo,1.0,1.0,1.0,0,0.0,0.0
-13.75,-57.25,2023-12,0.0914529718798295,nao-fogo,0.0,0.0,30.0,0,0.0,0.0
-10.75,-59.75,2023-12,0.09137753648893261,nao-fogo,5.0,2.0,0.0,0,0.0,0.0
0.5,-50.25,2023-12,0.09136911143393948,nao-fogo,12.0,2.0,0.0,0,0.3337,0.3337
-1.75,-51.0,2023-12,0.09126896328799657,nao-fogo,41.0,4.0,0.0,0,0.21309999999999998,0.0665
-2.5,-51.0,2023-12,0.09103154753159588,nao-fogo,36.0,3.0,1.0,0,0.1921,0.0
-8.75,-64.25,2023-12,0.09100817379867794,nao-fogo,31.0,4.0,1.0,0,1.3853999999999997,0.2135
-10.25,-62.5,2023-12,0.09093073796254174,nao-fogo,7.0,4.0,1.0,0,1.0955000000000001,0.35860000000000003
-9.25,-56.25,2023-12,0.09087541035441019,nao-fogo,4.0,3.0,1.0,0,0.0,0.0
-2.25,-52.75,2023-12,0.09074371794503745,nao-fogo,21.0,4.0,0.0,0,0.1478,0.0
-2.0,-67.0,2023-12,0.09066594884136951,nao-fogo,3.0,1.0,1.0,0,0.0,0.0
-6.0,-53.5,2023-12,0.09056156925353444,nao-fogo,197.0,4.0,0.0,0,4.2704,0.18080000000000002
-4.75,-50.0,2023-12,0.09051722701013983,nao-fogo,4.0,1.0,1.0,0,0.31599999999999995,0.0865
-7.5,-55.75,2023-12,0.0904740296407315,nao-fogo,14.0,3.0,1.0,0,0.1476,0.0
-6.5,-50.25,2023-12,0.09045545563981593,nao-fogo,1.0,0.0,8.0,0,0.2862,0.0
-0.0,-61.0,2023-12,0.09035709902006976,nao-fogo,0.0,0.0,44.0,0,0.0,0.0
-9.25,-57.25,2023-12,0.09032907259465492,nao-fogo,45.0,4.0,0.0,0,1.792,0.26149999999999995
0.25,-69.0,2023-12,0.09019801084260545,nao-fogo,0.0,0.0,99.0,0,0.0,0.0
-7.0,-55.25,2023-12,0.08968594357840835,nao-fogo,40.0,6.0,0.0,0,3.1730999999999994,1.4388999999999998
-1.25,-48.25,2023-12,0.08963817071787124,nao-fogo,13.0,4.0,1.0,0,0.0,0.0
-10.0,-59.75,2023-12,0.0895876186068285,nao-fogo,6.0,3.0,0.0,0,12.437,10.3207
-6.25,-48.0,2023-12,0.08955968645860447,nao-fogo,3.0,1.0,1.0,0,0.0,0.0
-8.5,-62.0,2023-12,0.08922353312291616,nao-fogo,9.0,3.0,0.0,0,0.0,0.0
-6.75,-63.25,2023-12,0.08921790550038615,nao-fogo,29.0,3.0,0.0,0,0.1532,0.1532
-2.25,-53.0,2023-12,0.08920142680389619,nao-fogo,7.0,2.0,1.0,0,0.0,0.0
-0.5,-58.25,2023-12,0.08907526986129227,nao-fogo,4.0,2.0,1.0,0,0.0,0.0
-6.25,-48.75,2023-12,0.08878364381740939,nao-fogo,1.0,1.0,1.0,0,0.0,0.0
-10.0,-66.75,2023-12,0.08861252596903964,nao-fogo,36.0,5.0,0.0,0,2.8846999999999996,0.288
-5.5,-46.0,2023-12,0.08854187220413426,nao-fogo,2.0,1.0,2.0,0,0.0,0.0
-3.0,-56.0,2023-12,0.08847098640837309,nao-fogo,1.0,1.0,2.0,0,46.5124,1.1956
-16.0,-60.25,2023-12,0.08843679553882058,nao-fogo,0.0,0.0,12.0,0,0.0,0.0
-6.75,-50.0,2023-12,0.08842267504608811,nao-fogo,2.0,2.0,1.0,0,0.1963,0.0
-9.5,-61.25,2023-12,0.08831571238382542,nao-fogo,0.0,0.0,12.0,0,16.427,4.1628
-7.5,-55.0,2023-12,0.08830658016569719,nao-fogo,67.0,4.0,0.0,0,3.7291,0.2969
-8.75,-51.5,2023-12,0.08828866579471559,nao-fogo,5.0,3.0,2.0,0,0.083,0.0
-1.0,-49.25,2023-12,0.08815361745372065,nao-fogo,14.0,3.0,0.0,0,0.0,0.0
-12.5,-62.75,2023-12,0.0880463885253623,nao-fogo,0.0,0.0,13.0,0,0.0,0.0
-4.25,-63.5,2023-12,0.0879884108493127,nao-fogo,14.0,3.0,1.0,0,0.0,0.0
-8.5,-51.25,2023-12,0.08798375121668794,nao-fogo,4.0,2.0,0.0,0,0.0,0.0
-3.0,-67.0,2023-12,0.08795614152094383,nao-fogo,5.0,3.0,0.0,0,0.0843,0.0843
-9.75,-51.5,2023-12,0.08776288635946182,nao-fogo,2.0,1.0,1.0,0,0.2593,0.2593
-11.25,-61.5,2023-12,0.08766543937850617,nao-fogo,0.0,0.0,12.0,0,0.3453,0.0
-6.25,-49.75,2023-12,0.08759752829574355,nao-fogo,23.0,4.0,1.0,0,0.0,0.0
-7.0,-53.0,2023-12,0.08707941046954601,nao-fogo,20.0,4.0,0.0,0,0.0,0.0
1.0,-52.5,2023-12,0.08702665609274753,nao-fogo,13.0,4.0,0.0,0,0.0,0.0
-6.75,-56.5,2023-12,0.08702048381043792,nao-fogo,33.0,5.0,0.0,0,2.3327999999999998,1.3535
-2.75,-58.5,2023-12,0.08686851608587667,nao-fogo,5.0,3.0,2.0,0,0.3684,0.3684
-0.75,-51.75,2023-12,0.08677113061552792,nao-fogo,35.0,2.0,0.0,0,0.0,0.0
-5.0,-55.75,2023-12,0.08668910299618172,nao-fogo,41.0,4.0,1.0,0,0.9004,0.3182
-11.0,-53.5,2023-12,0.08651185060425266,nao-fogo,0.0,0.0,13.0,0,5.2428,5.2428
-6.0,-51.25,2023-12,0.08643409565984345,nao-fogo,17.0,3.0,0.0,0,4.6497,0.4346
-9.0,-67.5,2023-12,0.08634970908858047,nao-fogo,113.0,4.0,0.0,0,4.6407,0.6618999999999999
-7.75,-57.5,2023-12,0.08623148265527242,nao-fogo,5.0,3.0,1.0,0,0.0,0.0
-2.25,-62.5,2023-12,0.08579961181976814,nao-fogo,2.0,1.0,3.0,0,0.0,0.0
-1.75,-63.0,2023-12,0.08578942731615802,nao-fogo,1.0,1.0,1.0,0,0.0,0.0
0.75,-50.25,2023-12,0.085561862703783,nao-fogo,18.0,2.0,0.0,0,0.0,0.0
-4.0,-64.25,2023-12,0.08554533419847603,nao-fogo,21.0,2.0,2.0,0,0.2414,0.0
-6.0,-53.75,2023-12,0.0853506232994173,nao-fogo,95.0,4.0,0.0,0,4.4532,1.9312999999999998
-15.25,-60.5,2023-12,0.08517961784915187,nao-fogo,0.0,0.0,14.0,0,0.0,0.0
-3.0,-69.5,2023-12,0.085164956357902,nao-fogo,0.0,0.0,17.0,0,0.0,0.0
-12.5,-63.0,2023-12,0.08512179830626886,nao-fogo,1.0,1.0,1.0,0,0.0,0.0
-10.0,-59.0,2023-12,0.0850283660279889,nao-fogo,14.0,3.0,0.0,0,33.040299999999995,5.505
-3.5,-56.5,2023-12,0.08475611021310989,nao-fogo,6.0,1.0,2.0,0,0.0,0.0
-7.5,-55.5,2023-12,0.08475512881343686,nao-fogo,54.0,4.0,0.0,0,2.1403,0.4435
-4.0,-51.75,2023-12,0.08469020500586197,nao-fogo,32.0,4.0,0.0,0,0.5773,0.0908
-10.0,-61.5,2023-12,0.08467120046077883,nao-fogo,1.0,0.0,8.0,0,0.0,0.0
-11.5,-65.25,2023-12,0.08455246558532908,nao-fogo,19.0,4.0,1.0,0,0.0,0.0
-1.0,-57.0,2023-12,0.08446423540743313,nao-fogo,2.0,2.0,1.0,0,0.0,0.0
-3.75,-66.0,2023-12,0.0843037785758615,nao-fogo,4.0,2.0,0.0,0,0.0672,0.0
-9.25,-68.25,2023-12,0.08417260557297755,nao-fogo,139.0,4.0,1.0,0,3.7611999999999997,1.6795
-9.0,-65.25,2023-12,0.08416939669407598,nao-fogo,20.0,3.0,1.0,0,3.5620000000000003,0.0
-2.75,-64.5,2023-12,0.08414189338654925,nao-fogo,5.0,3.0,1.0,0,0.0,0.0
-8.5,-61.75,2023-12,0.08405129660973913,nao-fogo,29.0,2.0,1.0,0,0.0,0.0
0.5,-66.25,2023-12,0.08387012065246668,nao-fogo,0.0,0.0,94.0,0,0.0,0.0
-9.0,-61.25,2023-12,0.08379711590227124,nao-fogo,53.0,4.0,0.0,0,6.1323,1.2015
1.75,-56.25,2023-12,0.08376149282781535,nao-fogo,0.0,0.0,14.0,0,0.0,0.0
-10.25,-58.25,2023-12,0.08374504506235941,nao-fogo,9.0,3.0,0.0,0,13.7173,2.5118
-10.0,-67.0,2023-12,0.08370088983242199,nao-fogo,36.0,5.0,0.0,0,2.0496,0.0
-6.25,-53.25,2023-12,0.08347473881101239,nao-fogo,180.0,5.0,0.0,0,9.8493,5.8451
-1.5,-53.25,2023-12,0.08332822000898013,nao-fogo,19.0,2.0,1.0,0,1.5589,0.1699
-15.5,-60.25,2023-12,0.08312348661654567,nao-fogo,0.0,0.0,13.0,0,0.7407,0.5756
-7.0,-63.25,2023-12,0.08303501516837157,nao-fogo,49.0,4.0,1.0,0,0.5612,0.0
-4.0,-61.5,2023-12,0.08290571054758573,nao-fogo,5.0,3.0,0.0,0,0.0,0.0
-10.25,-58.5,2023-12,0.08257246366301364,nao-fogo,0.0,0.0,12.0,0,0.0,0.0
-4.5,-44.75,2023-12,0.08255434321191474,nao-fogo,0.0,0.0,13.0,0,0.0,0.0
-9.25,-66.25,2023-12,0.08254049657129779,nao-fogo,14.0,4.0,0.0,0,6.7381,3.7023
-1.0,-62.5,2023-12,0.08248765903074214,nao-fogo,0.0,0.0,94.0,0,0.0,0.0
-0.0,-58.0,2023-12,0.08243382818655781,nao-fogo,3.0,2.0,1.0,0,0.0,0.0
0.5,-51.0,2023-12,0.08220035623270312,nao-fogo,39.0,3.0,0.0,0,0.0,0.0
-0.25,-50.25,2023-12,0.08216321279783977,nao-fogo,4.0,1.0,0.0,0,0.0,0.0
-3.75,-62.75,2023-12,0.08213183070252833,nao-fogo,2.0,1.0,2.0,0,0.0,0.0
-3.25,-65.75,2023-12,0.08204783785692411,nao-fogo,0.0,0.0,13.0,0,0.0,0.0
-11.25,-62.25,2023-12,0.08170569015357292,nao-fogo,1.0,1.0,2.0,0,0.0,0.0
-10.5,-60.25,2023-12,0.08161733074965528,nao-fogo,1.0,1.0,2.0,0,2.488,0.2604
0.25,-51.0,2023-12,0.08141543879680552,nao-fogo,40.0,4.0,0.0,0,0.0,0.0
-5.75,-54.0,2023-12,0.0811785061977526,nao-fogo,10.0,3.0,0.0,0,0.0,0.0
-9.75,-59.0,2023-12,0.0811181010745626,nao-fogo,39.0,4.0,0.0,0,12.029300000000001,3.388
-6.75,-58.5,2023-12,0.08110959383265626,nao-fogo,73.0,4.0,1.0,0,0.7118,0.0899
-0.75,-53.0,2023-12,0.08110346522310619,nao-fogo,2.0,2.0,0.0,0,0.1072,0.1072
-9.25,-51.5,2023-12,0.08102931360182279,nao-fogo,14.0,2.0,1.0,0,2.7846,0.0
-1.75,-51.75,2023-12,0.0810199759260699,nao-fogo,1.0,1.0,2.0,0,35.865300000000005,19.1168
-2.5,-67.5,2023-12,0.08097638915689867,nao-fogo,4.0,3.0,1.0,0,0.0,0.0
0.5,-56.75,2023-12,0.08096542283341808,nao-fogo,0.0,0.0,13.0,0,0.0,0.0
-0.0,-63.0,2023-12,0.08089588595341791,nao-fogo,0.0,0.0,99.0,0,0.0,0.0
-1.5,-62.0,2023-12,0.08060447069518464,nao-fogo,0.0,0.0,99.0,0,0.0,0.0
-10.25,-65.0,2023-12,0.08059171324855104,nao-fogo,9.0,3.0,0.0,0,0.4181,0.0872
-14.0,-59.75,2023-12,0.08055046244286349,nao-fogo,1.0,1.0,5.0,0,0.0,0.0
-0.5,-47.5,2023-12,0.0805135378985471,nao-fogo,0.0,0.0,12.0,0,0.0,0.0
0.25,-65.0,2023-12,0.08037605817310847,nao-fogo,0.0,0.0,59.0,0,0.0,0.0
-0.5,-55.75,2023-12,0.08032898662139464,nao-fogo,1.0,1.0,1.0,0,0.0,0.0
0.75,-51.5,2023-12,0.08017535669747895,nao-fogo,20.0,4.0,0.0,0,0.2439,0.172
-9.75,-68.75,2023-12,0.08005007066185976,nao-fogo,50.0,5.0,0.0,0,12.7597,12.1476
-6.25,-62.0,2023-12,0.08004650585624969,nao-fogo,16.0,4.0,0.0,0,0.0,0.0
-10.25,-68.75,2023-12,0.07996158932127365,nao-fogo,79.0,3.0,1.0,0,3.5801,0.7952999999999999
-9.0,-57.25,2023-12,0.0798938928508769,nao-fogo,3.0,3.0,0.0,0,0.0,0.0
-2.5,-65.75,2023-12,0.07963461999022059,nao-fogo,1.0,1.0,3.0,0,0.0,0.0
-3.5,-63.25,2023-12,0.07960219352521246,nao-fogo,1.0,1.0,0.0,0,0.0,0.0
-2.5,-50.75,2023-12,0.0794027383184689,nao-fogo,24.0,3.0,1.0,0,3.8313,0.0
-2.75,-64.75,2023-12,0.07935423762598769,nao-fogo,1.0,1.0,3.0,0,0.0,0.0
-4.75,-45.5,2023-12,0.0793408823091407,nao-fogo,5.0,1.0,1.0,0,0.0,0.0
3.25,-51.0,2023-12,0.07901507744604745,nao-fogo,8.0,1.0,0.0,0,0.0,0.0
-2.75,-66.0,2023-12,0.07900939477331177,nao-fogo,3.0,1.0,3.0,0,0.0,0.0
-11.5,-62.5,2023-12,0.07897122154748566,nao-fogo,2.0,1.0,3.0,0,5.9448,5.798
-0.0,-65.0,2023-12,0.07877869320399132,nao-fogo,0.0,0.0,45.0,0,0.0,0.0
-2.25,-67.0,2023-12,0.07873012812293288,nao-fogo,1.0,1.0,1.0,0,0.0,0.0
-14.5,-59.5,2023-12,0.0785730364337075,nao-fogo,0.0,0.0,14.0,0,0.5944,0.0
-6.0,-52.0,2023-12,0.07854736860118312,nao-fogo,12.0,3.0,0.0,0,0.6169,0.2709
-2.5,-65.0,2023-12,0.07850727253398278,nao-fogo,1.0,1.0,2.0,0,0.0,0.0
-9.5,-62.75,2023-12,0.07843526529785459,nao-fogo,3.0,2.0,1.0,0,0.0,0.0
1.25,-50.75,2023-12,0.07837645566729173,nao-fogo,52.0,5.0,0.0,0,0.0,0.0
-1.0,-52.75,2023-12,0.07816594190688364,nao-fogo,11.0,3.0,0.0,0,0.0,0.0
-10.25,-51.25,2023-12,0.07813451873721308,nao-fogo,2.0,1.0,2.0,0,0.0,0.0
-10.25,-55.75,2023-12,0.07806698203625646,nao-fogo,0.0,0.0,14.0,0,0.0,0.0
-10.5,-62.0,2023-12,0.07800741426154555,nao-fogo,1.0,1.0,0.0,0,0.0936,0.0
-0.25,-49.25,2023-12,0.07799804242371565,nao-fogo,13.0,2.0,0.0,0,0.0,0.0
1.25,-54.75,2023-12,0.07786326436340063,nao-fogo,8.0,3.0,1.0,0,0.0,0.0
-15.25,-59.0,2023-12,0.07774560907111383,nao-fogo,2.0,1.0,1.0,0,0.5952,0.12
-4.5,-61.0,2023-12,0.07765537285082005,nao-fogo,33.0,3.0,1.0,0,1.2278,0.1001
-2.25,-59.25,2023-12,0.0776442508352989,nao-fogo,0.0,0.0,35.0,0,0.0,0.0
-9.5,-51.5,2023-12,0.0775679896683985,nao-fogo,0.0,0.0,14.0,0,0.779,0.779
-2.25,-58.5,2023-12,0.07754611291267323,nao-fogo,0.0,0.0,13.0,0,0.0,0.0
-9.25,-51.25,2023-12,0.07735556174102584,nao-fogo,6.0,1.0,2.0,0,1.0226,0.1937
1.25,-50.0,2023-12,0.0773477605615998,nao-fogo,45.0,3.0,0.0,0,0.0,0.0
-1.25,-51.25,2023-12,0.07730696444590326,nao-fogo,18.0,4.0,0.0,0,0.0,0.0
-1.25,-51.5,2023-12,0.07727917814026619,nao-fogo,2.0,1.0,1.0,0,0.1825,0.1825
-3.5,-62.25,2023-12,0.07726817364337164,nao-fogo,4.0,2.0,1.0,0,0.0,0.0
-5.0,-60.75,2023-12,0.07725712047301894,nao-fogo,21.0,2.0,1.0,0,0.0837,0.0837
-2.0,-51.75,2023-12,0.07723143625568245,nao-fogo,4.0,3.0,0.0,0,0.0,0.0
-2.25,-57.75,2023-12,0.07714375710641355,nao-fogo,0.0,0.0,14.0,0,0.0,0.0
-2.25,-51.5,2023-12,0.07714278634044161,nao-fogo,13.0,3.0,1.0,0,16.7219,0.0
-0.5,-48.5,2023-12,0.07713370184893967,nao-fogo,5.0,2.0,0.0,0,0.0,0.0
-8.25,-72.75,2023-12,0.07705553669431867,nao-fogo,75.0,6.0,0.0,0,1.7356999999999998,0.8311
-0.25,-55.75,2023-12,0.07700560830989282,nao-fogo,2.0,1.0,1.0,0,0.0,0.0
-9.25,-54.5,2023-12,0.07683978762193791,nao-fogo,24.0,4.0,1.0,0,2.0126999999999997,0.3075
-2.5,-53.25,2023-12,0.07683183951181839,nao-fogo,0.0,0.0,24.0,0,1.5647,0.0
-12.75,-60.75,2023-12,0.07660659507865566,nao-fogo,10.0,2.0,1.0,0,1.1192000000000002,0.0
-9.75,-62.75,2023-12,0.07655185202638995,nao-fogo,3.0,3.0,0.0,0,0.0,0.0
-3.25,-62.75,2023-12,0.07639097242256288,nao-fogo,1.0,1.0,2.0,0,0.0,0.0
-10.5,-65.25,2023-12,0.07637580758871436,nao-fogo,5.0,2.0,1.0,0,0.31410000000000005,0.0637
-9.5,-67.5,2023-12,0.07632296811081306,nao-fogo,88.0,4.0,1.0,0,3.5682,2.2962
-1.5,-58.0,2023-12,0.0762509166063014,nao-fogo,8.0,3.0,0.0,0,0.0,0.0
-9.0,-51.25,2023-12,0.07621488780751245,nao-fogo,3.0,2.0,1.0,0,0.4301,0.1001
-0.25,-59.25,2023-12,0.07617292284823582,nao-fogo,0.0,0.0,95.0,0,0.0,0.0
-12.5,-60.0,2023-12,0.07599988936273319,nao-fogo,0.0,0.0,20.0,0,0.1559,0.0
-9.0,-48.5,2023-12,0.075938790144394,nao-fogo,9.0,4.0,1.0,0,0.0,0.0
-6.0,-53.25,2023-12,0.07571809003299051,nao-fogo,104.0,5.0,0.0,0,5.5915,1.0873
-2.75,-50.75,2023-12,0.07566698387361058,nao-fogo,13.0,1.0,2.0,0,27.3318,8.0231
-10.0,-51.5,2023-12,0.0755697973904422,nao-fogo,11.0,4.0,1.0,0,0.9962,0.0
-3.5,-56.75,2023-12,0.07552842184647954,nao-fogo,18.0,4.0,1.0,0,0.5828,0.4275
-7.75,-73.25,2023-12,0.0754565703133936,nao-fogo,18.0,3.0,1.0,0,0.6728000000000001,0.2937
-0.25,-65.75,2023-12,0.07536553415290767,nao-fogo,0.0,0.0,60.0,0,0.0,0.0
-8.0,-70.25,2023-12,0.07520858041876023,nao-fogo,75.0,4.0,1.0,0,0.6861,0.0682
-7.75,-62.5,2023-12,0.07511287895413825,nao-fogo,39.0,4.0,1.0,0,0.8265,0.0902
-1.5,-49.75,2023-12,0.07499689980220219,nao-fogo,29.0,4.0,1.0,0,0.0,0.0
-1.0,-56.25,2023-12,0.07486112478496394,nao-fogo,1.0,1.0,2.0,0,0.0,0.0
-6.75,-51.5,2023-12,0.0746900805723064,nao-fogo,8.0,3.0,1.0,0,0.2223,0.0895
-2.75,-66.25,2023-12,0.07449193135230608,nao-fogo,1.0,1.0,2.0,0,0.0,0.0
-12.5,-63.25,2023-12,0.0744098424095695,nao-fogo,3.0,2.0,2.0,0,0.0,0.0
-3.5,-65.5,2023-12,0.07439640118259729,nao-fogo,0.0,0.0,13.0,0,0.1475,0.0
-9.75,-59.5,2023-12,0.07425755365492834,nao-fogo,7.0,4.0,0.0,0,2.5205,2.0869
-1.25,-49.5,2023-12,0.07423925445824033,nao-fogo,23.0,4.0,1.0,0,0.0,0.0
-1.0,-57.25,2023-12,0.07413064724555428,nao-fogo,2.0,2.0,1.0,0,1.0899999999999999,0.2097
0.75,-68.75,2023-12,0.07411879571396236,nao-fogo,0.0,0.0,25.0,0,0.0,0.0
-9.5,-57.25,2023-12,0.07411287527954061,nao-fogo,15.0,4.0,0.0,0,5.2418000000000005,4.1089
-9.25,-64.0,2023-12,0.07409523283490198,nao-fogo,10.0,3.0,1.0,0,0.0,0.0
1.25,-59.75,2023-12,0.07409313078702208,nao-fogo,0.0,0.0,44.0,0,0.0,0.0
-2.0,-67.25,2023-12,0.07398961418584096,nao-fogo,1.0,1.0,3.0,0,0.0,0.0
-6.75,-52.5,2023-12,0.07396687319590965,nao-fogo,76.0,3.0,0.0,0,4.4169,0.4005
-4.75,-60.0,2023-12,0.0736232897697156,nao-fogo,9.0,3.0,1.0,0,0.0,0.0
-5.0,-60.25,2023-12,0.07354820001264298,nao-fogo,12.0,4.0,1.0,0,1.2805,0.7449
-6.5,-51.0,2023-12,0.07341343698605257,nao-fogo,10.0,3.0,1.0,0,0.0,0.0
-10.0,-64.5,2023-12,0.07338893211748573,nao-fogo,15.0,3.0,1.0,0,1.2320000000000002,0.1055
-12.25,-62.75,2023-12,0.07313568583626719,nao-fogo,9.0,3.0,1.0,0,0.0,0.0
-1.25,-50.25,2023-12,0.0731314661085824,nao-fogo,10.0,3.0,2.0,0,0.1009,0.1009
-7.25,-60.75,2023-12,0.07313022864831657,nao-fogo,67.0,4.0,1.0,0,6.4268,0.0
-10.75,-68.5,2023-12,0.07288026615561674,nao-fogo,47.0,4.0,0.0,0,1.2965,0.6379
-7.25,-48.5,2023-12,0.07280576050418135,nao-fogo,3.0,2.0,0.0,0,0.0653,0.0653
1.75,-60.0,2023-12,0.07263157206810215,nao-fogo,0.0,0.0,55.0,0,0.0,0.0
-7.0,-71.5,2023-12,0.07259498306338487,nao-fogo,19.0,4.0,0.0,0,0.14889999999999998,0.0
-10.75,-59.5,2023-12,0.07246367371975027,nao-fogo,2.0,0.0,11.0,0,0.2401,0.0
2.25,-51.0,2023-12,0.07245360397069728,nao-fogo,34.0,4.0,0.0,0,0.9521999999999999,0.0677
1.25,-67.25,2023-12,0.07239984443513547,nao-fogo,0.0,0.0,47.0,0,0.0,0.0
-6.75,-64.5,2023-12,0.07234791839572327,nao-fogo,7.0,2.0,0.0,0,0.6576,0.4856
-3.25,-63.75,2023-12,0.07216696749974376,nao-fogo,0.0,0.0,14.0,0,0.0,0.0
-10.75,-62.75,2023-12,0.07206723517457267,nao-fogo,5.0,3.0,0.0,0,0.0,0.0
-8.75,-69.0,2023-12,0.07204706183534913,nao-fogo,29.0,3.0,0.0,0,1.6745,0.3442
-9.5,-60.25,2023-12,0.0720344254703004,nao-fogo,17.0,3.0,1.0,0,1.1762,0.1122
-9.25,-59.25,2023-12,0.0720308703184014,nao-fogo,12.0,4.0,0.0,0,17.3194,2.8855
-1.75,-61.75,2023-12,0.07202753650605863,nao-fogo,0.0,0.0,14.0,0,0.0,0.0
0.75,-54.75,2023-12,0.07191719791897706,nao-fogo,2.0,2.0,1.0,0,0.0,0.0
0.75,-50.5,2023-12,0.0718588320747022,nao-fogo,7.0,2.0,0.0,0,0.0,0.0
-6.0,-50.25,2023-12,0.07174095045329945,nao-fogo,14.0,4.0,0.0,0,0.0,0.0
-3.25,-68.0,2023-12,0.07166753415511636,nao-fogo,5.0,3.0,1.0,0,0.0,0.0
-7.75,-72.0,2023-12,0.07157553341967474,nao-fogo,65.0,5.0,1.0,0,0.2273,0.0
-2.75,-67.5,2023-12,0.07154140667186049,nao-fogo,2.0,2.0,1.0,0,0.0,0.0
-1.75,-58.25,2023-12,0.0715379926286716,nao-fogo,0.0,0.0,13.0,0,0.0,0.0
-2.0,-55.0,2023-12,0.07153154154585786,nao-fogo,0.0,0.0,60.0,0,0.0,0.0
3.0,-51.0,2023-12,0.07144130945776749,nao-fogo,14.0,2.0,0.0,0,0.0,0.0
-9.5,-68.75,2023-12,0.0712647833730616,nao-fogo,69.0,4.0,0.0,0,1.1461000000000001,1.0129000000000001
-2.75,-68.0,2023-12,0.0712131144354352,nao-fogo,2.0,1.0,2.0,0,0.0,0.0
3.5,-63.25,2023-12,0.07111815148571764,nao-fogo,0.0,0.0,97.0,0,0.0,0.0
-0.75,-48.5,2023-12,0.07093871105276142,nao-fogo,14.0,2.0,1.0,0,0.0,0.0
-0.0,-62.25,2023-12,0.07048295036544008,nao-fogo,0.0,0.0,93.0,0,0.0,0.0
-8.5,-70.25,2023-12,0.0704687555888258,nao-fogo,125.0,5.0,0.0,0,2.6847000000000003,0.6483
-9.5,-61.0,2023-12,0.07025559748773405,nao-fogo,44.0,3.0,1.0,0,6.2084,3.3244
0.5,-63.75,2023-12,0.07018665443161903,nao-fogo,0.0,0.0,92.0,0,0.0,0.0
1.5,-55.5,2023-12,0.07005333634672485,nao-fogo,2.0,1.0,2.0,0,0.0,0.0
-0.0,-51.75,2023-12,0.07001759439118942,nao-fogo,17.0,3.0,0.0,0,0.0,0.0
-12.0,-61.75,2023-12,0.06985682827596215,nao-fogo,2.0,1.0,4.0,0,0.0,0.0
-9.25,-67.25,2023-12,0.06967226268763356,nao-fogo,36.0,3.0,1.0,0,1.0246,0.9445
-9.75,-60.25,2023-12,0.06959233308298955,nao-fogo,38.0,4.0,0.0,0,11.4206,8.422600000000001
-9.0,-67.75,2023-12,0.06927921350907545,nao-fogo,102.0,5.0,0.0,0,2.8991,0.9992
-9.75,-59.25,2023-12,0.06921457411437792,nao-fogo,17.0,4.0,0.0,0,0.7263999999999999,0.18309999999999998
-1.0,-51.25,2023-12,0.06919390463864614,nao-fogo,5.0,1.0,0.0,0,0.0,0.0
-6.75,-53.0,2023-12,0.0691889035389449,nao-fogo,89.0,4.0,1.0,0,1.791,0.8164
-7.0,-52.5,2023-12,0.06896726898556496,nao-fogo,14.0,3.0,0.0,0,3.9925,0.0
-2.5,-52.75,2023-12,0.06893733835382035,nao-fogo,5.0,1.0,2.0,0,0.0,0.0
-10.25,-53.25,2023-12,0.06892289875648142,nao-fogo,0.0,0.0,14.0,0,0.0,0.0
-8.75,-71.0,2023-12,0.0687168482281349,nao-fogo,88.0,4.0,1.0,0,0.4936,0.0
-10.75,-59.25,2023-12,0.06871303671428129,nao-fogo,10.0,3.0,1.0,0,18.4812,11.2061
-2.5,-66.25,2023-12,0.06857660701833576,nao-fogo,2.0,2.0,2.0,0,0.0,0.0
-0.25,-66.5,2023-12,0.06856710176889952,nao-fogo,0.0,0.0,46.0,0,0.0,0.0
-8.0,-72.75,2023-12,0.06830325081299123,nao-fogo,34.0,2.0,2.0,0,0.19,0.079
-7.5,-56.75,2023-12,0.06825133398651617,nao-fogo,10.0,4.0,0.0,0,2.6042,0.0
0.75,-63.5,2023-12,0.06808657061678144,nao-fogo,0.0,0.0,93.0,0,0.0,0.0
-9.25,-68.75,2023-12,0.06795001170489984,nao-fogo,88.0,5.0,0.0,0,2.1140999999999996,1.6444999999999999
-7.0,-55.5,2023-12,0.06780054737972696,nao-fogo,49.0,5.0,1.0,0,0.8035,0.5084
-8.25,-70.25,2023-12,0.0675781064579636,nao-fogo,115.0,5.0,0.0,0,1.1583,0.184
-3.0,-65.75,2023-12,0.06753043570998185,nao-fogo,1.0,1.0,2.0,0,0.0,0.0
-1.25,-50.5,2023-12,0.06751873832233997,nao-fogo,13.0,5.0,1.0,0,0.0,0.0
0.5,-69.5,2023-12,0.06750755300567365,nao-fogo,0.0,0.0,62.0,0,0.0,0.0
0.25,-68.75,2023-12,0.06734376313525516,nao-fogo,0.0,0.0,35.0,0,0.0,0.0
-9.75,-66.25,2023-12,0.06733886913048955,nao-fogo,11.0,4.0,1.0,0,0.8472999999999999,0.4437
0.25,-63.25,2023-12,0.06719953780852712,nao-fogo,0.0,0.0,92.0,0,0.0,0.0
-7.0,-52.0,2023-12,0.06716922038880939,nao-fogo,3.0,2.0,0.0,0,0.0785,0.0
-9.75,-67.0,2023-12,0.06711575566614407,nao-fogo,11.0,4.0,0.0,0,1.9503,0.3287
-9.5,-54.5,2023-12,0.06709122358450993,nao-fogo,26.0,2.0,1.0,0,1.1292,0.5339
-2.5,-50.5,2023-12,0.06705243176270409,nao-fogo,34.0,4.0,1.0,0,30.3872,4.8766
-3.0,-68.5,2023-12,0.06703390315611828,nao-fogo,1.0,1.0,2.0,0,0.0,0.0
-0.0,-49.75,2023-12,0.06694316847760684,nao-fogo,25.0,2.0,0.0,0,0.0,0.0
-9.0,-55.0,2023-12,0.06688444879713679,nao-fogo,2.0,2.0,3.0,0,0.0,0.0
-11.5,-59.25,2023-12,0.06682704901242323,nao-fogo,0.0,0.0,14.0,0,22.143,7.4733
-10.5,-58.25,2023-12,0.06654076031220772,nao-fogo,0.0,0.0,14.0,0,2.0589,1.7453
0.25,-68.5,2023-12,0.06653701484452992,nao-fogo,0.0,0.0,95.0,0,0.0,0.0
-4.75,-54.75,2023-12,0.06636175254544165,nao-fogo,2.0,2.0,0.0,0,0.0,0.0
1.0,-50.25,2023-12,0.06635112311004979,nao-fogo,24.0,2.0,0.0,0,0.0,0.0
-10.25,-65.25,2023-12,0.06635104883655209,nao-fogo,6.0,3.0,1.0,0,0.0824,0.0
-7.0,-51.5,2023-12,0.0663132101409314,nao-fogo,12.0,2.0,0.0,0,0.2855,0.0
-5.75,-52.0,2023-12,0.06627815759063498,nao-fogo,27.0,4.0,0.0,0,1.5606,0.2226
-4.5,-54.75,2023-12,0.06627719496690788,nao-fogo,31.0,3.0,1.0,0,0.9086,0.0
2.25,-51.75,2023-12,0.06627366411098734,nao-fogo,3.0,2.0,1.0,0,1.3926,0.1923
-10.75,-69.75,2023-12,0.06623871260594816,nao-fogo,48.0,4.0,0.0,0,0.40479999999999994,0.1489
-7.0,-52.25,2023-12,0.06623220417630737,nao-fogo,39.0,3.0,1.0,0,2.9828,0.0
-8.5,-60.5,2023-12,0.06619586034391825,nao-fogo,16.0,4.0,0.0,0,0.7811999999999999,0.0947
-7.25,-56.0,2023-12,0.06609796411297945,nao-fogo,9.0,4.0,0.0,0,0.0,0.0
-3.25,-69.25,2023-12,0.06606889001282383,nao-fogo,2.0,1.0,1.0,0,0.069,0.0
-9.75,-58.25,2023-12,0.06598073862167081,nao-fogo,22.0,3.0,0.0,0,15.1579,7.3906
-9.5,-55.75,2023-12,0.0658178498356919,nao-fogo,18.0,3.0,0.0,0,0.4269,0.4269
-1.75,-67.0,2023-12,0.06577492695685347,nao-fogo,0.0,0.0,13.0,0,0.0,0.0
-5.75,-59.25,2023-12,0.06575539699145393,nao-fogo,34.0,3.0,1.0,0,1.1763000000000001,0.9205000000000001
-2.25,-60.75,2023-12,0.06570599725796576,nao-fogo,0.0,0.0,25.0,0,0.0,0.0
-0.75,-49.5,2023-12,0.0656592611513072,nao-fogo,23.0,3.0,0.0,0,0.0,0.0
-12.75,-60.0,2023-12,0.06563936648637984,nao-fogo,0.0,0.0,14.0,0,0.1928,0.0
-10.75,-68.25,2023-12,0.06563770116228937,nao-fogo,22.0,4.0,1.0,0,0.1382,0.0
-12.25,-53.25,2023-12,0.06555963999163662,nao-fogo,22.0,4.0,0.0,0,0.0,0.0
-9.25,-68.0,2023-12,0.06555310205171841,nao-fogo,89.0,5.0,0.0,0,1.2611999999999999,1.0507
-3.25,-63.25,2023-12,0.06548622207477868,nao-fogo,1.0,1.0,2.0,0,0.0,0.0
-0.5,-56.75,2023-12,0.06544563768554927,nao-fogo,1.0,1.0,2.0,0,0.0,0.0
-8.5,-63.75,2023-12,0.06517995188802661,nao-fogo,26.0,4.0,1.0,0,0.4566,0.2964
-10.5,-62.75,2023-12,0.06515523583889646,nao-fogo,5.0,3.0,0.0,0,0.0839,0.0
-10.25,-61.5,2023-12,0.06515101617637988,nao-fogo,47.0,3.0,1.0,0,1.263,0.0
-8.5,-67.5,2023-12,0.06499660668896383,nao-fogo,18.0,4.0,0.0,0,0.2374,0.2374
-0.0,-49.5,2023-12,0.06488051190893439,nao-fogo,27.0,3.0,0.0,0,0.0,0.0
-0.25,-48.75,2023-12,0.06476157517133349,nao-fogo,1.0,1.0,2.0,0,0.0,0.0
1.0,-54.5,2023-12,0.06475111349880625,nao-fogo,1.0,1.0,1.0,0,0.0,0.0
-0.5,-61.75,2023-12,0.06463914108490507,nao-fogo,0.0,0.0,25.0,0,0.0,0.0
-1.0,-49.5,2023-12,0.06443322342950077,nao-fogo,2.0,1.0,1.0,0,0.0,0.0
-0.25,-60.25,2023-12,0.06436546663147505,nao-fogo,0.0,0.0,58.0,0,0.0,0.0
-0.25,-49.5,2023-12,0.06433526857995771,nao-fogo,20.0,3.0,0.0,0,0.0,0.0
-1.0,-61.25,2023-12,0.0643028296676327,nao-fogo,0.0,0.0,38.0,0,0.0,0.0
-2.5,-51.5,2023-12,0.06427007738821586,nao-fogo,1.0,1.0,0.0,0,54.5479,25.384900000000002
-3.5,-62.5,2023-12,0.06417380984637135,nao-fogo,2.0,2.0,1.0,0,0.0,0.0
-0.75,-52.0,2023-12,0.06412556038407961,nao-fogo,21.0,3.0,0.0,0,0.0754,0.0754
-10.0,-69.0,2023-12,0.0640639309353701,nao-fogo,35.0,4.0,0.0,0,1.1417,1.0492
-1.5,-51.5,2023-12,0.06392321607983747,nao-fogo,30.0,5.0,0.0,0,0.28559999999999997,0.1434
2.25,-50.75,2023-12,0.06386684107823806,nao-fogo,42.0,4.0,0.0,0,0.0,0.0
-10.25,-67.75,2023-12,0.06373401774072814,nao-fogo,21.0,5.0,1.0,0,0.718,0.6221
-1.75,-49.25,2023-12,0.06370664806493684,nao-fogo,1.0,1.0,3.0,0,0.0,0.0
-2.75,-58.75,2023-12,0.06349083361276005,nao-fogo,0.0,0.0,25.0,0,0.0,0.0
-2.5,-66.75,2023-12,0.06348444439145015,nao-fogo,1.0,1.0,1.0,0,0.0,0.0
-8.0,-70.0,2023-12,0.06343642097903297,nao-fogo,76.0,3.0,1.0,0,1.2688000000000001,0.2079
1.0,-67.5,2023-12,0.06330756882453342,nao-fogo,0.0,0.0,45.0,0,0.0,0.0
-9.0,-51.5,2023-12,0.06330505580903613,nao-fogo,10.0,1.0,2.0,0,3.6537,0.2466
1.5,-63.75,2023-12,0.06319272617921035,nao-fogo,0.0,0.0,97.0,0,0.0,0.0
-2.75,-56.0,2023-12,0.06304796880998945,nao-fogo,0.0,0.0,13.0,0,38.9509,0.0
-0.25,-51.75,2023-12,0.06269938188493417,nao-fogo,56.0,3.0,0.0,0,0.214,0.214
-0.25,-63.75,2023-12,0.06267974460604389,nao-fogo,0.0,0.0,93.0,0,0.0,0.0
1.5,-51.0,2023-12,0.06263423687416922,nao-fogo,23.0,4.0,0.0,0,0.2538,0.1452
-6.5,-54.75,2023-12,0.06247994244033958,nao-fogo,20.0,4.0,0.0,0,0.3985,0.0
-5.5,-51.75,2023-12,0.06247426040045193,nao-fogo,13.0,3.0,1.0,0,0.8897999999999999,0.0
-9.5,-57.0,2023-12,0.06222029802965991,nao-fogo,32.0,2.0,2.0,0,2.4031000000000002,0.2016
-16.0,-58.25,2023-12,0.06221437659135175,nao-fogo,0.0,0.0,37.0,0,0.0,0.0
-1.25,-62.25,2023-12,0.06220823635006398,nao-fogo,0.0,0.0,25.0,0,0.0,0.0
-3.75,-62.5,2023-12,0.06206208920501028,nao-fogo,2.0,1.0,3.0,0,0.0,0.0
-4.25,-63.75,2023-12,0.06181628494467982,nao-fogo,15.0,3.0,2.0,0,0.0,0.0
-10.25,-64.25,2023-12,0.061780826373466775,nao-fogo,3.0,3.0,0.0,0,0.9573,0.4201
-10.5,-59.75,2023-12,0.0616195316533807,nao-fogo,4.0,3.0,0.0,0,0.0,0.0
-12.75,-63.25,2023-12,0.061570547986304486,nao-fogo,1.0,1.0,0.0,0,0.0,0.0
-0.75,-61.75,2023-12,0.06141747687285492,nao-fogo,0.0,0.0,36.0,0,0.0,0.0
-10.5,-68.0,2023-12,0.06137394305721299,nao-fogo,123.0,3.0,1.0,0,3.5258,0.8819
-9.75,-68.25,2023-12,0.06123428179201024,nao-fogo,6.0,3.0,0.0,0,1.5902,0.8855
-3.25,-67.25,2023-12,0.06120837254943501,nao-fogo,1.0,1.0,2.0,0,0.0,0.0
-0.25,-53.5,2023-12,0.061150437609352154,nao-fogo,0.0,0.0,12.0,0,0.0,0.0
-2.0,-62.5,2023-12,0.06110264852749038,nao-fogo,0.0,0.0,38.0,0,0.07,0.0
-12.0,-62.25,2023-12,0.061026597533972084,nao-fogo,4.0,2.0,2.0,0,0.3509,0.0
-8.25,-48.5,2023-12,0.060997353149826086,nao-fogo,4.0,2.0,2.0,0,0.0,0.0
-1.25,-68.5,2023-12,0.06082132351915647,nao-fogo,0.0,0.0,14.0,0,0.0,0.0
-3.5,-69.5,2023-12,0.06075384557453391,nao-fogo,2.0,2.0,3.0,0,0.0,0.0
-4.25,-65.25,2023-12,0.06069085062842319,nao-fogo,9.0,3.0,1.0,0,0.2117,0.0
-4.0,-58.0,2023-12,0.06063513965792712,nao-fogo,10.0,4.0,2.0,0,0.0,0.0
-0.75,-65.0,2023-12,0.06057509788021981,nao-fogo,0.0,0.0,33.0,0,0.0,0.0
-5.0,-67.0,2023-12,0.060366156713027655,nao-fogo,33.0,5.0,1.0,0,0.0649,0.0
-3.0,-67.75,2023-12,0.060229013645540876,nao-fogo,2.0,2.0,2.0,0,0.0,0.0
1.0,-56.25,2023-12,0.060147088152738844,nao-fogo,1.0,1.0,2.0,0,0.0,0.0
-6.25,-51.0,2023-12,0.06008535951562002,nao-fogo,10.0,4.0,1.0,0,0.0,0.0
-14.25,-59.5,2023-12,0.05989785999894045,nao-fogo,0.0,0.0,14.0,0,0.0,0.0
-8.75,-71.25,2023-12,0.05966691324724511,nao-fogo,41.0,4.0,1.0,0,0.23349999999999999,0.0
-10.5,-69.25,2023-12,0.05959789727705446,nao-fogo,102.0,5.0,0.0,0,1.1173,0.5378
-0.75,-57.25,2023-12,0.05948322665456215,nao-fogo,3.0,2.0,2.0,0,0.1177,0.1177
0.75,-51.75,2023-12,0.05932651536048441,nao-fogo,2.0,1.0,0.0,0,0.0,0.0
-6.0,-61.5,2023-12,0.05928937274311706,nao-fogo,31.0,4.0,1.0,0,0.0,0.0
-10.5,-63.75,2023-12,0.0591731618243387,nao-fogo,3.0,1.0,1.0,0,0.1977,0.0
-0.25,-63.0,2023-12,0.05914973008491299,nao-fogo,0.0,0.0,93.0,0,0.0,0.0
-7.0,-51.0,2023-12,0.059038563044498914,nao-fogo,4.0,2.0,2.0,0,0.0856,0.0
-4.5,-54.5,2023-12,0.058998688474967344,nao-fogo,1.0,0.0,9.0,0,0.0,0.0
-8.5,-70.75,2023-12,0.058983293593258324,nao-fogo,119.0,5.0,0.0,0,1.4137,0.3633
-11.5,-63.0,2023-12,0.058796595638345675,nao-fogo,12.0,2.0,1.0,0,0.0,0.0
-6.75,-56.75,2023-12,0.058736051051799756,nao-fogo,35.0,4.0,1.0,0,0.19390000000000002,0.0644
-4.0,-58.75,2023-12,0.058649636556687194,nao-fogo,14.0,4.0,1.0,0,0.0,0.0
-10.0,-68.25,2023-12,0.05859165761885169,nao-fogo,24.0,6.0,0.0,0,1.778,0.387
3.75,-64.25,2023-12,0.05835208915966764,nao-fogo,0.0,0.0,97.0,0,0.0,0.0
-8.5,-61.5,2023-12,0.05827708430476264,nao-fogo,27.0,4.0,1.0,0,0.0,0.0
-10.25,-60.5,2023-12,0.0582355963914199,nao-fogo,2.0,1.0,5.0,0,5.444100000000001,3.3685
-9.25,-67.5,2023-12,0.05817001234870151,nao-fogo,79.0,4.0,1.0,0,4.410800000000001,1.092
-1.5,-51.25,2023-12,0.05815925819552447,nao-fogo,9.0,4.0,0.0,0,0.0,0.0
-8.0,-48.75,2023-12,0.05795282539642975,nao-fogo,2.0,1.0,1.0,0,0.1252,0.0
-6.0,-53.0,2023-12,0.0579493346698227,nao-fogo,14.0,4.0,0.0,0,0.1895,0.0
-9.75,-66.0,2023-12,0.05785250074203982,nao-fogo,27.0,4.0,1.0,0,5.4845999999999995,2.9139999999999997
-0.5,-51.5,2023-12,0.05766310660420298,nao-fogo,23.0,2.0,0.0,0,0.0,0.0
-11.0,-51.75,2023-12,0.057658463874017005,nao-fogo,1.0,0.0,6.0,0,0.0,0.0
-7.5,-70.0,2023-12,0.05758547730433004,nao-fogo,48.0,5.0,0.0,0,0.3801,0.0
2.0,-50.5,2023-12,0.057396851437081994,nao-fogo,8.0,3.0,0.0,0,0.0,0.0
-9.0,-69.25,2023-12,0.05738750827083169,nao-fogo,32.0,4.0,0.0,0,1.2149999999999999,0.0771
-12.25,-59.75,2023-12,0.05716317187146823,nao-fogo,1.0,1.0,2.0,0,0.0,0.0
-10.75,-68.75,2023-12,0.056875620825525,nao-fogo,99.0,5.0,0.0,0,1.2714999999999999,0.869
-5.75,-53.75,2023-12,0.056705382857933286,nao-fogo,47.0,4.0,1.0,0,4.0207999999999995,0.0
-6.75,-48.5,2023-12,0.05661620178561592,nao-fogo,0.0,0.0,15.0,0,0.0,0.0
-12.25,-62.5,2023-12,0.05658420370222259,nao-fogo,14.0,4.0,0.0,0,0.0,0.0
-5.5,-61.0,2023-12,0.05646989243725889,nao-fogo,27.0,3.0,2.0,0,0.0,0.0
-10.25,-61.25,2023-12,0.056463648621603635,nao-fogo,9.0,1.0,2.0,0,1.7073,0.0831
-11.5,-65.0,2023-12,0.056459938399089374,nao-fogo,18.0,3.0,1.0,0,0.0,0.0
-3.75,-62.25,2023-12,0.0564262609896996,nao-fogo,1.0,1.0,1.0,0,0.0,0.0
3.75,-51.75,2023-12,0.0563870838980998,nao-fogo,33.0,4.0,0.0,0,1.2305,0.8577
-8.75,-55.25,2023-12,0.056381232565194964,nao-fogo,1.0,0.0,9.0,0,0.0,0.0
-8.75,-51.25,2023-12,0.05608367732412351,nao-fogo,5.0,1.0,5.0,0,0.0,0.0
-0.75,-57.5,2023-12,0.056080654477488896,nao-fogo,0.0,0.0,13.0,0,0.0,0.0
-4.5,-58.75,2023-12,0.05599725140778286,nao-fogo,2.0,2.0,0.0,0,0.0,0.0
-4.25,-61.0,2023-12,0.0559711893394443,nao-fogo,14.0,3.0,1.0,0,0.0,0.0
-10.25,-64.0,2023-12,0.05596078041488115,nao-fogo,4.0,3.0,0.0,0,0.1485,0.0
-0.0,-52.0,2023-12,0.055952729128557116,nao-fogo,3.0,1.0,1.0,0,1.9346,1.9346
-7.25,-51.75,2023-12,0.055727860317346084,nao-fogo,11.0,2.0,0.0,0,0.0,0.0
-8.5,-49.0,2023-12,0.055551248172615954,nao-fogo,0.0,0.0,14.0,0,0.0,0.0
-6.25,-51.25,2023-12,0.0554770751578147,nao-fogo,11.0,2.0,1.0,0,0.22999999999999998,0.1341
0.5,-66.75,2023-12,0.05547494526358852,nao-fogo,0.0,0.0,50.0,0,0.0,0.0
-0.0,-50.0,2023-12,0.055364542658718575,nao-fogo,6.0,2.0,0.0,0,0.0,0.0
-7.25,-73.25,2023-12,0.05526232175265708,nao-fogo,22.0,4.0,1.0,0,0.2465,0.0905
1.25,-63.5,2023-12,0.055230195789355764,nao-fogo,0.0,0.0,95.0,0,0.0,0.0
-10.75,-63.0,2023-12,0.05521949079194296,nao-fogo,1.0,1.0,1.0,0,0.0,0.0
2.75,-51.0,2023-12,0.05507875276337045,nao-fogo,37.0,4.0,0.0,0,0.081,0.081
-3.25,-68.5,2023-12,0.05501724111189864,nao-fogo,1.0,1.0,2.0,0,0.0,0.0
-1.0,-50.5,2023-12,0.054992793210334,nao-fogo,6.0,3.0,2.0,0,0.0,0.0
-1.75,-66.5,2023-12,0.0549315507650604,nao-fogo,0.0,0.0,14.0,0,0.0,0.0
1.5,-55.0,2023-12,0.05476006939920831,nao-fogo,0.0,0.0,13.0,0,0.0,0.0
-8.75,-54.75,2023-12,0.05473193680856528,nao-fogo,23.0,3.0,1.0,0,0.2482,0.0
-0.25,-50.0,2023-12,0.05469460436057031,nao-fogo,7.0,1.0,0.0,0,0.0,0.0
-5.0,-46.5,2023-12,0.05463428164476795,nao-fogo,1.0,1.0,5.0,0,0.0,0.0
-0.0,-67.75,2023-12,0.054619993738033314,nao-fogo,0.0,0.0,44.0,0,0.0,0.0
0.5,-54.0,2023-12,0.05455444394097474,nao-fogo,0.0,0.0,33.0,0,0.0,0.0
-12.5,-53.25,2023-12,0.05447001812523328,nao-fogo,2.0,2.0,0.0,0,0.0,0.0
-2.0,-65.0,2023-12,0.054183562527233844,nao-fogo,0.0,0.0,39.0,0,0.0,0.0
-3.25,-66.0,2023-12,0.05415838380851452,nao-fogo,0.0,0.0,39.0,0,0.0,0.0
3.0,-61.75,2023-12,0.05415307737752912,nao-fogo,0.0,0.0,44.0,0,1.7169,1.5323
-8.0,-64.0,2023-12,0.05404871099014124,nao-fogo,2.0,2.0,2.0,0,5.5074000000000005,0.2365
-12.5,-56.25,2023-12,0.0538897643472773,nao-fogo,0.0,0.0,66.0,0,4.0581,2.1361
-7.25,-51.0,2023-12,0.053889480869343476,nao-fogo,0.0,0.0,14.0,0,0.1442,0.0646
-3.5,-57.25,2023-12,0.053802269166287706,nao-fogo,3.0,2.0,2.0,0,0.0,0.0
0.25,-63.5,2023-12,0.05378097026807253,nao-fogo,0.0,0.0,44.0,0,0.0,0.0
-5.75,-63.5,2023-12,0.05376107657304459,nao-fogo,5.0,3.0,1.0,0,0.0,0.0
-0.5,-64.0,2023-12,0.05363558286260688,nao-fogo,0.0,0.0,33.0,0,0.0,0.0
-0.0,-62.75,2023-12,0.053589392366322326,nao-fogo,0.0,0.0,92.0,0,0.0,0.0
-10.0,-58.25,2023-12,0.05344591216036071,nao-fogo,24.0,3.0,0.0,0,38.0827,17.7255
-10.25,-69.25,2023-12,0.053369323401876285,nao-fogo,17.0,4.0,0.0,0,0.0959,0.0959
1.5,-50.5,2023-12,0.053258553477640955,nao-fogo,52.0,3.0,0.0,0,0.0,0.0
-1.0,-49.75,2023-12,0.05316168316342422,nao-fogo,3.0,2.0,1.0,0,0.0,0.0
-0.75,-57.75,2023-12,0.05314561926663916,nao-fogo,0.0,0.0,36.0,0,0.0,0.0
-10.25,-69.5,2023-12,0.05299172631888106,nao-fogo,11.0,3.0,0.0,0,0.0634,0.0634
-0.0,-50.75,2023-12,0.05296005125228075,nao-fogo,3.0,1.0,0.0,0,0.0,0.0
-11.75,-63.0,2023-12,0.052913177651768235,nao-fogo,1.0,1.0,5.0,0,0.0,0.0
-3.5,-68.5,2023-12,0.0526995083075542,nao-fogo,4.0,2.0,2.0,0,0.0,0.0
2.75,-62.0,2023-12,0.052674787830686416,nao-fogo,0.0,0.0,50.0,0,0.0,0.0
-9.25,-48.75,2023-12,0.05263642376467503,nao-fogo,0.0,0.0,18.0,0,0.0,0.0
-11.75,-63.25,2023-12,0.05263030097816789,nao-fogo,1.0,1.0,0.0,0,0.0766,0.0766
-0.75,-50.75,2023-12,0.052554175856674275,nao-fogo,1.0,1.0,1.0,0,0.0,0.0
1.0,-62.5,2023-12,0.052536032622261024,nao-fogo,0.0,0.0,57.0,0,0.0,0.0
-10.5,-60.5,2023-12,0.05250148958616972,nao-fogo,0.0,0.0,14.0,0,1.9479,0.0
-3.5,-67.5,2023-12,0.05225746170596453,nao-fogo,1.0,1.0,1.0,0,0.0,0.0
-10.5,-61.25,2023-12,0.05222638845738881,nao-fogo,43.0,4.0,0.0,0,3.1618,0.0
-3.5,-66.5,2023-12,0.05221320970672537,nao-fogo,1.0,1.0,1.0,0,0.0,0.0
-6.75,-50.25,2023-12,0.052172627158759144,nao-fogo,2.0,2.0,2.0,0,0.0707,0.0
-0.75,-63.5,2023-12,0.05216036567319956,nao-fogo,0.0,0.0,46.0,0,0.0,0.0
1.25,-61.5,2023-12,0.05212818209673113,nao-fogo,0.0,0.0,56.0,0,0.0,0.0
1.0,-62.75,2023-12,0.05201419397263028,nao-fogo,0.0,0.0,60.0,0,0.0,0.0
2.5,-50.75,2023-12,0.05190750049438523,nao-fogo,25.0,3.0,0.0,0,0.0,0.0
-2.0,-51.5,2023-12,0.051847634191548725,nao-fogo,15.0,2.0,1.0,0,0.0,0.0
-7.75,-70.0,2023-12,0.05182364291917981,nao-fogo,48.0,4.0,1.0,0,1.8693,0.3961
-1.0,-50.0,2023-12,0.051796745803533294,nao-fogo,0.0,0.0,12.0,0,0.0,0.0
-6.0,-59.75,2023-12,0.0517117408782979,nao-fogo,19.0,3.0,1.0,0,0.34040000000000004,0.34040000000000004
2.5,-51.5,2023-12,0.05168210612851385,nao-fogo,5.0,2.0,0.0,0,0.0,0.0
-0.25,-63.5,2023-12,0.05148936254495263,nao-fogo,0.0,0.0,92.0,0,0.0,0.0
-6.25,-58.5,2023-12,0.05145416772027013,nao-fogo,0.0,0.0,15.0,0,0.0782,0.0782
-11.5,-61.5,2023-12,0.051319211255999975,nao-fogo,7.0,2.0,3.0,0,0.0738,0.0738
-3.75,-60.0,2023-12,0.05129115773393369,nao-fogo,1.0,1.0,1.0,0,0.0896,0.0
-13.25,-62.25,2023-12,0.05126990312535803,nao-fogo,1.0,1.0,0.0,0,0.0,0.0
-9.25,-58.5,2023-12,0.051167089909816395,nao-fogo,24.0,3.0,2.0,0,16.2449,2.3539
-5.25,-51.5,2023-12,0.0510882791880288,nao-fogo,2.0,2.0,0.0,0,0.4676,0.0
-14.0,-57.5,2023-12,0.050988242082013815,nao-fogo,0.0,0.0,47.0,0,0.0,0.0
-0.0,-63.5,2023-12,0.05092168644781643,nao-fogo,0.0,0.0,93.0,0,0.0,0.0
1.0,-62.0,2023-12,0.050769489176046234,nao-fogo,0.0,0.0,44.0,0,0.0,0.0
-5.5,-53.25,2023-12,0.05076574672630221,nao-fogo,3.0,2.0,0.0,0,0.0,0.0
-5.0,-62.25,2023-12,0.05070286362977849,nao-fogo,22.0,4.0,1.0,0,0.5304,0.0
0.25,-63.75,2023-12,0.050638664306867705,nao-fogo,0.0,0.0,93.0,0,0.0,0.0
-0.5,-49.0,2023-12,0.05059707963982926,nao-fogo,2.0,1.0,2.0,0,0.0,0.0
2.0,-51.0,2023-12,0.05059091691117985,nao-fogo,23.0,4.0,0.0,0,0.1695,0.0
0.25,-51.25,2023-12,0.050459074358809114,nao-fogo,43.0,3.0,0.0,0,0.0,0.0
-4.5,-60.5,2023-12,0.050401934552051046,nao-fogo,3.0,1.0,1.0,0,0.0,0.0
-9.75,-68.5,2023-12,0.05035512229570482,nao-fogo,39.0,4.0,0.0,0,4.4117999999999995,2.5609
-10.5,-50.5,2023-12,0.050350939017781766,nao-fogo,4.0,2.0,2.0,0,0.0,0.0
-11.0,-59.25,2023-12,0.05034896463029812,nao-fogo,3.0,3.0,0.0,0,0.0,0.0
-11.25,-58.25,2023-12,0.050327126896429014,nao-fogo,3.0,2.0,2.0,0,0.0,0.0
-11.25,-53.25,2023-12,0.050230409927067815,nao-fogo,3.0,1.0,2.0,0,0.0,0.0
-1.5,-61.75,2023-12,0.050213370117880636,nao-fogo,0.0,0.0,45.0,0,0.0,0.0
-12.0,-53.75,2023-12,0.05013839733751852,nao-fogo,0.0,0.0,12.0,0,0.0,0.0
-0.0,-61.75,2023-12,0.050107691136120465,nao-fogo,0.0,0.0,56.0,0,0.0,0.0
-6.75,-69.75,2023-12,0.0500725048619601,nao-fogo,14.0,4.0,0.0,0,0.1217,0.0
-1.75,-59.5,2023-12,0.05003005816589362,nao-fogo,0.0,0.0,94.0,0,0.0,0.0
-1.0,-50.25,2023-12,0.05002014789425805,nao-fogo,4.0,2.0,2.0,0,0.0,0.0
-3.0,-66.25,2023-12,0.04994172620976589,nao-fogo,0.0,0.0,27.0,0,0.0,0.0
-8.5,-70.0,2023-12,0.04989499717150674,nao-fogo,79.0,5.0,0.0,0,4.4033999999999995,3.843
3.0,-63.5,2023-12,0.04987059026079778,nao-fogo,0.0,0.0,61.0,0,0.0,0.0
-4.75,-50.25,2023-12,0.04980428581090214,nao-fogo,0.0,0.0,13.0,0,0.1177,0.0
-6.25,-53.5,2023-12,0.04976280921917576,nao-fogo,182.0,4.0,1.0,0,18.344699999999996,15.3509
-4.25,-61.75,2023-12,0.0496413652878229,nao-fogo,2.0,2.0,1.0,0,0.0,0.0
-8.25,-51.25,2023-12,0.04956288490030839,nao-fogo,10.0,1.0,2.0,0,0.0,0.0
-6.0,-59.25,2023-12,0.04947509168550974,nao-fogo,0.0,0.0,12.0,0,0.0,0.0
-7.25,-54.75,2023-12,0.04943371363338747,nao-fogo,3.0,3.0,0.0,0,0.0,0.0
-5.75,-52.5,2023-12,0.04940693526727976,nao-fogo,20.0,3.0,0.0,0,0.0,0.0
0.75,-68.0,2023-12,0.0493149852363271,nao-fogo,0.0,0.0,65.0,0,0.0,0.0
-13.5,-59.5,2023-12,0.04925961726400494,nao-fogo,1.0,1.0,3.0,0,0.0,0.0
-4.0,-44.5,2023-12,0.04914302838705683,nao-fogo,1.0,1.0,3.0,0,0.0,0.0
-7.5,-50.5,2023-12,0.04908429316595768,nao-fogo,9.0,2.0,1.0,0,0.0719,0.0
1.25,-64.25,2023-12,0.04902411390466171,nao-fogo,0.0,0.0,44.0,0,0.0,0.0
-0.5,-63.0,2023-12,0.04897363447007512,nao-fogo,0.0,0.0,92.0,0,0.0,0.0
-4.0,-62.0,2023-12,0.0489406804846062,nao-fogo,2.0,1.0,1.0,0,0.0706,0.0
-0.0,-67.5,2023-12,0.04890033991631605,nao-fogo,0.0,0.0,57.0,0,0.0,0.0
-10.25,-68.0,2023-12,0.048717898789046574,nao-fogo,48.0,4.0,0.0,0,2.8308,1.7624
-10.75,-61.25,2023-12,0.048688748333930665,nao-fogo,21.0,1.0,2.0,0,0.0718,0.0
-10.5,-61.0,2023-12,0.048673532157975805,nao-fogo,1.0,1.0,2.0,0,0.0,0.0
-1.0,-55.5,2023-12,0.048486875918447074,nao-fogo,0.0,0.0,37.0,0,0.0,0.0
-0.0,-63.25,2023-12,0.04838667565783423,nao-fogo,0.0,0.0,92.0,0,0.0,0.0
-6.5,-53.25,2023-12,0.04837012469971834,nao-fogo,241.0,4.0,0.0,0,3.9800999999999997,0.383
1.5,-62.75,2023-12,0.04820903900898505,nao-fogo,0.0,0.0,94.0,0,0.0,0.0
-13.25,-56.5,2023-12,0.04816331345581365,nao-fogo,1.0,1.0,2.0,0,19.432699999999997,0.0
-2.0,-66.25,2023-12,0.048134325182069934,nao-fogo,0.0,0.0,38.0,0,0.0,0.0
-10.5,-68.75,2023-12,0.048058084179710366,nao-fogo,70.0,4.0,0.0,0,1.0687,0.8252
1.0,-50.0,2023-12,0.04805038142470149,nao-fogo,16.0,3.0,0.0,0,0.0,0.0
-0.25,-62.75,2023-12,0.04796785948742132,nao-fogo,0.0,0.0,92.0,0,0.0,0.0
-11.25,-64.75,2023-12,0.04785168622269189,nao-fogo,10.0,3.0,1.0,0,0.5868,0.5868
-0.0,-69.0,2023-12,0.04784610600991594,nao-fogo,0.0,0.0,40.0,0,0.0,0.0
3.25,-62.25,2023-12,0.04783867752909609,nao-fogo,0.0,0.0,56.0,0,0.0,0.0
-4.0,-57.5,2023-12,0.047730058383159454,nao-fogo,3.0,2.0,1.0,0,0.0,0.0
0.5,-56.0,2023-12,0.047700625190102056,nao-fogo,0.0,0.0,46.0,0,0.0,0.0
-12.25,-64.75,2023-12,0.04747078670063464,nao-fogo,5.0,1.0,3.0,0,0.0,0.0
2.5,-51.0,2023-12,0.047363166454779726,nao-fogo,53.0,4.0,0.0,0,0.6858,0.6858
1.75,-63.5,2023-12,0.04735675251365562,nao-fogo,0.0,0.0,56.0,0,0.0,0.0
-11.75,-63.5,2023-12,0.04733702858413335,nao-fogo,1.0,1.0,0.0,0,0.0,0.0
-15.25,-58.75,2023-12,0.047302202834443474,nao-fogo,0.0,0.0,14.0,0,0.0,0.0
-2.25,-65.0,2023-12,0.04723678896840702,nao-fogo,0.0,0.0,45.0,0,0.0,0.0
0.25,-51.75,2023-12,0.04715638706549569,nao-fogo,3.0,2.0,0.0,0,0.0,0.0
-11.0,-61.25,2023-12,0.04711542870228576,nao-fogo,1.0,1.0,1.0,0,0.0719,0.0
-12.0,-53.5,2023-12,0.047044939807939466,nao-fogo,6.0,1.0,4.0,0,0.0,0.0
-11.75,-63.75,2023-12,0.04696696558567214,nao-fogo,1.0,1.0,1.0,0,0.0926,0.0926
-6.25,-50.0,2023-12,0.04687949983815253,nao-fogo,3.0,2.0,1.0,0,0.1191,0.1191
-1.75,-65.75,2023-12,0.04687325182258182,nao-fogo,0.0,0.0,37.0,0,0.0,0.0
-9.25,-54.75,2023-12,0.046851913086520085,nao-fogo,2.0,1.0,2.0,0,0.0,0.0
3.5,-51.75,2023-12,0.04680377677562751,nao-fogo,7.0,3.0,0.0,0,0.0,0.0
1.5,-63.5,2023-12,0.04679625258965681,nao-fogo,0.0,0.0,38.0,0,0.0,0.0
-8.0,-49.0,2023-12,0.04667244271080906,nao-fogo,7.0,2.0,1.0,0,0.0,0.0
1.0,-61.75,2023-12,0.04653869046560571,nao-fogo,0.0,0.0,44.0,0,0.0,0.0
0.5,-57.25,2023-12,0.04649447495439612,nao-fogo,0.0,0.0,25.0,0,0.0,0.0
-12.5,-53.5,2023-12,0.04648740630643309,nao-fogo,3.0,2.0,0.0,0,0.0,0.0
-11.0,-68.25,2023-12,0.04646022652837157,nao-fogo,28.0,3.0,1.0,0,0.3327,0.0968
-5.75,-61.5,2023-12,0.04641186479505395,nao-fogo,23.0,2.0,2.0,0,0.0,0.0
-0.5,-63.25,2023-12,0.04640409403429322,nao-fogo,0.0,0.0,93.0,0,0.0,0.0
-4.25,-60.5,2023-12,0.04640259742474153,nao-fogo,1.0,1.0,0.0,0,0.0,0.0
-6.75,-56.25,2023-12,0.04631331397865893,nao-fogo,24.0,4.0,1.0,0,15.137,0.0645
-11.5,-53.5,2023-12,0.04628395297292623,nao-fogo,0.0,0.0,13.0,0,0.0,0.0
-12.5,-53.0,2023-12,0.046114816688377726,nao-fogo,28.0,4.0,1.0,0,0.0,0.0
-11.5,-59.0,2023-12,0.04600177516566326,nao-fogo,0.0,0.0,12.0,0,28.5636,2.0658
0.5,-63.5,2023-12,0.045991792827201124,nao-fogo,0.0,0.0,92.0,0,0.0,0.0
-10.5,-69.75,2023-12,0.04597479793374273,nao-fogo,45.0,5.0,0.0,0,0.3539,0.254
-3.0,-64.5,2023-12,0.04590283760275846,nao-fogo,0.0,0.0,14.0,0,0.0,0.0
-7.5,-64.75,2023-12,0.04585950074023353,nao-fogo,31.0,4.0,1.0,0,0.2255,0.1517
-1.25,-50.75,2023-12,0.04584325843842037,nao-fogo,2.0,2.0,1.0,0,0.0,0.0
-0.5,-49.25,2023-12,0.045781446168563326,nao-fogo,18.0,2.0,1.0,0,0.0,0.0
-6.0,-58.0,2023-12,0.045723490120350506,nao-fogo,19.0,4.0,1.0,0,0.2566,0.0887
1.75,-50.5,2023-12,0.045691812739253296,nao-fogo,76.0,3.0,0.0,0,0.0,0.0
-0.5,-52.5,2023-12,0.045655025536436786,nao-fogo,7.0,3.0,0.0,0,0.2184,0.2184
-7.25,-50.0,2023-12,0.04560517329455607,nao-fogo,8.0,3.0,1.0,0,0.0,0.0
-12.0,-53.25,2023-12,0.04549893376965802,nao-fogo,5.0,3.0,1.0,0,0.0833,0.0833
-6.0,-57.5,2023-12,0.04545053768702203,nao-fogo,3.0,3.0,0.0,0,0.158,0.0
-0.5,-62.75,2023-12,0.04541724547208002,nao-fogo,0.0,0.0,92.0,0,0.0,0.0
-11.75,-65.25,2023-12,0.04541217919006318,nao-fogo,4.0,1.0,0.0,0,0.0,0.0
0.5,-52.0,2023-12,0.04540306755536427,nao-fogo,6.0,2.0,1.0,0,0.0838,0.0838
0.5,-51.5,2023-12,0.04537964427336414,nao-fogo,23.0,3.0,0.0,0,0.0,0.0
-6.25,-54.25,2023-12,0.045249368124807406,nao-fogo,1.0,0.0,11.0,0,0.0,0.0
-5.5,-52.25,2023-12,0.04521286479680159,nao-fogo,4.0,2.0,2.0,0,0.1663,0.1663
-7.0,-50.75,2023-12,0.04519586656537092,nao-fogo,17.0,2.0,1.0,0,0.0976,0.0
-0.0,-62.5,2023-12,0.04508066413188817,nao-fogo,0.0,0.0,92.0,0,0.0,0.0
1.0,-51.25,2023-12,0.045060651604671216,nao-fogo,40.0,3.0,0.0,0,0.1486,0.0
-2.75,-59.0,2023-12,0.04503892730081443,nao-fogo,0.0,0.0,98.0,0,0.0,0.0
-7.5,-60.0,2023-12,0.04492668719517978,nao-fogo,36.0,4.0,1.0,0,0.6207,0.0
-4.5,-59.25,2023-12,0.0447501035877121,nao-fogo,9.0,4.0,1.0,0,0.0,0.0
-5.5,-47.0,2023-12,0.04454668178737543,nao-fogo,1.0,1.0,1.0,0,0.0,0.0
1.0,-61.5,2023-12,0.04445596089172131,nao-fogo,0.0,0.0,57.0,0,0.0,0.0
-9.0,-60.75,2023-12,0.04419188944582569,nao-fogo,3.0,3.0,1.0,0,1.6658,1.6658
2.75,-62.75,2023-12,0.04404047485618543,nao-fogo,0.0,0.0,56.0,0,0.0,0.0
-3.0,-66.0,2023-12,0.0439680795398201,nao-fogo,0.0,0.0,26.0,0,0.0,0.0
3.75,-51.25,2023-12,0.04394434600161145,nao-fogo,23.0,3.0,0.0,0,0.0,0.0
-12.0,-64.75,2023-12,0.043928914972270236,nao-fogo,6.0,2.0,2.0,0,0.0,0.0
-0.75,-50.5,2023-12,0.04390808355173857,nao-fogo,2.0,1.0,2.0,0,0.0,0.0
-4.25,-57.75,2023-12,0.043908073544116896,nao-fogo,0.0,0.0,13.0,0,0.0,0.0
-4.25,-69.5,2023-12,0.043835408561888625,nao-fogo,3.0,2.0,2.0,0,0.0,0.0
-1.0,-50.75,2023-12,0.043766245117549035,nao-fogo,1.0,1.0,0.0,0,0.0,0.0
-0.75,-61.5,2023-12,0.043642405679972573,nao-fogo,0.0,0.0,50.0,0,0.0,0.0
-3.0,-53.5,2023-12,0.043619769647777216,nao-fogo,12.0,2.0,1.0,0,22.798,0.0
-9.75,-67.25,2023-12,0.04355897823027658,nao-fogo,9.0,5.0,0.0,0,1.3453,0.4465
-3.75,-66.5,2023-12,0.04355206277422117,nao-fogo,3.0,2.0,2.0,0,0.0,0.0
1.0,-50.75,2023-12,0.04353792048973743,nao-fogo,22.0,3.0,0.0,0,0.1241,0.0
-6.75,-70.0,2023-12,0.04351436180436851,nao-fogo,33.0,5.0,0.0,0,0.0674,0.0
2.5,-63.0,2023-12,0.04349364928134489,nao-fogo,0.0,0.0,61.0,0,0.0,0.0
-11.0,-69.5,2023-12,0.04346065606184779,nao-fogo,16.0,5.0,1.0,0,0.2757,0.2013
-4.25,-56.5,2023-12,0.04345697856606501,nao-fogo,15.0,3.0,1.0,0,0.1031,0.1031
-9.75,-61.75,2023-12,0.04344859829630235,nao-fogo,6.0,2.0,2.0,0,0.0,0.0
-5.5,-71.25,2023-12,0.043340793457937274,nao-fogo,0.0,0.0,99.0,0,0.0,0.0
1.0,-50.5,2023-12,0.04332574536821071,nao-fogo,0.0,0.0,12.0,0,0.0,0.0
-10.0,-68.0,2023-12,0.0432912712537576,nao-fogo,13.0,4.0,0.0,0,0.0669,0.0669
0.75,-51.0,2023-12,0.04308749090829055,nao-fogo,8.0,3.0,0.0,0,0.0,0.0
-1.25,-63.0,2023-12,0.04305205466567797,nao-fogo,0.0,0.0,38.0,0,0.0,0.0
-6.5,-50.5,2023-12,0.04297914761927135,nao-fogo,10.0,3.0,1.0,0,0.0,0.0
-3.75,-63.25,2023-12,0.04292683132178696,nao-fogo,0.0,0.0,14.0,0,0.0,0.0
-5.25,-51.25,2023-12,0.04291893856423751,nao-fogo,11.0,4.0,1.0,0,0.1183,0.0
-5.5,-61.75,2023-12,0.04281808001222898,nao-fogo,7.0,2.0,2.0,0,0.0,0.0
0.75,-51.25,2023-12,0.042811810426236205,nao-fogo,14.0,4.0,0.0,0,0.1221,0.0
-7.25,-56.5,2023-12,0.0426904703392096,nao-fogo,16.0,3.0,0.0,0,0.6672,0.49820000000000003
-1.75,-65.5,2023-12,0.042683260625289945,nao-fogo,0.0,0.0,38.0,0,0.0,0.0
0.75,-50.75,2023-12,0.04267933930765338,nao-fogo,110.0,4.0,0.0,0,0.49339999999999995,0.2955
-12.5,-64.5,2023-12,0.042606584639117095,nao-fogo,0.0,0.0,13.0,0,0.0,0.0
-10.5,-68.25,2023-12,0.04252882172731843,nao-fogo,55.0,3.0,1.0,0,0.6335999999999999,0.4854
-10.25,-59.75,2023-12,0.04249363696022224,nao-fogo,3.0,2.0,1.0,0,28.5052,28.5052
-0.5,-49.5,2023-12,0.04245452234959299,nao-fogo,16.0,3.0,0.0,0,0.0,0.0
-10.5,-68.5,2023-12,0.042357282982154465,nao-fogo,57.0,2.0,1.0,0,0.6773,0.0
-11.0,-65.0,2023-12,0.04233898945391263,nao-fogo,2.0,1.0,1.0,0,0.0,0.0
-11.5,-60.25,2023-12,0.04219770163860894,nao-fogo,0.0,0.0,14.0,0,0.864,0.0
-1.5,-62.5,2023-12,0.04218963410999136,nao-fogo,0.0,0.0,38.0,0,0.0,0.0
-3.25,-62.5,2023-12,0.042118612619369104,nao-fogo,0.0,0.0,38.0,0,0.0,0.0
-11.75,-62.25,2023-12,0.042026116064637166,nao-fogo,4.0,2.0,1.0,0,0.2228,0.0
-3.75,-67.25,2023-12,0.04200926425356607,nao-fogo,1.0,1.0,2.0,0,0.0,0.0
-5.0,-55.25,2023-12,0.04195525504955316,nao-fogo,2.0,1.0,0.0,0,0.0,0.0
-3.5,-44.0,2023-12,0.04193619108560534,nao-fogo,0.0,0.0,24.0,0,0.4977,0.0
-8.25,-48.75,2023-12,0.041802203178883564,nao-fogo,0.0,0.0,25.0,0,0.084,0.084
-1.5,-50.25,2023-12,0.04168750564554927,nao-fogo,9.0,4.0,1.0,0,0.0,0.0
0.25,-59.5,2023-12,0.04151921750766148,nao-fogo,0.0,0.0,71.0,0,0.0,0.0
-4.5,-65.5,2023-12,0.04142625384300308,nao-fogo,6.0,2.0,1.0,0,0.0858,0.0
-11.0,-58.75,2023-12,0.041401768472943336,nao-fogo,1.0,1.0,5.0,0,0.0,0.0
-8.75,-69.5,2023-12,0.0413736610145689,nao-fogo,81.0,4.0,1.0,0,3.9392000000000005,0.2998
-7.5,-72.0,2023-12,0.041359785274747235,nao-fogo,20.0,3.0,1.0,0,0.0,0.0
-2.0,-69.0,2023-12,0.041343402048174514,nao-fogo,0.0,0.0,99.0,0,0.0,0.0
-8.0,-71.5,2023-12,0.04130738144144011,nao-fogo,41.0,5.0,0.0,0,1.1108,0.17959999999999998
1.0,-56.0,2023-12,0.04125064038910981,nao-fogo,0.0,0.0,31.0,0,0.0,0.0
-6.75,-56.0,2023-12,0.041247607867122074,nao-fogo,1.0,1.0,3.0,0,0.3487,0.3487
-11.0,-68.75,2023-12,0.04121133275033638,nao-fogo,16.0,4.0,0.0,0,0.8413,0.39590000000000003
-8.25,-61.75,2023-12,0.04116783308573951,nao-fogo,25.0,2.0,3.0,0,0.0,0.0
0.75,-61.0,2023-12,0.04111597879014242,nao-fogo,0.0,0.0,43.0,0,0.0,0.0
-0.75,-48.25,2023-12,0.04110015190639945,nao-fogo,0.0,0.0,26.0,0,0.0,0.0
-9.0,-49.75,2023-12,0.041024524763297335,nao-fogo,6.0,3.0,1.0,0,0.0,0.0
-1.5,-50.75,2023-12,0.04096988617354189,nao-fogo,3.0,2.0,3.0,0,0.0,0.0
-10.25,-60.25,2023-12,0.04096902065878222,nao-fogo,0.0,0.0,13.0,0,0.0,0.0
-9.5,-67.0,2023-12,0.04096551778042326,nao-fogo,31.0,3.0,1.0,0,2.3722,0.2846
-10.5,-61.75,2023-12,0.04092295289932172,nao-fogo,1.0,1.0,2.0,0,0.0,0.0
-8.25,-57.0,2023-12,0.04087502628067087,nao-fogo,2.0,2.0,1.0,0,0.0,0.0
0.5,-51.25,2023-12,0.04083719003911535,nao-fogo,14.0,3.0,0.0,0,0.0,0.0
-7.5,-50.75,2023-12,0.04083065312543668,nao-fogo,2.0,1.0,4.0,0,0.0,0.0
-13.5,-62.0,2023-12,0.040547089342310404,nao-fogo,0.0,0.0,14.0,0,0.0,0.0
0.75,-52.25,2023-12,0.04054018228264131,nao-fogo,1.0,1.0,1.0,0,0.4379,0.071
-10.25,-67.25,2023-12,0.04052946377908245,nao-fogo,19.0,4.0,0.0,0,0.1946,0.1946
-13.5,-57.5,2023-12,0.04048175063149966,nao-fogo,0.0,0.0,42.0,0,0.0,0.0
-7.0,-56.5,2023-12,0.04043504029291522,nao-fogo,64.0,4.0,1.0,0,2.0332,0.6615
-3.75,-63.0,2023-12,0.04023273222570678,nao-fogo,1.0,1.0,3.0,0,0.0,0.0
-2.25,-61.5,2023-12,0.04017779516184303,nao-fogo,0.0,0.0,85.0,0,0.0,0.0
-5.25,-62.5,2023-12,0.04017315368556959,nao-fogo,11.0,2.0,1.0,0,0.3187,0.0
-6.0,-62.5,2023-12,0.040082963339783007,nao-fogo,20.0,3.0,1.0,0,0.0746,0.0
-11.25,-59.0,2023-12,0.0400513162978204,nao-fogo,1.0,1.0,0.0,0,0.0,0.0
-10.75,-62.5,2023-12,0.040024955348884936,nao-fogo,1.0,1.0,1.0,0,0.0,0.0
-6.75,-62.5,2023-12,0.03998659884250931,nao-fogo,3.0,2.0,0.0,0,0.0,0.0
-5.75,-59.75,2023-12,0.039964423597881195,nao-fogo,7.0,2.0,1.0,0,0.0,0.0
-1.25,-62.75,2023-12,0.03996058119076407,nao-fogo,0.0,0.0,37.0,0,0.0,0.0
-0.5,-50.0,2023-12,0.039784645701777824,nao-fogo,3.0,1.0,0.0,0,0.0,0.0
0.75,-50.0,2023-12,0.03978052893659961,nao-fogo,3.0,2.0,0.0,0,0.0,0.0
-6.25,-50.75,2023-12,0.03975607471675418,nao-fogo,6.0,2.0,2.0,0,0.1477,0.0
2.0,-55.0,2023-12,0.03961733857409371,nao-fogo,0.0,0.0,37.0,0,0.0,0.0
-4.5,-63.5,2023-12,0.0395255787404395,nao-fogo,7.0,2.0,2.0,0,0.0,0.0
-11.0,-69.0,2023-12,0.0395182867462011,nao-fogo,3.0,2.0,0.0,0,0.4069,0.3349
-1.25,-49.75,2023-12,0.03947664979452805,nao-fogo,4.0,2.0,1.0,0,0.0,0.0
-9.0,-68.5,2023-12,0.039407706411190735,nao-fogo,32.0,5.0,0.0,0,2.7524,1.4242
-0.75,-59.75,2023-12,0.039349925779333286,nao-fogo,0.0,0.0,94.0,0,0.0,0.0
-2.5,-58.5,2023-12,0.039346981158808386,nao-fogo,0.0,0.0,40.0,0,0.0,0.0
-10.0,-68.5,2023-12,0.03934457072093749,nao-fogo,60.0,5.0,0.0,0,12.8575,0.7745
-5.75,-60.5,2023-12,0.03933275711865107,nao-fogo,12.0,4.0,1.0,0,0.0732,0.0
-3.0,-63.0,2023-12,0.03932041879966931,nao-fogo,0.0,0.0,39.0,0,0.0,0.0
-2.5,-53.5,2023-12,0.03920885379912535,nao-fogo,0.0,0.0,48.0,0,6.593400000000001,1.3211
-7.75,-50.75,2023-12,0.039156520042847885,nao-fogo,10.0,2.0,2.0,0,0.1554,0.0
1.25,-52.75,2023-12,0.0390350065232353,nao-fogo,3.0,1.0,1.0,0,0.0,0.0
-7.75,-63.0,2023-12,0.03899793578355263,nao-fogo,7.0,3.0,0.0,0,0.0,0.0
-9.25,-58.0,2023-12,0.038898911997637176,nao-fogo,7.0,3.0,2.0,0,33.3948,9.383199999999999
-4.0,-52.5,2023-12,0.038853838213485495,nao-fogo,4.0,1.0,2.0,0,0.0,0.0
-8.5,-57.5,2023-12,0.03884015682920581,nao-fogo,5.0,3.0,1.0,0,0.0,0.0
0.75,-53.0,2023-12,0.038814591040141434,nao-fogo,0.0,0.0,13.0,0,0.0,0.0
-4.0,-62.5,2023-12,0.038752201741279024,nao-fogo,1.0,1.0,2.0,0,0.0,0.0
-12.5,-59.75,2023-12,0.03869168082476538,nao-fogo,0.0,0.0,87.0,0,0.0,0.0
1.25,-64.5,2023-12,0.038686106014052125,nao-fogo,0.0,0.0,70.0,0,0.0,0.0
-1.5,-57.0,2023-12,0.03867226065154957,nao-fogo,0.0,0.0,39.0,0,0.0,0.0
-10.75,-60.5,2023-12,0.03864850067950006,nao-fogo,3.0,1.0,3.0,0,0.0,0.0
-4.75,-45.25,2023-12,0.038622613675408965,nao-fogo,0.0,0.0,16.0,0,0.0,0.0
-3.5,-46.75,2023-12,0.0385113668677026,nao-fogo,0.0,0.0,28.0,0,0.0,0.0
-6.0,-61.0,2023-12,0.03845890175397639,nao-fogo,0.0,0.0,13.0,0,0.0,0.0
-0.5,-49.75,2023-12,0.03822991111032438,nao-fogo,3.0,1.0,0.0,0,0.0,0.0
-0.75,-50.25,2023-12,0.038152821871866305,nao-fogo,0.0,0.0,13.0,0,0.0,0.0
-0.25,-56.0,2023-12,0.03809821942209612,nao-fogo,0.0,0.0,36.0,0,0.0,0.0
-11.0,-53.25,2023-12,0.038026623630463184,nao-fogo,1.0,1.0,2.0,0,0.0,0.0
-3.25,-66.25,2023-12,0.03800513181060387,nao-fogo,0.0,0.0,27.0,0,0.0,0.0
-0.75,-59.5,2023-12,0.037894957265911994,nao-fogo,0.0,0.0,43.0,0,0.0,0.0
-8.25,-62.25,2023-12,0.03785048416997587,nao-fogo,8.0,1.0,2.0,0,0.0,0.0
-3.75,-69.25,2023-12,0.03784182101012394,nao-fogo,1.0,1.0,1.0,0,0.0,0.0
-4.25,-52.5,2023-12,0.037736437888791656,nao-fogo,3.0,1.0,1.0,0,0.0,0.0
1.75,-62.25,2023-12,0.03766212801478384,nao-fogo,0.0,0.0,56.0,0,0.0,0.0
-11.5,-63.5,2023-12,0.03759855771191926,nao-fogo,16.0,2.0,2.0,0,0.0,0.0
-2.75,-66.5,2023-12,0.037590306142105456,nao-fogo,0.0,0.0,84.0,0,0.0,0.0
3.5,-64.25,2023-12,0.037499098264008726,nao-fogo,0.0,0.0,56.0,0,0.0,0.0
1.25,-61.25,2023-12,0.03746477862651655,nao-fogo,0.0,0.0,55.0,0,0.0,0.0
-7.5,-73.25,2023-12,0.03743221492137536,nao-fogo,42.0,3.0,1.0,0,0.3748,0.3085
-0.25,-49.75,2023-12,0.037429779165464486,nao-fogo,1.0,1.0,1.0,0,0.0,0.0
0.25,-50.5,2023-12,0.03736468436789392,nao-fogo,4.0,2.0,0.0,0,0.1158,0.1158
1.75,-55.0,2023-12,0.037273657914184334,nao-fogo,0.0,0.0,25.0,0,0.0,0.0
-5.75,-72.25,2023-12,0.03727157471913717,nao-fogo,1.0,0.0,10.0,0,0.0,0.0
-4.75,-55.5,2023-12,0.03723534661534203,nao-fogo,8.0,3.0,1.0,0,0.2101,0.0
-8.0,-73.0,2023-12,0.03701469163525171,nao-fogo,53.0,5.0,0.0,0,0.1718,0.0
-5.75,-52.25,2023-12,0.03688346990254302,nao-fogo,40.0,3.0,1.0,0,1.0303,0.1593
-3.5,-67.25,2023-12,0.036780236485433826,nao-fogo,0.0,0.0,15.0,0,0.0,0.0
-4.0,-61.0,2023-12,0.03675393352107646,nao-fogo,1.0,1.0,1.0,0,0.0,0.0
-6.5,-54.0,2023-12,0.03672230066456724,nao-fogo,3.0,3.0,2.0,0,0.0,0.0
-8.0,-70.75,2023-12,0.036716129603973635,nao-fogo,43.0,4.0,1.0,0,1.1583999999999999,0.7076
-10.75,-61.0,2023-12,0.036611180966302254,nao-fogo,1.0,1.0,2.0,0,0.0,0.0
-3.5,-63.5,2023-12,0.03660253650855966,nao-fogo,1.0,1.0,3.0,0,0.0,0.0
-11.25,-64.25,2023-12,0.03643871031753724,nao-fogo,3.0,2.0,1.0,0,0.0,0.0
-4.0,-62.75,2023-12,0.03629047301120456,nao-fogo,2.0,1.0,2.0,0,0.0,0.0
-3.75,-65.5,2023-12,0.0362799707620445,nao-fogo,4.0,2.0,2.0,0,0.0,0.0
-1.5,-60.75,2023-12,0.03626738809376643,nao-fogo,0.0,0.0,61.0,0,0.0,0.0
-1.25,-50.0,2023-12,0.03622631547711237,nao-fogo,22.0,4.0,1.0,0,0.0,0.0
-11.0,-63.5,2023-12,0.03618945563550506,nao-fogo,1.0,1.0,2.0,0,0.0,0.0
-4.0,-62.25,2023-12,0.036167723448879134,nao-fogo,1.0,1.0,3.0,0,0.0,0.0
-1.75,-61.5,2023-12,0.036084178701223685,nao-fogo,0.0,0.0,44.0,0,0.0,0.0
2.5,-62.0,2023-12,0.03603126429372017,nao-fogo,0.0,0.0,55.0,0,0.0,0.0
-10.0,-67.25,2023-12,0.036024789026021006,nao-fogo,24.0,4.0,1.0,0,1.4727000000000001,0.2058
1.0,-62.25,2023-12,0.03599648491003505,nao-fogo,0.0,0.0,49.0,0,0.0,0.0
3.5,-51.25,2023-12,0.03584632421848229,nao-fogo,83.0,3.0,0.0,0,0.0,0.0
-6.25,-72.5,2023-12,0.03578936464240953,nao-fogo,1.0,0.0,11.0,0,0.0,0.0
-6.0,-72.5,2023-12,0.03578936464240953,nao-fogo,1.0,0.0,11.0,0,0.0,0.0
-10.75,-63.75,2023-12,0.03577503707630913,nao-fogo,1.0,1.0,2.0,0,0.0991,0.0
-7.5,-62.75,2023-12,0.03574265411927199,nao-fogo,27.0,3.0,1.0,0,1.3092,0.0
-4.25,-58.5,2023-12,0.03571805162577679,nao-fogo,0.0,0.0,12.0,0,0.0,0.0
-10.25,-68.5,2023-12,0.035533522621974276,nao-fogo,56.0,5.0,0.0,0,1.6792,0.5682
0.5,-62.5,2023-12,0.03548946073159369,nao-fogo,0.0,0.0,44.0,0,0.0,0.0
-7.0,-56.0,2023-12,0.0354866384210923,nao-fogo,20.0,3.0,1.0,0,0.0726,0.0
1.75,-62.0,2023-12,0.03540559268111742,nao-fogo,0.0,0.0,92.0,0,0.0,0.0
-11.75,-60.25,2023-12,0.035395441454038355,nao-fogo,15.0,3.0,1.0,0,4.3968,0.0
-9.5,-68.25,2023-12,0.03534080039627558,nao-fogo,55.0,4.0,1.0,0,6.6421,0.9783999999999999
-8.0,-62.75,2023-12,0.035325336703385536,nao-fogo,13.0,4.0,1.0,0,0.19590000000000002,0.0
-4.5,-70.25,2023-12,0.03526582262827519,nao-fogo,4.0,2.0,1.0,0,0.0,0.0
1.25,-61.75,2023-12,0.0351996186330761,nao-fogo,0.0,0.0,68.0,0,0.0,0.0
1.75,-64.0,2023-12,0.03517667554602261,nao-fogo,0.0,0.0,94.0,0,0.0,0.0
-2.25,-64.75,2023-12,0.03514193602215629,nao-fogo,0.0,0.0,73.0,0,0.0,0.0
-11.25,-68.75,2023-12,0.03513267305612216,nao-fogo,1.0,1.0,3.0,0,0.0,0.0
-10.25,-68.25,2023-12,0.03512542190553749,nao-fogo,41.0,3.0,1.0,0,0.6547000000000001,0.432
-5.5,-69.0,2023-12,0.03507089561704539,nao-fogo,0.0,0.0,99.0,0,0.0,0.0
-6.5,-60.5,2023-12,0.03502531733682131,nao-fogo,1.0,1.0,0.0,0,0.0,0.0
-8.0,-72.25,2023-12,0.03488454671049182,nao-fogo,60.0,4.0,1.0,0,1.0595,0.1684
-11.0,-63.0,2023-12,0.034803954647389876,nao-fogo,5.0,2.0,2.0,0,0.0,0.0
-1.75,-57.5,2023-12,0.03479748037446909,nao-fogo,0.0,0.0,38.0,0,0.0,0.0
-10.5,-69.0,2023-12,0.034715698761430755,nao-fogo,47.0,5.0,0.0,0,0.5402,0.29300000000000004
-6.5,-59.25,2023-12,0.03463588675115122,nao-fogo,0.0,0.0,12.0,0,0.0,0.0
-8.25,-70.5,2023-12,0.03462670136815713,nao-fogo,107.0,5.0,0.0,0,0.8624,0.1077
-2.25,-43.75,2023-12,0.034624778832011954,nao-fogo,0.0,0.0,15.0,0,0.0,0.0
-15.0,-59.0,2023-12,0.03462054134445754,nao-fogo,0.0,0.0,36.0,0,0.0,0.0
-7.5,-51.0,2023-12,0.03461275413595625,nao-fogo,0.0,0.0,14.0,0,0.1668,0.0975
-5.5,-60.75,2023-12,0.034554748204882656,nao-fogo,3.0,3.0,1.0,0,0.0,0.0
-9.25,-64.75,2023-12,0.03455380410245755,nao-fogo,2.0,2.0,0.0,0,0.1189,0.0
-5.75,-57.25,2023-12,0.03444686370829822,nao-fogo,2.0,2.0,1.0,0,0.2471,0.1824
1.0,-52.25,2023-12,0.034424380807921075,nao-fogo,19.0,3.0,0.0,0,0.0,0.0
0.75,-62.0,2023-12,0.0344201979023359,nao-fogo,0.0,0.0,55.0,0,0.0,0.0
0.5,-53.75,2023-12,0.03441289807072992,nao-fogo,0.0,0.0,37.0,0,0.0708,0.0708
-0.5,-52.0,2023-12,0.034309233415114,nao-fogo,25.0,2.0,1.0,0,0.0,0.0
-9.25,-52.0,2023-12,0.034294993284968614,nao-fogo,1.0,1.0,3.0,0,0.0,0.0
0.5,-50.5,2023-12,0.034289563434094866,nao-fogo,1.0,1.0,0.0,0,0.0,0.0
0.75,-52.0,2023-12,0.03421227472931929,nao-fogo,16.0,3.0,0.0,0,0.0,0.0
-6.5,-58.0,2023-12,0.034210479845570095,nao-fogo,8.0,4.0,1.0,0,0.0,0.0
-11.25,-64.5,2023-12,0.03404583972378139,nao-fogo,0.0,0.0,14.0,0,0.0,0.0
-9.75,-68.0,2023-12,0.033926215660919926,nao-fogo,28.0,5.0,1.0,0,0.0,0.0
-10.5,-60.75,2023-12,0.033911791655453855,nao-fogo,3.0,3.0,2.0,0,0.0,0.0
-4.75,-61.25,2023-12,0.033795379578556606,nao-fogo,2.0,1.0,1.0,0,0.0,0.0
-4.0,-58.25,2023-12,0.03376749683924533,nao-fogo,0.0,0.0,24.0,0,0.0,0.0
-4.5,-69.75,2023-12,0.03375281169723244,nao-fogo,2.0,2.0,1.0,0,0.0,0.0
0.25,-51.5,2023-12,0.03372577721447006,nao-fogo,16.0,3.0,0.0,0,0.0,0.0
-3.75,-48.5,2023-12,0.033699753797771,nao-fogo,0.0,0.0,14.0,0,6.0725999999999996,0.0
-8.25,-56.25,2023-12,0.0336568119415085,nao-fogo,13.0,2.0,2.0,0,0.0,0.0
-6.0,-64.5,2023-12,0.03365513709682386,nao-fogo,5.0,4.0,0.0,0,0.0,0.0
-4.25,-70.75,2023-12,0.03364841895322279,nao-fogo,4.0,2.0,2.0,0,0.0,0.0
-4.5,-62.25,2023-12,0.03364701638911921,nao-fogo,4.0,2.0,1.0,0,0.0,0.0
-7.25,-52.5,2023-12,0.0335432143188288,nao-fogo,6.0,2.0,0.0,0,0.2319,0.0
-7.75,-70.75,2023-12,0.03350085263590544,nao-fogo,19.0,3.0,1.0,0,0.32299999999999995,0.0865
-14.0,-59.5,2023-12,0.03335278235024865,nao-fogo,0.0,0.0,29.0,0,0.0,0.0
-7.75,-48.25,2023-12,0.033339037060329674,nao-fogo,1.0,1.0,2.0,0,0.0,0.0
-8.5,-54.5,2023-12,0.03333654479941368,nao-fogo,15.0,3.0,1.0,0,0.094,0.0
-8.75,-69.25,2023-12,0.03330915172860807,nao-fogo,38.0,5.0,0.0,0,1.0848,0.3789
1.25,-53.0,2023-12,0.033304636194698437,nao-fogo,2.0,1.0,1.0,0,0.0,0.0
-6.25,-54.75,2023-12,0.03329534441438183,nao-fogo,5.0,2.0,1.0,0,1.7106999999999999,0.5566
-6.75,-52.25,2023-12,0.033219505803304385,nao-fogo,75.0,3.0,1.0,0,2.4396,1.3165
-0.5,-52.25,2023-12,0.03321892355051692,nao-fogo,17.0,4.0,0.0,0,0.2583,0.0678
-9.0,-68.25,2023-12,0.03321259828088883,nao-fogo,28.0,5.0,0.0,0,0.5162,0.4062
-4.5,-60.75,2023-12,0.03305605943729065,nao-fogo,3.0,2.0,1.0,0,0.0,0.0
-9.5,-68.0,2023-12,0.03296439633896059,nao-fogo,28.0,5.0,0.0,0,6.6697999999999995,4.433599999999999
-0.0,-57.0,2023-12,0.0329487149284779,nao-fogo,0.0,0.0,25.0,0,0.0,0.0
-0.5,-66.0,2023-12,0.032854037060018236,nao-fogo,0.0,0.0,68.0,0,0.0,0.0
-5.0,-57.0,2023-12,0.03283465103078964,nao-fogo,3.0,2.0,1.0,0,3.0657,0.3054
-9.5,-66.25,2023-12,0.03283144943316762,nao-fogo,6.0,2.0,1.0,0,0.0644,0.0
-7.5,-60.25,2023-12,0.03258994675411093,nao-fogo,9.0,3.0,1.0,0,0.5798,0.0
2.5,-51.25,2023-12,0.03250050011967687,nao-fogo,7.0,2.0,0.0,0,0.0929,0.0929
-15.75,-60.25,2023-12,0.032491906464265585,nao-fogo,0.0,0.0,25.0,0,0.0,0.0
-10.5,-51.0,2023-12,0.032457903710819073,nao-fogo,0.0,0.0,73.0,0,0.544,0.221
-9.0,-57.75,2023-12,0.03239462742499881,nao-fogo,0.0,0.0,12.0,0,1.8805,1.8805
1.75,-63.75,2023-12,0.03234076272551934,nao-fogo,0.0,0.0,56.0,0,0.0,0.0
1.0,-63.5,2023-12,0.03230252833171835,nao-fogo,0.0,0.0,93.0,0,0.0,0.0
-4.25,-70.25,2023-12,0.03227626401292868,nao-fogo,0.0,0.0,26.0,0,0.0,0.0
-5.25,-55.75,2023-12,0.03220502057304626,nao-fogo,3.0,2.0,1.0,0,0.0,0.0
-7.5,-61.75,2023-12,0.032180338442694106,nao-fogo,17.0,3.0,2.0,0,2.0753,0.348
0.25,-54.5,2023-12,0.032172046811407,nao-fogo,0.0,0.0,99.0,0,0.0,0.0
-1.25,-61.5,2023-12,0.032149972692842095,nao-fogo,0.0,0.0,61.0,0,0.0,0.0
-8.0,-71.75,2023-12,0.03208150404572643,nao-fogo,20.0,4.0,0.0,0,0.706,0.097
-4.5,-60.25,2023-12,0.03207590241541058,nao-fogo,3.0,1.0,1.0,0,0.0,0.0
-0.5,-63.75,2023-12,0.032033049663537816,nao-fogo,0.0,0.0,94.0,0,0.0,0.0
-10.75,-58.25,2023-12,0.03201329399246427,nao-fogo,0.0,0.0,26.0,0,0.1362,0.0
-6.5,-64.25,2023-12,0.03181805496145186,nao-fogo,16.0,3.0,1.0,0,0.0,0.0
-4.75,-67.0,2023-12,0.031759945202482105,nao-fogo,11.0,3.0,2.0,0,0.0845,0.0
-8.5,-72.75,2023-12,0.03169033686285716,nao-fogo,36.0,3.0,1.0,0,0.9535,0.2703
-6.0,-50.5,2023-12,0.03165066798554834,nao-fogo,0.0,0.0,14.0,0,0.0,0.0
1.25,-62.0,2023-12,0.03162759402259045,nao-fogo,0.0,0.0,71.0,0,0.0,0.0
-4.0,-69.75,2023-12,0.031577791360251274,nao-fogo,0.0,0.0,12.0,0,0.0,0.0
-10.25,-69.0,2023-12,0.031548113923052006,nao-fogo,33.0,4.0,0.0,0,1.1118000000000001,0.0
-8.5,-51.5,2023-12,0.03154666323579042,nao-fogo,9.0,2.0,1.0,0,0.0,0.0
-9.5,-69.0,2023-12,0.03154366977608464,nao-fogo,28.0,3.0,0.0,0,0.1998,0.0
-10.75,-63.5,2023-12,0.03150286033408493,nao-fogo,84.0,4.0,1.0,0,1.3105000000000002,0.304
-7.75,-71.75,2023-12,0.03145508764774276,nao-fogo,20.0,4.0,1.0,0,0.0,0.0
1.5,-64.0,2023-12,0.03137871035446265,nao-fogo,0.0,0.0,94.0,0,0.0,0.0
-5.0,-59.75,2023-12,0.03134021766319157,nao-fogo,0.0,0.0,12.0,0,0.0,0.0
-6.75,-51.0,2023-12,0.03128555118929463,nao-fogo,34.0,4.0,1.0,0,1.1064,0.4268
-6.75,-60.25,2023-12,0.031261074826747046,nao-fogo,15.0,3.0,1.0,0,0.0,0.0
-0.5,-51.25,2023-12,0.031249903810457714,nao-fogo,1.0,1.0,1.0,0,0.0,0.0
-9.5,-60.75,2023-12,0.0311130936454127,nao-fogo,2.0,1.0,2.0,0,30.227400000000003,6.361
-7.5,-56.25,2023-12,0.0310542726129383,nao-fogo,14.0,2.0,1.0,0,0.0,0.0
2.25,-63.0,2023-12,0.031019962961490594,nao-fogo,0.0,0.0,72.0,0,0.0,0.0
-6.0,-61.75,2023-12,0.03101720617175643,nao-fogo,10.0,2.0,2.0,0,0.0,0.0
-4.25,-58.75,2023-12,0.030985254407100694,nao-fogo,2.0,2.0,2.0,0,0.0,0.0
-10.5,-51.25,2023-12,0.030973841745162184,nao-fogo,8.0,2.0,1.0,0,0.3318,0.0
-8.5,-56.25,2023-12,0.030972529869411954,nao-fogo,1.0,1.0,2.0,0,0.0,0.0
-7.5,-59.75,2023-12,0.03094986130818829,nao-fogo,26.0,3.0,2.0,0,0.3492,0.0
-15.0,-58.5,2023-12,0.03093201032904234,nao-fogo,0.0,0.0,50.0,0,0.0,0.0
-8.75,-61.75,2023-12,0.030887919545216042,nao-fogo,10.0,2.0,3.0,0,0.0,0.0
-4.0,-65.0,2023-12,0.030879684746625564,nao-fogo,1.0,1.0,2.0,0,0.3664,0.0
1.25,-52.5,2023-12,0.03087907654545633,nao-fogo,3.0,2.0,1.0,0,0.0,0.0
-0.75,-49.75,2023-12,0.03082448539137388,nao-fogo,1.0,1.0,0.0,0,0.0,0.0
-11.25,-60.25,2023-12,0.030749761261619706,nao-fogo,0.0,0.0,15.0,0,0.0,0.0
-5.75,-60.25,2023-12,0.03064543079376173,nao-fogo,11.0,3.0,1.0,0,0.0,0.0
-7.75,-66.75,2023-12,0.030632044568668512,nao-fogo,19.0,3.0,1.0,0,0.0,0.0
-9.75,-69.0,2023-12,0.030611013802546768,nao-fogo,36.0,4.0,1.0,0,0.4728,0.085
-10.75,-67.75,2023-12,0.03051406206281027,nao-fogo,0.0,0.0,12.0,0,0.0,0.0
-1.75,-69.0,2023-12,0.030506394750206518,nao-fogo,0.0,0.0,94.0,0,0.0,0.0
-2.5,-65.25,2023-12,0.030486576044791727,nao-fogo,0.0,0.0,61.0,0,0.0,0.0
-11.0,-62.25,2023-12,0.030474588581268607,nao-fogo,0.0,0.0,18.0,0,0.0,0.0
-9.5,-67.75,2023-12,0.030453871750272313,nao-fogo,28.0,3.0,1.0,0,0.921,0.5723
-10.75,-64.0,2023-12,0.030412811852607167,nao-fogo,7.0,2.0,2.0,0,0.6701999999999999,0.444
-9.25,-60.0,2023-12,0.030344182324611068,nao-fogo,2.0,2.0,1.0,0,0.0,0.0
-7.25,-59.25,2023-12,0.03023357011293234,nao-fogo,12.0,3.0,1.0,0,0.1697,0.0
1.5,-52.75,2023-12,0.03010980206103444,nao-fogo,0.0,0.0,99.0,0,0.0,0.0
2.5,-63.25,2023-12,0.030096725943491536,nao-fogo,0.0,0.0,58.0,0,0.0,0.0
-11.75,-53.25,2023-12,0.029991732229201023,nao-fogo,0.0,0.0,13.0,0,0.0,0.0
-1.75,-66.75,2023-12,0.029976333543499607,nao-fogo,0.0,0.0,72.0,0,0.0,0.0
-0.25,-63.25,2023-12,0.029955746882701095,nao-fogo,0.0,0.0,94.0,0,0.0,0.0
-9.75,-67.5,2023-12,0.02978052319949068,nao-fogo,35.0,3.0,1.0,0,0.8197,0.6611
0.75,-61.75,2023-12,0.029611534432791804,nao-fogo,0.0,0.0,92.0,0,0.0,0.0
2.0,-55.25,2023-12,0.029523883470428832,nao-fogo,0.0,0.0,48.0,0,0.0,0.0
-8.25,-50.75,2023-12,0.029517553348577814,nao-fogo,21.0,2.0,1.0,0,0.4215,0.0833
-4.0,-66.0,2023-12,0.029481046769627435,nao-fogo,2.0,2.0,1.0,0,0.0,0.0
-7.25,-63.25,2023-12,0.029469760462737023,nao-fogo,16.0,3.0,1.0,0,13.2307,2.1696999999999997
-8.75,-51.75,2023-12,0.029468913819651367,nao-fogo,48.0,3.0,0.0,0,0.3927,0.1085
-6.25,-58.0,2023-12,0.029430256828934413,nao-fogo,29.0,3.0,1.0,0,2.1604,2.0874
-4.0,-57.0,2023-12,0.02941821425338159,nao-fogo,5.0,2.0,3.0,0,0.0,0.0
1.25,-66.75,2023-12,0.029418121855651253,nao-fogo,0.0,0.0,68.0,0,0.0,0.0
-3.25,-63.5,2023-12,0.02924386104470371,nao-fogo,0.0,0.0,51.0,0,0.0,0.0
-7.75,-58.75,2023-12,0.029208904876995456,nao-fogo,1.0,1.0,2.0,0,0.0,0.0
-8.0,-70.5,2023-12,0.029186993231595675,nao-fogo,33.0,4.0,1.0,0,0.2415,0.0
-0.5,-48.75,2023-12,0.029172208762858316,nao-fogo,0.0,0.0,36.0,0,0.0,0.0
4.0,-51.75,2023-12,0.029155641538084847,nao-fogo,19.0,3.0,0.0,0,0.0,0.0
-4.75,-63.75,2023-12,0.029121493193238836,nao-fogo,4.0,2.0,2.0,0,0.0,0.0
-2.75,-46.25,2023-12,0.02909444697864234,nao-fogo,0.0,0.0,37.0,0,0.0,0.0
-11.0,-69.75,2023-12,0.029092949936026485,nao-fogo,14.0,3.0,1.0,0,0.14190000000000003,0.0
-7.25,-64.5,2023-12,0.029057718103719692,nao-fogo,13.0,3.0,1.0,0,1.7137,1.7137
-7.75,-55.75,2023-12,0.029041760702497314,nao-fogo,6.0,2.0,1.0,0,0.0,0.0
0.75,-62.75,2023-12,0.0290192315541849,nao-fogo,0.0,0.0,56.0,0,0.0,0.0
-9.0,-58.25,2023-12,0.02901416682553043,nao-fogo,7.0,3.0,2.0,0,0.0782,0.0
-8.0,-55.75,2023-12,0.028971096931994643,nao-fogo,6.0,2.0,1.0,0,0.0,0.0
-6.25,-58.25,2023-12,0.028944175660544694,nao-fogo,39.0,2.0,2.0,0,0.0,0.0
-5.0,-60.5,2023-12,0.028941052660565878,nao-fogo,7.0,2.0,1.0,0,0.0,0.0
-4.0,-67.5,2023-12,0.028864973550141095,nao-fogo,5.0,2.0,2.0,0,0.0,0.0
-4.5,-53.75,2023-12,0.028834642024765947,nao-fogo,0.0,0.0,13.0,0,0.0862,0.0
1.75,-51.0,2023-12,0.02883079424268666,nao-fogo,38.0,3.0,0.0,0,0.22210000000000002,0.1242
-10.0,-67.5,2023-12,0.02876041843676329,nao-fogo,10.0,4.0,1.0,0,1.0716999999999999,0.9086
-4.0,-64.0,2023-12,0.02873663084042118,nao-fogo,4.0,2.0,2.0,0,0.0,0.0
-7.75,-56.25,2023-12,0.028732533291889954,nao-fogo,10.0,3.0,2.0,0,0.0696,0.0
2.75,-63.25,2023-12,0.028726525707378367,nao-fogo,0.0,0.0,84.0,0,0.0,0.0
-0.25,-52.0,2023-12,0.028719064528854883,nao-fogo,12.0,2.0,1.0,0,0.0,0.0
-8.75,-68.75,2023-12,0.028711631981614926,nao-fogo,33.0,4.0,0.0,0,2.8255,0.7161
-3.75,-56.5,2023-12,0.028703824996754584,nao-fogo,1.0,1.0,3.0,0,0.0,0.0
-5.75,-61.75,2023-12,0.028697969626671923,nao-fogo,23.0,2.0,2.0,0,0.0,0.0
-2.0,-58.0,2023-12,0.02864609636831818,nao-fogo,0.0,0.0,38.0,0,0.0,0.0
-6.25,-57.5,2023-12,0.028628873482379292,nao-fogo,6.0,3.0,1.0,0,27.0533,26.8905
-1.75,-67.25,2023-12,0.028567452269981235,nao-fogo,0.0,0.0,38.0,0,0.0,0.0
3.0,-64.0,2023-12,0.028492315539361247,nao-fogo,0.0,0.0,71.0,0,0.0,0.0
-5.75,-56.5,2023-12,0.028482578078485955,nao-fogo,4.0,2.0,1.0,0,0.369,0.0
-6.25,-68.25,2023-12,0.028473357148752054,nao-fogo,24.0,3.0,1.0,0,0.0946,0.0
-6.5,-61.5,2023-12,0.028436396004920348,nao-fogo,1.0,1.0,3.0,0,0.0,0.0
-8.0,-55.5,2023-12,0.02833912557372869,nao-fogo,57.0,3.0,1.0,0,1.3003,0.0
0.75,-57.0,2023-12,0.02832188164999169,nao-fogo,0.0,0.0,44.0,0,0.0,0.0
-7.75,-51.0,2023-12,0.028318017767118977,nao-fogo,31.0,3.0,2.0,0,0.14850000000000002,0.0
-8.75,-54.5,2023-12,0.02829032416663471,nao-fogo,56.0,2.0,2.0,0,0.5802,0.3275
-7.5,-70.25,2023-12,0.028251381690526323,nao-fogo,39.0,3.0,1.0,0,0.6222,0.0656
-3.0,-68.75,2023-12,0.028219324013513573,nao-fogo,0.0,0.0,38.0,0,0.0,0.0
-0.0,-58.25,2023-12,0.02821206123295511,nao-fogo,0.0,0.0,94.0,0,0.0,0.0
-5.0,-62.5,2023-12,0.02819206958549387,nao-fogo,15.0,3.0,1.0,0,0.6825,0.252
-4.5,-63.25,2023-12,0.028008390042700948,nao-fogo,4.0,3.0,2.0,0,0.0,0.0
-8.75,-51.0,2023-12,0.0279571940060219,nao-fogo,6.0,2.0,1.0,0,0.489,0.0
1.5,-64.25,2023-12,0.027948954425772658,nao-fogo,0.0,0.0,92.0,0,0.0,0.0
-10.25,-67.5,2023-12,0.02790906800080051,nao-fogo,0.0,0.0,12.0,0,0.0,0.0
-9.75,-53.25,2023-12,0.027846578442193196,nao-fogo,19.0,4.0,2.0,0,0.0,0.0
-2.0,-63.0,2023-12,0.027820646671968572,nao-fogo,0.0,0.0,49.0,0,0.0,0.0
-6.5,-61.0,2023-12,0.027791950586610818,nao-fogo,6.0,2.0,2.0,0,0.0,0.0
0.5,-50.0,2023-12,0.027776315160408762,nao-fogo,1.0,1.0,1.0,0,0.0,0.0
-8.25,-71.0,2023-12,0.02775809179675989,nao-fogo,84.0,4.0,1.0,0,0.6602,0.3563
-8.25,-62.5,2023-12,0.02772008574998505,nao-fogo,0.0,0.0,14.0,0,0.0,0.0
1.0,-64.0,2023-12,0.027708211791346676,nao-fogo,0.0,0.0,93.0,0,0.0,0.0
-8.5,-69.75,2023-12,0.027685134680561427,nao-fogo,19.0,3.0,1.0,0,2.6177,1.0975
-10.25,-67.0,2023-12,0.027652637604874263,nao-fogo,7.0,2.0,1.0,0,0.0635,0.0
-7.25,-71.75,2023-12,0.02757542194884233,nao-fogo,12.0,5.0,1.0,0,0.0,0.0
-7.75,-73.5,2023-12,0.02756452707261763,nao-fogo,16.0,2.0,2.0,0,0.0649,0.0
-9.0,-56.0,2023-12,0.027542032512842075,nao-fogo,0.0,0.0,14.0,0,0.0,0.0
-9.5,-65.0,2023-12,0.027535351687860938,nao-fogo,13.0,2.0,1.0,0,0.1065,0.1065
-4.0,-61.75,2023-12,0.027425216097701408,nao-fogo,1.0,1.0,2.0,0,0.0,0.0
-7.0,-60.75,2023-12,0.027424915369500397,nao-fogo,1.0,1.0,2.0,0,0.0,0.0
-1.25,-66.25,2023-12,0.027394738192137596,nao-fogo,0.0,0.0,50.0,0,0.0,0.0
3.5,-62.25,2023-12,0.027370166627077634,nao-fogo,0.0,0.0,72.0,0,0.0,0.0
-9.5,-54.25,2023-12,0.027281053449680234,nao-fogo,0.0,0.0,14.0,0,0.0,0.0
-6.25,-57.25,2023-12,0.027188780382074434,nao-fogo,1.0,1.0,4.0,0,0.0855,0.0855
-16.0,-57.5,2023-12,0.02718382390574523,nao-fogo,0.0,0.0,37.0,0,0.0,0.0
-10.5,-65.5,2023-12,0.027157707182604678,nao-fogo,3.0,3.0,2.0,0,0.0,0.0
-7.25,-56.75,2023-12,0.02712713265631071,nao-fogo,6.0,2.0,1.0,0,0.0747,0.0
-12.5,-62.5,2023-12,0.02711741067375238,nao-fogo,23.0,2.0,2.0,0,0.0,0.0
-7.75,-62.25,2023-12,0.02703893408581714,nao-fogo,14.0,3.0,2.0,0,0.0,0.0
-8.75,-70.75,2023-12,0.026944356204365045,nao-fogo,59.0,4.0,1.0,0,2.0301,0.4064
1.0,-56.75,2023-12,0.02689879506627058,nao-fogo,0.0,0.0,47.0,0,0.0,0.0
-4.5,-63.0,2023-12,0.02685506475443482,nao-fogo,2.0,1.0,3.0,0,0.0,0.0
-6.75,-57.75,2023-12,0.026715130037159036,nao-fogo,11.0,2.0,1.0,0,0.4835,0.4835
-12.75,-53.75,2023-12,0.02660224951492283,nao-fogo,0.0,0.0,18.0,0,0.0,0.0
-4.0,-64.75,2023-12,0.02658523496108839,nao-fogo,1.0,1.0,2.0,0,0.0,0.0
-10.5,-57.75,2023-12,0.026500614522312317,nao-fogo,33.0,4.0,1.0,0,1.6789,1.1547
-6.5,-58.75,2023-12,0.026473038700586645,nao-fogo,19.0,2.0,2.0,0,0.0,0.0
-8.75,-52.0,2023-12,0.02645099978817523,nao-fogo,0.0,0.0,14.0,0,0.0,0.0
1.5,-51.25,2023-12,0.02644559394094829,nao-fogo,0.0,0.0,13.0,0,0.0,0.0
4.0,-51.5,2023-12,0.026409158580341274,nao-fogo,5.0,3.0,0.0,0,0.0,0.0
-9.25,-54.0,2023-12,0.02639230753025794,nao-fogo,0.0,0.0,32.0,0,0.0,0.0
-5.75,-64.5,2023-12,0.026309667436535913,nao-fogo,3.0,3.0,1.0,0,0.0,0.0
-11.25,-62.75,2023-12,0.026296264286904333,nao-fogo,0.0,0.0,25.0,0,0.0,0.0
-8.25,-70.0,2023-12,0.026291498646891506,nao-fogo,17.0,3.0,1.0,0,27.8662,14.3532
2.75,-63.0,2023-12,0.02623053038748948,nao-fogo,0.0,0.0,85.0,0,0.0916,0.0
-6.75,-53.5,2023-12,0.026151903543548172,nao-fogo,13.0,1.0,3.0,0,0.163,0.0
-7.75,-60.75,2023-12,0.026139808544393222,nao-fogo,2.0,1.0,2.0,0,0.4427,0.2053
1.25,-52.25,2023-12,0.02609004546859545,nao-fogo,1.0,1.0,2.0,0,0.0,0.0
-6.5,-69.75,2023-12,0.026071223858313064,nao-fogo,11.0,4.0,1.0,0,0.0,0.0
-9.5,-50.0,2023-12,0.026068762368904135,nao-fogo,1.0,1.0,0.0,0,0.0,0.0
-0.0,-68.75,2023-12,0.02602510630244791,nao-fogo,0.0,0.0,70.0,0,0.0,0.0
1.75,-54.5,2023-12,0.025868546839573407,nao-fogo,0.0,0.0,26.0,0,0.0,0.0
-7.75,-63.75,2023-12,0.025854267311840262,nao-fogo,11.0,2.0,1.0,0,1.1808,0.0
3.25,-51.25,2023-12,0.025831255898195488,nao-fogo,74.0,4.0,0.0,0,0.0,0.0
-1.25,-64.5,2023-12,0.02583054125185323,nao-fogo,0.0,0.0,37.0,0,0.0,0.0
-8.25,-64.25,2023-12,0.025810911372927285,nao-fogo,7.0,2.0,1.0,0,0.0,0.0
-5.25,-59.75,2023-12,0.02574851353214726,nao-fogo,3.0,2.0,2.0,0,0.0,0.0
-0.25,-52.75,2023-12,0.025659595346257898,nao-fogo,0.0,0.0,60.0,0,0.0664,0.0664
-7.25,-61.75,2023-12,0.02561468967988499,nao-fogo,2.0,1.0,2.0,0,0.2673,0.0
-10.0,-61.0,2023-12,0.02555095752428498,nao-fogo,0.0,0.0,14.0,0,17.003,17.003
-9.0,-58.75,2023-12,0.025535011376096442,nao-fogo,5.0,1.0,2.0,0,0.0,0.0
-5.25,-61.25,2023-12,0.025420751186570542,nao-fogo,0.0,0.0,21.0,0,0.0,0.0
-9.0,-68.0,2023-12,0.025376064020322844,nao-fogo,24.0,4.0,1.0,0,0.1404,0.1404
-8.5,-55.5,2023-12,0.025308054857771402,nao-fogo,1.0,1.0,1.0,0,0.5145,0.0
-10.5,-67.5,2023-12,0.025268487393668618,nao-fogo,8.0,4.0,1.0,0,0.0769,0.0769
-7.75,-64.5,2023-12,0.025248509009615283,nao-fogo,7.0,3.0,1.0,0,0.0,0.0
-7.25,-63.0,2023-12,0.025215439685097058,nao-fogo,24.0,2.0,2.0,0,0.1593,0.0907
-0.0,-50.25,2023-12,0.024992971624966612,nao-fogo,1.0,1.0,1.0,0,0.0,0.0
-7.0,-58.0,2023-12,0.024945603273735704,nao-fogo,2.0,2.0,1.0,0,0.0,0.0
-8.0,-62.0,2023-12,0.024938861062325225,nao-fogo,12.0,3.0,2.0,0,0.0,0.0
-5.25,-62.75,2023-12,0.02489827215807137,nao-fogo,8.0,3.0,2.0,0,0.0,0.0
-5.75,-60.75,2023-12,0.024873522802115144,nao-fogo,8.0,3.0,2.0,0,0.0,0.0
1.5,-61.25,2023-12,0.02480568154577654,nao-fogo,0.0,0.0,92.0,0,0.0,0.0
-7.25,-55.75,2023-12,0.024785201653207713,nao-fogo,5.0,2.0,1.0,0,0.0,0.0
-8.5,-70.5,2023-12,0.02459765504089405,nao-fogo,86.0,4.0,1.0,0,0.7578,0.3778
-9.25,-69.0,2023-12,0.02458705994951068,nao-fogo,17.0,3.0,1.0,0,0.1367,0.0648
-1.5,-69.5,2023-12,0.024434540159334092,nao-fogo,0.0,0.0,50.0,0,0.0,0.0
-7.0,-57.75,2023-12,0.02432657409375568,nao-fogo,6.0,2.0,1.0,0,0.0,0.0
-6.25,-55.0,2023-12,0.024267328047724492,nao-fogo,2.0,1.0,1.0,0,9.3478,4.0575
-12.75,-53.25,2023-12,0.02424886080275557,nao-fogo,0.0,0.0,25.0,0,0.0,0.0
-4.25,-62.5,2023-12,0.024207875930135566,nao-fogo,1.0,1.0,2.0,0,0.0,0.0
-7.0,-51.25,2023-12,0.024203232128347428,nao-fogo,1.0,1.0,3.0,0,0.3268,0.0
-6.25,-59.75,2023-12,0.024151117236322364,nao-fogo,1.0,1.0,3.0,0,0.0,0.0
-7.75,-62.75,2023-12,0.02410349030736083,nao-fogo,4.0,3.0,1.0,0,0.134,0.134
-10.0,-50.25,2023-12,0.023966484610030966,nao-fogo,0.0,0.0,13.0,0,0.0,0.0
-7.75,-56.0,2023-12,0.02392154637798915,nao-fogo,2.0,1.0,4.0,0,0.0,0.0
-2.0,-66.0,2023-12,0.02378370550348823,nao-fogo,0.0,0.0,49.0,0,0.0,0.0
-12.25,-53.0,2023-12,0.02376718649959198,nao-fogo,0.0,0.0,14.0,0,0.0,0.0
1.0,-63.75,2023-12,0.02376332329309654,nao-fogo,0.0,0.0,93.0,0,0.0,0.0
-7.75,-52.0,2023-12,0.02373481841237293,nao-fogo,2.0,2.0,2.0,0,0.0,0.0
2.75,-51.25,2023-12,0.023705610906764773,nao-fogo,3.0,2.0,1.0,0,0.1187,0.1187
-5.5,-60.0,2023-12,0.023691735448639933,nao-fogo,2.0,1.0,3.0,0,0.0772,0.0
-6.5,-61.75,2023-12,0.023687730093146057,nao-fogo,4.0,3.0,3.0,0,0.0,0.0
-8.0,-67.0,2023-12,0.02368190461972053,nao-fogo,3.0,2.0,0.0,0,0.0,0.0
-6.25,-54.5,2023-12,0.0236652584624397,nao-fogo,9.0,2.0,2.0,0,0.0,0.0
0.75,-62.5,2023-12,0.023653001010289817,nao-fogo,0.0,0.0,57.0,0,0.0,0.0
-6.0,-54.25,2023-12,0.023647348652811317,nao-fogo,1.0,1.0,2.0,0,0.0,0.0
-4.5,-71.0,2023-12,0.023568074912059003,nao-fogo,1.0,1.0,2.0,0,0.0,0.0
-6.25,-54.0,2023-12,0.02354999460798089,nao-fogo,18.0,2.0,2.0,0,0.5878,0.5229
-1.25,-45.25,2023-12,0.023432993653843884,nao-fogo,0.0,0.0,25.0,0,0.0,0.0
-8.25,-63.75,2023-12,0.023429993590700467,nao-fogo,4.0,2.0,3.0,0,0.0722,0.0
-8.25,-67.25,2023-12,0.023397943018329544,nao-fogo,2.0,2.0,0.0,0,0.0,0.0
3.5,-51.0,2023-12,0.023393746122511588,nao-fogo,3.0,1.0,0.0,0,0.0,0.0
-6.0,-56.25,2023-12,0.023383958347064374,nao-fogo,0.0,0.0,14.0,0,0.5091,0.3693
2.75,-50.75,2023-12,0.023298078711465754,nao-fogo,1.0,1.0,1.0,0,0.0,0.0
1.0,-51.0,2023-12,0.023280485772265557,nao-fogo,21.0,3.0,0.0,0,0.0,0.0
-10.75,-53.5,2023-12,0.023268942951275594,nao-fogo,0.0,0.0,90.0,0,17.1966,15.1343
3.0,-52.25,2023-12,0.023201496134699386,nao-fogo,1.0,1.0,1.0,0,0.111,0.0
-4.25,-67.5,2023-12,0.023193236589089353,nao-fogo,10.0,2.0,2.0,0,0.0,0.0
3.5,-51.5,2023-12,0.023188061150230744,nao-fogo,22.0,3.0,0.0,0,0.1012,0.0
-4.5,-57.75,2023-12,0.023149561044832116,nao-fogo,2.0,1.0,3.0,0,0.0,0.0
-7.75,-48.5,2023-12,0.023103949897027916,nao-fogo,0.0,0.0,28.0,0,0.0,0.0
-6.75,-70.25,2023-12,0.023082131534094684,nao-fogo,11.0,4.0,1.0,0,0.0,0.0
-10.0,-66.5,2023-12,0.023020478977155808,nao-fogo,0.0,0.0,14.0,0,0.0,0.0
-8.25,-56.75,2023-12,0.023014166101723698,nao-fogo,0.0,0.0,13.0,0,0.0,0.0
-9.25,-69.25,2023-12,0.022994111254627962,nao-fogo,19.0,4.0,1.0,0,0.0,0.0
-5.75,-57.0,2023-12,0.022982968987694398,nao-fogo,3.0,1.0,1.0,0,0.1545,0.0
-4.5,-64.0,2023-12,0.022850525077862158,nao-fogo,0.0,0.0,99.0,0,0.0,0.0
-8.25,-73.0,2023-12,0.022847821985286305,nao-fogo,44.0,4.0,1.0,0,0.0964,0.0
-7.5,-65.0,2023-12,0.022776652796054,nao-fogo,6.0,3.0,1.0,0,0.0,0.0
-7.5,-57.75,2023-12,0.022715736009222897,nao-fogo,23.0,3.0,2.0,0,0.0983,0.0983
-4.25,-57.0,2023-12,0.02271098040017553,nao-fogo,0.0,0.0,15.0,0,0.0,0.0
-4.5,-56.5,2023-12,0.022666556068405255,nao-fogo,0.0,0.0,37.0,0,0.0,0.0
1.75,-51.25,2023-12,0.022654894914830644,nao-fogo,0.0,0.0,13.0,0,0.0,0.0
-4.25,-64.0,2023-12,0.022589271755426504,nao-fogo,0.0,0.0,14.0,0,0.0,0.0
-5.25,-57.25,2023-12,0.02251022702271817,nao-fogo,3.0,2.0,2.0,0,0.0,0.0
0.25,-61.25,2023-12,0.022505840331639732,nao-fogo,0.0,0.0,80.0,0,0.0,0.0
-5.0,-60.0,2023-12,0.022400789999722035,nao-fogo,2.0,1.0,3.0,0,0.0,0.0
-10.0,-69.25,2023-12,0.022360113119587223,nao-fogo,16.0,2.0,1.0,0,0.0913,0.0
-8.75,-64.5,2023-12,0.02234406090112873,nao-fogo,0.0,0.0,13.0,0,0.0,0.0
-12.25,-58.25,2023-12,0.022328585182620344,nao-fogo,0.0,0.0,39.0,0,2.8904,2.8904
-4.25,-67.0,2023-12,0.02228879062150321,nao-fogo,2.0,1.0,2.0,0,0.0,0.0
-4.25,-62.25,2023-12,0.02222606501088625,nao-fogo,3.0,1.0,3.0,0,0.0,0.0
-4.75,-62.5,2023-12,0.022221428584464825,nao-fogo,2.0,2.0,1.0,0,0.0,0.0
-5.5,-53.75,2023-12,0.02217877137066597,nao-fogo,4.0,2.0,2.0,0,0.8865,0.0
-6.0,-55.5,2023-12,0.022081251932069227,nao-fogo,16.0,2.0,2.0,0,0.41700000000000004,0.1162
-7.0,-53.5,2023-12,0.02208099205633861,nao-fogo,3.0,2.0,2.0,0,0.0,0.0
3.25,-51.75,2023-12,0.022007947172525827,nao-fogo,0.0,0.0,14.0,0,0.0,0.0
-6.25,-62.25,2023-12,0.02199918161888025,nao-fogo,11.0,3.0,2.0,0,0.0,0.0
-6.25,-50.5,2023-12,0.021997065248657625,nao-fogo,0.0,0.0,15.0,0,0.0,0.0
-6.5,-57.75,2023-12,0.02198449013524826,nao-fogo,5.0,3.0,2.0,0,0.0,0.0
-3.75,-69.0,2023-12,0.02197865569095601,nao-fogo,0.0,0.0,99.0,0,0.0,0.0
-11.25,-63.0,2023-12,0.021978280771417894,nao-fogo,0.0,0.0,59.0,0,0.0,0.0
-2.25,-66.75,2023-12,0.021849173537843054,nao-fogo,0.0,0.0,48.0,0,0.0,0.0
-14.0,-57.25,2023-12,0.021779852611462678,nao-fogo,0.0,0.0,28.0,0,0.0,0.0
-8.75,-64.75,2023-12,0.021726548721672553,nao-fogo,0.0,0.0,22.0,0,0.0,0.0
-5.0,-55.0,2023-12,0.021725158920641186,nao-fogo,1.0,1.0,2.0,0,0.2566,0.2566
-6.0,-54.5,2023-12,0.02166373002824155,nao-fogo,3.0,1.0,3.0,0,0.0673,0.0
-10.75,-53.25,2023-12,0.021651856591946444,nao-fogo,0.0,0.0,13.0,0,0.0,0.0
-3.5,-66.0,2023-12,0.021604502756725305,nao-fogo,2.0,1.0,3.0,0,0.0,0.0
-10.75,-68.0,2023-12,0.021595245578996933,nao-fogo,4.0,2.0,1.0,0,0.1105,0.0
-7.5,-56.0,2023-12,0.021518516274724928,nao-fogo,8.0,3.0,1.0,0,0.0,0.0
-5.5,-57.25,2023-12,0.021451804897653283,nao-fogo,1.0,1.0,1.0,0,0.0777,0.0777
-8.25,-51.0,2023-12,0.021446577498309916,nao-fogo,4.0,1.0,2.0,0,0.0,0.0
-9.5,-58.75,2023-12,0.021444105093640347,nao-fogo,0.0,0.0,14.0,0,0.0,0.0
1.0,-55.75,2023-12,0.02136497956322068,nao-fogo,0.0,0.0,98.0,0,0.0,0.0
-5.5,-64.25,2023-12,0.021359564969985326,nao-fogo,0.0,0.0,12.0,0,0.0,0.0
-5.5,-61.25,2023-12,0.021311816737660416,nao-fogo,4.0,2.0,2.0,0,0.0,0.0
-3.75,-68.5,2023-12,0.021282701157884228,nao-fogo,0.0,0.0,99.0,0,0.0,0.0
-6.5,-50.75,2023-12,0.02126957182765025,nao-fogo,0.0,0.0,15.0,0,0.0,0.0
-4.75,-63.25,2023-12,0.02122509653962822,nao-fogo,1.0,1.0,2.0,0,0.0,0.0
-4.5,-54.0,2023-12,0.021221581706439303,nao-fogo,1.0,1.0,2.0,0,0.0,0.0
-9.0,-60.25,2023-12,0.02120985690404932,nao-fogo,6.0,2.0,3.0,0,0.2193,0.0
-10.75,-60.75,2023-12,0.02120956282919912,nao-fogo,35.0,2.0,2.0,0,0.488,0.488
-4.0,-60.25,2023-12,0.021136877445156518,nao-fogo,0.0,0.0,39.0,0,0.0,0.0
-4.75,-63.5,2023-12,0.021088555223481704,nao-fogo,1.0,1.0,3.0,0,0.0,0.0
1.0,-52.0,2023-12,0.021021563252362145,nao-fogo,7.0,2.0,1.0,0,0.0,0.0
-5.5,-54.0,2023-12,0.020984498426229608,nao-fogo,0.0,0.0,12.0,0,0.0,0.0
-6.25,-61.5,2023-12,0.020931917788732823,nao-fogo,3.0,2.0,1.0,0,0.0,0.0
-4.0,-57.75,2023-12,0.02092997524222825,nao-fogo,0.0,0.0,60.0,0,0.0,0.0
-3.0,-68.25,2023-12,0.02086572471177168,nao-fogo,0.0,0.0,98.0,0,0.0,0.0
-7.25,-61.25,2023-12,0.02078506101781372,nao-fogo,0.0,0.0,14.0,0,0.0,0.0
-4.0,-51.5,2023-12,0.020781179011648374,nao-fogo,1.0,1.0,2.0,0,0.0,0.0
-8.5,-71.5,2023-12,0.020744200072680404,nao-fogo,44.0,4.0,1.0,0,0.0697,0.0697
-10.25,-61.0,2023-12,0.020725192843791894,nao-fogo,0.0,0.0,99.0,0,0.0,0.0
-0.0,-50.5,2023-12,0.02066004550761848,nao-fogo,1.0,1.0,4.0,0,0.0,0.0
5.0,-60.75,2023-12,0.020657161766673166,nao-fogo,0.0,0.0,64.0,0,0.0,0.0
-4.5,-54.25,2023-12,0.020642614225096702,nao-fogo,1.0,1.0,2.0,0,0.0,0.0
-6.5,-62.0,2023-12,0.020599106854419846,nao-fogo,4.0,3.0,2.0,0,0.0,0.0
-4.5,-64.25,2023-12,0.02054176816143122,nao-fogo,0.0,0.0,14.0,0,0.0,0.0
-10.5,-61.5,2023-12,0.020450412100485208,nao-fogo,0.0,0.0,14.0,0,0.0,0.0
-9.25,-55.25,2023-12,0.020449318830308504,nao-fogo,0.0,0.0,87.0,0,0.0,0.0
2.5,-62.5,2023-12,0.020374741940822772,nao-fogo,0.0,0.0,56.0,0,0.0,0.0
2.75,-51.5,2023-12,0.020329902180193597,nao-fogo,3.0,1.0,1.0,0,0.0,0.0
-11.25,-53.5,2023-12,0.02026423696925744,nao-fogo,0.0,0.0,26.0,0,0.5144,0.0
-10.0,-71.5,2023-12,0.020253908854184204,nao-fogo,1.0,1.0,1.0,0,0.0,0.0
-4.75,-58.0,2023-12,0.020248516180642592,nao-fogo,1.0,1.0,2.0,0,0.0,0.0
-9.0,-59.75,2023-12,0.020227093864765195,nao-fogo,0.0,0.0,14.0,0,0.0,0.0
-6.5,-53.75,2023-12,0.020225028619781493,nao-fogo,56.0,3.0,2.0,0,2.362,2.0733
-10.5,-53.25,2023-12,0.02018945867067015,nao-fogo,0.0,0.0,13.0,0,0.0,0.0
-9.0,-51.75,2023-12,0.02010592646831103,nao-fogo,53.0,2.0,1.0,0,0.6594,0.2197
-4.75,-62.25,2023-12,0.020072026000238163,nao-fogo,5.0,2.0,2.0,0,0.0,0.0
-3.0,-64.25,2023-12,0.020034815051786344,nao-fogo,0.0,0.0,96.0,0,0.0,0.0
-11.5,-53.25,2023-12,0.020006039888335315,nao-fogo,0.0,0.0,13.0,0,0.0,0.0
3.75,-51.5,2023-12,0.019997379486407667,nao-fogo,26.0,3.0,0.0,0,0.0,0.0
-5.25,-67.25,2023-12,0.019994541393363506,nao-fogo,3.0,2.0,2.0,0,0.0,0.0
1.0,-61.25,2023-12,0.019951914191544556,nao-fogo,0.0,0.0,92.0,0,0.0,0.0
-9.75,-61.0,2023-12,0.019883487669145637,nao-fogo,0.0,0.0,27.0,0,0.0,0.0
-9.25,-63.0,2023-12,0.019879577104621814,nao-fogo,2.0,2.0,2.0,0,0.0,0.0
-3.0,-64.0,2023-12,0.019849464524830437,nao-fogo,0.0,0.0,95.0,0,0.0,0.0
-6.5,-56.5,2023-12,0.019785513890283886,nao-fogo,6.0,2.0,2.0,0,0.0681,0.0
-8.75,-61.25,2023-12,0.019769981487534734,nao-fogo,2.0,1.0,5.0,0,0.0,0.0
-7.5,-56.5,2023-12,0.01976531991697341,nao-fogo,10.0,2.0,2.0,0,0.5155,0.0
-6.25,-61.0,2023-12,0.019709494718163183,nao-fogo,1.0,1.0,3.0,0,0.0,0.0
-6.25,-56.25,2023-12,0.01967352072384861,nao-fogo,1.0,1.0,2.0,0,0.0,0.0
-10.0,-53.25,2023-12,0.019659109813720443,nao-fogo,14.0,3.0,2.0,0,0.0,0.0
-6.25,-60.25,2023-12,0.019584562945363915,nao-fogo,0.0,0.0,14.0,0,0.0,0.0
1.25,-51.0,2023-12,0.019583087161633102,nao-fogo,46.0,4.0,0.0,0,0.0,0.0
-1.0,-51.0,2023-12,0.01957420657679747,nao-fogo,0.0,0.0,39.0,0,0.0,0.0
3.25,-51.5,2023-12,0.019559363411132093,nao-fogo,5.0,1.0,1.0,0,0.0,0.0
-6.75,-57.5,2023-12,0.01952208793819167,nao-fogo,6.0,2.0,2.0,0,0.0,0.0
-5.25,-52.0,2023-12,0.019466398678253363,nao-fogo,9.0,2.0,2.0,0,0.4005,0.0
-8.0,-56.75,2023-12,0.01945240274389318,nao-fogo,2.0,1.0,2.0,0,0.0,0.0
-6.5,-56.75,2023-12,0.01942575731410371,nao-fogo,0.0,0.0,15.0,0,0.334,0.334
-8.5,-61.25,2023-12,0.01940592843674514,nao-fogo,7.0,1.0,5.0,0,0.0,0.0
-4.25,-66.5,2023-12,0.019378552933238608,nao-fogo,0.0,0.0,33.0,0,0.0,0.0
-5.25,-53.0,2023-12,0.019373400842958806,nao-fogo,2.0,1.0,4.0,0,0.0,0.0
-3.25,-67.0,2023-12,0.019288427581760716,nao-fogo,0.0,0.0,90.0,0,0.0927,0.0927
-7.5,-62.25,2023-12,0.01928591386085849,nao-fogo,3.0,2.0,2.0,0,0.0,0.0
-1.75,-51.5,2023-12,0.019198374247187965,nao-fogo,0.0,0.0,99.0,0,0.0,0.0
-11.5,-63.25,2023-12,0.019050328492238214,nao-fogo,0.0,0.0,14.0,0,0.0,0.0
-6.75,-66.5,2023-12,0.019039319733888924,nao-fogo,2.0,1.0,0.0,0,0.0,0.0
-5.25,-59.5,2023-12,0.018977214253858177,nao-fogo,0.0,0.0,40.0,0,0.0,0.0
-3.5,-63.75,2023-12,0.01889471948467322,nao-fogo,0.0,0.0,75.0,0,0.0,0.0
-8.25,-51.75,2023-12,0.018865592178062583,nao-fogo,0.0,0.0,26.0,0,0.0,0.0
-10.5,-69.5,2023-12,0.018854030515030883,nao-fogo,36.0,3.0,1.0,0,0.5439,0.3567
-7.25,-61.0,2023-12,0.018801759874130856,nao-fogo,1.0,1.0,3.0,0,0.0,0.0
-6.25,-61.75,2023-12,0.018739516595938425,nao-fogo,7.0,2.0,2.0,0,0.0,0.0
-13.25,-59.75,2023-12,0.01862132821580662,nao-fogo,0.0,0.0,14.0,0,0.0,0.0
3.0,-51.5,2023-12,0.01859205872807134,nao-fogo,10.0,1.0,1.0,0,0.0,0.0
-9.0,-69.5,2023-12,0.018591325966443605,nao-fogo,41.0,4.0,1.0,0,1.2122000000000002,0.0633
-5.25,-64.0,2023-12,0.018545633411559483,nao-fogo,3.0,1.0,2.0,0,0.0,0.0
-12.75,-53.5,2023-12,0.01852072760844342,nao-fogo,6.0,1.0,5.0,0,0.0,0.0
-6.0,-61.25,2023-12,0.018499663796501496,nao-fogo,10.0,2.0,2.0,0,0.4188,0.0
-12.0,-64.5,2023-12,0.018495875084088845,nao-fogo,0.0,0.0,49.0,0,0.0,0.0
-11.5,-62.75,2023-12,0.018488670658133248,nao-fogo,1.0,1.0,4.0,0,0.0,0.0
-6.75,-54.0,2023-12,0.018451006818465565,nao-fogo,0.0,0.0,14.0,0,0.0,0.0
-4.5,-51.5,2023-12,0.018438703844248568,nao-fogo,0.0,0.0,14.0,0,0.0,0.0
-8.25,-64.5,2023-12,0.018433638811425193,nao-fogo,1.0,1.0,0.0,0,0.0,0.0
-6.75,-53.75,2023-12,0.018421432990438004,nao-fogo,2.0,1.0,2.0,0,0.0,0.0
-8.25,-52.75,2023-12,0.0183705228133029,nao-fogo,0.0,0.0,26.0,0,0.0,0.0
-6.5,-68.0,2023-12,0.018350052268645237,nao-fogo,12.0,1.0,2.0,0,0.1607,0.0
-5.75,-53.25,2023-12,0.018319979467897752,nao-fogo,20.0,2.0,2.0,0,1.1199,0.0
-8.75,-60.75,2023-12,0.018316038141402653,nao-fogo,4.0,1.0,3.0,0,0.0,0.0
-10.25,-51.0,2023-12,0.018282049173343536,nao-fogo,0.0,0.0,45.0,0,0.0,0.0
-5.25,-72.75,2023-12,0.018280237185845018,nao-fogo,3.0,2.0,2.0,0,0.0,0.0
-4.75,-59.75,2023-12,0.018179780346124955,nao-fogo,1.0,1.0,3.0,0,0.0,0.0
-5.25,-45.75,2023-12,0.018167500998886834,nao-fogo,0.0,0.0,48.0,0,0.0,0.0
-8.0,-51.5,2023-12,0.018141821429351897,nao-fogo,1.0,1.0,2.0,0,0.4185,0.067
-7.25,-71.0,2023-12,0.018135552289192124,nao-fogo,6.0,4.0,1.0,0,0.0,0.0
-8.0,-56.5,2023-12,0.018117989000640895,nao-fogo,1.0,1.0,2.0,0,0.0,0.0
-6.75,-64.25,2023-12,0.018060664672191157,nao-fogo,10.0,2.0,2.0,0,0.0,0.0
-4.25,-62.0,2023-12,0.018034222791705145,nao-fogo,0.0,0.0,87.0,0,0.0,0.0
-8.0,-60.5,2023-12,0.017991676272618728,nao-fogo,1.0,1.0,3.0,0,0.0,0.0
-1.5,-66.75,2023-12,0.01799031750901743,nao-fogo,0.0,0.0,88.0,0,0.0,0.0
-1.0,-67.25,2023-12,0.017927228359897327,nao-fogo,0.0,0.0,80.0,0,0.0,0.0
-9.75,-69.25,2023-12,0.01788236699519831,nao-fogo,2.0,2.0,1.0,0,0.0,0.0
-9.5,-52.25,2023-12,0.017811580675808163,nao-fogo,0.0,0.0,26.0,0,0.0,0.0
-7.75,-71.5,2023-12,0.01775873521724647,nao-fogo,13.0,3.0,1.0,0,0.0763,0.0
-7.0,-64.25,2023-12,0.0176998054936568,nao-fogo,6.0,2.0,2.0,0,0.0,0.0
-6.25,-70.75,2023-12,0.017641430602593745,nao-fogo,0.0,0.0,14.0,0,0.0,0.0
-8.75,-70.5,2023-12,0.017607708528999625,nao-fogo,38.0,5.0,1.0,0,0.469,0.085
-4.0,-67.75,2023-12,0.017601589506829794,nao-fogo,2.0,1.0,2.0,0,0.0,0.0
-5.5,-71.75,2023-12,0.017586763397795174,nao-fogo,1.0,1.0,0.0,0,0.0,0.0
-6.0,-60.75,2023-12,0.017553047322217588,nao-fogo,0.0,0.0,14.0,0,0.0,0.0
-6.0,-62.0,2023-12,0.0175017035868876,nao-fogo,3.0,2.0,2.0,0,0.0,0.0
-7.5,-62.5,2023-12,0.01746087346725013,nao-fogo,0.0,0.0,98.0,0,0.0,0.0
-4.5,-65.25,2023-12,0.017343055462955233,nao-fogo,2.0,1.0,3.0,0,0.0,0.0
-8.5,-65.0,2023-12,0.01731596286547448,nao-fogo,0.0,0.0,18.0,0,0.0,0.0
-2.25,-65.5,2023-12,0.017262547627628234,nao-fogo,0.0,0.0,69.0,0,0.0,0.0
-5.75,-65.5,2023-12,0.017234664476642163,nao-fogo,3.0,1.0,3.0,0,0.0,0.0
-5.75,-56.75,2023-12,0.017222016680112664,nao-fogo,0.0,0.0,14.0,0,0.312,0.0
-7.5,-68.0,2023-12,0.01716312395745815,nao-fogo,0.0,0.0,26.0,0,0.1288,0.0
-8.75,-68.5,2023-12,0.017120587818093835,nao-fogo,7.0,1.0,1.0,0,6.1693,0.0
-8.0,-61.0,2023-12,0.017082668574556002,nao-fogo,0.0,0.0,14.0,0,0.0,0.0
-8.25,-56.5,2023-12,0.017041208799692325,nao-fogo,0.0,0.0,50.0,0,0.0,0.0
-10.75,-64.25,2023-12,0.017036508384777417,nao-fogo,2.0,2.0,3.0,0,0.0,0.0
1.0,-51.5,2023-12,0.0170347365512266,nao-fogo,1.0,1.0,2.0,0,0.0,0.0
-5.25,-63.25,2023-12,0.016995687023631058,nao-fogo,1.0,1.0,3.0,0,0.0,0.0
-11.5,-64.0,2023-12,0.01691594076443621,nao-fogo,0.0,0.0,26.0,0,0.0,0.0
-7.75,-57.75,2023-12,0.016816848222755833,nao-fogo,3.0,2.0,2.0,0,0.0,0.0
-5.5,-57.0,2023-12,0.01675222256560894,nao-fogo,1.0,1.0,1.0,0,0.32920000000000005,0.0646
-7.25,-65.0,2023-12,0.0166771076812204,nao-fogo,3.0,3.0,2.0,0,0.0,0.0
-5.0,-51.5,2023-12,0.016611003326418523,nao-fogo,2.0,1.0,4.0,0,0.0,0.0
-6.5,-57.5,2023-12,0.016540377752387456,nao-fogo,5.0,1.0,3.0,0,0.0635,0.0
-10.25,-61.75,2023-12,0.016508501126045336,nao-fogo,0.0,0.0,16.0,0,0.0,0.0
-8.75,-69.75,2023-12,0.01649405050671384,nao-fogo,38.0,4.0,1.0,0,1.1378,0.4468
-7.25,-58.25,2023-12,0.0164827986627905,nao-fogo,2.0,1.0,3.0,0,0.0,0.0
-7.0,-69.75,2023-12,0.016403502335823064,nao-fogo,12.0,3.0,1.0,0,0.0,0.0
-6.25,-63.25,2023-12,0.01636688633810956,nao-fogo,0.0,0.0,14.0,0,0.0,0.0
-5.0,-56.5,2023-12,0.016355805480357193,nao-fogo,4.0,1.0,4.0,0,0.1204,0.0
-6.0,-64.75,2023-12,0.016319058575251327,nao-fogo,1.0,1.0,0.0,0,0.0,0.0
-6.75,-58.0,2023-12,0.01630774108124478,nao-fogo,2.0,1.0,1.0,0,0.0,0.0
-7.0,-62.0,2023-12,0.016285495262358028,nao-fogo,1.0,1.0,2.0,0,0.0,0.0
2.25,-51.5,2023-12,0.01623136286030626,nao-fogo,5.0,2.0,1.0,0,0.3533,0.1841
-4.75,-63.0,2023-12,0.016125190199038825,nao-fogo,1.0,1.0,3.0,0,0.0,0.0
-5.5,-63.5,2023-12,0.016121977576660836,nao-fogo,0.0,0.0,99.0,0,0.0,0.0
-5.0,-56.75,2023-12,0.01612089263346047,nao-fogo,0.0,0.0,16.0,0,0.0,0.0
-3.0,-64.75,2023-12,0.016109229455117488,nao-fogo,0.0,0.0,75.0,0,0.0,0.0
-4.25,-67.25,2023-12,0.016071364719989413,nao-fogo,2.0,2.0,3.0,0,0.0,0.0
-4.75,-59.25,2023-12,0.016062928184367505,nao-fogo,0.0,0.0,16.0,0,0.0,0.0
-6.25,-56.5,2023-12,0.016051372098249403,nao-fogo,0.0,0.0,14.0,0,0.0652,0.0
-9.25,-71.75,2023-12,0.016008356093210514,nao-fogo,25.0,4.0,1.0,0,0.5467,0.2794
-5.5,-46.5,2023-12,0.01598120960833843,nao-fogo,0.0,0.0,25.0,0,0.3553,0.3553
-4.25,-59.0,2023-12,0.015958882665052326,nao-fogo,0.0,0.0,75.0,0,0.0,0.0
-5.5,-63.25,2023-12,0.015936564139103538,nao-fogo,0.0,0.0,40.0,0,0.0,0.0
-6.0,-57.25,2023-12,0.015936497936225556,nao-fogo,4.0,1.0,2.0,0,0.1303,0.0
-7.75,-70.5,2023-12,0.015921439018821995,nao-fogo,12.0,3.0,1.0,0,0.27290000000000003,0.0975
-4.5,-52.75,2023-12,0.01588320317305122,nao-fogo,0.0,0.0,15.0,0,0.0,0.0
-5.5,-67.5,2023-12,0.015813771616258798,nao-fogo,10.0,3.0,2.0,0,0.0,0.0
-8.75,-71.5,2023-12,0.01579954060448023,nao-fogo,27.0,3.0,1.0,0,0.0,0.0
-11.0,-70.0,2023-12,0.015743481953385183,nao-fogo,1.0,1.0,1.0,0,0.0,0.0
1.25,-54.5,2023-12,0.015710798219323273,nao-fogo,0.0,0.0,97.0,0,0.0,0.0
-6.0,-56.5,2023-12,0.015706157231952834,nao-fogo,0.0,0.0,13.0,0,0.3478,0.0875
-0.0,-53.25,2023-12,0.01569540126714597,nao-fogo,0.0,0.0,49.0,0,0.0987,0.0
1.25,-51.25,2023-12,0.01568568348267246,nao-fogo,15.0,4.0,0.0,0,0.0,0.0
-7.5,-71.75,2023-12,0.01566868689400464,nao-fogo,5.0,2.0,2.0,0,0.0,0.0
0.75,-54.0,2023-12,0.015657382400986828,nao-fogo,0.0,0.0,83.0,0,0.0,0.0
-5.75,-56.25,2023-12,0.01562518253281292,nao-fogo,0.0,0.0,13.0,0,0.1694,0.0647
-7.75,-56.5,2023-12,0.015623909117509625,nao-fogo,0.0,0.0,13.0,0,0.1473,0.0651
-6.5,-62.25,2023-12,0.015605907157984152,nao-fogo,0.0,0.0,39.0,0,0.0,0.0
-8.0,-72.0,2023-12,0.01559207517370817,nao-fogo,18.0,2.0,2.0,0,0.0,0.0
-9.25,-55.75,2023-12,0.01557996123422791,nao-fogo,0.0,0.0,59.0,0,0.0,0.0
-9.5,-58.5,2023-12,0.015540167622774782,nao-fogo,0.0,0.0,37.0,0,0.0,0.0
-11.25,-63.5,2023-12,0.015533104897021588,nao-fogo,0.0,0.0,14.0,0,0.0,0.0
-8.75,-65.0,2023-12,0.015491360616851028,nao-fogo,2.0,1.0,3.0,0,0.0,0.0
-8.75,-60.5,2023-12,0.015456874037322512,nao-fogo,9.0,2.0,2.0,0,0.0681,0.0
-8.0,-68.25,2023-12,0.015436589662170113,nao-fogo,8.0,2.0,1.0,0,0.0,0.0
-6.5,-59.75,2023-12,0.01541048269286558,nao-fogo,1.0,1.0,3.0,0,0.5488,0.0
-9.5,-70.5,2023-12,0.01536315553639567,nao-fogo,12.0,4.0,1.0,0,0.0826,0.0
-9.0,-70.75,2023-12,0.015362936212647336,nao-fogo,60.0,4.0,1.0,0,1.2343000000000002,0.3583
-5.25,-67.0,2023-12,0.015307366550429309,nao-fogo,3.0,1.0,2.0,0,0.0,0.0
-5.25,-68.0,2023-12,0.015307124176940069,nao-fogo,1.0,1.0,3.0,0,0.0,0.0
-7.5,-67.5,2023-12,0.015260919399663278,nao-fogo,10.0,3.0,1.0,0,0.0,0.0
-9.75,-71.5,2023-12,0.015234557742875632,nao-fogo,8.0,3.0,1.0,0,0.0,0.0
-7.0,-70.0,2023-12,0.015231522280255117,nao-fogo,19.0,2.0,2.0,0,0.0695,0.0
-4.5,-68.0,2023-12,0.015183937940730632,nao-fogo,2.0,1.0,2.0,0,0.0,0.0
3.0,-51.25,2023-12,0.015183930056867754,nao-fogo,1.0,1.0,0.0,0,0.0694,0.0694
-6.0,-63.5,2023-12,0.015052393667200962,nao-fogo,6.0,2.0,2.0,0,0.0,0.0
-9.25,-65.0,2023-12,0.015034476547184853,nao-fogo,0.0,0.0,50.0,0,0.0,0.0
-5.0,-50.25,2023-12,0.015017521093817154,nao-fogo,0.0,0.0,27.0,0,0.0896,0.0
-9.0,-71.25,2023-12,0.014993987645714272,nao-fogo,45.0,3.0,2.0,0,0.602,0.0
-11.5,-64.75,2023-12,0.014963515864627375,nao-fogo,1.0,1.0,3.0,0,0.0,0.0
-7.25,-57.0,2023-12,0.014962182407298512,nao-fogo,2.0,1.0,1.0,0,0.1696,0.0
-9.25,-69.75,2023-12,0.014940389205719279,nao-fogo,3.0,2.0,1.0,0,0.0,0.0
-8.75,-56.0,2023-12,0.014939492604749046,nao-fogo,1.0,1.0,5.0,0,0.0,0.0
-4.25,-52.75,2023-12,0.014862254201232002,nao-fogo,0.0,0.0,48.0,0,0.0,0.0
-7.0,-66.25,2023-12,0.014854850791131705,nao-fogo,6.0,1.0,2.0,0,0.077,0.0
-7.0,-62.5,2023-12,0.014841328491347167,nao-fogo,0.0,0.0,14.0,0,0.0,0.0
-7.25,-62.25,2023-12,0.014821798928824024,nao-fogo,2.0,2.0,2.0,0,0.0,0.0
-9.0,-72.75,2023-12,0.014789527535569122,nao-fogo,71.0,4.0,1.0,0,1.3761999999999999,0.5351
-9.5,-71.25,2023-12,0.01476743288441375,nao-fogo,6.0,3.0,2.0,0,0.0,0.0
1.5,-54.75,2023-12,0.01467887670994804,nao-fogo,0.0,0.0,88.0,0,0.0,0.0
-4.75,-65.25,2023-12,0.014675998976426267,nao-fogo,0.0,0.0,99.0,0,0.0,0.0
-16.0,-58.75,2023-12,0.014669731518047442,nao-fogo,0.0,0.0,74.0,0,0.0,0.0
-5.0,-51.25,2023-12,0.014578626675357715,nao-fogo,1.0,1.0,3.0,0,0.0,0.0
-10.25,-53.0,2023-12,0.014541437730294031,nao-fogo,0.0,0.0,14.0,0,0.0,0.0
-7.75,-51.5,2023-12,0.014501323793655737,nao-fogo,0.0,0.0,14.0,0,0.0,0.0
-8.75,-57.25,2023-12,0.014482081156127915,nao-fogo,0.0,0.0,25.0,0,0.0,0.0
-7.5,-52.75,2023-12,0.014477857795724022,nao-fogo,1.0,1.0,3.0,0,0.0,0.0
-7.75,-70.25,2023-12,0.014451829774837239,nao-fogo,9.0,3.0,1.0,0,0.0635,0.0
-7.0,-60.25,2023-12,0.014427678449561762,nao-fogo,13.0,2.0,3.0,0,1.0756000000000001,0.0
-7.5,-51.75,2023-12,0.014383800720855171,nao-fogo,14.0,1.0,3.0,0,0.0,0.0
-8.5,-67.75,2023-12,0.014376087251161143,nao-fogo,9.0,2.0,2.0,0,0.1629,0.1629
-6.75,-67.0,2023-12,0.014355253046826912,nao-fogo,4.0,2.0,1.0,0,0.0,0.0
-12.5,-53.75,2023-12,0.014303237608518485,nao-fogo,0.0,0.0,26.0,0,0.0,0.0
-7.25,-58.0,2023-12,0.014269377528721683,nao-fogo,8.0,2.0,3.0,0,0.0,0.0
-4.75,-61.5,2023-12,0.014263337107686104,nao-fogo,0.0,0.0,85.0,0,0.0,0.0
-8.0,-51.25,2023-12,0.014211880955397091,nao-fogo,0.0,0.0,14.0,0,0.0,0.0
-10.5,-70.0,2023-12,0.014152378581019158,nao-fogo,11.0,3.0,1.0,0,0.1438,0.0
-7.75,-56.75,2023-12,0.01414452909561483,nao-fogo,9.0,2.0,1.0,0,0.2782,0.0
-5.5,-52.75,2023-12,0.014131907330274904,nao-fogo,0.0,0.0,14.0,0,0.0,0.0
-4.0,-67.0,2023-12,0.01412945496331938,nao-fogo,0.0,0.0,56.0,0,0.0,0.0
-7.25,-65.25,2023-12,0.014070753828798396,nao-fogo,7.0,1.0,2.0,0,0.0,0.0
-7.5,-65.5,2023-12,0.014047600151300117,nao-fogo,5.0,2.0,2.0,0,0.0,0.0
-7.0,-57.5,2023-12,0.014005541322906241,nao-fogo,0.0,0.0,14.0,0,0.2067,0.2067
-5.25,-57.0,2023-12,0.013999411644595743,nao-fogo,1.0,1.0,3.0,0,0.0,0.0
-5.5,-57.5,2023-12,0.013957120933698788,nao-fogo,0.0,0.0,15.0,0,0.0,0.0
-6.25,-63.5,2023-12,0.013943093098777753,nao-fogo,5.0,1.0,3.0,0,0.0,0.0
-5.5,-64.0,2023-12,0.013864459198115676,nao-fogo,0.0,0.0,13.0,0,0.0,0.0
-4.5,-62.0,2023-12,0.013828387723055228,nao-fogo,2.0,1.0,4.0,0,0.0,0.0
-8.25,-55.75,2023-12,0.013828274320302442,nao-fogo,0.0,0.0,27.0,0,0.09,0.0
-8.5,-53.75,2023-12,0.01380990365888691,nao-fogo,1.0,1.0,2.0,0,0.0,0.0
-11.75,-60.0,2023-12,0.013785844618004698,nao-fogo,0.0,0.0,14.0,0,5.6974,0.0
-5.25,-57.75,2023-12,0.013722203369466576,nao-fogo,0.0,0.0,14.0,0,0.0,0.0
-8.0,-58.75,2023-12,0.013680024646658042,nao-fogo,1.0,1.0,2.0,0,0.0,0.0
-6.25,-64.25,2023-12,0.013657334271230037,nao-fogo,6.0,2.0,2.0,0,0.2495,0.0
-6.75,-62.0,2023-12,0.013625477427068737,nao-fogo,2.0,2.0,3.0,0,0.0,0.0
-0.5,-50.75,2023-12,0.013617628143972353,nao-fogo,0.0,0.0,48.0,0,0.0,0.0
-5.5,-53.5,2023-12,0.013594396414341884,nao-fogo,1.0,1.0,1.0,0,0.022,0.022
-8.25,-57.75,2023-12,0.013586003161999146,nao-fogo,1.0,1.0,3.0,0,0.0,0.0
-8.25,-67.5,2023-12,0.01355864506095641,nao-fogo,0.0,0.0,12.0,0,0.0,0.0
-6.5,-69.0,2023-12,0.013500463028323187,nao-fogo,0.0,0.0,14.0,0,0.0,0.0
-7.5,-66.25,2023-12,0.013483073676027343,nao-fogo,1.0,1.0,2.0,0,0.0,0.0
-4.75,-62.75,2023-12,0.013469785977333601,nao-fogo,0.0,0.0,86.0,0,0.0,0.0
-10.5,-60.0,2023-12,0.013467371894638487,nao-fogo,0.0,0.0,14.0,0,0.0,0.0
-6.0,-56.75,2023-12,0.013446321473458225,nao-fogo,0.0,0.0,15.0,0,0.0,0.0
-5.0,-67.25,2023-12,0.01343805067917652,nao-fogo,11.0,3.0,2.0,0,0.0,0.0
-7.75,-51.75,2023-12,0.013402631657331682,nao-fogo,4.0,2.0,3.0,0,0.0,0.0
-14.5,-59.25,2023-12,0.013386180547936805,nao-fogo,0.0,0.0,74.0,0,0.0,0.0
-11.0,-51.25,2023-12,0.013384428123513635,nao-fogo,0.0,0.0,14.0,0,0.0,0.0
-9.5,-52.5,2023-12,0.013374134859641933,nao-fogo,0.0,0.0,99.0,0,0.0,0.0
-7.75,-65.25,2023-12,0.013307349176381137,nao-fogo,0.0,0.0,50.0,0,0.0,0.0
-8.25,-51.5,2023-12,0.013299395952596129,nao-fogo,1.0,1.0,2.0,0,0.0,0.0
-5.5,-67.25,2023-12,0.01319045156442543,nao-fogo,4.0,2.0,2.0,0,0.0,0.0
-8.5,-58.25,2023-12,0.013189227798346298,nao-fogo,0.0,0.0,74.0,0,0.0,0.0
-7.75,-57.25,2023-12,0.01318618881787537,nao-fogo,3.0,2.0,2.0,0,0.0,0.0
-8.5,-52.0,2023-12,0.013113667872567018,nao-fogo,0.0,0.0,15.0,0,0.0,0.0
-6.5,-63.25,2023-12,0.013092619295157117,nao-fogo,3.0,2.0,2.0,0,0.0,0.0
-1.25,-69.0,2023-12,0.012962328942837055,nao-fogo,0.0,0.0,80.0,0,0.0,0.0
-7.25,-57.75,2023-12,0.01293056715847032,nao-fogo,2.0,2.0,2.0,0,0.0,0.0
-9.0,-58.0,2023-12,0.012925204585126372,nao-fogo,0.0,0.0,87.0,0,0.0,0.0
-9.0,-65.0,2023-12,0.012896826551214277,nao-fogo,0.0,0.0,27.0,0,0.0,0.0
-6.25,-61.25,2023-12,0.012836999349137289,nao-fogo,0.0,0.0,75.0,0,0.0,0.0
-8.0,-57.0,2023-12,0.012808965691004372,nao-fogo,0.0,0.0,74.0,0,0.0,0.0
-7.25,-57.25,2023-12,0.01277357979561912,nao-fogo,0.0,0.0,14.0,0,0.0704,0.0
-10.75,-70.0,2023-12,0.012739509169676047,nao-fogo,2.0,1.0,3.0,0,0.0,0.0
-3.75,-44.5,2023-12,0.012698728209685102,nao-fogo,0.0,0.0,97.0,0,0.0,0.0
-5.75,-67.75,2023-12,0.012695439726729527,nao-fogo,2.0,2.0,3.0,0,0.0,0.0
-6.75,-53.25,2023-12,0.012685698883687719,nao-fogo,39.0,2.0,2.0,0,1.6583999999999999,0.0
-5.0,-65.25,2023-12,0.01268257154882843,nao-fogo,0.0,0.0,28.0,0,0.0,0.0
-6.5,-62.5,2023-12,0.012673173023885487,nao-fogo,1.0,1.0,4.0,0,0.0,0.0
-8.25,-71.75,2023-12,0.012638118031051354,nao-fogo,8.0,3.0,1.0,0,0.0,0.0
-3.75,-56.25,2023-12,0.01260365403355211,nao-fogo,0.0,0.0,37.0,0,8.5775,3.2963
-7.75,-60.5,2023-12,0.012600130746577167,nao-fogo,1.0,1.0,4.0,0,0.0,0.0
-8.25,-71.5,2023-12,0.012599195959161438,nao-fogo,11.0,3.0,1.0,0,0.0805,0.0
-4.75,-64.0,2023-12,0.012590168123225208,nao-fogo,1.0,1.0,3.0,0,0.0,0.0
-8.75,-66.25,2023-12,0.012570005231718723,nao-fogo,0.0,0.0,14.0,0,0.0,0.0
-9.0,-71.5,2023-12,0.01255506238353435,nao-fogo,29.0,3.0,1.0,0,0.0778,0.0778
-6.75,-66.75,2023-12,0.012554599028355616,nao-fogo,5.0,1.0,2.0,0,0.0,0.0
0.75,-52.5,2023-12,0.012545246706768228,nao-fogo,0.0,0.0,61.0,0,0.0,0.0
1.75,-53.25,2023-12,0.012473716414469784,nao-fogo,0.0,0.0,99.0,0,0.0,0.0
-7.75,-66.0,2023-12,0.012460949060760342,nao-fogo,1.0,1.0,3.0,0,0.0,0.0
-7.75,-60.25,2023-12,0.012440284112727639,nao-fogo,5.0,1.0,3.0,0,0.0,0.0
-7.0,-65.0,2023-12,0.012431875179008777,nao-fogo,8.0,3.0,2.0,0,0.0,0.0
-4.5,-58.5,2023-12,0.012333913174252814,nao-fogo,0.0,0.0,40.0,0,0.0,0.0
-8.75,-65.25,2023-12,0.012330619960797826,nao-fogo,0.0,0.0,26.0,0,0.0,0.0
-8.25,-63.25,2023-12,0.012305280179776567,nao-fogo,1.0,1.0,3.0,0,0.0,0.0
-7.75,-71.0,2023-12,0.012282025564531627,nao-fogo,4.0,3.0,1.0,0,0.0,0.0
-6.0,-54.75,2023-12,0.012273295671563924,nao-fogo,0.0,0.0,38.0,0,0.0,0.0
-0.25,-53.25,2023-12,0.012203564684888878,nao-fogo,0.0,0.0,48.0,0,0.0637,0.0
-4.75,-54.25,2023-12,0.012176032637340833,nao-fogo,1.0,1.0,2.0,0,0.0,0.0
-9.25,-72.5,2023-12,0.012154165394613302,nao-fogo,9.0,3.0,1.0,0,0.0,0.0
-6.75,-61.25,2023-12,0.012116966241663408,nao-fogo,0.0,0.0,56.0,0,0.0,0.0
-4.5,-63.75,2023-12,0.012070871530004194,nao-fogo,0.0,0.0,39.0,0,0.0,0.0
-8.25,-71.25,2023-12,0.012064635821119553,nao-fogo,26.0,3.0,2.0,0,0.105,0.105
-9.0,-72.5,2023-12,0.01200304926365631,nao-fogo,44.0,3.0,1.0,0,0.0689,0.0
-7.0,-57.25,2023-12,0.011980969572605889,nao-fogo,4.0,2.0,2.0,0,0.0,0.0
-9.5,-72.0,2023-12,0.01189886924393498,nao-fogo,0.0,0.0,12.0,0,0.0,0.0
-6.75,-54.25,2023-12,0.011888184562121389,nao-fogo,0.0,0.0,99.0,0,0.0,0.0
-6.0,-60.25,2023-12,0.011880819133339037,nao-fogo,0.0,0.0,15.0,0,0.0,0.0
-7.0,-61.25,2023-12,0.011875018514097816,nao-fogo,0.0,0.0,68.0,0,0.0,0.0
-9.5,-54.0,2023-12,0.011837260979553626,nao-fogo,1.0,1.0,2.0,0,0.0,0.0
-11.0,-64.25,2023-12,0.011825586405013477,nao-fogo,0.0,0.0,39.0,0,0.0,0.0
-7.25,-53.75,2023-12,0.011807987587833985,nao-fogo,1.0,1.0,3.0,0,0.0,0.0
-5.5,-67.0,2023-12,0.01174281637642562,nao-fogo,0.0,0.0,15.0,0,0.0,0.0
-7.25,-70.0,2023-12,0.011687896940387469,nao-fogo,13.0,2.0,2.0,0,0.1627,0.0
-7.75,-62.0,2023-12,0.011676207335582283,nao-fogo,0.0,0.0,62.0,0,0.0,0.0
-4.75,-62.0,2023-12,0.011639542371867331,nao-fogo,2.0,1.0,4.0,0,0.0,0.0
-1.25,-51.0,2023-12,0.01163604059984457,nao-fogo,0.0,0.0,40.0,0,0.0,0.0
-8.0,-58.25,2023-12,0.011631871155151265,nao-fogo,2.0,2.0,1.0,0,0.0,0.0
-9.5,-71.5,2023-12,0.011610612347675455,nao-fogo,3.0,2.0,2.0,0,0.0,0.0
-5.75,-65.75,2023-12,0.011600113764897618,nao-fogo,0.0,0.0,27.0,0,0.0,0.0
-9.0,-70.5,2023-12,0.011554071833996924,nao-fogo,30.0,3.0,1.0,0,0.2328,0.164
0.25,-53.5,2023-12,0.011529945426779901,nao-fogo,0.0,0.0,92.0,0,0.0,0.0
-8.75,-54.25,2023-12,0.01149311956613739,nao-fogo,0.0,0.0,27.0,0,0.0,0.0
-0.5,-47.75,2023-12,0.011480851462354323,nao-fogo,0.0,0.0,48.0,0,0.0,0.0
-7.25,-71.5,2023-12,0.011469936742821138,nao-fogo,8.0,3.0,2.0,0,0.0747,0.0
-6.75,-62.25,2023-12,0.011450387640118728,nao-fogo,0.0,0.0,39.0,0,0.0,0.0
-7.0,-53.25,2023-12,0.011445160972808639,nao-fogo,0.0,0.0,14.0,0,0.0,0.0
-4.25,-58.0,2023-12,0.011432894283127406,nao-fogo,0.0,0.0,98.0,0,0.0,0.0
-7.0,-56.25,2023-12,0.011414305644352602,nao-fogo,0.0,0.0,15.0,0,0.3011,0.0
-8.5,-68.25,2023-12,0.01140242211861406,nao-fogo,7.0,2.0,1.0,0,0.0,0.0
2.75,-52.0,2023-12,0.011400922113989206,nao-fogo,0.0,0.0,65.0,0,0.0931,0.0
-8.25,-62.0,2023-12,0.011385716757118186,nao-fogo,0.0,0.0,27.0,0,0.0,0.0
-0.75,-53.25,2023-12,0.011362822011345235,nao-fogo,0.0,0.0,84.0,0,0.4954,0.4954
-6.25,-50.25,2023-12,0.01134067105395708,nao-fogo,0.0,0.0,73.0,0,0.0,0.0
-7.0,-58.5,2023-12,0.011307565278976455,nao-fogo,1.0,1.0,3.0,0,0.0,0.0
-7.25,-64.25,2023-12,0.011287544200010912,nao-fogo,1.0,1.0,4.0,0,0.0,0.0
-7.0,-57.0,2023-12,0.011240973069015616,nao-fogo,6.0,1.0,3.0,0,0.8138,0.6127
-6.0,-63.25,2023-12,0.011210885189112098,nao-fogo,1.0,1.0,2.0,0,0.0,0.0
-6.75,-61.75,2023-12,0.011190928508860441,nao-fogo,0.0,0.0,26.0,0,0.0,0.0
-9.0,-58.5,2023-12,0.01118572290855586,nao-fogo,0.0,0.0,37.0,0,0.0,0.0
-6.5,-68.25,2023-12,0.01112981943944594,nao-fogo,8.0,2.0,2.0,0,0.1269,0.0
-7.5,-71.25,2023-12,0.011123829862376542,nao-fogo,10.0,2.0,2.0,0,0.0,0.0
-4.5,-61.75,2023-12,0.011105526700721496,nao-fogo,1.0,1.0,5.0,0,0.0,0.0
-8.0,-58.0,2023-12,0.011075624760325753,nao-fogo,1.0,1.0,3.0,0,0.0,0.0
0.25,-53.25,2023-12,0.011065599599826694,nao-fogo,0.0,0.0,56.0,0,0.0,0.0
-6.75,-65.0,2023-12,0.011053516120460035,nao-fogo,2.0,2.0,2.0,0,0.0,0.0
-7.75,-66.5,2023-12,0.011032895196037402,nao-fogo,3.0,1.0,2.0,0,0.0,0.0
-6.0,-57.0,2023-12,0.010999763002060814,nao-fogo,1.0,1.0,3.0,0,0.0,0.0
-9.5,-73.0,2023-12,0.010993434186307174,nao-fogo,0.0,0.0,14.0,0,0.0,0.0
-7.5,-52.0,2023-12,0.01098278821225751,nao-fogo,0.0,0.0,14.0,0,0.0,0.0
-8.75,-53.5,2023-12,0.010967511941961185,nao-fogo,0.0,0.0,14.0,0,0.0,0.0
-5.0,-61.0,2023-12,0.010966206643886228,nao-fogo,0.0,0.0,97.0,0,0.0,0.0
-7.25,-69.75,2023-12,0.010932255693562092,nao-fogo,12.0,2.0,2.0,0,0.1646,0.1646
-8.5,-71.0,2023-12,0.01093049856438004,nao-fogo,80.0,3.0,1.0,0,0.6075,0.2726
-5.0,-66.75,2023-12,0.010927724542933209,nao-fogo,1.0,1.0,2.0,0,0.0,0.0
-11.5,-63.75,2023-12,0.010910336108736084,nao-fogo,0.0,0.0,25.0,0,0.0,0.0
-11.0,-64.75,2023-12,0.010898970507728563,nao-fogo,0.0,0.0,37.0,0,0.0,0.0
-7.25,-63.75,2023-12,0.010896926271770722,nao-fogo,3.0,1.0,3.0,0,0.0,0.0
-4.0,-53.25,2023-12,0.01088968840670928,nao-fogo,0.0,0.0,37.0,0,0.0,0.0
-8.25,-69.75,2023-12,0.010887436738889013,nao-fogo,7.0,3.0,1.0,0,0.096,0.0
-6.25,-67.75,2023-12,0.010874637885525151,nao-fogo,0.0,0.0,12.0,0,0.0,0.0
-9.0,-66.5,2023-12,0.010850396137553819,nao-fogo,0.0,0.0,14.0,0,16.5727,1.3286
-6.0,-58.5,2023-12,0.010811528674127767,nao-fogo,0.0,0.0,25.0,0,0.0,0.0
-11.25,-65.25,2023-12,0.010805168564891063,nao-fogo,0.0,0.0,38.0,0,0.0,0.0
-4.25,-64.25,2023-12,0.010785216235555428,nao-fogo,0.0,0.0,38.0,0,0.0,0.0
-8.25,-68.0,2023-12,0.010723783713003317,nao-fogo,2.0,1.0,3.0,0,0.0,0.0
-8.75,-71.75,2023-12,0.010721661986160112,nao-fogo,14.0,2.0,2.0,0,0.0,0.0
-4.5,-67.25,2023-12,0.01071752691888371,nao-fogo,0.0,0.0,15.0,0,0.0,0.0
-8.5,-49.25,2023-12,0.010660753784284095,nao-fogo,0.0,0.0,37.0,0,0.0,0.0
-5.0,-52.0,2023-12,0.010657579607118845,nao-fogo,1.0,1.0,3.0,0,0.0723,0.0723
-7.5,-58.0,2023-12,0.010626793069892879,nao-fogo,6.0,2.0,3.0,0,0.0,0.0
-8.25,-65.5,2023-12,0.01062423196359191,nao-fogo,4.0,2.0,2.0,0,0.0,0.0
-8.0,-67.25,2023-12,0.010591748058865346,nao-fogo,5.0,2.0,2.0,0,0.1456,0.0795
-4.5,-66.5,2023-12,0.010550201526334626,nao-fogo,0.0,0.0,26.0,0,0.0,0.0
-5.25,-51.75,2023-12,0.010545847310112792,nao-fogo,0.0,0.0,14.0,0,0.0,0.0
-9.25,-66.75,2023-12,0.010532758733794095,nao-fogo,0.0,0.0,13.0,0,0.0,0.0
-7.25,-52.25,2023-12,0.010517630476318342,nao-fogo,7.0,1.0,3.0,0,0.0,0.0
-4.5,-52.5,2023-12,0.01051644515275443,nao-fogo,0.0,0.0,38.0,0,0.0,0.0
1.5,-53.0,2023-12,0.010492604147571426,nao-fogo,0.0,0.0,98.0,0,0.0,0.0
-9.5,-53.5,2023-12,0.010487515992407527,nao-fogo,1.0,1.0,2.0,0,0.0,0.0
-9.25,-70.75,2023-12,0.010429201145252035,nao-fogo,27.0,2.0,2.0,0,0.0626,0.0
-10.75,-70.25,2023-12,0.010380501950435994,nao-fogo,0.0,0.0,14.0,0,0.1054,0.1054
-7.0,-60.5,2023-12,0.010366083963523856,nao-fogo,0.0,0.0,27.0,0,0.0,0.0
-11.25,-60.5,2023-12,0.010355147047823539,nao-fogo,0.0,0.0,28.0,0,0.0,0.0
-6.0,-70.5,2023-12,0.010339573785179619,nao-fogo,3.0,1.0,2.0,0,0.0,0.0
-8.25,-72.5,2023-12,0.010320939294306294,nao-fogo,16.0,3.0,1.0,0,0.0,0.0
-4.25,-65.0,2023-12,0.010286884212292105,nao-fogo,0.0,0.0,65.0,0,0.0,0.0
-7.75,-52.75,2023-12,0.01027947793731453,nao-fogo,0.0,0.0,74.0,0,0.0,0.0
-6.25,-64.0,2023-12,0.010266306490531502,nao-fogo,1.0,1.0,2.0,0,0.0,0.0
1.0,-53.0,2023-12,0.010262647416777284,nao-fogo,0.0,0.0,72.0,0,0.0,0.0
-6.25,-71.5,2023-12,0.010234729043338553,nao-fogo,1.0,1.0,2.0,0,0.144,0.0
-5.75,-64.0,2023-12,0.010228407738757418,nao-fogo,0.0,0.0,64.0,0,0.0,0.0
3.25,-52.25,2023-12,0.010193680774499165,nao-fogo,0.0,0.0,48.0,0,0.0,0.0
-6.75,-69.5,2023-12,0.01014737285725122,nao-fogo,8.0,2.0,1.0,0,0.0,0.0
-8.75,-70.0,2023-12,0.010141948766660509,nao-fogo,29.0,3.0,1.0,0,0.6426999999999999,0.132
-9.25,-72.25,2023-12,0.010110225024322827,nao-fogo,0.0,0.0,14.0,0,0.0,0.0
-7.75,-64.75,2023-12,0.010089102327733277,nao-fogo,5.0,2.0,2.0,0,0.0,0.0
-5.5,-63.0,2023-12,0.010076048566985282,nao-fogo,0.0,0.0,14.0,0,0.0,0.0
-6.75,-71.0,2023-12,0.01005755477276849,nao-fogo,0.0,0.0,27.0,0,0.0,0.0
-5.0,-58.0,2023-12,0.010039247850019813,nao-fogo,0.0,0.0,97.0,0,0.0,0.0
-4.75,-56.75,2023-12,0.01003774157433028,nao-fogo,0.0,0.0,15.0,0,0.0,0.0
-7.75,-64.0,2023-12,0.010024605922086285,nao-fogo,0.0,0.0,17.0,0,0.0,0.0
-8.75,-53.25,2023-12,0.00995409636727702,nao-fogo,0.0,0.0,14.0,0,0.0,0.0
-11.75,-64.25,2023-12,0.009930423175878111,nao-fogo,0.0,0.0,86.0,0,0.0,0.0
-0.5,-50.25,2023-12,0.009908337832253191,nao-fogo,0.0,0.0,48.0,0,0.0,0.0
-4.75,-65.5,2023-12,0.009906606203310152,nao-fogo,0.0,0.0,26.0,0,0.0,0.0
-8.25,-67.75,2023-12,0.009901439243514137,nao-fogo,1.0,1.0,2.0,0,0.0,0.0
-5.0,-63.75,2023-12,0.009898742121812427,nao-fogo,0.0,0.0,86.0,0,0.0,0.0
-8.0,-67.5,2023-12,0.009896781286274648,nao-fogo,0.0,0.0,13.0,0,0.0,0.0
-8.75,-73.0,2023-12,0.009847977134658013,nao-fogo,1.0,1.0,3.0,0,0.0,0.0
-1.0,-46.0,2023-12,0.009829808439923697,nao-fogo,0.0,0.0,71.0,0,0.0,0.0
-6.0,-71.5,2023-12,0.009829246432229384,nao-fogo,0.0,0.0,15.0,0,0.0,0.0
-0.75,-51.5,2023-12,0.009800598433134683,nao-fogo,0.0,0.0,72.0,0,0.0,0.0
-8.0,-62.25,2023-12,0.00977456989060705,nao-fogo,0.0,0.0,51.0,0,0.0,0.0
-4.75,-64.75,2023-12,0.009759603562349346,nao-fogo,0.0,0.0,40.0,0,0.0,0.0
1.0,-51.75,2023-12,0.009731678052528614,nao-fogo,0.0,0.0,72.0,0,0.0,0.0
-8.5,-72.5,2023-12,0.009702023210626076,nao-fogo,46.0,3.0,1.0,0,0.243,0.0791
1.25,-50.25,2023-12,0.009687982429035026,nao-fogo,0.0,0.0,37.0,0,0.0,0.0
-9.25,-71.5,2023-12,0.009683826707633653,nao-fogo,5.0,3.0,1.0,0,0.0,0.0
-6.0,-63.75,2023-12,0.009676890579767073,nao-fogo,0.0,0.0,26.0,0,0.0,0.0
-5.0,-64.0,2023-12,0.009675171077693496,nao-fogo,0.0,0.0,14.0,0,0.0,0.0
-6.25,-56.75,2023-12,0.00967223872689394,nao-fogo,0.0,0.0,15.0,0,0.0,0.0
-3.75,-66.25,2023-12,0.00964071628024906,nao-fogo,0.0,0.0,50.0,0,0.0,0.0
-9.0,-56.5,2023-12,0.009636208714806567,nao-fogo,1.0,1.0,4.0,0,0.0,0.0
-7.75,-51.25,2023-12,0.00963336094072779,nao-fogo,7.0,1.0,4.0,0,0.8036,0.0
-8.0,-73.5,2023-12,0.009623340943570993,nao-fogo,0.0,0.0,14.0,0,0.0,0.0
-8.25,-58.25,2023-12,0.009606216724261757,nao-fogo,0.0,0.0,14.0,0,0.0,0.0
-9.25,-72.0,2023-12,0.009581419125488263,nao-fogo,60.0,3.0,2.0,0,0.24980000000000002,0.0
-4.75,-59.0,2023-12,0.009580316716837295,nao-fogo,0.0,0.0,70.0,0,0.0,0.0
-6.5,-65.25,2023-12,0.0095713537394348,nao-fogo,5.0,2.0,2.0,0,0.0,0.0
-7.5,-62.0,2023-12,0.009524980508181702,nao-fogo,0.0,0.0,39.0,0,0.0,0.0
-8.0,-62.5,2023-12,0.00952289927786132,nao-fogo,0.0,0.0,85.0,0,0.0,0.0
-8.25,-65.0,2023-12,0.009519793592820769,nao-fogo,0.0,0.0,26.0,0,0.0,0.0
-11.75,-58.5,2023-12,0.00951604052133008,nao-fogo,0.0,0.0,99.0,0,26.4604,6.211
-4.75,-53.5,2023-12,0.00949381394114117,nao-fogo,0.0,0.0,16.0,0,0.0,0.0
-7.25,-68.5,2023-12,0.009440455518515502,nao-fogo,1.0,1.0,2.0,0,0.0,0.0
-0.5,-47.25,2023-12,0.009433227198559766,nao-fogo,0.0,0.0,87.0,0,0.0,0.0
-7.0,-61.5,2023-12,0.009404159795622773,nao-fogo,0.0,0.0,62.0,0,0.0,0.0
-5.5,-67.75,2023-12,0.00931278447175947,nao-fogo,3.0,2.0,2.0,0,0.0,0.0
-11.75,-53.75,2023-12,0.00930412221270452,nao-fogo,0.0,0.0,27.0,0,0.0,0.0
-7.25,-53.0,2023-12,0.009300629436452592,nao-fogo,0.0,0.0,15.0,0,0.0,0.0
-5.25,-56.75,2023-12,0.009215731852272546,nao-fogo,1.0,1.0,3.0,0,0.0,0.0
-7.25,-72.25,2023-12,0.009208097866179649,nao-fogo,2.0,1.0,2.0,0,0.0661,0.0
-8.0,-65.5,2023-12,0.009174940206916195,nao-fogo,0.0,0.0,26.0,0,0.0,0.0
-7.75,-58.0,2023-12,0.00916626198603965,nao-fogo,2.0,1.0,4.0,0,0.0,0.0
-5.0,-58.5,2023-12,0.009159573657692353,nao-fogo,0.0,0.0,95.0,0,0.0,0.0
-6.5,-65.0,2023-12,0.00912925001297423,nao-fogo,0.0,0.0,49.0,0,0.0,0.0
-5.5,-54.5,2023-12,0.009126960374758337,nao-fogo,1.0,1.0,4.0,0,0.0,0.0
-4.5,-57.5,2023-12,0.009112929267179454,nao-fogo,0.0,0.0,26.0,0,0.0,0.0
-7.5,-65.25,2023-12,0.009106803703508371,nao-fogo,1.0,1.0,2.0,0,0.0,0.0
-4.5,-64.5,2023-12,0.009066024339499063,nao-fogo,0.0,0.0,75.0,0,0.0,0.0
-8.0,-66.0,2023-12,0.009056070583820599,nao-fogo,4.0,2.0,3.0,0,0.0,0.0
-6.75,-69.25,2023-12,0.009052173521339722,nao-fogo,3.0,2.0,1.0,0,0.0,0.0
-7.5,-67.25,2023-12,0.009012477125270913,nao-fogo,4.0,2.0,2.0,0,0.1912,0.0
-7.75,-67.5,2023-12,0.00897019880532911,nao-fogo,3.0,2.0,2.0,0,0.0,0.0
-4.75,-66.75,2023-12,0.008956172711062332,nao-fogo,0.0,0.0,50.0,0,0.0,0.0
-8.25,-52.25,2023-12,0.008923253589862953,nao-fogo,2.0,1.0,3.0,0,0.3933,0.0
-6.75,-61.0,2023-12,0.008916563315162997,nao-fogo,0.0,0.0,74.0,0,0.0,0.0
-5.5,-72.25,2023-12,0.008907095885222947,nao-fogo,2.0,2.0,2.0,0,0.0,0.0
-8.0,-66.75,2023-12,0.008901071091412213,nao-fogo,1.0,1.0,2.0,0,0.0,0.0
-8.5,-69.25,2023-12,0.008898556627399025,nao-fogo,0.0,0.0,14.0,0,0.0,0.0
-7.0,-68.75,2023-12,0.008885730680079565,nao-fogo,0.0,0.0,30.0,0,0.0,0.0
-13.0,-58.0,2023-12,0.008871680455941673,nao-fogo,0.0,0.0,29.0,0,0.0,0.0
-6.75,-72.0,2023-12,0.008871541699734921,nao-fogo,0.0,0.0,15.0,0,0.0,0.0
-8.0,-52.0,2023-12,0.008869365888728433,nao-fogo,9.0,1.0,3.0,0,0.0,0.0
-8.75,-70.25,2023-12,0.00885556201802697,nao-fogo,7.0,3.0,2.0,0,0.1034,0.1034
-8.5,-52.25,2023-12,0.008799517843515039,nao-fogo,0.0,0.0,74.0,0,0.0,0.0
-8.25,-63.5,2023-12,0.008771943364075585,nao-fogo,0.0,0.0,27.0,0,0.0,0.0
-4.0,-68.25,2023-12,0.008762302618723555,nao-fogo,0.0,0.0,63.0,0,0.1327,0.0
-5.75,-52.75,2023-12,0.008747178355634745,nao-fogo,0.0,0.0,64.0,0,0.0,0.0
-6.5,-72.75,2023-12,0.008727007803723838,nao-fogo,0.0,0.0,14.0,0,0.0,0.0
-15.0,-58.75,2023-12,0.00872371450442534,nao-fogo,0.0,0.0,38.0,0,0.0,0.0
-6.5,-64.5,2023-12,0.008719227168165552,nao-fogo,2.0,2.0,3.0,0,0.0,0.0
-8.5,-68.0,2023-12,0.008696985403229263,nao-fogo,4.0,2.0,2.0,0,0.0,0.0
-7.75,-52.25,2023-12,0.008692750990071154,nao-fogo,0.0,0.0,14.0,0,0.0,0.0
-7.25,-68.0,2023-12,0.008681579363899166,nao-fogo,2.0,2.0,2.0,0,0.2504,0.0
1.0,-52.75,2023-12,0.008678492912598474,nao-fogo,0.0,0.0,84.0,0,0.0,0.0
-5.5,-63.75,2023-12,0.008660902291812794,nao-fogo,0.0,0.0,63.0,0,0.0,0.0
-8.75,-68.25,2023-12,0.008621354023611215,nao-fogo,0.0,0.0,15.0,0,0.0,0.0
-4.75,-54.0,2023-12,0.008619987669967855,nao-fogo,0.0,0.0,37.0,0,0.0,0.0
-5.25,-64.5,2023-12,0.008607677316401021,nao-fogo,0.0,0.0,56.0,0,0.0,0.0
-9.0,-60.0,2023-12,0.008565173817594062,nao-fogo,0.0,0.0,29.0,0,0.0,0.0
-9.25,-52.75,2023-12,0.00856502016897429,nao-fogo,0.0,0.0,50.0,0,0.0,0.0
-6.5,-67.75,2023-12,0.008560072198541291,nao-fogo,1.0,1.0,2.0,0,0.0,0.0
-8.5,-65.25,2023-12,0.008535613465202131,nao-fogo,0.0,0.0,15.0,0,0.0,0.0
-6.25,-68.0,2023-12,0.00852362201463051,nao-fogo,0.0,0.0,14.0,0,0.0,0.0
-8.25,-52.0,2023-12,0.008513441476670953,nao-fogo,9.0,1.0,3.0,0,0.3421,0.0
-5.25,-58.75,2023-12,0.008497069497450993,nao-fogo,0.0,0.0,68.0,0,0.0,0.0
-8.0,-65.75,2023-12,0.008486452730195469,nao-fogo,2.0,1.0,3.0,0,0.0,0.0
-4.75,-57.75,2023-12,0.008433928388596882,nao-fogo,0.0,0.0,76.0,0,0.0,0.0
-8.0,-64.25,2023-12,0.008428398050423011,nao-fogo,0.0,0.0,27.0,0,0.0,0.0
-9.25,-72.75,2023-12,0.008401848792985667,nao-fogo,19.0,4.0,1.0,0,0.0635,0.0635
-6.5,-70.0,2023-12,0.008393661906757303,nao-fogo,8.0,2.0,2.0,0,0.0,0.0
-7.25,-51.5,2023-12,0.008377065858159368,nao-fogo,1.0,1.0,3.0,0,0.0,0.0
-7.75,-71.25,2023-12,0.00832019245507808,nao-fogo,4.0,1.0,2.0,0,0.0,0.0
-7.5,-71.0,2023-12,0.008299517998289005,nao-fogo,2.0,1.0,2.0,0,0.0,0.0
-7.0,-71.25,2023-12,0.0082699341204057,nao-fogo,0.0,0.0,62.0,0,0.0,0.0
-6.0,-65.0,2023-12,0.008268083047084351,nao-fogo,3.0,2.0,3.0,0,0.0,0.0
-6.75,-72.75,2023-12,0.008208346517670075,nao-fogo,0.0,0.0,14.0,0,0.0,0.0
-8.0,-56.0,2023-12,0.008193808380783086,nao-fogo,0.0,0.0,15.0,0,0.0,0.0
-5.25,-71.75,2023-12,0.00818273612119681,nao-fogo,0.0,0.0,39.0,0,0.0,0.0
-5.25,-67.75,2023-12,0.008162481684713141,nao-fogo,0.0,0.0,55.0,0,0.0,0.0
1.25,-55.0,2023-12,0.008139493621272413,nao-fogo,0.0,0.0,83.0,0,0.0,0.0
-9.5,-72.25,2023-12,0.008136813096940568,nao-fogo,2.0,2.0,1.0,0,0.0,0.0
-8.0,-57.25,2023-12,0.008135336574050234,nao-fogo,0.0,0.0,99.0,0,0.0,0.0
-8.25,-65.25,2023-12,0.008125528935346456,nao-fogo,0.0,0.0,27.0,0,0.0,0.0
-4.75,-65.75,2023-12,0.00807108975025923,nao-fogo,0.0,0.0,87.0,0,0.0,0.0
-4.5,-58.25,2023-12,0.00806478879990109,nao-fogo,0.0,0.0,97.0,0,0.0,0.0
-6.5,-60.25,2023-12,0.008014518542798258,nao-fogo,0.0,0.0,27.0,0,0.0,0.0
-6.0,-64.25,2023-12,0.00800610701245091,nao-fogo,1.0,1.0,3.0,0,0.0,0.0
-5.25,-57.5,2023-12,0.007961801311910694,nao-fogo,0.0,0.0,39.0,0,0.1962,0.0
-13.25,-51.75,2023-12,0.007908187276497778,nao-fogo,0.0,0.0,98.0,0,0.0,0.0
-5.5,-64.5,2023-12,0.007877055889117144,nao-fogo,0.0,0.0,62.0,0,0.0,0.0
-5.5,-57.75,2023-12,0.00783678311548529,nao-fogo,0.0,0.0,38.0,0,0.0,0.0
-7.5,-69.75,2023-12,0.007802952690459091,nao-fogo,0.0,0.0,27.0,0,0.0,0.0
-9.0,-70.0,2023-12,0.007783282879509753,nao-fogo,9.0,3.0,2.0,0,0.0,0.0
-5.5,-52.5,2023-12,0.0077568112263118535,nao-fogo,0.0,0.0,72.0,0,0.0,0.0
-7.0,-58.25,2023-12,0.007748724037321385,nao-fogo,0.0,0.0,39.0,0,0.0,0.0
-4.5,-71.25,2023-12,0.007730903814706426,nao-fogo,0.0,0.0,72.0,0,0.0,0.0
-5.5,-54.25,2023-12,0.007717629681657183,nao-fogo,0.0,0.0,38.0,0,0.0,0.0
-7.75,-65.0,2023-12,0.0076933779293981265,nao-fogo,1.0,1.0,3.0,0,0.0,0.0
-8.0,-52.25,2023-12,0.0076930619330100505,nao-fogo,2.0,1.0,3.0,0,0.0,0.0
-16.25,-59.0,2023-12,0.007685349944423921,nao-fogo,0.0,0.0,99.0,0,0.0,0.0
-5.75,-65.25,2023-12,0.007675639007437521,nao-fogo,0.0,0.0,26.0,0,0.0,0.0
-6.75,-57.0,2023-12,0.00764504012171346,nao-fogo,0.0,0.0,64.0,0,0.0,0.0
-9.0,-72.0,2023-12,0.007631760900946821,nao-fogo,7.0,3.0,2.0,0,0.0,0.0
-5.5,-59.75,2023-12,0.007539374791798885,nao-fogo,0.0,0.0,27.0,0,0.0,0.0
-5.0,-71.75,2023-12,0.007522951336945828,nao-fogo,0.0,0.0,87.0,0,0.0,0.0
-8.25,-73.25,2023-12,0.007508857070363206,nao-fogo,22.0,3.0,2.0,0,0.0,0.0
-7.5,-68.25,2023-12,0.0074739875637389935,nao-fogo,2.0,2.0,2.0,0,0.0,0.0
-8.5,-73.0,2023-12,0.007467773289259773,nao-fogo,9.0,2.0,2.0,0,0.0,0.0
-8.5,-71.25,2023-12,0.007454664014681848,nao-fogo,37.0,2.0,2.0,0,0.36060000000000003,0.1588
-5.5,-56.25,2023-12,0.007442810826113174,nao-fogo,0.0,0.0,74.0,0,0.0,0.0
-5.75,-59.5,2023-12,0.0074423653624144555,nao-fogo,0.0,0.0,27.0,0,0.0,0.0
-7.0,-64.75,2023-12,0.007430443188680908,nao-fogo,0.0,0.0,26.0,0,0.0,0.0
-7.0,-61.0,2023-12,0.007416094896975605,nao-fogo,0.0,0.0,27.0,0,0.0,0.0
-9.25,-70.25,2023-12,0.007394018687660127,nao-fogo,10.0,2.0,2.0,0,0.0,0.0
-0.25,-53.0,2023-12,0.007392699028856,nao-fogo,0.0,0.0,85.0,0,0.0,0.0
-7.25,-72.0,2023-12,0.007318075957285441,nao-fogo,1.0,1.0,2.0,0,0.0,0.0
-6.0,-64.0,2023-12,0.0073042080409946135,nao-fogo,0.0,0.0,27.0,0,0.0,0.0
-9.0,-71.0,2023-12,0.007281287080410881,nao-fogo,9.0,2.0,2.0,0,0.2848,0.0
-5.75,-70.5,2023-12,0.007270049936264945,nao-fogo,2.0,1.0,3.0,0,0.0,0.0
-8.25,-72.0,2023-12,0.007258644937567969,nao-fogo,5.0,2.0,2.0,0,0.0,0.0
-9.25,-71.0,2023-12,0.007254192540108571,nao-fogo,14.0,2.0,2.0,0,0.2609,0.0
-13.0,-55.5,2023-12,0.007232338119139924,nao-fogo,0.0,0.0,88.0,0,0.0,0.0
-5.75,-63.75,2023-12,0.007203929360754753,nao-fogo,0.0,0.0,39.0,0,0.0,0.0
-7.0,-70.75,2023-12,0.007152530740014065,nao-fogo,0.0,0.0,14.0,0,0.0,0.0
-8.0,-73.25,2023-12,0.007139235065864134,nao-fogo,5.0,1.0,2.0,0,0.0,0.0
-7.0,-58.75,2023-12,0.007129311551509151,nao-fogo,0.0,0.0,74.0,0,0.0,0.0
-6.75,-68.25,2023-12,0.007121906435028618,nao-fogo,0.0,0.0,15.0,0,0.0,0.0
-8.75,-57.0,2023-12,0.007105772367599075,nao-fogo,0.0,0.0,97.0,0,0.0,0.0
-9.0,-72.25,2023-12,0.007100506094030768,nao-fogo,27.0,3.0,1.0,0,0.128,0.0
-5.5,-56.75,2023-12,0.00706370440314129,nao-fogo,0.0,0.0,38.0,0,0.1065,0.0
-9.75,-72.25,2023-12,0.0070288855221063064,nao-fogo,1.0,1.0,3.0,0,0.0,0.0
1.25,-51.5,2023-12,0.00701538650542143,nao-fogo,0.0,0.0,85.0,0,0.0,0.0
-5.75,-72.0,2023-12,0.0070021755437777,nao-fogo,1.0,1.0,3.0,0,0.0,0.0
-9.0,-69.75,2023-12,0.00691321755730757,nao-fogo,4.0,2.0,2.0,0,0.0701,0.0701
-8.0,-53.25,2023-12,0.006899687546706076,nao-fogo,1.0,1.0,2.0,0,0.0,0.0
2.25,-53.0,2023-12,0.00688907231863951,nao-fogo,0.0,0.0,73.0,0,0.0,0.0
-6.25,-59.0,2023-12,0.006862430385980925,nao-fogo,0.0,0.0,75.0,0,0.0,0.0
-7.25,-62.75,2023-12,0.006847747390730056,nao-fogo,0.0,0.0,53.0,0,0.0,0.0
-7.0,-70.25,2023-12,0.006814215697333597,nao-fogo,2.0,1.0,2.0,0,0.0,0.0
-5.75,-66.0,2023-12,0.006810310809583811,nao-fogo,0.0,0.0,26.0,0,0.0,0.0
-8.5,-72.25,2023-12,0.006790684462277234,nao-fogo,6.0,2.0,2.0,0,0.0,0.0
-4.75,-65.0,2023-12,0.0066843187623546385,nao-fogo,0.0,0.0,41.0,0,0.0,0.0
-7.25,-70.75,2023-12,0.006675295959577576,nao-fogo,6.0,2.0,3.0,0,0.0,0.0
-8.0,-65.25,2023-12,0.006625374238555822,nao-fogo,2.0,1.0,3.0,0,0.0,0.0
-7.75,-66.25,2023-12,0.006623775522045637,nao-fogo,0.0,0.0,51.0,0,0.0,0.0
-5.25,-66.75,2023-12,0.006566388538999475,nao-fogo,0.0,0.0,74.0,0,0.0,0.0
-5.5,-68.0,2023-12,0.00656358945721505,nao-fogo,0.0,0.0,87.0,0,0.0,0.0
-5.75,-73.0,2023-12,0.006545487210269022,nao-fogo,1.0,1.0,3.0,0,0.0,0.0
-9.0,-70.25,2023-12,0.006537442095320431,nao-fogo,0.0,0.0,14.0,0,0.0,0.0
-8.25,-65.75,2023-12,0.006535153109001468,nao-fogo,0.0,0.0,27.0,0,0.0,0.0
-6.75,-65.25,2023-12,0.006510233075133154,nao-fogo,0.0,0.0,85.0,0,0.0,0.0
-10.25,-60.0,2023-12,0.006501474032932385,nao-fogo,0.0,0.0,74.0,0,0.0,0.0
-7.0,-64.5,2023-12,0.006470927889881365,nao-fogo,0.0,0.0,51.0,0,0.0,0.0
-5.25,-69.0,2023-12,0.0064189145195271335,nao-fogo,0.0,0.0,80.0,0,0.0,0.0
-6.0,-72.75,2023-12,0.006403549446116032,nao-fogo,0.0,0.0,50.0,0,0.0,0.0
-8.75,-72.75,2023-12,0.006358679950807766,nao-fogo,42.0,3.0,1.0,0,0.586,0.2124
-6.5,-69.5,2023-12,0.006310292006850996,nao-fogo,2.0,2.0,2.0,0,0.0,0.0
-9.5,-72.5,2023-12,0.006260646356739315,nao-fogo,2.0,1.0,3.0,0,0.0,0.0
-7.25,-68.25,2023-12,0.006248561455792833,nao-fogo,2.0,1.0,3.0,0,0.0,0.0
-6.5,-72.0,2023-12,0.006214501043045534,nao-fogo,0.0,0.0,14.0,0,0.0,0.0
-9.25,-70.0,2023-12,0.006211040706066856,nao-fogo,2.0,2.0,2.0,0,0.0,0.0
-5.5,-53.0,2023-12,0.0062059243080680795,nao-fogo,0.0,0.0,98.0,0,0.0,0.0
-8.25,-57.25,2023-12,0.006195018294334692,nao-fogo,0.0,0.0,62.0,0,0.0,0.0
-5.75,-69.5,2023-12,0.006187395068703994,nao-fogo,2.0,2.0,2.0,0,0.0,0.0
-11.0,-64.0,2023-12,0.006151897458367161,nao-fogo,0.0,0.0,26.0,0,0.0,0.0
-5.75,-68.0,2023-12,0.006147886245752351,nao-fogo,2.0,1.0,3.0,0,0.0,0.0
-9.0,-71.75,2023-12,0.0061239937893470585,nao-fogo,3.0,2.0,2.0,0,0.2274,0.0
-9.5,-71.0,2023-12,0.006121913560639759,nao-fogo,1.0,1.0,2.0,0,0.0,0.0
-7.5,-57.25,2023-12,0.006114082578805376,nao-fogo,1.0,1.0,3.0,0,0.0,0.0
-5.25,-73.0,2023-12,0.006090479652564144,nao-fogo,0.0,0.0,27.0,0,0.0,0.0
-8.75,-72.0,2023-12,0.006075130828705086,nao-fogo,6.0,2.0,2.0,0,0.0,0.0
-6.5,-63.5,2023-12,0.006072159839261277,nao-fogo,0.0,0.0,27.0,0,0.0,0.0
-5.75,-54.5,2023-12,0.006050098184496667,nao-fogo,0.0,0.0,38.0,0,0.0,0.0
-7.75,-69.75,2023-12,0.005990632386327854,nao-fogo,0.0,0.0,14.0,0,0.0831,0.0831
-8.0,-51.75,2023-12,0.005940764688674961,nao-fogo,0.0,0.0,38.0,0,0.0,0.0
-9.0,-52.0,2023-12,0.0059117820517077535,nao-fogo,0.0,0.0,38.0,0,0.0,0.0
-5.75,-47.75,2023-12,0.005880895168603685,nao-fogo,0.0,0.0,63.0,0,0.0,0.0
-8.5,-53.25,2023-12,0.005846279955203391,nao-fogo,0.0,0.0,50.0,0,0.0,0.0
-7.5,-69.5,2023-12,0.005781593547219267,nao-fogo,0.0,0.0,39.0,0,0.0,0.0
-7.5,-73.75,2023-12,0.00576778313522562,nao-fogo,2.0,2.0,1.0,0,0.0,0.0
-9.5,-72.75,2023-12,0.005706143458691372,nao-fogo,2.0,1.0,3.0,0,0.0,0.0
-4.75,-54.5,2023-12,0.005656225632411753,nao-fogo,0.0,0.0,37.0,0,0.0,0.0
-9.75,-52.75,2023-12,0.0056460421854655374,nao-fogo,0.0,0.0,98.0,0,0.0,0.0
-8.5,-71.75,2023-12,0.005592371642858128,nao-fogo,4.0,1.0,2.0,0,0.0,0.0
-7.75,-65.75,2023-12,0.005564258355860046,nao-fogo,0.0,0.0,37.0,0,0.0,0.0
-6.0,-73.25,2023-12,0.005479784507538884,nao-fogo,0.0,0.0,14.0,0,0.0,0.0
-4.75,-52.75,2023-12,0.005459372436990132,nao-fogo,0.0,0.0,26.0,0,0.0,0.0
-8.5,-66.5,2023-12,0.005441817969591084,nao-fogo,0.0,0.0,51.0,0,0.0,0.0
-9.0,-73.0,2023-12,0.005423503730676046,nao-fogo,1.0,1.0,2.0,0,0.0,0.0
-7.25,-68.75,2023-12,0.005413800052394543,nao-fogo,0.0,0.0,63.0,0,0.0,0.0
-7.5,-72.25,2023-12,0.0054137313718044065,nao-fogo,0.0,0.0,26.0,0,0.0836,0.0
-6.5,-68.5,2023-12,0.00540837516960055,nao-fogo,0.0,0.0,15.0,0,0.0,0.0
-4.75,-57.5,2023-12,0.005387292265763469,nao-fogo,0.0,0.0,40.0,0,0.0648,0.0
-6.25,-68.5,2023-12,0.005363217704500781,nao-fogo,0.0,0.0,15.0,0,0.0,0.0
-7.0,-72.25,2023-12,0.005348449932603355,nao-fogo,1.0,1.0,2.0,0,0.0,0.0
-12.0,-60.25,2023-12,0.005345793677959727,nao-fogo,0.0,0.0,38.0,0,0.0,0.0
-4.75,-64.5,2023-12,0.005242477000219328,nao-fogo,0.0,0.0,40.0,0,0.0,0.0
-7.5,-71.5,2023-12,0.005208309492341679,nao-fogo,0.0,0.0,26.0,0,0.0,0.0
-5.5,-55.5,2023-12,0.00520438867616954,nao-fogo,0.0,0.0,51.0,0,0.0,0.0
-7.25,-65.5,2023-12,0.005181683236110005,nao-fogo,1.0,1.0,2.0,0,0.0,0.0
-7.5,-70.5,2023-12,0.00518102080992117,nao-fogo,1.0,1.0,2.0,0,0.1068,0.1068
-8.75,-72.5,2023-12,0.005140164783320698,nao-fogo,0.0,0.0,26.0,0,6.432,6.432
-7.5,-66.5,2023-12,0.005102181174904099,nao-fogo,1.0,1.0,4.0,0,0.0,0.0
-6.0,-71.0,2023-12,0.005091660933721011,nao-fogo,1.0,1.0,4.0,0,0.0,0.0
-9.5,-70.75,2023-12,0.005039673615316625,nao-fogo,0.0,0.0,14.0,0,0.0,0.0
-7.25,-69.0,2023-12,0.005038224618462077,nao-fogo,0.0,0.0,63.0,0,0.0,0.0
-8.0,-57.75,2023-12,0.005008946643648819,nao-fogo,0.0,0.0,14.0,0,0.0,0.0
-6.0,-58.25,2023-12,0.005007363779613881,nao-fogo,0.0,0.0,52.0,0,0.0,0.0
-6.5,-71.75,2023-12,0.004998733878805169,nao-fogo,0.0,0.0,62.0,0,0.0,0.0
-8.5,-69.5,2023-12,0.004997755860081642,nao-fogo,1.0,1.0,3.0,0,0.0,0.0
-7.25,-66.75,2023-12,0.004991791620782914,nao-fogo,0.0,0.0,27.0,0,0.0,0.0
-8.5,-51.75,2023-12,0.004982543813422269,nao-fogo,0.0,0.0,27.0,0,0.0,0.0
-7.25,-69.5,2023-12,0.004967546019441519,nao-fogo,2.0,1.0,3.0,0,0.0,0.0
-6.0,-70.75,2023-12,0.0049162092901054305,nao-fogo,0.0,0.0,27.0,0,0.0,0.0
-8.0,-69.75,2023-12,0.004915677052255297,nao-fogo,1.0,1.0,3.0,0,0.0659,0.0
-4.75,-60.25,2023-12,0.004908720594200705,nao-fogo,0.0,0.0,88.0,0,0.0,0.0
-8.0,-66.25,2023-12,0.004879893615273946,nao-fogo,0.0,0.0,27.0,0,0.0,0.0
-9.25,-70.5,2023-12,0.004872407363073745,nao-fogo,4.0,1.0,3.0,0,0.0,0.0
-4.75,-71.5,2023-12,0.004866639664594213,nao-fogo,1.0,1.0,3.0,0,0.0,0.0
-6.75,-70.75,2023-12,0.004794107780167599,nao-fogo,1.0,1.0,3.0,0,0.0,0.0
-5.75,-65.0,2023-12,0.004784171361217171,nao-fogo,0.0,0.0,64.0,0,0.0,0.0
-6.75,-70.5,2023-12,0.004757738951637615,nao-fogo,2.0,1.0,2.0,0,0.1028,0.0
-5.75,-55.5,2023-12,0.004748389703568513,nao-fogo,0.0,0.0,39.0,0,0.0,0.0
-5.75,-71.0,2023-12,0.004701131470881163,nao-fogo,1.0,1.0,4.0,0,0.0,0.0
-8.75,-72.25,2023-12,0.004644100950804647,nao-fogo,5.0,1.0,2.0,0,0.1186,0.0
-7.5,-57.5,2023-12,0.004611791509149583,nao-fogo,0.0,0.0,15.0,0,0.0,0.0
-6.0,-67.75,2023-12,0.004596897870087128,nao-fogo,0.0,0.0,28.0,0,0.0,0.0
-7.0,-63.5,2023-12,0.004574065539289107,nao-fogo,0.0,0.0,27.0,0,0.0,0.0
-9.5,-71.75,2023-12,0.004567790311391862,nao-fogo,0.0,0.0,27.0,0,0.0,0.0
-7.5,-57.0,2023-12,0.004553981566656558,nao-fogo,0.0,0.0,28.0,0,0.9633,0.9633
-9.75,-53.0,2023-12,0.004485127695410232,nao-fogo,0.0,0.0,98.0,0,0.0,0.0
-8.5,-57.0,2023-12,0.0044434267410692245,nao-fogo,0.0,0.0,38.0,0,0.0,0.0
-5.0,-57.75,2023-12,0.0044182682968234264,nao-fogo,0.0,0.0,62.0,0,0.0,0.0
-8.75,-58.25,2023-12,0.004411742405456903,nao-fogo,0.0,0.0,98.0,0,0.0,0.0
-4.5,-67.0,2023-12,0.004377238553002853,nao-fogo,0.0,0.0,27.0,0,0.0,0.0
-5.0,-55.5,2023-12,0.004355029040127291,nao-fogo,0.0,0.0,98.0,0,0.0,0.0
-6.75,-72.25,2023-12,0.004218413276791743,nao-fogo,0.0,0.0,26.0,0,0.0,0.0
-6.75,-64.75,2023-12,0.004123764141444505,nao-fogo,0.0,0.0,39.0,0,0.0,0.0
-5.75,-54.25,2023-12,0.004096958126308713,nao-fogo,0.0,0.0,39.0,0,0.0,0.0
-7.25,-70.25,2023-12,0.004038500514677737,nao-fogo,1.0,1.0,3.0,0,0.2288,0.0
-9.25,-73.0,2023-12,0.003974306141164491,nao-fogo,1.0,1.0,3.0,0,0.0,0.0
-8.5,-55.75,2023-12,0.0039445860392172405,nao-fogo,0.0,0.0,98.0,0,0.0,0.0
-5.0,-57.5,2023-12,0.0039410197426814056,nao-fogo,0.0,0.0,39.0,0,0.2308,0.0
-8.25,-66.75,2023-12,0.003918325258901364,nao-fogo,0.0,0.0,63.0,0,0.0,0.0
-9.25,-69.5,2023-12,0.003909747931894406,nao-fogo,0.0,0.0,26.0,0,0.0,0.0
-10.0,-53.0,2023-12,0.003884037134461602,nao-fogo,0.0,0.0,62.0,0,0.0,0.0
-7.0,-72.75,2023-12,0.003835409832483816,nao-fogo,0.0,0.0,74.0,0,0.0,0.0
-9.75,-71.75,2023-12,0.0038101562882686046,nao-fogo,0.0,0.0,75.0,0,0.0,0.0
-7.0,-72.5,2023-12,0.0037710184366360226,nao-fogo,0.0,0.0,98.0,0,0.0,0.0
-7.75,-65.5,2023-12,0.0037578933003521416,nao-fogo,0.0,0.0,27.0,0,0.0,0.0
-9.5,-70.0,2023-12,0.0037247258438547143,nao-fogo,0.0,0.0,39.0,0,0.0,0.0
-8.5,-52.5,2023-12,0.0037039251529963034,nao-fogo,0.0,0.0,98.0,0,0.0,0.0
-7.5,-66.75,2023-12,0.0036734377695560277,nao-fogo,0.0,0.0,28.0,0,0.0,0.0
-8.5,-60.75,2023-12,0.0036618462548358233,nao-fogo,0.0,0.0,27.0,0,0.0,0.0
-5.5,-72.0,2023-12,0.003643759041051023,nao-fogo,0.0,0.0,99.0,0,0.0,0.0
-7.0,-70.5,2023-12,0.0036249639636979423,nao-fogo,0.0,0.0,39.0,0,0.0,0.0
-6.75,-67.25,2023-12,0.0036138345233553025,nao-fogo,0.0,0.0,87.0,0,0.0,0.0
-6.0,-55.25,2023-12,0.003596327166645731,nao-fogo,0.0,0.0,53.0,0,55.9773,0.0
-7.25,-57.5,2023-12,0.0035798849190692727,nao-fogo,0.0,0.0,51.0,0,0.0,0.0
-8.75,-65.5,2023-12,0.003500702078247928,nao-fogo,0.0,0.0,86.0,0,0.0,0.0
-8.75,-56.25,2023-12,0.003402097151076885,nao-fogo,0.0,0.0,87.0,0,0.0,0.0
-7.25,-51.25,2023-12,0.003359897621579143,nao-fogo,0.0,0.0,38.0,0,0.0,0.0
-6.5,-70.75,2023-12,0.003343779111400376,nao-fogo,0.0,0.0,51.0,0,0.0759,0.0
-8.0,-52.75,2023-12,0.0033301697488341184,nao-fogo,0.0,0.0,74.0,0,0.0,0.0
-8.75,-53.0,2023-12,0.0033045775651143927,nao-fogo,0.0,0.0,74.0,0,0.0,0.0
-7.5,-53.75,2023-12,0.003303171057959367,nao-fogo,0.0,0.0,74.0,0,0.0,0.0
-8.75,-58.0,2023-12,0.003281484640333843,nao-fogo,0.0,0.0,87.0,0,0.0,0.0
-5.5,-70.5,2023-12,0.003268676168948236,nao-fogo,0.0,0.0,39.0,0,0.0,0.0
-16.0,-58.5,2023-12,0.0032539093145573534,nao-fogo,0.0,0.0,38.0,0,0.0,0.0
-8.25,-68.5,2023-12,0.0032498872120818602,nao-fogo,0.0,0.0,50.0,0,0.0,0.0
-4.75,-68.25,2023-12,0.003203222727882429,nao-fogo,0.0,0.0,86.0,0,0.0,0.0
-5.0,-52.75,2023-12,0.0032005324512396766,nao-fogo,0.0,0.0,38.0,0,0.0,0.0
-8.25,-73.5,2023-12,0.0031879894973791986,nao-fogo,2.0,1.0,3.0,0,0.0,0.0
-6.75,-58.25,2023-12,0.0031385370161512273,nao-fogo,0.0,0.0,39.0,0,0.0,0.0
-8.25,-68.25,2023-12,0.00309730530029986,nao-fogo,0.0,0.0,63.0,0,0.0,0.0
-7.5,-67.0,2023-12,0.003010773642735467,nao-fogo,0.0,0.0,64.0,0,0.0,0.0
-5.75,-67.5,2023-12,0.0028682831060885183,nao-fogo,1.0,1.0,3.0,0,0.0,0.0
-6.5,-69.25,2023-12,0.002755713387908704,nao-fogo,0.0,0.0,64.0,0,0.0,0.0
-9.5,-52.75,2023-12,0.0027242372924228043,nao-fogo,0.0,0.0,50.0,0,0.0,0.0
-9.25,-52.5,2023-12,0.0027005654817431153,nao-fogo,0.0,0.0,98.0,0,0.0,0.0
-8.25,-72.25,2023-12,0.002550476463196017,nao-fogo,1.0,1.0,3.0,0,0.0,0.0
-9.0,-53.0,2023-12,0.0023735409394115524,nao-fogo,0.0,0.0,98.0,0,0.0,0.0
-8.75,-52.25,2023-12,0.0022738828155363365,nao-fogo,0.0,0.0,50.0,0,0.0,0.0
-7.75,-53.5,2023-12,0.0022578285454382435,nao-fogo,0.0,0.0,98.0,0,0.0,0.0
-7.5,-54.75,2023-12,0.0022539729949863797,nao-fogo,0.0,0.0,51.0,0,0.0,0.0
-8.0,-56.25,2023-12,0.001768814608733803,nao-fogo,0.0,0.0,88.0,0,0.0,0.0
